<?xml version="1.0" encoding="utf-8"?>
<gpx xmlns="http://www.topografix.com/GPX/1/1" xmlns:xsd="http://www.w3.org/2001/XMLSchema" xmlns:xsi="http://www.w3.org/2001/XMLSchema-instance" xmlns:mytracks="http://mytracks.stichling.info/myTracksGPX/1/0" creator="myTracks" version="1.1" xsi:schemaLocation="http://www.topografix.com/GPX/1/1 http://www.topografix.com/GPX/1/1/gpx.xsd"><trk><name>2025-10-04 PM 12:54:59</name><extensions><mytracks:color red="0.000000" green="0.000000" blue="1.000000" alpha="1.000000"/><mytracks:area showArea="no" areaDistance="0.000000"/><mytracks:directionArrows showDirectionArrows="yes"/><mytracks:sync syncPhotosOniPhone="no"/><mytracks:timezone offset="-240"/></extensions><trkseg><trkpt lat="45.22759670100802" lon="-75.46961942470838"><ele>88.77181653426067</ele><time>2025-10-04T16:54:59.68300Z</time><extensions><mytracks:speed>0</mytracks:speed><mytracks:gradient>0</mytracks:gradient><mytracks:length>0</mytracks:length></extensions></trkpt><trkpt lat="45.23485162299614" lon="-75.47214595607991"><ele>79.82168197631836</ele><time>2025-10-04T21:28:55.01400Z</time><extensions><mytracks:speed>0.1819388240384424</mytracks:speed><mytracks:length>0.8306180134834256</mytracks:length></extensions></trkpt><trkpt lat="45.23485162299614" lon="-75.47214595607991"><ele>79.82168197631836</ele><time>2025-10-04T21:28:57.46400Z</time><extensions><mytracks:speed>0.1395100867259847</mytracks:speed><mytracks:gradient>0</mytracks:gradient><mytracks:length>9.493529796600342e-05</mytracks:length></extensions></trkpt><trkpt lat="45.23512424439679" lon="-75.47235625803049"><ele>81.00033187866211</ele><time>2025-10-04T21:29:00.02000Z</time><extensions><mytracks:speed>48.59299332360507</mytracks:speed><mytracks:gradient>0.03416563905156849</mytracks:gradient><mytracks:length>0.0344981078962034</mytracks:length></extensions></trkpt><trkpt lat="45.23518520918726" lon="-75.47239424960944"><ele>81.763335058351</ele><time>2025-10-04T21:29:01.02700Z</time><extensions><mytracks:speed>26.47146242911506</mytracks:speed><mytracks:gradient>0.1030649811778152</mytracks:gradient><mytracks:length>0.007403127337427115</mytracks:length></extensions></trkpt><trkpt lat="45.23524483580093" lon="-75.47242405995284"><ele>81.91928664745464</ele><time>2025-10-04T21:29:02.02400Z</time><extensions><mytracks:speed>25.90944616503445</mytracks:speed><mytracks:gradient>0.0637187626225927</mytracks:gradient><mytracks:length>0.007029059724104151</mytracks:length></extensions></trkpt><trkpt lat="45.23530363829469" lon="-75.47245572445212"><ele>82.2476362898863</ele><time>2025-10-04T21:29:03.01600Z</time><extensions><mytracks:speed>25.37898677514683</mytracks:speed><mytracks:gradient>0.0345406221541173</mytracks:gradient><mytracks:length>0.006993065765472891</mytracks:length></extensions></trkpt><trkpt lat="45.23536245808492" lon="-75.4724853058117"><ele>82.4198631286621</ele><time>2025-10-04T21:29:04.00800Z</time><extensions><mytracks:speed>25.27471805276497</mytracks:speed><mytracks:gradient>0.03593274977305081</mytracks:gradient><mytracks:length>0.006939374165141811</mytracks:length></extensions></trkpt><trkpt lat="45.23541622799377" lon="-75.47251190997238"><ele>82.23344955444335</ele><time>2025-10-04T21:29:05.00300Z</time><extensions><mytracks:speed>24.03437552647249</mytracks:speed><mytracks:length>0.006332262656328387</mytracks:length></extensions></trkpt><trkpt lat="45.23548909816446" lon="-75.47254990094851"><ele>82.05186080932617</ele><time>2025-10-04T21:29:06.49900Z</time><extensions><mytracks:speed>20.77720255346219</mytracks:speed><mytracks:length>0.008631806310543227</mytracks:length></extensions></trkpt><trkpt lat="45.23552622999552" lon="-75.47257072997789"><ele>81.8121452331543</ele><time>2025-10-04T21:29:07.49900Z</time><extensions><mytracks:speed>15.97834688551273</mytracks:speed><mytracks:length>0.004438669373648904</mytracks:length></extensions></trkpt><trkpt lat="45.23555442462231" lon="-75.47258782906034"><ele>81.50608444213866</ele><time>2025-10-04T21:29:08.49900Z</time><extensions><mytracks:speed>12.27446155539222</mytracks:speed><mytracks:length>0.003409750274120283</mytracks:length></extensions></trkpt><trkpt lat="45.2355785304247" lon="-75.47260259673534"><ele>81.50262525821188</ele><time>2025-10-04T21:29:09.46600Z</time><extensions><mytracks:speed>11.58284516617232</mytracks:speed><mytracks:length>0.002919935687082805</mytracks:length></extensions></trkpt><trkpt lat="45.23560491755909" lon="-75.47262117819201"><ele>81.61634790497529</ele><time>2025-10-04T21:29:10.45400Z</time><extensions><mytracks:speed>11.40230908739843</mytracks:speed><mytracks:gradient>0.01780759077357446</mytracks:gradient><mytracks:length>0.003273547485691025</mytracks:length></extensions></trkpt><trkpt lat="45.23563284742491" lon="-75.47264055499977"><ele>81.65318368658502</ele><time>2025-10-04T21:29:11.46400Z</time><extensions><mytracks:speed>12.3106317903895</mytracks:speed><mytracks:gradient>0.01065943615032695</mytracks:gradient><mytracks:length>0.003455697007820514</mytracks:length></extensions></trkpt><trkpt lat="45.23565838788286" lon="-75.47265898357367"><ele>81.49839486530982</ele><time>2025-10-04T21:29:12.49900Z</time><extensions><mytracks:speed>11.08386823481856</mytracks:speed><mytracks:length>0.003185641593255696</mytracks:length></extensions></trkpt><trkpt lat="45.23568440936191" lon="-75.47267120450896"><ele>81.2819947747048</ele><time>2025-10-04T21:29:13.49900Z</time><extensions><mytracks:speed>10.96807210758634</mytracks:speed><mytracks:length>0.003046816719773417</mytracks:length></extensions></trkpt><trkpt lat="45.23570827466567" lon="-75.47268149233857"><ele>81.1026735343039</ele><time>2025-10-04T21:29:14.49900Z</time><extensions><mytracks:speed>9.987170948751023</mytracks:speed><mytracks:length>0.002774320641726452</mytracks:length></extensions></trkpt><trkpt lat="45.23572521785955" lon="-75.47268715375927"><ele>81.10940248495898</ele><time>2025-10-04T21:29:15.49900Z</time><extensions><mytracks:speed>6.962073122031967</mytracks:speed><mytracks:gradient>0.003479329644535646</mytracks:gradient><mytracks:length>0.001933979054166817</mytracks:length></extensions></trkpt><trkpt lat="45.23574253087623" lon="-75.47269263457309"><ele>81.31223739217967</ele><time>2025-10-04T21:29:16.49900Z</time><extensions><mytracks:speed>7.103244566050028</mytracks:speed><mytracks:gradient>0.1027952640675111</mytracks:gradient><mytracks:length>0.001973193114105706</mytracks:length></extensions></trkpt><trkpt lat="45.23575319741204" lon="-75.47270137899798"><ele>81.85059779114091</ele><time>2025-10-04T21:29:17.49900Z</time><extensions><mytracks:speed>4.928873238161269</mytracks:speed><mytracks:gradient>0.3932001917909324</mytracks:gradient><mytracks:length>0.001369176338671513</mytracks:length></extensions></trkpt><trkpt lat="45.23575602170165" lon="-75.47270526010611"><ele>82.13869877043182</ele><time>2025-10-04T21:29:18.49900Z</time><extensions><mytracks:speed>1.56612251248452</mytracks:speed><mytracks:gradient>0.6622277406060028</mytracks:gradient><mytracks:length>0.0004350481890523979</mytracks:length></extensions></trkpt><trkpt lat="45.23575871927848" lon="-75.47270829361393"><ele>82.18883908935823</ele><time>2025-10-04T21:29:19.49900Z</time><extensions><mytracks:speed>1.367025105756161</mytracks:speed><mytracks:gradient>0.1320381354476944</mytracks:gradient><mytracks:length>0.0003797411918640138</mytracks:length></extensions></trkpt><trkpt lat="45.235774687047" lon="-75.47271671784398"><ele>82.34850742970595</ele><time>2025-10-04T21:29:20.49900Z</time><extensions><mytracks:speed>6.826590923054899</mytracks:speed><mytracks:gradient>0.08419855638648617</mytracks:gradient><mytracks:length>0.001896331091649787</mytracks:length></extensions></trkpt><trkpt lat="45.23579785910277" lon="-75.47272961985055"><ele>82.23231206461787</ele><time>2025-10-04T21:29:21.49900Z</time><extensions><mytracks:speed>9.969727736761541</mytracks:speed><mytracks:length>0.002769443426161616</mytracks:length></extensions></trkpt><trkpt lat="45.23583690831939" lon="-75.47275441709118"><ele>82.27262621838599</ele><time>2025-10-04T21:29:22.49900Z</time><extensions><mytracks:speed>17.12206964068519</mytracks:speed><mytracks:gradient>0.008476039450878268</mytracks:gradient><mytracks:length>0.004756248953506809</mytracks:length></extensions></trkpt><trkpt lat="45.23590502080525" lon="-75.47279204839994"><ele>82.22439486160874</ele><time>2025-10-04T21:29:23.50000Z</time><extensions><mytracks:speed>29.25785505236287</mytracks:speed><mytracks:length>0.008127370881929224</mytracks:length></extensions></trkpt><trkpt lat="45.23597411148904" lon="-75.47283536998617"><ele>82.25189244118519</ele><time>2025-10-04T21:29:24.50000Z</time><extensions><mytracks:speed>30.23365592086151</mytracks:speed><mytracks:gradient>0.003274136851223703</mytracks:gradient><mytracks:length>0.008398420965870877</mytracks:length></extensions></trkpt><trkpt lat="45.23605853366787" lon="-75.47288464359337"><ele>82.26039292709902</ele><time>2025-10-04T21:29:25.50000Z</time><extensions><mytracks:speed>36.53797119691116</mytracks:speed><mytracks:gradient>0.0008375156266758661</mytracks:gradient><mytracks:length>0.01014964454760897</mytracks:length></extensions></trkpt><trkpt lat="45.23615328279568" lon="-75.47293664057608"><ele>82.50606108363716</ele><time>2025-10-04T21:29:26.50000Z</time><extensions><mytracks:speed>40.66089406133006</mytracks:speed><mytracks:gradient>0.02175034811720629</mytracks:gradient><mytracks:length>0.0112949068775502</mytracks:length></extensions></trkpt><trkpt lat="45.23624656322149" lon="-75.4729885216334"><ele>82.78075082832946</ele><time>2025-10-04T21:29:27.50000Z</time><extensions><mytracks:speed>40.10126646744533</mytracks:speed><mytracks:gradient>0.02465921795570604</mytracks:gradient><mytracks:length>0.01113943455894284</mytracks:length></extensions></trkpt><trkpt lat="45.23634753779434" lon="-75.47303633254775"><ele>82.84175652405247</ele><time>2025-10-04T21:29:28.50000Z</time><extensions><mytracks:speed>42.60794624323186</mytracks:speed><mytracks:gradient>0.005154365873855359</mytracks:gradient><mytracks:length>0.01183573250638888</mytracks:length></extensions></trkpt><trkpt lat="45.23645685084801" lon="-75.47308618096194"><ele>83.47407747755912</ele><time>2025-10-04T21:29:29.54900Z</time><extensions><mytracks:speed>43.78942095849071</mytracks:speed><mytracks:gradient>0.04952797811445338</mytracks:gradient><mytracks:length>0.01276694461553487</mytracks:length></extensions></trkpt><trkpt lat="45.23656739338826" lon="-75.47313461563385"><ele>83.87463248979573</ele><time>2025-10-04T21:29:30.56800Z</time><extensions><mytracks:speed>45.43899790475508</mytracks:speed><mytracks:gradient>0.03113853056719114</mytracks:gradient><mytracks:length>0.01286364529540936</mytracks:length></extensions></trkpt><trkpt lat="45.23667343024037" lon="-75.47318626571973"><ele>84.26816655962649</ele><time>2025-10-04T21:29:31.54600Z</time><extensions><mytracks:speed>45.65430163088455</mytracks:speed><mytracks:gradient>0.03135510650387603</mytracks:gradient><mytracks:length>0.01246511669380674</mytracks:length></extensions></trkpt><trkpt lat="45.23677981399948" lon="-75.47324292699318"><ele>84.79880374396521</ele><time>2025-10-04T21:29:32.51100Z</time><extensions><mytracks:speed>46.51596190144924</mytracks:speed><mytracks:gradient>0.03682467883425343</mytracks:gradient><mytracks:length>0.01263388729830104</mytracks:length></extensions></trkpt><trkpt lat="45.23689586111056" lon="-75.47330924448222"><ele>84.65836967318003</ele><time>2025-10-04T21:29:33.51300Z</time><extensions><mytracks:speed>49.97496226633184</mytracks:speed><mytracks:length>0.01390956012034163</mytracks:length></extensions></trkpt><trkpt lat="45.23701901219965" lon="-75.47337442114699"><ele>84.55747973490844</ele><time>2025-10-04T21:29:34.52100Z</time><extensions><mytracks:speed>52.17468914428255</mytracks:speed><mytracks:length>0.014613869956804</mytracks:length></extensions></trkpt><trkpt lat="45.23714518957931" lon="-75.47343803554232"><ele>84.48449272046835</ele><time>2025-10-04T21:29:35.51300Z</time><extensions><mytracks:speed>53.0939226520684</mytracks:speed><mytracks:length>0.01488850637651374</mytracks:length></extensions></trkpt><trkpt lat="45.23728068130839" lon="-75.47350676012115"><ele>84.11306640136809</ele><time>2025-10-04T21:29:36.51300Z</time><extensions><mytracks:speed>57.56273803936278</mytracks:speed><mytracks:length>0.01599821744118763</mytracks:length></extensions></trkpt><trkpt lat="45.23741565978935" lon="-75.47357147409642"><ele>83.87869278108109</ele><time>2025-10-04T21:29:37.50500Z</time><extensions><mytracks:speed>57.54479234832128</mytracks:speed><mytracks:length>0.01584082996849515</mytracks:length></extensions></trkpt><trkpt lat="45.23754699620268" lon="-75.4736402435345"><ele>83.61490089579723</ele><time>2025-10-04T21:29:38.49500Z</time><extensions><mytracks:speed>57.03847760215874</mytracks:speed><mytracks:length>0.01556475718735333</mytracks:length></extensions></trkpt><trkpt lat="45.23767777233878" lon="-75.4737090228592"><ele>83.4515347070339</ele><time>2025-10-04T21:29:39.49200Z</time><extensions><mytracks:speed>56.30036667477483</mytracks:speed><mytracks:length>0.01550674447268951</mytracks:length></extensions></trkpt><trkpt lat="45.23780930001683" lon="-75.47378113122851"><ele>83.38511109756058</ele><time>2025-10-04T21:29:40.48900Z</time><extensions><mytracks:speed>56.31488107512017</mytracks:speed><mytracks:length>0.01567697709389248</mytracks:length></extensions></trkpt><trkpt lat="45.23806006704054" lon="-75.47392674759112"><ele>83.08760825343569</ele><time>2025-10-04T21:29:42.42200Z</time><extensions><mytracks:speed>56.08953527649369</mytracks:speed><mytracks:length>0.03012502097219855</mytracks:length></extensions></trkpt><trkpt lat="45.23820188124917" lon="-75.47400516758302"><ele>83.01101825257226</ele><time>2025-10-04T21:29:43.48100Z</time><extensions><mytracks:speed>57.54982772587611</mytracks:speed><mytracks:length>0.01692246651513885</mytracks:length></extensions></trkpt><trkpt lat="45.23834508040775" lon="-75.47407971964657"><ele>83.05392237922972</ele><time>2025-10-04T21:29:44.54400Z</time><extensions><mytracks:speed>57.45116959794908</mytracks:speed><mytracks:gradient>0.002529847465122389</mytracks:gradient><mytracks:length>0.01695917530560913</mytracks:length></extensions></trkpt><trkpt lat="45.23847942240448" lon="-75.47414953510309"><ele>83.40581548432417</ele><time>2025-10-04T21:29:45.53100Z</time><extensions><mytracks:speed>57.71681410852604</mytracks:speed><mytracks:gradient>0.01201228285354398</mytracks:gradient><mytracks:length>0.01590669176781745</mytracks:length></extensions></trkpt><trkpt lat="45.23861719385203" lon="-75.47421697056818"><ele>83.40139634408541</ele><time>2025-10-04T21:29:46.52200Z</time><extensions><mytracks:speed>58.43137356923311</mytracks:speed><mytracks:gradient>0.01082158887806399</mytracks:gradient><mytracks:length>0.01620365054617784</mytracks:length></extensions></trkpt><trkpt lat="45.23875894447012" lon="-75.47428989024372"><ele>83.30103179351046</ele><time>2025-10-04T21:29:47.53300Z</time><extensions><mytracks:speed>59.69081745147577</mytracks:speed><mytracks:length>0.01676407910272593</mytracks:length></extensions></trkpt><trkpt lat="45.23889785236128" lon="-75.47435987860538"><ele>83.24837061780111</ele><time>2025-10-04T21:29:48.51600Z</time><extensions><mytracks:speed>59.85118003681378</mytracks:speed><mytracks:length>0.01638892330992444</mytracks:length></extensions></trkpt><trkpt lat="45.23903802479571" lon="-75.47443057920201"><ele>83.17543398575486</ele><time>2025-10-04T21:29:49.50900Z</time><extensions><mytracks:speed>60.0016816015743</mytracks:speed><mytracks:length>0.01654000675997842</mytracks:length></extensions></trkpt><trkpt lat="45.23918228667514" lon="-75.47450039900544"><ele>83.28495963236541</ele><time>2025-10-04T21:29:50.50600Z</time><extensions><mytracks:speed>60.58997680816012</mytracks:speed><mytracks:gradient>0.001092646406925014</mytracks:gradient><mytracks:length>0.01694721378458379</mytracks:length></extensions></trkpt><trkpt lat="45.23932409618693" lon="-75.47457001439682"><ele>83.32602275596044</ele><time>2025-10-04T21:29:51.51000Z</time><extensions><mytracks:speed>59.83163532833606</mytracks:speed><mytracks:gradient>0.002461220147772265</mytracks:gradient><mytracks:length>0.01668405145805061</mytracks:length></extensions></trkpt><trkpt lat="45.23946149437906" lon="-75.47463745304172"><ele>83.45100074531585</ele><time>2025-10-04T21:29:52.50700Z</time><extensions><mytracks:speed>59.10450893776179</mytracks:speed><mytracks:gradient>0.005054722390579747</mytracks:gradient><mytracks:length>0.01616438983691815</mytracks:length></extensions></trkpt><trkpt lat="45.23960031558266" lon="-75.47470349753875"><ele>83.35178738485376</ele><time>2025-10-04T21:29:53.50000Z</time><extensions><mytracks:speed>58.68766790795524</mytracks:speed><mytracks:gradient>0.0007941331845924166</mytracks:gradient><mytracks:length>0.01627939682761689</mytracks:length></extensions></trkpt><trkpt lat="45.23973237237053" lon="-75.47477585582423"><ele>83.37261668424343</ele><time>2025-10-04T21:29:54.49900Z</time><extensions><mytracks:speed>57.82658181163469</mytracks:speed><mytracks:length>0.01573951656680752</mytracks:length></extensions></trkpt><trkpt lat="45.23986502677569" lon="-75.47484933594743"><ele>83.5374296706088</ele><time>2025-10-04T21:29:55.50600Z</time><extensions><mytracks:speed>56.62525246455371</mytracks:speed><mytracks:gradient>0.01040955072393345</mytracks:gradient><mytracks:length>0.01583286260246001</mytracks:length></extensions></trkpt><trkpt lat="45.23999423624233" lon="-75.47491859695437"><ele>83.31130629952874</ele><time>2025-10-04T21:29:56.50300Z</time><extensions><mytracks:speed>56.04955782296015</mytracks:speed><mytracks:length>0.01535664646953028</mytracks:length></extensions></trkpt><trkpt lat="45.24017392590493" lon="-75.4750137412835"><ele>83.37127021497389</ele><time>2025-10-04T21:29:57.99600Z</time><extensions><mytracks:speed>51.41885016226616</mytracks:speed><mytracks:gradient>0.002812022347478545</mytracks:gradient><mytracks:length>0.02132412478831122</mytracks:length></extensions></trkpt><trkpt lat="45.24028105043862" lon="-75.47507012738822"><ele>83.3092365970103</ele><time>2025-10-04T21:29:58.98400Z</time><extensions><mytracks:speed>49.35849736122796</mytracks:speed><mytracks:length>0.01270325103554806</mytracks:length></extensions></trkpt><trkpt lat="45.24037564869182" lon="-75.47511735202474"><ele>83.11915144697619</ele><time>2025-10-04T21:29:59.98300Z</time><extensions><mytracks:speed>43.2065669355998</mytracks:speed><mytracks:length>0.01114954349123621</mytracks:length></extensions></trkpt><trkpt lat="45.24045359667562" lon="-75.47515856765078"><ele>83.18090804957666</ele><time>2025-10-04T21:30:00.97400Z</time><extensions><mytracks:speed>36.89894805251009</mytracks:speed><mytracks:length>0.009248764144565887</mytracks:length></extensions></trkpt><trkpt lat="45.24051562224317" lon="-75.47519037707725"><ele>83.12299804990437</ele><time>2025-10-04T21:30:01.97900Z</time><extensions><mytracks:speed>26.27075793022974</mytracks:speed><mytracks:length>0.007332791598850513</mytracks:length></extensions></trkpt><trkpt lat="45.24056303949722" lon="-75.47521631026707"><ele>83.0223034893956</ele><time>2025-10-04T21:30:02.98800Z</time><extensions><mytracks:speed>20.16527134227588</mytracks:speed><mytracks:length>0.005650046163813718</mytracks:length></extensions></trkpt><trkpt lat="45.24060410123587" lon="-75.47523587712699"><ele>83.27760717381653</ele><time>2025-10-04T21:30:03.99400Z</time><extensions><mytracks:speed>17.23357414980255</mytracks:speed><mytracks:gradient>0.05300600745075949</mytracks:gradient><mytracks:length>0.004816504707661758</mytracks:length></extensions></trkpt><trkpt lat="45.24064735739875" lon="-75.47525591467064"><ele>83.55118609046207</ele><time>2025-10-04T21:30:05.00500Z</time><extensions><mytracks:speed>18.01705886844875</mytracks:speed><mytracks:gradient>0.05407490157159952</mytracks:gradient><mytracks:length>0.005059258707725855</mytracks:length></extensions></trkpt><trkpt lat="45.2407010248284" lon="-75.47528052670526"><ele>83.86231966403193</ele><time>2025-10-04T21:30:06.00800Z</time><extensions><mytracks:speed>22.51375842859566</mytracks:speed><mytracks:gradient>0.04961654883146192</mytracks:gradient><mytracks:length>0.006270762092436616</mytracks:length></extensions></trkpt><trkpt lat="45.24077850960467" lon="-75.47532012679113"><ele>84.06781825582516</ele><time>2025-10-04T21:30:07.01600Z</time><extensions><mytracks:speed>32.69126331440194</mytracks:speed><mytracks:gradient>0.02244241669925016</mytracks:gradient><mytracks:length>0.009156705115456484</mytracks:length></extensions></trkpt><trkpt lat="45.24088410606458" lon="-75.47537421469158"><ele>84.5448094294878</ele><time>2025-10-04T21:30:08.01900Z</time><extensions><mytracks:speed>44.79297827476281</mytracks:speed><mytracks:gradient>0.03821292202174265</mytracks:gradient><mytracks:length>0.01248245746272002</mytracks:length></extensions></trkpt><trkpt lat="45.24101473010719" lon="-75.47544135416031"><ele>84.83862977954085</ele><time>2025-10-04T21:30:09.02200Z</time><extensions><mytracks:speed>55.46026165039538</mytracks:speed><mytracks:gradient>0.01902184218276055</mytracks:gradient><mytracks:length>0.01544647186271696</mytracks:length></extensions></trkpt><trkpt lat="45.24116440319649" lon="-75.47551811970257"><ele>84.99269477497764</ele><time>2025-10-04T21:30:10.02000Z</time><extensions><mytracks:speed>59.62749099542027</mytracks:speed><mytracks:gradient>0.01351426750665511</mytracks:gradient><mytracks:length>0.0176946764081323</mytracks:length></extensions></trkpt><trkpt lat="45.24132867983714" lon="-75.47560784779974"><ele>85.07105678697125</ele><time>2025-10-04T21:30:11.00900Z</time><extensions><mytracks:speed>67.49628537031934</mytracks:speed><mytracks:gradient>0.006237305450910864</mytracks:gradient><mytracks:length>0.01957095254641915</mytracks:length></extensions></trkpt><trkpt lat="45.24149999290923" lon="-75.47569722937581"><ele>85.31904141891523</ele><time>2025-10-04T21:30:11.98800Z</time><extensions><mytracks:speed>72.94616339696313</mytracks:speed><mytracks:gradient>0.008186544831743641</mytracks:gradient><mytracks:length>0.02029373844321193</mytracks:length></extensions></trkpt><trkpt lat="45.24167758989672" lon="-75.47578904440789"><ele>85.44545738016974</ele><time>2025-10-04T21:30:12.97900Z</time><extensions><mytracks:speed>75.52265870153636</mytracks:speed><mytracks:gradient>0.009063326469132892</mytracks:gradient><mytracks:length>0.02101546733545554</mytracks:length></extensions></trkpt><trkpt lat="45.24186153086762" lon="-75.47588713818715"><ele>85.4321377318652</ele><time>2025-10-04T21:30:13.98100Z</time><extensions><mytracks:speed>78.47503273771626</mytracks:speed><mytracks:length>0.0218479104123128</mytracks:length></extensions></trkpt><trkpt lat="45.2420529595394" lon="-75.47598951946212"><ele>85.76228565563856</ele><time>2025-10-04T21:30:15.00200Z</time><extensions><mytracks:speed>80.20350190581831</mytracks:speed><mytracks:gradient>0.01451501003586583</mytracks:gradient><mytracks:length>0.0227452769896534</mytracks:length></extensions></trkpt><trkpt lat="45.24224395016617" lon="-75.47608699290006"><ele>85.83403564866045</ele><time>2025-10-04T21:30:16.02300Z</time><extensions><mytracks:speed>79.528626510659</mytracks:speed><mytracks:gradient>0.003179440527120716</mytracks:gradient><mytracks:length>0.0225668611851213</mytracks:length></extensions></trkpt><trkpt lat="45.24258875310301" lon="-75.47626689029259"><ele>85.82472672324629</ele><time>2025-10-04T21:30:17.90000Z</time><extensions><mytracks:speed>78.37211752075855</mytracks:speed><mytracks:length>0.04084568440247348</mytracks:length></extensions></trkpt><trkpt lat="45.24277312488731" lon="-75.47636429509437"><ele>86.06315886023479</ele><time>2025-10-04T21:30:18.93100Z</time><extensions><mytracks:speed>76.3722895865656</mytracks:speed><mytracks:gradient>0.01090041371792387</mytracks:gradient><mytracks:length>0.02187367774825338</mytracks:length></extensions></trkpt><trkpt lat="45.24296283229035" lon="-75.47646276811761"><ele>86.01889786907569</ele><time>2025-10-04T21:30:20.00100Z</time><extensions><mytracks:speed>75.55084739080269</mytracks:speed><mytracks:length>0.02245937216506689</mytracks:length></extensions></trkpt><trkpt lat="45.24315707114358" lon="-75.47656637511672"><ele>86.32367805538792</ele><time>2025-10-04T21:30:21.09100Z</time><extensions><mytracks:speed>76.20642056332505</mytracks:speed><mytracks:gradient>0.01321028815866476</mytracks:gradient><mytracks:length>0.02307142604700266</mytracks:length></extensions></trkpt><trkpt lat="45.24334062242176" lon="-75.47666217098705"><ele>86.31746890327565</ele><time>2025-10-04T21:30:22.09700Z</time><extensions><mytracks:speed>77.79856112216625</mytracks:speed><mytracks:length>0.02174432848523243</mytracks:length></extensions></trkpt><trkpt lat="45.24369382819742" lon="-75.47684507820995"><ele>86.40149684449062</ele><time>2025-10-04T21:30:24.01100Z</time><extensions><mytracks:speed>78.63238154261306</mytracks:speed><mytracks:gradient>0.002010045927364965</mytracks:gradient><mytracks:length>0.04180399068051384</mytracks:length></extensions></trkpt><trkpt lat="45.244051918972" lon="-75.47703073710525"><ele>86.26650894497099</ele><time>2025-10-04T21:30:25.95600Z</time><extensions><mytracks:speed>78.42960452343898</mytracks:speed><mytracks:length>0.04238805240797301</mytracks:length></extensions></trkpt><trkpt lat="45.24424012631872" lon="-75.4771262693675"><ele>86.44009811707943</ele><time>2025-10-04T21:30:26.98500Z</time><extensions><mytracks:speed>77.80625064485466</mytracks:speed><mytracks:gradient>0.007810963975727388</mytracks:gradient><mytracks:length>0.02222378347254769</mytracks:length></extensions></trkpt><trkpt lat="45.2444318196525" lon="-75.47722351981884"><ele>86.48080345489629</ele><time>2025-10-04T21:30:28.02100Z</time><extensions><mytracks:speed>78.63862271770877</mytracks:speed><mytracks:gradient>0.001798395264112769</mytracks:gradient><mytracks:length>0.02263425545492728</mytracks:length></extensions></trkpt><trkpt lat="45.24461825264832" lon="-75.47731811521724"><ele>86.37311436514723</ele><time>2025-10-04T21:30:29.05000Z</time><extensions><mytracks:speed>77.03106325578395</mytracks:speed><mytracks:length>0.02201373314547023</mytracks:length></extensions></trkpt><trkpt lat="45.24479500266271" lon="-75.47740692823285"><ele>86.36916001567191</ele><time>2025-10-04T21:30:30.01400Z</time><extensions><mytracks:speed>77.40893974616412</mytracks:speed><mytracks:length>0.02084754069197777</mytracks:length></extensions></trkpt><trkpt lat="45.24497521964167" lon="-75.47749823381034"><ele>86.12136483154188</ele><time>2025-10-04T21:30:31.00100Z</time><extensions><mytracks:speed>77.72679102737909</mytracks:speed><mytracks:length>0.02127588775880079</mytracks:length></extensions></trkpt><trkpt lat="45.24515422187823" lon="-75.47759115468422"><ele>85.84391219999914</ele><time>2025-10-04T21:30:32.00300Z</time><extensions><mytracks:speed>76.11967584324245</mytracks:speed><mytracks:length>0.02119205934210087</mytracks:length></extensions></trkpt><trkpt lat="45.24533195770963" lon="-75.47768004426771"><ele>85.66597525751051</ele><time>2025-10-04T21:30:33.00800Z</time><extensions><mytracks:speed>75.02326400652422</mytracks:speed><mytracks:length>0.02095297517024313</mytracks:length></extensions></trkpt><trkpt lat="45.24550782245921" lon="-75.47776722042876"><ele>85.52798400552621</ele><time>2025-10-04T21:30:34.00800Z</time><extensions><mytracks:speed>74.82381652037047</mytracks:speed><mytracks:length>0.02071200156077933</mytracks:length></extensions></trkpt><trkpt lat="45.2456790174686" lon="-75.47785466236044"><ele>85.379746352369</ele><time>2025-10-04T21:30:34.99800Z</time><extensions><mytracks:speed>74.09556392936284</mytracks:speed><mytracks:length>0.02022946234036694</mytracks:length></extensions></trkpt><trkpt lat="45.246000720652" lon="-75.47801706719893"><ele>85.47865908140059</ele><time>2025-10-04T21:30:36.87800Z</time><extensions><mytracks:speed>72.67006586261186</mytracks:speed><mytracks:gradient>0.002605424588393972</mytracks:gradient><mytracks:length>0.03796414967150048</mytracks:length></extensions></trkpt><trkpt lat="45.24616065841789" lon="-75.47809890504752"><ele>85.45770283041477</ele><time>2025-10-04T21:30:37.84400Z</time><extensions><mytracks:speed>71.92187531356568</mytracks:speed><mytracks:gradient>0.00137085148743807</mytracks:gradient><mytracks:length>0.01890333192308842</mytracks:length></extensions></trkpt><trkpt lat="45.24633091649735" lon="-75.47818835647756"><ele>85.39983593112825</ele><time>2025-10-04T21:30:38.88400Z</time><extensions><mytracks:speed>69.85115872803493</mytracks:speed><mytracks:length>0.02018553052443116</mytracks:length></extensions></trkpt><trkpt lat="45.24651436916253" lon="-75.47828130335783"><ele>85.28590552607801</ele><time>2025-10-04T21:30:40.02200Z</time><extensions><mytracks:speed>68.52811095177097</mytracks:speed><mytracks:length>0.02165815195929069</mytracks:length></extensions></trkpt><trkpt lat="45.24668307232796" lon="-75.47836738572576"><ele>85.11069250296336</ele><time>2025-10-04T21:30:41.09000Z</time><extensions><mytracks:speed>67.1893139347721</mytracks:speed><mytracks:length>0.01993279566199495</mytracks:length></extensions></trkpt><trkpt lat="45.24684220592898" lon="-75.47844943684515"><ele>85.03436387175046</ele><time>2025-10-04T21:30:42.11700Z</time><extensions><mytracks:speed>65.99683953771381</mytracks:speed><mytracks:length>0.01882473840299738</mytracks:length></extensions></trkpt><trkpt lat="45.24699272850395" lon="-75.47852593263882"><ele>85.17680848871763</ele><time>2025-10-04T21:30:43.09400Z</time><extensions><mytracks:speed>65.75882339311255</mytracks:speed><mytracks:gradient>0.001806393542952006</mytracks:gradient><mytracks:length>0.01777649195049696</mytracks:length></extensions></trkpt><trkpt lat="45.24713981347726" lon="-75.47860061700759"><ele>85.35672155966253</ele><time>2025-10-04T21:30:44.05700Z</time><extensions><mytracks:speed>65.20849339733236</mytracks:speed><mytracks:gradient>0.009172142521602094</mytracks:gradient><mytracks:length>0.01736874940501572</mytracks:length></extensions></trkpt><trkpt lat="45.24728787274012" lon="-75.47867624521429"><ele>85.46869328273289</ele><time>2025-10-04T21:30:45.04100Z</time><extensions><mytracks:speed>64.47198885259363</mytracks:speed><mytracks:gradient>0.008371970399002582</mytracks:gradient><mytracks:length>0.01749567652012883</mytracks:length></extensions></trkpt><trkpt lat="45.24743319640363" lon="-75.47874912714225"><ele>85.63540772339942</ele><time>2025-10-04T21:30:46.00400Z</time><extensions><mytracks:speed>64.05588810238658</mytracks:speed><mytracks:gradient>0.008046949825185362</mytracks:gradient><mytracks:length>0.017136807424486</mytracks:length></extensions></trkpt><trkpt lat="45.24758372058854" lon="-75.47882282990547"><ele>85.7674032254653</ele><time>2025-10-04T21:30:46.99700Z</time><extensions><mytracks:speed>64.11763224224917</mytracks:speed><mytracks:gradient>0.008573550952548277</mytracks:gradient><mytracks:length>0.01770384226029226</mytracks:length></extensions></trkpt><trkpt lat="45.24773493160419" lon="-75.47889882885623"><ele>85.84527507997262</ele><time>2025-10-04T21:30:48.00200Z</time><extensions><mytracks:speed>63.8770312206734</mytracks:speed><mytracks:gradient>0.00436612541580476</mytracks:gradient><mytracks:length>0.01783545983938909</mytracks:length></extensions></trkpt><trkpt lat="45.24788532407669" lon="-75.47897642958311"><ele>85.89702079852228</ele><time>2025-10-04T21:30:49.01200Z</time><extensions><mytracks:speed>63.42967657517492</mytracks:speed><mytracks:gradient>0.00290833694310705</mytracks:gradient><mytracks:length>0.01779220205976982</mytracks:length></extensions></trkpt><trkpt lat="45.24803191507457" lon="-75.47904974633896"><ele>85.87711127534322</ele><time>2025-10-04T21:30:49.99100Z</time><extensions><mytracks:speed>63.48954406341466</mytracks:speed><mytracks:gradient>0.0009077114199608985</mytracks:gradient><mytracks:length>0.01728161444357169</mytracks:length></extensions></trkpt><trkpt lat="45.24831874927688" lon="-75.47919560473265"><ele>85.61766572879094</ele><time>2025-10-04T21:30:51.89900Z</time><extensions><mytracks:speed>63.89377038328638</mytracks:speed><mytracks:length>0.03387700628935189</mytracks:length></extensions></trkpt><trkpt lat="45.24847345494942" lon="-75.4792762196055"><ele>85.58227945848407</ele><time>2025-10-04T21:30:52.94200Z</time><extensions><mytracks:speed>63.2584406191543</mytracks:speed><mytracks:length>0.01832349626650649</mytracks:length></extensions></trkpt><trkpt lat="45.24862756274418" lon="-75.47935321492589"><ele>85.38389270236782</ele><time>2025-10-04T21:30:53.96500Z</time><extensions><mytracks:speed>63.91372798151255</mytracks:speed><mytracks:length>0.01816516908277865</mytracks:length></extensions></trkpt><trkpt lat="45.24878307132222" lon="-75.47943268400786"><ele>85.44736303508655</ele><time>2025-10-04T21:30:54.99600Z</time><extensions><mytracks:speed>64.20846093399281</mytracks:speed><mytracks:gradient>0.003453878101767102</mytracks:gradient><mytracks:length>0.01837654104997611</mytracks:length></extensions></trkpt><trkpt lat="45.24892560965252" lon="-75.47950520866002"><ele>85.59320647704135</ele><time>2025-10-04T21:30:55.95000Z</time><extensions><mytracks:speed>63.88777203562606</mytracks:speed><mytracks:gradient>0.005944294683636419</mytracks:gradient><mytracks:length>0.01683569843950725</mytracks:length></extensions></trkpt><trkpt lat="45.24907591534932" lon="-75.47958048601619"><ele>85.75659842369497</ele><time>2025-10-04T21:30:56.96600Z</time><extensions><mytracks:speed>62.79588057074233</mytracks:speed><mytracks:gradient>0.009219905357420307</mytracks:gradient><mytracks:length>0.0177216511796532</mytracks:length></extensions></trkpt><trkpt lat="45.24923501907296" lon="-75.47965378182248"><ele>85.67815047491077</ele><time>2025-10-04T21:30:58.02900Z</time><extensions><mytracks:speed>62.96453169156433</mytracks:speed><mytracks:length>0.01859884010391432</mytracks:length></extensions></trkpt><trkpt lat="45.24938847972955" lon="-75.47972443660666"><ele>85.43223326128091</ele><time>2025-10-04T21:30:59.07300Z</time><extensions><mytracks:speed>61.86825692619028</mytracks:speed><mytracks:length>0.01793799880081451</mytracks:length></extensions></trkpt><trkpt lat="45.24953723519337" lon="-75.47979587691255"><ele>85.30202443885112</ele><time>2025-10-04T21:31:00.09500Z</time><extensions><mytracks:speed>61.48145666672181</mytracks:speed><mytracks:length>0.01746061190875624</mytracks:length></extensions></trkpt><trkpt lat="45.24968017229774" lon="-75.47986675564663"><ele>85.33247898734675</ele><time>2025-10-04T21:31:01.09400Z</time><extensions><mytracks:speed>61.08888028434131</mytracks:speed><mytracks:length>0.01683462773876592</mytracks:length></extensions></trkpt><trkpt lat="45.24982039822998" lon="-75.47993628665986"><ele>85.50590678713071</ele><time>2025-10-04T21:31:02.06600Z</time><extensions><mytracks:speed>60.90888043582645</mytracks:speed><mytracks:gradient>0.006113438266655627</mytracks:gradient><mytracks:length>0.01651519503176818</mytracks:length></extensions></trkpt><trkpt lat="45.2499586810408" lon="-75.48000800567333"><ele>85.57510945806514</ele><time>2025-10-04T21:31:03.02700Z</time><extensions><mytracks:speed>61.24016493753042</mytracks:speed><mytracks:gradient>0.00737847846220184</mytracks:gradient><mytracks:length>0.01636938926141692</mytracks:length></extensions></trkpt><trkpt lat="45.25009665086277" lon="-75.48008020633803"><ele>85.96273081214773</ele><time>2025-10-04T21:31:03.99000Z</time><extensions><mytracks:speed>61.22128743551534</mytracks:speed><mytracks:gradient>0.01396212062850719</mytracks:gradient><mytracks:length>0.01634955625129314</mytracks:length></extensions></trkpt><trkpt lat="45.25023783951749" lon="-75.48015151871692"><ele>86.09731039643914</ele><time>2025-10-04T21:31:04.98300Z</time><extensions><mytracks:speed>60.74291201488188</mytracks:speed><mytracks:gradient>0.01581873081715521</mytracks:gradient><mytracks:length>0.01666242948044757</mytracks:length></extensions></trkpt><trkpt lat="45.25037539258" lon="-75.48021883447642"><ele>86.1823805431507</ele><time>2025-10-04T21:31:05.94600Z</time><extensions><mytracks:speed>60.4514457084702</mytracks:speed><mytracks:gradient>0.006688579644903114</mytracks:gradient><mytracks:length>0.01617776588155046</mytracks:length></extensions></trkpt><trkpt lat="45.25051301563232" lon="-75.48028489242506"><ele>86.37865571744673</ele><time>2025-10-04T21:31:06.92000Z</time><extensions><mytracks:speed>60.10803593050836</mytracks:speed><mytracks:gradient>0.008702139556080023</mytracks:gradient><mytracks:length>0.01615323467197411</mytracks:length></extensions></trkpt><trkpt lat="45.250655682128" lon="-75.48035424505044"><ele>86.51217428404829</ele><time>2025-10-04T21:31:07.92000Z</time><extensions><mytracks:speed>60.32742756075028</mytracks:speed><mytracks:gradient>0.007963158697769935</mytracks:gradient><mytracks:length>0.01676703575415915</mytracks:length></extensions></trkpt><trkpt lat="45.25080177868941" lon="-75.48042537380597"><ele>86.57339839362116</ele><time>2025-10-04T21:31:08.92200Z</time><extensions><mytracks:speed>61.72025970124328</mytracks:speed><mytracks:gradient>0.003565125640059856</mytracks:gradient><mytracks:length>0.01717305805016408</mytracks:length></extensions></trkpt><trkpt lat="45.250959071601" lon="-75.48050313904618"><ele>86.76667912410581</ele><time>2025-10-04T21:31:09.96600Z</time><extensions><mytracks:speed>63.82465531035716</mytracks:speed><mytracks:gradient>0.01043663952761121</mytracks:gradient><mytracks:length>0.01851944104932441</mytracks:length></extensions></trkpt><trkpt lat="45.25111815889376" lon="-75.48057704372572"><ele>86.69852598382981</ele><time>2025-10-04T21:31:10.98600Z</time><extensions><mytracks:speed>65.73885859338351</mytracks:speed><mytracks:length>0.01861167716470944</mytracks:length></extensions></trkpt><trkpt lat="45.25135732136638" lon="-75.48069366459875"><ele>86.43850669749271</ele><time>2025-10-04T21:31:12.49800Z</time><extensions><mytracks:speed>66.9401844840086</mytracks:speed><mytracks:length>0.02811704026450103</mytracks:length></extensions></trkpt><trkpt lat="45.25151618417156" lon="-75.4807715883144"><ele>86.26808665133476</ele><time>2025-10-04T21:31:13.49900Z</time><extensions><mytracks:speed>67.20006214029465</mytracks:speed><mytracks:length>0.01868827322699818</mytracks:length></extensions></trkpt><trkpt lat="45.25167225738911" lon="-75.48084890479323"><ele>86.211119084771</ele><time>2025-10-04T21:31:14.49900Z</time><extensions><mytracks:speed>66.13868689437091</mytracks:speed><mytracks:length>0.01837972867595862</mytracks:length></extensions></trkpt><trkpt lat="45.25182488472493" lon="-75.48093080341101"><ele>86.3848073557774</ele><time>2025-10-04T21:31:15.49900Z</time><extensions><mytracks:speed>65.30085843529544</mytracks:speed><mytracks:gradient>0.009573777627159963</mytracks:gradient><mytracks:length>0.01814208327898276</mytracks:length></extensions></trkpt><trkpt lat="45.25197692565413" lon="-75.48101763272881"><ele>86.39736918629887</ele><time>2025-10-04T21:31:16.50000Z</time><extensions><mytracks:speed>65.59189540710592</mytracks:speed><mytracks:gradient>0.0006894093834155493</mytracks:gradient><mytracks:length>0.01822114816488566</mytracks:length></extensions></trkpt><trkpt lat="45.25213173581596" lon="-75.48109929193662"><ele>86.64021822701395</ele><time>2025-10-04T21:31:17.50000Z</time><extensions><mytracks:speed>66.10419314770249</mytracks:speed><mytracks:gradient>0.01322505258391892</mytracks:gradient><mytracks:length>0.01836280341224243</mytracks:length></extensions></trkpt><trkpt lat="45.25228836003794" lon="-75.48117869761521"><ele>86.87560173339483</ele><time>2025-10-04T21:31:18.50000Z</time><extensions><mytracks:speed>66.57059021164547</mytracks:speed><mytracks:gradient>0.01272882161876348</mytracks:gradient><mytracks:length>0.01849216788723844</mytracks:length></extensions></trkpt><trkpt lat="45.25244025295506" lon="-75.48125743319083"><ele>87.05033286403693</ele><time>2025-10-04T21:31:19.50000Z</time><extensions><mytracks:speed>64.72411179130339</mytracks:speed><mytracks:gradient>0.009718541583169258</mytracks:gradient><mytracks:length>0.01797915141349022</mytracks:length></extensions></trkpt><trkpt lat="45.25259323747466" lon="-75.48132986732932"><ele>87.16277381862042</ele><time>2025-10-04T21:31:20.50000Z</time><extensions><mytracks:speed>64.55176471737603</mytracks:speed><mytracks:gradient>0.006270682547709068</mytracks:gradient><mytracks:length>0.01793121462105748</mytracks:length></extensions></trkpt><trkpt lat="45.25274355186976" lon="-75.4814068528959"><ele>87.00755344241254</ele><time>2025-10-04T21:31:21.50000Z</time><extensions><mytracks:speed>63.9628500700823</mytracks:speed><mytracks:length>0.01776761720625719</mytracks:length></extensions></trkpt><trkpt lat="45.25289118476364" lon="-75.48148637691001"><ele>86.88034973732425</ele><time>2025-10-04T21:31:22.50000Z</time><extensions><mytracks:speed>63.2032693790352</mytracks:speed><mytracks:length>0.01755661440473547</mytracks:length></extensions></trkpt><trkpt lat="45.25304374779224" lon="-75.48156897170792"><ele>86.71728070546753</ele><time>2025-10-04T21:31:23.50000Z</time><extensions><mytracks:speed>65.35474058944332</mytracks:speed><mytracks:length>0.01815425042602259</mytracks:length></extensions></trkpt><trkpt lat="45.25320055995616" lon="-75.48165433973267"><ele>86.73604863896037</ele><time>2025-10-04T21:31:24.50000Z</time><extensions><mytracks:speed>67.22324404794658</mytracks:speed><mytracks:gradient>0.001005066934990138</mytracks:gradient><mytracks:length>0.01867331700950163</mytracks:length></extensions></trkpt><trkpt lat="45.25336025366684" lon="-75.48174166564593"><ele>86.77054137657642</ele><time>2025-10-04T21:31:25.50000Z</time><extensions><mytracks:speed>68.49864556243922</mytracks:speed><mytracks:gradient>0.001812773840654524</mytracks:gradient><mytracks:length>0.01902760115050778</mytracks:length></extensions></trkpt><trkpt lat="45.25352535636079" lon="-75.48182851744485"><ele>86.76360224273104</ele><time>2025-10-04T21:31:26.50000Z</time><extensions><mytracks:speed>70.47709249696547</mytracks:speed><mytracks:length>0.01957716850736561</mytracks:length></extensions></trkpt><trkpt lat="45.25369228092556" lon="-75.48191646291723"><ele>86.83648245882819</ele><time>2025-10-04T21:31:27.50000Z</time><extensions><mytracks:speed>71.26743544523524</mytracks:speed><mytracks:gradient>0.003681435452926925</mytracks:gradient><mytracks:length>0.01979668448056137</mytracks:length></extensions></trkpt><trkpt lat="45.25385509960385" lon="-75.4820032667163"><ele>86.81645910470343</ele><time>2025-10-04T21:31:28.50000Z</time><extensions><mytracks:speed>69.61428449357518</mytracks:speed><mytracks:length>0.01933746030604544</mytracks:length></extensions></trkpt><trkpt lat="45.25402030814389" lon="-75.48208779517574"><ele>86.75928522665863</ele><time>2025-10-04T21:31:29.50000Z</time><extensions><mytracks:speed>70.29140470048036</mytracks:speed><mytracks:length>0.01952553916148305</mytracks:length></extensions></trkpt><trkpt lat="45.25418735623292" lon="-75.48217239440862"><ele>86.74608400723613</ele><time>2025-10-04T21:31:30.50000Z</time><extensions><mytracks:speed>70.99167894521477</mytracks:speed><mytracks:length>0.01972005186590873</mytracks:length></extensions></trkpt><trkpt lat="45.25435523244209" lon="-75.48225854846443"><ele>86.72079704264482</ele><time>2025-10-04T21:31:31.50000Z</time><extensions><mytracks:speed>71.45174805374833</mytracks:speed><mytracks:length>0.01984783555838971</mytracks:length></extensions></trkpt><trkpt lat="45.25452454502112" lon="-75.4823454960914"><ele>86.72090100721992</ele><time>2025-10-04T21:31:32.50000Z</time><extensions><mytracks:speed>72.06866768453415</mytracks:speed><mytracks:gradient>5.193244262129579e-06</mytracks:gradient><mytracks:length>0.02001919606625625</mytracks:length></extensions></trkpt><trkpt lat="45.25469386264862" lon="-75.48243452133819"><ele>86.80355469816085</ele><time>2025-10-04T21:31:33.50000Z</time><extensions><mytracks:speed>72.27101712396207</mytracks:speed><mytracks:gradient>0.004117164356696229</mytracks:gradient><mytracks:length>0.02007539261980166</mytracks:length></extensions></trkpt><trkpt lat="45.25486112283125" lon="-75.48252534669628"><ele>86.82950838153828</ele><time>2025-10-04T21:31:34.50000Z</time><extensions><mytracks:speed>71.67870724130752</mytracks:speed><mytracks:gradient>0.001303494228876034</mytracks:gradient><mytracks:length>0.01991085407397818</mytracks:length></extensions></trkpt><trkpt lat="45.255032876529" lon="-75.48261376620989"><ele>86.88919088896637</ele><time>2025-10-04T21:31:35.50000Z</time><extensions><mytracks:speed>73.12745821166777</mytracks:speed><mytracks:gradient>0.002938104371915444</mytracks:gradient><mytracks:length>0.02031327001129778</mytracks:length></extensions></trkpt><trkpt lat="45.25521080798524" lon="-75.48270097944493"><ele>86.89711021537572</ele><time>2025-10-04T21:31:36.50000Z</time><extensions><mytracks:speed>75.34670369809594</mytracks:speed><mytracks:gradient>0.0003783768171391401</mytracks:gradient><mytracks:length>0.02092973472642295</mytracks:length></extensions></trkpt><trkpt lat="45.25538361536586" lon="-75.48279100262864"><ele>86.82876334027678</ele><time>2025-10-04T21:31:37.50000Z</time><extensions><mytracks:speed>73.68042501760947</mytracks:speed><mytracks:length>0.02046687012119407</mytracks:length></extensions></trkpt><trkpt lat="45.25555680072748" lon="-75.48288200048913"><ele>86.66678374187612</ele><time>2025-10-04T21:31:38.50000Z</time><extensions><mytracks:speed>73.91629768567182</mytracks:speed><mytracks:length>0.02053237834193106</mytracks:length></extensions></trkpt><trkpt lat="45.25572592356513" lon="-75.48297345402889"><ele>86.51456084291543</ele><time>2025-10-04T21:31:39.50000Z</time><extensions><mytracks:speed>72.43906096337156</mytracks:speed><mytracks:length>0.02012202854300649</mytracks:length></extensions></trkpt><trkpt lat="45.25589078057286" lon="-75.48306651286379"><ele>86.42304689405141</ele><time>2025-10-04T21:31:40.50000Z</time><extensions><mytracks:speed>71.01253858185513</mytracks:speed><mytracks:length>0.01972576394880888</mytracks:length></extensions></trkpt><trkpt lat="45.25605848670291" lon="-75.48315606462609"><ele>86.49049321355587</ele><time>2025-10-04T21:31:41.50000Z</time><extensions><mytracks:speed>71.71961378721379</mytracks:speed><mytracks:gradient>0.003385491089676675</mytracks:gradient><mytracks:length>0.01992216718871842</mytracks:length></extensions></trkpt><trkpt lat="45.25622115291793" lon="-75.48324375733431"><ele>86.66354778594902</ele><time>2025-10-04T21:31:42.50000Z</time><extensions><mytracks:speed>69.64655499688081</mytracks:speed><mytracks:gradient>0.008945092848323812</mytracks:gradient><mytracks:length>0.01934631370825666</mytracks:length></extensions></trkpt><trkpt lat="45.25638112182221" lon="-75.48333063308316"><ele>86.72988379455413</ele><time>2025-10-04T21:31:43.50000Z</time><extensions><mytracks:speed>68.55546535869337</mytracks:speed><mytracks:gradient>0.003483443913626955</mytracks:gradient><mytracks:length>0.01904322568410087</mytracks:length></extensions></trkpt><trkpt lat="45.25653711152444" lon="-75.48341576302828"><ele>86.89900819718915</ele><time>2025-10-04T21:31:44.50000Z</time><extensions><mytracks:speed>66.89111898352253</mytracks:speed><mytracks:gradient>0.009102055660829268</mytracks:gradient><mytracks:length>0.01858090182450191</mytracks:length></extensions></trkpt><trkpt lat="45.25668995925515" lon="-75.48349968567089"><ele>87.05900484331279</ele><time>2025-10-04T21:31:45.50000Z</time><extensions><mytracks:speed>65.59602391841264</mytracks:speed><mytracks:gradient>0.008780821311358281</mytracks:gradient><mytracks:length>0.01822114816488566</mytracks:length></extensions></trkpt><trkpt lat="45.25684320745926" lon="-75.48358037540399"><ele>87.25007839893372</ele><time>2025-10-04T21:31:46.50000Z</time><extensions><mytracks:speed>65.42308730474977</mytracks:speed><mytracks:gradient>0.010514083706171</mytracks:gradient><mytracks:length>0.01817310580367413</mytracks:length></extensions></trkpt><trkpt lat="45.25699552874988" lon="-75.48365997985108"><ele>87.42428478156931</ele><time>2025-10-04T21:31:47.50000Z</time><extensions><mytracks:speed>64.96982633182076</mytracks:speed><mytracks:gradient>0.009652821787028256</mytracks:gradient><mytracks:length>0.01804719764636</mytracks:length></extensions></trkpt><trkpt lat="45.25714622281428" lon="-75.48373964169495"><ele>87.5737136435727</ele><time>2025-10-04T21:31:48.50000Z</time><extensions><mytracks:speed>64.36293758753803</mytracks:speed><mytracks:gradient>0.008357967274722168</mytracks:gradient><mytracks:length>0.01787861295596628</mytracks:length></extensions></trkpt><trkpt lat="45.25729827670806" lon="-75.48381649035862"><ele>87.85712688886382</ele><time>2025-10-04T21:31:49.50000Z</time><extensions><mytracks:speed>64.60476396147041</mytracks:speed><mytracks:gradient>0.01579274727534444</mytracks:gradient><mytracks:length>0.01794578488149292</mytracks:length></extensions></trkpt><trkpt lat="45.257449000757" lon="-75.48389457900866"><ele>87.96253514943699</ele><time>2025-10-04T21:31:50.50000Z</time><extensions><mytracks:speed>64.2221458972172</mytracks:speed><mytracks:gradient>0.005908699730783358</mytracks:gradient><mytracks:length>0.01783950198450786</mytracks:length></extensions></trkpt><trkpt lat="45.25759858719258" lon="-75.48397012878068"><ele>88.05763226294839</ele><time>2025-10-04T21:31:51.50000Z</time><extensions><mytracks:speed>63.55027556054663</mytracks:speed><mytracks:gradient>0.005387065330364385</mytracks:gradient><mytracks:length>0.01765286063552673</mytracks:length></extensions></trkpt><trkpt lat="45.25774572294064" lon="-75.48404477106006"><ele>88.0618275685936</ele><time>2025-10-04T21:31:52.50000Z</time><extensions><mytracks:speed>62.54149923697831</mytracks:speed><mytracks:gradient>0.0002414892304564713</mytracks:gradient><mytracks:length>0.01737264074791833</mytracks:length></extensions></trkpt><trkpt lat="45.25789027117609" lon="-75.48412199705926"><ele>87.93399892016592</ele><time>2025-10-04T21:31:53.50000Z</time><extensions><mytracks:speed>61.81920070585469</mytracks:speed><mytracks:length>0.01717200838431852</mytracks:length></extensions></trkpt><trkpt lat="45.25803461286611" lon="-75.48420163017595"><ele>87.99941671593702</ele><time>2025-10-04T21:31:54.50000Z</time><extensions><mytracks:speed>61.98526454909583</mytracks:speed><mytracks:gradient>0.003799354739236224</mytracks:gradient><mytracks:length>0.01721813314653737</mytracks:length></extensions></trkpt><trkpt lat="45.25818106504281" lon="-75.48429005747424"><ele>88.32544529119555</ele><time>2025-10-04T21:31:55.50000Z</time><extensions><mytracks:speed>63.70173669761289</mytracks:speed><mytracks:gradient>0.0184249700548933</mytracks:gradient><mytracks:length>0.01769493107924735</mytracks:length></extensions></trkpt><trkpt lat="45.25833214509947" lon="-75.48437873500947"><ele>88.83264398041112</ele><time>2025-10-04T21:31:56.50000Z</time><extensions><mytracks:speed>65.43655421381683</mytracks:speed><mytracks:gradient>0.02790359100935808</mytracks:gradient><mytracks:length>0.01817682494864086</mytracks:length></extensions></trkpt><trkpt lat="45.25856688926181" lon="-75.48450603912102"><ele>89.44241684324962</ele><time>2025-10-04T21:31:58.00000Z</time><extensions><mytracks:speed>67.05452064011409</mytracks:speed><mytracks:gradient>0.02182485370787712</mytracks:gradient><mytracks:length>0.02793937915920211</mytracks:length></extensions></trkpt><trkpt lat="45.25872428073181" lon="-75.48459004735611"><ele>89.77822986270348</ele><time>2025-10-04T21:31:59.00000Z</time><extensions><mytracks:speed>67.15438142555028</mytracks:speed><mytracks:gradient>0.02027632302329429</mytracks:gradient><mytracks:length>0.01869550581104813</mytracks:length></extensions></trkpt><trkpt lat="45.25888179232825" lon="-75.48466475830861"><ele>89.89826261926559</ele><time>2025-10-04T21:32:00.00000Z</time><extensions><mytracks:speed>66.87708119808963</mytracks:speed><mytracks:gradient>0.01226911634854629</mytracks:gradient><mytracks:length>0.01846461038986263</mytracks:length></extensions></trkpt><trkpt lat="45.25903829359169" lon="-75.48473950727634"><ele>89.95267222870258</ele><time>2025-10-04T21:32:01.00000Z</time><extensions><mytracks:speed>66.28367470110278</mytracks:speed><mytracks:gradient>0.004737159979559889</mytracks:gradient><mytracks:length>0.01835936739665786</mytracks:length></extensions></trkpt><trkpt lat="45.2591905422106" lon="-75.48481719429071"><ele>90.03488524826315</ele><time>2025-10-04T21:32:02.00000Z</time><extensions><mytracks:speed>65.42208842288019</mytracks:speed><mytracks:gradient>0.003758987615224697</mytracks:gradient><mytracks:length>0.01798817231232801</mytracks:length></extensions></trkpt><trkpt lat="45.25933868960329" lon="-75.48489748428705"><ele>90.08924673283028</ele><time>2025-10-04T21:32:03.00000Z</time><extensions><mytracks:speed>64.11189208424861</mytracks:speed><mytracks:gradient>0.003834456613576588</mytracks:gradient><mytracks:length>0.01763140439415242</mytracks:length></extensions></trkpt><trkpt lat="45.25948486508626" lon="-75.48497760548457"><ele>90.16762299456771</ele><time>2025-10-04T21:32:04.00000Z</time><extensions><mytracks:speed>63.09564881987222</mytracks:speed><mytracks:gradient>0.003786760330871185</mytracks:gradient><mytracks:length>0.01742211451916828</mytracks:length></extensions></trkpt><trkpt lat="45.25962825520098" lon="-75.48505984048526"><ele>90.23042459529876</ele><time>2025-10-04T21:32:05.00000Z</time><extensions><mytracks:speed>62.30742143562264</mytracks:speed><mytracks:gradient>0.004078491987027482</mytracks:gradient><mytracks:length>0.01719456207874738</mytracks:length></extensions></trkpt><trkpt lat="45.25977000962341" lon="-75.48514163325289"><ele>90.31709294097337</ele><time>2025-10-04T21:32:06.00000Z</time><extensions><mytracks:speed>61.57315864534126</mytracks:speed><mytracks:gradient>0.004369535653563824</mytracks:gradient><mytracks:length>0.01701303051601222</mytracks:length></extensions></trkpt><trkpt lat="45.2599118199021" lon="-75.48522091980914"><ele>90.3783525839752</ele><time>2025-10-04T21:32:07.00000Z</time><extensions><mytracks:speed>61.12478017588111</mytracks:speed><mytracks:gradient>0.004356180671308029</mytracks:gradient><mytracks:length>0.01694615012966624</mytracks:length></extensions></trkpt><trkpt lat="45.26005434663323" lon="-75.4852971917216"><ele>90.39607136070187</ele><time>2025-10-04T21:32:08.00000Z</time><extensions><mytracks:speed>60.98464786446471</mytracks:speed><mytracks:gradient>0.00233109936874372</mytracks:gradient><mytracks:length>0.01693550990626473</mytracks:length></extensions></trkpt><trkpt lat="45.26019566117333" lon="-75.48537194333548"><ele>90.39209663918847</ele><time>2025-10-04T21:32:09.00000Z</time><extensions><mytracks:speed>60.66490580042855</mytracks:speed><mytracks:gradient>0.0004078028017513505</mytracks:gradient><mytracks:length>0.01676757327113411</mytracks:length></extensions></trkpt><trkpt lat="45.26033609609287" lon="-75.48544784309225"><ele>90.49160696057321</ele><time>2025-10-04T21:32:10.00000Z</time><extensions><mytracks:speed>60.25437030255776</mytracks:speed><mytracks:gradient>0.002853970963484496</mytracks:gradient><mytracks:length>0.01670753359698769</mytracks:length></extensions></trkpt><trkpt lat="45.26047450649956" lon="-75.48552254902457"><ele>90.58511360958222</ele><time>2025-10-04T21:32:11.00000Z</time><extensions><mytracks:speed>59.70839537087571</mytracks:speed><mytracks:gradient>0.00581879511756512</mytracks:gradient><mytracks:length>0.01646381721554751</mytracks:length></extensions></trkpt><trkpt lat="45.26061139742014" lon="-75.48559650464726"><ele>90.69498683490534</ele><time>2025-10-04T21:32:12.00000Z</time><extensions><mytracks:speed>58.94794846899892</mytracks:speed><mytracks:gradient>0.00621029528713892</mytracks:gradient><mytracks:length>0.01628520887178979</mytracks:length></extensions></trkpt><trkpt lat="45.26074753517883" lon="-75.48566732999622"><ele>90.81443880757426</ele><time>2025-10-04T21:32:13.00000Z</time><extensions><mytracks:speed>58.3296933351071</mytracks:speed><mytracks:gradient>0.007076768733848201</mytracks:gradient><mytracks:length>0.01612112057599837</mytracks:length></extensions></trkpt><trkpt lat="45.26088450615074" lon="-75.48573755612843"><ele>90.92165112168753</ele><time>2025-10-04T21:32:14.00000Z</time><extensions><mytracks:speed>58.16325565716389</mytracks:speed><mytracks:gradient>0.007014671880563564</mytracks:gradient><mytracks:length>0.01619224412735471</mytracks:length></extensions></trkpt><trkpt lat="45.26102211013934" lon="-75.48580930186972"><ele>91.07193370180438</ele><time>2025-10-04T21:32:15.00000Z</time><extensions><mytracks:speed>58.48318989745994</mytracks:speed><mytracks:gradient>0.007925205647966409</mytracks:gradient><mytracks:length>0.01629903873048396</mytracks:length></extensions></trkpt><trkpt lat="45.26116138207583" lon="-75.48588166395719"><ele>91.21379427097628</ele><time>2025-10-04T21:32:16.00000Z</time><extensions><mytracks:speed>59.01898822387928</mytracks:speed><mytracks:gradient>0.008909983335634926</mytracks:gradient><mytracks:length>0.01648952613394786</mytracks:length></extensions></trkpt><trkpt lat="45.26130248355413" lon="-75.48595477909278"><ele>91.40276934252378</ele><time>2025-10-04T21:32:17.00000Z</time><extensions><mytracks:speed>59.74262362531388</mytracks:speed><mytracks:gradient>0.009967838564170713</mytracks:gradient><mytracks:length>0.01670051940550577</mytracks:length></extensions></trkpt><trkpt lat="45.26144491202104" lon="-75.48603050966794"><ele>91.67733040247667</ele><time>2025-10-04T21:32:18.00000Z</time><extensions><mytracks:speed>60.49911904321702</mytracks:speed><mytracks:gradient>0.01379137489169882</mytracks:gradient><mytracks:length>0.01690994605397664</mytracks:length></extensions></trkpt><trkpt lat="45.2615882837409" lon="-75.48610776185822"><ele>91.94075006747761</ele><time>2025-10-04T21:32:19.00000Z</time><extensions><mytracks:speed>61.12839584840299</mytracks:speed><mytracks:gradient>0.0158415178624942</mytracks:gradient><mytracks:length>0.01705033722720902</mytracks:length></extensions></trkpt><trkpt lat="45.26173321340863" lon="-75.48618484443747"><ele>92.16098498344729</ele><time>2025-10-04T21:32:20.00000Z</time><extensions><mytracks:speed>61.66441041227544</mytracks:speed><mytracks:gradient>0.01411801844431799</mytracks:gradient><mytracks:length>0.01720766110254071</mytracks:length></extensions></trkpt><trkpt lat="45.26188017427207" lon="-75.48626318536844"><ele>92.25377893960872</ele><time>2025-10-04T21:32:21.00000Z</time><extensions><mytracks:speed>62.39059467476246</mytracks:speed><mytracks:gradient>0.009031052062093797</mytracks:gradient><mytracks:length>0.01745364217109434</mytracks:length></extensions></trkpt><trkpt lat="45.26203022903015" lon="-75.48634415988263"><ele>92.22949072422999</ele><time>2025-10-04T21:32:22.00000Z</time><extensions><mytracks:speed>63.54395211461893</mytracks:speed><mytracks:gradient>0.001940554503655062</mytracks:gradient><mytracks:length>0.01784859346402557</mytracks:length></extensions></trkpt><trkpt lat="45.26218313669168" lon="-75.48642886864771"><ele>92.07304681712682</ele><time>2025-10-04T21:32:23.00000Z</time><extensions><mytracks:speed>64.97538611691128</mytracks:speed><mytracks:length>0.01824956717811974</mytracks:length></extensions></trkpt><trkpt lat="45.26233942540398" lon="-75.48651817101077"><ele>91.88048336318457</ele><time>2025-10-04T21:32:24.00000Z</time><extensions><mytracks:speed>66.56465369562525</mytracks:speed><mytracks:length>0.01873138626584056</mytracks:length></extensions></trkpt><trkpt lat="45.26249921171502" lon="-75.48661024358088"><ele>91.65208316342891</ele><time>2025-10-04T21:32:25.00000Z</time><extensions><mytracks:speed>68.22779306338796</mytracks:speed><mytracks:length>0.01917293497082666</mytracks:length></extensions></trkpt><trkpt lat="45.26266228814971" lon="-75.48670589845399"><ele>91.50122796809639</ele><time>2025-10-04T21:32:26.00000Z</time><extensions><mytracks:speed>69.82374435719926</mytracks:speed><mytracks:length>0.01961786880824141</mytracks:length></extensions></trkpt><trkpt lat="45.26282698742973" lon="-75.48680282465872"><ele>91.37159437844734</ele><time>2025-10-04T21:32:27.00000Z</time><extensions><mytracks:speed>70.99310669659036</mytracks:speed><mytracks:length>0.01982261752277154</mytracks:length></extensions></trkpt><trkpt lat="45.26299245938297" lon="-75.48689942799341"><ele>91.27825188519029</ele><time>2025-10-04T21:32:28.00000Z</time><extensions><mytracks:speed>71.48724824809142</mytracks:speed><mytracks:length>0.0198925131740678</mytracks:length></extensions></trkpt><trkpt lat="45.26315684432897" lon="-75.48699342700702"><ele>91.20244971312339</ele><time>2025-10-04T21:32:29.00000Z</time><extensions><mytracks:speed>71.27288215797802</mytracks:speed><mytracks:length>0.01970359181511171</mytracks:length></extensions></trkpt><trkpt lat="45.26331975831296" lon="-75.48708643912742"><ele>91.17243856968554</ele><time>2025-10-04T21:32:30.00000Z</time><extensions><mytracks:speed>70.60830567444451</mytracks:speed><mytracks:length>0.01952323109627628</mytracks:length></extensions></trkpt><trkpt lat="45.26348122299108" lon="-75.48717738698153"><ele>91.16210195982697</ele><time>2025-10-04T21:32:31.00000Z</time><extensions><mytracks:speed>69.90609228689455</mytracks:speed><mytracks:length>0.01931344251746675</mytracks:length></extensions></trkpt><trkpt lat="45.26364199151053" lon="-75.48726709803417"><ele>91.19737325088855</ele><time>2025-10-04T21:32:32.00000Z</time><extensions><mytracks:speed>69.33502386529926</mytracks:speed><mytracks:gradient>0.0006473277889442553</mytracks:gradient><mytracks:length>0.01920604664209517</mytracks:length></extensions></trkpt><trkpt lat="45.26380192790648" lon="-75.48735707614658"><ele>91.30104493216206</ele><time>2025-10-04T21:32:33.00000Z</time><extensions><mytracks:speed>69.00044588593281</mytracks:speed><mytracks:gradient>0.00362458082484334</mytracks:gradient><mytracks:length>0.01912751897688683</mytracks:length></extensions></trkpt><trkpt lat="45.26396217016215" lon="-75.48744748585088"><ele>91.46573972974595</ele><time>2025-10-04T21:32:34.00000Z</time><extensions><mytracks:speed>68.9386386342193</mytracks:speed><mytracks:gradient>0.007007106483817435</mytracks:gradient><mytracks:length>0.01917152469499358</mytracks:length></extensions></trkpt><trkpt lat="45.26412297199325" lon="-75.4875363531748"><ele>91.62124533761185</ele><time>2025-10-04T21:32:35.00000Z</time><extensions><mytracks:speed>69.04233036726578</mytracks:speed><mytracks:gradient>0.008347944179775843</mytracks:gradient><mytracks:length>0.01918515301886183</mytracks:length></extensions></trkpt><trkpt lat="45.26428167464188" lon="-75.48762698816542"><ele>91.9000362018804</ele><time>2025-10-04T21:32:36.00000Z</time><extensions><mytracks:speed>68.76728977570458</mytracks:speed><mytracks:gradient>0.01136782799027311</mytracks:gradient><mytracks:length>0.01901931020475791</mytracks:length></extensions></trkpt><trkpt lat="45.26443891361797" lon="-75.48771712919601"><ele>92.16228736448912</ele><time>2025-10-04T21:32:37.00000Z</time><extensions><mytracks:speed>68.17149640526782</mytracks:speed><mytracks:gradient>0.01428569344846866</mytracks:gradient><mytracks:length>0.01885392072378774</mytracks:length></extensions></trkpt><trkpt lat="45.2645966743906" lon="-75.48780649796811"><ele>92.48259240953995</ele><time>2025-10-04T21:32:38.00000Z</time><extensions><mytracks:speed>67.92989505237659</mytracks:speed><mytracks:gradient>0.01543654009789785</mytracks:gradient><mytracks:length>0.01888496701249067</mytracks:length></extensions></trkpt><trkpt lat="45.26475467166268" lon="-75.48789650767647"><ele>92.79948103331068</ele><time>2025-10-04T21:32:39.00000Z</time><extensions><mytracks:speed>68.06410605884616</mytracks:speed><mytracks:gradient>0.01685102928719416</mytracks:gradient><mytracks:length>0.01892810819172492</mytracks:length></extensions></trkpt><trkpt lat="45.26491279405099" lon="-75.4879880698474"><ele>93.1199714490224</ele><time>2025-10-04T21:32:40.00000Z</time><extensions><mytracks:speed>68.24642871477471</mytracks:speed><mytracks:gradient>0.01681090435662751</mytracks:gradient><mytracks:length>0.01898658491078428</mytracks:length></extensions></trkpt><trkpt lat="45.26507325926536" lon="-75.48807842185327"><ele>93.28832049189542</ele><time>2025-10-04T21:32:41.00000Z</time><extensions><mytracks:speed>68.72249625553073</mytracks:speed><mytracks:gradient>0.012803849422075</mytracks:gradient><mytracks:length>0.01919290274589907</mytracks:length></extensions></trkpt><trkpt lat="45.26523573866672" lon="-75.48816889762068"><ele>93.45053245931955</ele><time>2025-10-04T21:32:42.00000Z</time><extensions><mytracks:speed>69.47619238388985</mytracks:speed><mytracks:gradient>0.008564239349036822</mytracks:gradient><mytracks:length>0.01940469130156562</mytracks:length></extensions></trkpt><trkpt lat="45.2653995234616" lon="-75.4882605717372"><ele>93.58937887803967</ele><time>2025-10-04T21:32:43.00000Z</time><extensions><mytracks:speed>70.16252062851204</mytracks:speed><mytracks:gradient>0.007723580876342585</mytracks:gradient><mytracks:length>0.01957440610174901</mytracks:length></extensions></trkpt><trkpt lat="45.26556447692832" lon="-75.48835302949857"><ele>93.68569870039028</ele><time>2025-10-04T21:32:44.00000Z</time><extensions><mytracks:speed>70.72546318624828</mytracks:speed><mytracks:gradient>0.005985113367725912</mytracks:gradient><mytracks:length>0.01971753802520313</mytracks:length></extensions></trkpt><trkpt lat="45.26573095468179" lon="-75.48844582143873"><ele>93.74494737743188</ele><time>2025-10-04T21:32:45.00000Z</time><extensions><mytracks:speed>71.28477127897843</mytracks:speed><mytracks:gradient>0.003928240836453434</mytracks:gradient><mytracks:length>0.01988480948395694</mytracks:length></extensions></trkpt><trkpt lat="45.2658979980131" lon="-75.48853853914299"><ele>93.85558632788774</ele><time>2025-10-04T21:32:46.00000Z</time><extensions><mytracks:speed>71.68753672621182</mytracks:speed><mytracks:gradient>0.004265709457491241</mytracks:gradient><mytracks:length>0.01994138475415489</mytracks:length></extensions></trkpt><trkpt lat="45.26606465004849" lon="-75.48863178482263"><ele>94.05762957884578</ele><time>2025-10-04T21:32:47.00000Z</time><extensions><mytracks:speed>71.74310867517069</mytracks:speed><mytracks:gradient>0.007845056871264404</mytracks:gradient><mytracks:length>0.01991605890490514</mytracks:length></extensions></trkpt><trkpt lat="45.26623008602858" lon="-75.48872532144894"><ele>94.20964418569999</ele><time>2025-10-04T21:32:48.00000Z</time><extensions><mytracks:speed>71.48621851340795</mytracks:speed><mytracks:gradient>0.008915075255076191</mytracks:gradient><mytracks:length>0.01979850545140463</mytracks:length></extensions></trkpt><trkpt lat="45.26639343899501" lon="-75.48881677251764"><ele>94.38812701243762</ele><time>2025-10-04T21:32:49.00000Z</time><extensions><mytracks:speed>70.77910906843177</mytracks:speed><mytracks:gradient>0.008404969697409864</mytracks:gradient><mytracks:length>0.01952300027474797</mytracks:length></extensions></trkpt><trkpt lat="45.26655337381228" lon="-75.48890639964273"><ele>94.59833764084934</ele><time>2025-10-04T21:32:50.00000Z</time><extensions><mytracks:speed>69.55265018963227</mytracks:speed><mytracks:gradient>0.01005927658147802</mytracks:gradient><mytracks:length>0.01911691424433269</mytracks:length></extensions></trkpt><trkpt lat="45.26671095735045" lon="-75.48899461361903"><ele>94.75985513467083</ele><time>2025-10-04T21:32:51.00000Z</time><extensions><mytracks:speed>68.31099989360108</mytracks:speed><mytracks:gradient>0.009795079240505745</mytracks:gradient><mytracks:length>0.01883335428249787</mytracks:length></extensions></trkpt><trkpt lat="45.26686776959017" lon="-75.48908281181693"><ele>94.71078816813636</ele><time>2025-10-04T21:32:52.00000Z</time><extensions><mytracks:speed>67.65575150962457</mytracks:speed><mytracks:gradient>0.002991782404458668</mytracks:gradient><mytracks:length>0.01875302576684925</mytracks:length></extensions></trkpt><trkpt lat="45.26702431154369" lon="-75.48916942326905"><ele>94.67168731023769</ele><time>2025-10-04T21:32:53.00000Z</time><extensions><mytracks:speed>67.37959732716118</mytracks:speed><mytracks:length>0.01867959042961436</mytracks:length></extensions></trkpt><trkpt lat="45.26718189885884" lon="-75.48925404854025"><ele>94.62556702915602</ele><time>2025-10-04T21:32:54.00000Z</time><extensions><mytracks:speed>67.3416574736089</mytracks:speed><mytracks:length>0.01873282967693135</mytracks:length></extensions></trkpt><trkpt lat="45.26734114267722" lon="-75.48933869055662"><ele>94.56762668068286</ele><time>2025-10-04T21:32:55.00000Z</time><extensions><mytracks:speed>67.74890422735552</mytracks:speed><mytracks:length>0.01890571566755548</mytracks:length></extensions></trkpt><trkpt lat="45.26750079610125" lon="-75.48942390317356"><ele>94.47072737309522</ele><time>2025-10-04T21:32:56.00000Z</time><extensions><mytracks:speed>68.16506678738685</mytracks:speed><mytracks:length>0.01896378618149946</mytracks:length></extensions></trkpt><trkpt lat="45.2676601894786" lon="-75.48950871743459"><ele>94.5046762155485</ele><time>2025-10-04T21:32:57.00000Z</time><extensions><mytracks:speed>68.20147838890206</mytracks:speed><mytracks:length>0.01892620347643036</mytracks:length></extensions></trkpt><trkpt lat="45.26781892461829" lon="-75.48959466415097"><ele>94.56675167807136</ele><time>2025-10-04T21:32:58.00000Z</time><extensions><mytracks:speed>68.06583836912428</mytracks:speed><mytracks:gradient>0.00253936543739195</mytracks:gradient><mytracks:length>0.01888878456745323</mytracks:length></extensions></trkpt><trkpt lat="45.26797783347119" lon="-75.48968377109389"><ele>94.58454730275881</ele><time>2025-10-04T21:32:59.00000Z</time><extensions><mytracks:speed>68.19141990683107</mytracks:speed><mytracks:gradient>0.00210830319334573</mytracks:gradient><mytracks:length>0.01899607630555367</mytracks:length></extensions></trkpt><trkpt lat="45.26813723748212" lon="-75.48977335766922"><ele>94.63309578840204</ele><time>2025-10-04T21:33:00.00000Z</time><extensions><mytracks:speed>68.50309782793957</mytracks:speed><mytracks:gradient>0.001743272852859458</mytracks:gradient><mytracks:length>0.01906096528944932</mytracks:length></extensions></trkpt><trkpt lat="45.26829818842863" lon="-75.48986582704626"><ele>94.78195574731342</ele><time>2025-10-04T21:33:01.00000Z</time><extensions><mytracks:speed>69.05779502921182</mytracks:speed><mytracks:gradient>0.005145484813669171</mytracks:gradient><mytracks:length>0.01930457403998068</mytracks:length></extensions></trkpt><trkpt lat="45.26846006279082" lon="-75.48995944344763"><ele>94.88154856404377</ele><time>2025-10-04T21:33:02.00000Z</time><extensions><mytracks:speed>69.72834716320564</mytracks:speed><mytracks:gradient>0.006413686265646681</mytracks:gradient><mytracks:length>0.01943346651136243</mytracks:length></extensions></trkpt><trkpt lat="45.26862136677563" lon="-75.49005274129354"><ele>94.96744372616131</ele><time>2025-10-04T21:33:03.00000Z</time><extensions><mytracks:speed>69.83797050887033</mytracks:speed><mytracks:gradient>0.004780764060176438</mytracks:gradient><mytracks:length>0.01936517192469698</mytracks:length></extensions></trkpt><trkpt lat="45.26878006515443" lon="-75.49014488926706"><ele>95.06295586925626</ele><time>2025-10-04T21:33:04.00000Z</time><extensions><mytracks:speed>69.17122548077877</mytracks:speed><mytracks:gradient>0.004720657652251015</mytracks:gradient><mytracks:length>0.01906309293275336</mytracks:length></extensions></trkpt><trkpt lat="45.26893934522381" lon="-75.49023994869093"><ele>95.17038428983055</ele><time>2025-10-04T21:33:05.00000Z</time><extensions><mytracks:speed>68.89076938892057</mytracks:speed><mytracks:gradient>0.005302504638783969</mytracks:gradient><mytracks:length>0.01921003497399038</mytracks:length></extensions></trkpt><trkpt lat="45.26910609144355" lon="-75.49034033688498"><ele>95.31388104545573</ele><time>2025-10-04T21:33:06.00000Z</time><extensions><mytracks:speed>70.82468749783467</mytracks:speed><mytracks:gradient>0.006377239816682085</mytracks:gradient><mytracks:length>0.02013702769301274</mytracks:length></extensions></trkpt><trkpt lat="45.2692824514369" lon="-75.49044883056985"><ele>95.56963983733141</ele><time>2025-10-04T21:33:07.00000Z</time><extensions><mytracks:speed>74.71120194489866</mytracks:speed><mytracks:gradient>0.009619186880227136</mytracks:gradient><mytracks:length>0.02136951171200338</mytracks:length></extensions></trkpt><trkpt lat="45.26947148446964" lon="-75.49056438175971"><ele>95.76730917474016</ele><time>2025-10-04T21:33:08.00000Z</time><extensions><mytracks:speed>79.65275069451324</mytracks:speed><mytracks:gradient>0.01024662538875429</mytracks:gradient><mytracks:length>0.0228819671621475</mytracks:length></extensions></trkpt><trkpt lat="45.2696729319933" lon="-75.49068709873418"><ele>95.99755364173414</ele><time>2025-10-04T21:33:09.00000Z</time><extensions><mytracks:speed>85.05706305611585</mytracks:speed><mytracks:gradient>0.009055639353469772</mytracks:gradient><mytracks:length>0.02437176040559501</mytracks:length></extensions></trkpt><trkpt lat="45.26988345919708" lon="-75.49081294544443"><ele>96.2529254412003</ele><time>2025-10-04T21:33:10.00000Z</time><extensions><mytracks:speed>89.58305722089595</mytracks:speed><mytracks:gradient>0.009757544712962743</mytracks:gradient><mytracks:length>0.02539692227625343</mytracks:length></extensions></trkpt><trkpt lat="45.27009594224739" lon="-75.49093507562785"><ele>96.43809755651573</ele><time>2025-10-04T21:33:11.00000Z</time><extensions><mytracks:speed>91.58831381740815</mytracks:speed><mytracks:gradient>0.008658096041400196</mytracks:gradient><mytracks:length>0.02548690091385016</mytracks:length></extensions></trkpt><trkpt lat="45.27030942904645" lon="-75.49105113975833"><ele>96.42140762948634</ele><time>2025-10-04T21:33:12.00000Z</time><extensions><mytracks:speed>91.62274120133969</mytracks:speed><mytracks:gradient>0.003309969328013183</mytracks:gradient><mytracks:length>0.02541678745860004</mytracks:length></extensions></trkpt><trkpt lat="45.27052163970744" lon="-75.49116272160249"><ele>96.43666384013963</ele><time>2025-10-04T21:33:13.00000Z</time><extensions><mytracks:speed>91.03792867040093</mytracks:speed><mytracks:length>0.0251605406656011</mytracks:length></extensions></trkpt><trkpt lat="45.27073285136743" lon="-75.49127265630884"><ele>96.67128394304058</ele><time>2025-10-04T21:33:14.00000Z</time><extensions><mytracks:speed>90.31056581613345</mytracks:speed><mytracks:gradient>0.00498038231084444</mytracks:gradient><mytracks:length>0.02501180285471313</mytracks:length></extensions></trkpt><trkpt lat="45.27094320360744" lon="-75.49138110821974"><ele>96.83036733370429</ele><time>2025-10-04T21:33:15.00000Z</time><extensions><mytracks:speed>89.81023653640038</mytracks:speed><mytracks:gradient>0.007890829108404192</mytracks:gradient><mytracks:length>0.02488210512976535</mytracks:length></extensions></trkpt><trkpt lat="45.27115175907116" lon="-75.49149125493966"><ele>96.96175094314845</ele><time>2025-10-04T21:33:16.00000Z</time><extensions><mytracks:speed>89.32113789702984</mytracks:speed><mytracks:gradient>0.005853580304523037</mytracks:gradient><mytracks:length>0.02474025522410713</mytracks:length></extensions></trkpt><trkpt lat="45.27135805606242" lon="-75.49160390750477"><ele>97.19041708231958</ele><time>2025-10-04T21:33:17.00000Z</time><extensions><mytracks:speed>88.76695436753977</mytracks:speed><mytracks:gradient>0.007301123211684849</mytracks:gradient><mytracks:length>0.02457449287082922</mytracks:length></extensions></trkpt><trkpt lat="45.27166446176733" lon="-75.49177549204839"><ele>97.53295131030937</ele><time>2025-10-04T21:33:18.50000Z</time><extensions><mytracks:speed>87.89136482482213</mytracks:speed><mytracks:gradient>0.009353450950579345</mytracks:gradient><mytracks:length>0.03662116044651641</mytracks:length></extensions></trkpt><trkpt lat="45.27186642746631" lon="-75.4918921560179"><ele>97.60328548535696</ele><time>2025-10-04T21:33:19.50000Z</time><extensions><mytracks:speed>87.2718788359936</mytracks:speed><mytracks:gradient>0.002901292866381053</mytracks:gradient><mytracks:length>0.02424235617941019</mytracks:length></extensions></trkpt><trkpt lat="45.27206894151448" lon="-75.49200749191088"><ele>97.79893346992016</ele><time>2025-10-04T21:33:20.50000Z</time><extensions><mytracks:speed>87.33524144587346</mytracks:speed><mytracks:gradient>0.00806462948560533</mytracks:gradient><mytracks:length>0.0242600090819311</mytracks:length></extensions></trkpt><trkpt lat="45.27227071798585" lon="-75.49212269294685"><ele>97.88958779780032</ele><time>2025-10-04T21:33:21.50000Z</time><extensions><mytracks:speed>87.04658460066938</mytracks:speed><mytracks:gradient>0.003749173409311987</mytracks:gradient><mytracks:length>0.02417981725118318</mytracks:length></extensions></trkpt><trkpt lat="45.27247211096832" lon="-75.49223894200622"><ele>97.80119146252871</ele><time>2025-10-04T21:33:22.50000Z</time><extensions><mytracks:speed>87.01432258680347</mytracks:speed><mytracks:length>0.02417086990950512</mytracks:length></extensions></trkpt><trkpt lat="45.27267431657309" lon="-75.49235536970694"><ele>97.94960283581199</ele><time>2025-10-04T21:33:23.50000Z</time><extensions><mytracks:speed>87.33451027471561</mytracks:speed><mytracks:gradient>0.006117578486529864</mytracks:gradient><mytracks:length>0.02425982332879981</mytracks:length></extensions></trkpt><trkpt lat="45.27287517008806" lon="-75.49247279834724"><ele>97.8557916588552</ele><time>2025-10-04T21:33:24.50000Z</time><extensions><mytracks:speed>86.93975986206426</mytracks:speed><mytracks:length>0.02415016648562551</mytracks:length></extensions></trkpt><trkpt lat="45.27307531496317" lon="-75.49259021378427"><ele>98.02554289590893</ele><time>2025-10-04T21:33:25.50000Z</time><extensions><mytracks:speed>86.67651379829623</mytracks:speed><mytracks:gradient>0.007050320112892141</mytracks:gradient><mytracks:length>0.0240770964063498</mytracks:length></extensions></trkpt><trkpt lat="45.27326980953556" lon="-75.49271177081529"><ele>98.17207617381565</ele><time>2025-10-04T21:33:26.50000Z</time><extensions><mytracks:speed>85.05293321289631</mytracks:speed><mytracks:gradient>0.006202174513962951</mytracks:gradient><mytracks:length>0.02362611332151917</mytracks:length></extensions></trkpt><trkpt lat="45.27346303229805" lon="-75.4928340267644"><ele>98.44324418088803</ele><time>2025-10-04T21:33:27.50000Z</time><extensions><mytracks:speed>84.66691150594026</mytracks:speed><mytracks:gradient>0.01152980746513257</mytracks:gradient><mytracks:length>0.02351886689282699</mytracks:length></extensions></trkpt><trkpt lat="45.27365462720223" lon="-75.49295220623081"><ele>98.82770589265103</ele><time>2025-10-04T21:33:28.50000Z</time><extensions><mytracks:speed>83.60703317814131</mytracks:speed><mytracks:gradient>0.01655418534281231</mytracks:gradient><mytracks:length>0.02322444166241774</mytracks:length></extensions></trkpt><trkpt lat="45.27384625985408" lon="-75.49306307584055"><ele>99.17228696955478</ele><time>2025-10-04T21:33:29.50000Z</time><extensions><mytracks:speed>82.82398627669345</mytracks:speed><mytracks:gradient>0.01497730609639008</mytracks:gradient><mytracks:length>0.02300687952066384</mytracks:length></extensions></trkpt><trkpt lat="45.27404180036237" lon="-75.49316796764816"><ele>99.47965981171691</ele><time>2025-10-04T21:33:30.50000Z</time><extensions><mytracks:speed>83.66599731018353</mytracks:speed><mytracks:gradient>0.01322560769329509</mytracks:gradient><mytracks:length>0.0232407348902361</mytracks:length></extensions></trkpt><trkpt lat="45.27423842997598" lon="-75.49327314573308"><ele>99.46467055316587</ele><time>2025-10-04T21:33:31.50000Z</time><extensions><mytracks:speed>84.10185963479935</mytracks:speed><mytracks:length>0.02336180034156151</mytracks:length></extensions></trkpt><trkpt lat="45.27443673087048" lon="-75.49338161898089"><ele>99.61005761400298</ele><time>2025-10-04T21:33:32.50000Z</time><extensions><mytracks:speed>85.0575497998543</mytracks:speed><mytracks:gradient>0.00615336162219511</mytracks:gradient><mytracks:length>0.02362725771108583</mytracks:length></extensions></trkpt><trkpt lat="45.27463467545552" lon="-75.49349640163183"><ele>99.65050402501268</ele><time>2025-10-04T21:33:33.50000Z</time><extensions><mytracks:speed>85.57986220914563</mytracks:speed><mytracks:gradient>0.001701406599234855</mytracks:gradient><mytracks:length>0.0237723369757035</mytracks:length></extensions></trkpt><trkpt lat="45.27483346929829" lon="-75.49361206000553"><ele>99.85927370307139</ele><time>2025-10-04T21:33:34.50000Z</time><extensions><mytracks:speed>85.98770261333556</mytracks:speed><mytracks:gradient>0.008740393550300731</mytracks:gradient><mytracks:length>0.0238856153166618</mytracks:length></extensions></trkpt><trkpt lat="45.27502977032833" lon="-75.49372474377734"><ele>100.0975682324961</ele><time>2025-10-04T21:33:35.50000Z</time><extensions><mytracks:speed>84.74811199400352</mytracks:speed><mytracks:gradient>0.01012241428535179</mytracks:gradient><mytracks:length>0.02354127411772998</mytracks:length></extensions></trkpt><trkpt lat="45.27522607228497" lon="-75.49383671287889"><ele>100.3820650219851</ele><time>2025-10-04T21:33:36.50000Z</time><extensions><mytracks:speed>84.673704676689</mytracks:speed><mytracks:gradient>0.01209564785431628</mytracks:gradient><mytracks:length>0.02352059128337791</mytracks:length></extensions></trkpt><trkpt lat="45.27542034270255" lon="-75.49394719046401"><ele>100.8324958997026</ele><time>2025-10-04T21:33:37.50000Z</time><extensions><mytracks:speed>83.76252981543291</mytracks:speed><mytracks:gradient>0.01935881860942624</mytracks:gradient><mytracks:length>0.02326747756695224</mytracks:length></extensions></trkpt><trkpt lat="45.27561241007785" lon="-75.49405516968181"><ele>101.2538007567742</ele><time>2025-10-04T21:33:38.50000Z</time><extensions><mytracks:speed>82.68254864176814</mytracks:speed><mytracks:gradient>0.01834354190379905</mytracks:gradient><mytracks:length>0.0229674759259166</mytracks:length></extensions></trkpt><trkpt lat="45.27580500085905" lon="-75.4941629779312"><ele>101.7090649125724</ele><time>2025-10-04T21:33:39.50000Z</time><extensions><mytracks:speed>82.86034483250208</mytracks:speed><mytracks:gradient>0.0197795886542523</mytracks:gradient><mytracks:length>0.02301686671832499</mytracks:length></extensions></trkpt><trkpt lat="45.27599467243451" lon="-75.49426985902711"><ele>101.8871655610116</ele><time>2025-10-04T21:33:40.50000Z</time><extensions><mytracks:speed>81.67771898156249</mytracks:speed><mytracks:gradient>0.007849874116378728</mytracks:gradient><mytracks:length>0.02268834452613239</mytracks:length></extensions></trkpt><trkpt lat="45.27618467987163" lon="-75.49437794925896"><ele>102.0436991382384</ele><time>2025-10-04T21:33:41.50000Z</time><extensions><mytracks:speed>81.92832914824342</mytracks:speed><mytracks:gradient>0.006878192212609202</mytracks:gradient><mytracks:length>0.02275795330927741</mytracks:length></extensions></trkpt><trkpt lat="45.27637541021152" lon="-75.49448701084012"><ele>102.1291147716901</ele><time>2025-10-04T21:33:42.50000Z</time><extensions><mytracks:speed>82.29820151823309</mytracks:speed><mytracks:gradient>0.003736354481353562</mytracks:gradient><mytracks:length>0.02286068783836579</mytracks:length></extensions></trkpt><trkpt lat="45.27656430142117" lon="-75.49459566977607"><ele>102.043584952307</ele><time>2025-10-04T21:33:43.50000Z</time><extensions><mytracks:speed>81.57334552205229</mytracks:speed><mytracks:length>0.02265932747368496</mytracks:length></extensions></trkpt><trkpt lat="45.27675419885352" lon="-75.4947050490874"><ele>102.0580702290069</ele><time>2025-10-04T21:33:44.50000Z</time><extensions><mytracks:speed>82.02314097683649</mytracks:speed><mytracks:gradient>0.0006357576665422074</mytracks:gradient><mytracks:length>0.02278427372912376</mytracks:length></extensions></trkpt><trkpt lat="45.2769443783594" lon="-75.49481429488269"><ele>101.9929403267556</ele><time>2025-10-04T21:33:45.50000Z</time><extensions><mytracks:speed>82.11280633501509</mytracks:speed><mytracks:length>0.02280918084729104</mytracks:length></extensions></trkpt><trkpt lat="45.27713425660866" lon="-75.49492276119418"><ele>101.9363414505534</ele><time>2025-10-04T21:33:46.50000Z</time><extensions><mytracks:speed>81.91916910160035</mytracks:speed><mytracks:length>0.02275537900336648</mytracks:length></extensions></trkpt><trkpt lat="45.27732389545362" lon="-75.49503099777925"><ele>102.001228540036</ele><time>2025-10-04T21:33:47.50000Z</time><extensions><mytracks:speed>81.80644966410969</mytracks:speed><mytracks:gradient>0.002855434579640542</mytracks:gradient><mytracks:length>0.02272406797385683</mytracks:length></extensions></trkpt><trkpt lat="45.27751292026285" lon="-75.4951395894421"><ele>102.2709917474281</ele><time>2025-10-04T21:33:48.50000Z</time><extensions><mytracks:speed>81.61632983721076</mytracks:speed><mytracks:gradient>0.0118989083821555</mytracks:gradient><mytracks:length>0.02267125678491796</mytracks:length></extensions></trkpt><trkpt lat="45.27770090603592" lon="-75.49524674940423"><ele>102.5277952664508</ele><time>2025-10-04T21:33:49.50000Z</time><extensions><mytracks:speed>81.07936611636215</mytracks:speed><mytracks:gradient>0.01140229702876752</mytracks:gradient><mytracks:length>0.02252208641599073</mytracks:length></extensions></trkpt><trkpt lat="45.27788797245433" lon="-75.4953526904915"><ele>102.807622640884</ele><time>2025-10-04T21:33:50.50000Z</time><extensions><mytracks:speed>80.60978667085655</mytracks:speed><mytracks:gradient>0.01249695040834069</mytracks:gradient><mytracks:length>0.02239165278646065</mytracks:length></extensions></trkpt><trkpt lat="45.27807418483009" lon="-75.49545737518712"><ele>103.1959566796075</ele><time>2025-10-04T21:33:51.50000Z</time><extensions><mytracks:speed>80.16155941458015</mytracks:speed><mytracks:gradient>0.01743978514270608</mytracks:gradient><mytracks:length>0.02226713434517035</mytracks:length></extensions></trkpt><trkpt lat="45.27825827326274" lon="-75.49555986679734"><ele>103.3698358469033</ele><time>2025-10-04T21:33:52.50000Z</time><extensions><mytracks:speed>79.14385414491063</mytracks:speed><mytracks:gradient>0.007909192246674312</mytracks:gradient><mytracks:length>0.02198444061957427</mytracks:length></extensions></trkpt><trkpt lat="45.27844097953948" lon="-75.49566253797808"><ele>103.536705158894</ele><time>2025-10-04T21:33:53.50000Z</time><extensions><mytracks:speed>78.64791900561218</mytracks:speed><mytracks:gradient>0.007638202549095203</mytracks:gradient><mytracks:length>0.02184667281577784</mytracks:length></extensions></trkpt><trkpt lat="45.27862234826303" lon="-75.49576620634075"><ele>103.7884396706734</ele><time>2025-10-04T21:33:54.50000Z</time><extensions><mytracks:speed>78.25483695668224</mytracks:speed><mytracks:gradient>0.01158066227246633</mytracks:gradient><mytracks:length>0.02173748839717443</mytracks:length></extensions></trkpt><trkpt lat="45.27880179025489" lon="-75.49587041037819"><ele>104.0195128218923</ele><time>2025-10-04T21:33:55.50000Z</time><extensions><mytracks:speed>77.59759262699316</mytracks:speed><mytracks:gradient>0.01072020825091617</mytracks:gradient><mytracks:length>0.0215549125362589</mytracks:length></extensions></trkpt><trkpt lat="45.27897906263318" lon="-75.49597323074565"><ele>104.230792817633</ele><time>2025-10-04T21:33:56.50000Z</time><extensions><mytracks:speed>76.64572646461589</mytracks:speed><mytracks:gradient>0.009923675918410242</mytracks:gradient><mytracks:length>0.02129049733966502</mytracks:length></extensions></trkpt><trkpt lat="45.27915318610017" lon="-75.49607459762558"><ele>104.3956267819761</ele><time>2025-10-04T21:33:57.50000Z</time><extensions><mytracks:speed>75.3229319112617</mytracks:speed><mytracks:gradient>0.007878100598680604</mytracks:gradient><mytracks:length>0.02092305909000014</mytracks:length></extensions></trkpt><trkpt lat="45.27932634439467" lon="-75.49617579827866"><ele>104.4612628934845</ele><time>2025-10-04T21:33:58.50000Z</time><extensions><mytracks:speed>74.94748940424611</mytracks:speed><mytracks:gradient>0.003152736957958681</mytracks:gradient><mytracks:length>0.02081877187461549</mytracks:length></extensions></trkpt><trkpt lat="45.27950164606067" lon="-75.49627901410321"><ele>104.4446260764722</ele><time>2025-10-04T21:33:59.50000Z</time><extensions><mytracks:speed>75.95760235396482</mytracks:speed><mytracks:length>0.02109935662434198</mytracks:length></extensions></trkpt><trkpt lat="45.27968219477994" lon="-75.49638597505259"><ele>104.4518782881237</ele><time>2025-10-04T21:34:00.50000Z</time><extensions><mytracks:speed>78.30188689522234</mytracks:speed><mytracks:gradient>0.0003334266654611997</mytracks:gradient><mytracks:length>0.021750544880478</mytracks:length></extensions></trkpt><trkpt lat="45.27986800237755" lon="-75.49649576078534"><ele>104.4782748074826</ele><time>2025-10-04T21:34:01.50000Z</time><extensions><mytracks:speed>80.55117647749645</mytracks:speed><mytracks:gradient>0.00117971449394968</mytracks:gradient><mytracks:length>0.02237534547073225</mytracks:length></extensions></trkpt><trkpt lat="45.28005792723437" lon="-75.49660650953301"><ele>104.5044814748734</ele><time>2025-10-04T21:34:02.50000Z</time><extensions><mytracks:speed>82.17770952671772</mytracks:speed><mytracks:gradient>0.001148048031070172</mytracks:gradient><mytracks:length>0.02282715242002866</mytracks:length></extensions></trkpt><trkpt lat="45.28024931793605" lon="-75.49671755049918"><ele>104.5295315520333</ele><time>2025-10-04T21:34:03.50000Z</time><extensions><mytracks:speed>82.7520466514873</mytracks:speed><mytracks:gradient>0.001089764143884404</mytracks:gradient><mytracks:length>0.02298669606676762</mytracks:length></extensions></trkpt><trkpt lat="45.28044075004215" lon="-75.49682864599538"><ele>104.5717874000774</ele><time>2025-10-04T21:34:04.50000Z</time><extensions><mytracks:speed>82.77393188710082</mytracks:speed><mytracks:gradient>0.001837788284541177</mytracks:gradient><mytracks:length>0.02299277256228025</mytracks:length></extensions></trkpt><trkpt lat="45.28063234676241" lon="-75.49693982977209"><ele>104.7194205396176</ele><time>2025-10-04T21:34:05.50000Z</time><extensions><mytracks:speed>82.84376313891738</mytracks:speed><mytracks:gradient>0.006415438275355286</mytracks:gradient><mytracks:length>0.02301216740052833</mytracks:length></extensions></trkpt><trkpt lat="45.28082363084753" lon="-75.49705192882841"><ele>104.7221742736525</ele><time>2025-10-04T21:34:06.50000Z</time><extensions><mytracks:speed>82.82543190881739</mytracks:speed><mytracks:gradient>0.0001196907467925902</mytracks:gradient><mytracks:length>0.02300707538973916</mytracks:length></extensions></trkpt><trkpt lat="45.28101516445577" lon="-75.49716412365443"><ele>104.5365923184679</ele><time>2025-10-04T21:34:07.50000Z</time><extensions><mytracks:speed>82.92903044027183</mytracks:speed><mytracks:length>0.0230358500272234</mytracks:length></extensions></trkpt><trkpt lat="45.28120697024835" lon="-75.49727653213425"><ele>104.3959446273448</ele><time>2025-10-04T21:34:08.50000Z</time><extensions><mytracks:speed>83.05220161019368</mytracks:speed><mytracks:length>0.02307005875299656</mytracks:length></extensions></trkpt><trkpt lat="45.2813983467562" lon="-75.49738789747803"><ele>104.129597255568</ele><time>2025-10-04T21:34:09.50000Z</time><extensions><mytracks:speed>82.78173219931294</mytracks:speed><mytracks:length>0.02299492835212901</mytracks:length></extensions></trkpt><trkpt lat="45.28158957651333" lon="-75.49749793027493"><ele>103.9408414039777</ele><time>2025-10-04T21:34:10.50000Z</time><extensions><mytracks:speed>82.58536100349575</mytracks:speed><mytracks:length>0.02294038352593894</mytracks:length></extensions></trkpt><trkpt lat="45.28177828956115" lon="-75.49760854921448"><ele>103.8891855949167</ele><time>2025-10-04T21:34:11.50000Z</time><extensions><mytracks:speed>81.71521346936001</mytracks:speed><mytracks:length>0.02269867040815556</mytracks:length></extensions></trkpt><trkpt lat="45.28196531722192" lon="-75.49771800231105"><ele>103.7516846252004</ele><time>2025-10-04T21:34:12.50000Z</time><extensions><mytracks:speed>80.96559320700277</mytracks:speed><mytracks:length>0.0224904506007098</mytracks:length></extensions></trkpt><trkpt lat="45.28215031696796" lon="-75.49782634322247"><ele>103.6172132975234</ele><time>2025-10-04T21:34:13.50000Z</time><extensions><mytracks:speed>80.09608666184255</mytracks:speed><mytracks:length>0.02224891296162293</mytracks:length></extensions></trkpt><trkpt lat="45.28233226040299" lon="-75.49793364506316"><ele>103.4527513589268</ele><time>2025-10-04T21:34:14.50000Z</time><extensions><mytracks:speed>78.85417946459766</mytracks:speed><mytracks:length>0.02190394135131899</mytracks:length></extensions></trkpt><trkpt lat="45.28251270081191" lon="-75.49803712818779"><ele>103.2691896845032</ele><time>2025-10-04T21:34:15.50000Z</time><extensions><mytracks:speed>77.88988020926786</mytracks:speed><mytracks:length>0.02163608557357214</mytracks:length></extensions></trkpt><trkpt lat="45.28286476115515" lon="-75.49823808433983"><ele>102.9669578431495</ele><time>2025-10-04T21:34:17.50000Z</time><extensions><mytracks:speed>75.93577212382159</mytracks:speed><mytracks:length>0.04218653755427604</mytracks:length></extensions></trkpt><trkpt lat="45.28303743330124" lon="-75.49833620722625"><ele>102.9376880345751</ele><time>2025-10-04T21:34:18.50000Z</time><extensions><mytracks:speed>74.44089905150987</mytracks:speed><mytracks:length>0.02067803244433424</mytracks:length></extensions></trkpt><trkpt lat="45.28329090539469" lon="-75.49848246792097"><ele>102.820461463573</ele><time>2025-10-04T21:34:20.00000Z</time><extensions><mytracks:speed>73.00601781106722</mytracks:speed><mytracks:length>0.03041917167044592</mytracks:length></extensions></trkpt><trkpt lat="45.28345938130509" lon="-75.49857979680274"><ele>102.6130304931315</ele><time>2025-10-04T21:34:21.00000Z</time><extensions><mytracks:speed>72.92345840008417</mytracks:speed><mytracks:length>0.02022210985836856</mytracks:length></extensions></trkpt><trkpt lat="45.283627816189" lon="-75.49867765048246"><ele>102.2626923132921</ele><time>2025-10-04T21:34:22.00000Z</time><extensions><mytracks:speed>72.82006262438769</mytracks:speed><mytracks:length>0.02023369437560828</mytracks:length></extensions></trkpt><trkpt lat="45.28379623388466" lon="-75.49877610911271"><ele>101.7222998669055</ele><time>2025-10-04T21:34:23.00000Z</time><extensions><mytracks:speed>72.8691734960867</mytracks:speed><mytracks:length>0.02024950099514346</mytracks:length></extensions></trkpt><trkpt lat="45.28396660130985" lon="-75.49887525657917"><ele>101.07616611472</ele><time>2025-10-04T21:34:24.00000Z</time><extensions><mytracks:speed>73.29630253004157</mytracks:speed><mytracks:length>0.0204706128057131</mytracks:length></extensions></trkpt><trkpt lat="45.2841381089575" lon="-75.49897480821988"><ele>100.4629900042653</ele><time>2025-10-04T21:34:25.00000Z</time><extensions><mytracks:speed>74.15951725787683</mytracks:speed><mytracks:length>0.02059986590496578</mytracks:length></extensions></trkpt><trkpt lat="45.2843965053682" lon="-75.49912528965518"><ele>99.52659275979681</ele><time>2025-10-04T21:34:26.50000Z</time><extensions><mytracks:speed>74.52194843791409</mytracks:speed><mytracks:length>0.03105080938143406</mytracks:length></extensions></trkpt><trkpt lat="45.28465027499974" lon="-75.49927209174022"><ele>98.91435559783545</ele><time>2025-10-04T21:34:28.00000Z</time><extensions><mytracks:speed>73.11757236452794</mytracks:speed><mytracks:length>0.03046565273069391</mytracks:length></extensions></trkpt><trkpt lat="45.28481611496247" lon="-75.49936799249478"><ele>98.51874874283517</ele><time>2025-10-04T21:34:29.00000Z</time><extensions><mytracks:speed>72.53880092183825</mytracks:speed><mytracks:length>0.0199085906795849</mytracks:length></extensions></trkpt><trkpt lat="45.28497837395777" lon="-75.49946124122096"><ele>98.10164477698616</ele><time>2025-10-04T21:34:30.00000Z</time><extensions><mytracks:speed>70.86581293694091</mytracks:speed><mytracks:length>0.01946150453215357</mytracks:length></extensions></trkpt><trkpt lat="45.28513651722518" lon="-75.49955201416084"><ele>97.71762510625626</ele><time>2025-10-04T21:34:31.00000Z</time><extensions><mytracks:speed>69.16711178384725</mytracks:speed><mytracks:length>0.01896473667575771</mytracks:length></extensions></trkpt><trkpt lat="45.28529240958964" lon="-75.49964176904784"><ele>97.36092988582774</ele><time>2025-10-04T21:34:32.00000Z</time><extensions><mytracks:speed>67.80095700872482</mytracks:speed><mytracks:length>0.01870273559816669</mytracks:length></extensions></trkpt><trkpt lat="45.28544641881366" lon="-75.49972977407739"><ele>96.98210529338692</ele><time>2025-10-04T21:34:33.00000Z</time><extensions><mytracks:speed>66.88799231870242</mytracks:speed><mytracks:length>0.0184572873284626</mytracks:length></extensions></trkpt><trkpt lat="45.28559935155881" lon="-75.49981703475514"><ele>96.44373232137329</ele><time>2025-10-04T21:34:34.00000Z</time><extensions><mytracks:speed>65.96812790191581</mytracks:speed><mytracks:length>0.01832447997275439</mytracks:length></extensions></trkpt><trkpt lat="45.28575228554612" lon="-75.49990407988393"><ele>95.80877247028599</ele><time>2025-10-04T21:34:35.00000Z</time><extensions><mytracks:speed>65.95708023211095</mytracks:speed><mytracks:length>0.01831857694289267</mytracks:length></extensions></trkpt><trkpt lat="45.28590485970421" lon="-75.49999138449051"><ele>95.23488541716951</ele><time>2025-10-04T21:34:36.00000Z</time><extensions><mytracks:speed>65.89263540804313</mytracks:speed><mytracks:length>0.01828878681613109</mytracks:length></extensions></trkpt><trkpt lat="45.28605757165142" lon="-75.50007841663819"><ele>94.57134213746372</ele><time>2025-10-04T21:34:37.00000Z</time><extensions><mytracks:speed>65.85073530056293</mytracks:speed><mytracks:length>0.01829494577679551</mytracks:length></extensions></trkpt><trkpt lat="45.28620979448917" lon="-75.50016528243363"><ele>93.97764966008538</ele><time>2025-10-04T21:34:38.00000Z</time><extensions><mytracks:speed>65.76222022314874</mytracks:speed><mytracks:length>0.0182396873261772</mytracks:length></extensions></trkpt><trkpt lat="45.28636700380444" lon="-75.50025456246446"><ele>93.58546063406339</ele><time>2025-10-04T21:34:39.05100Z</time><extensions><mytracks:speed>64.44707828053259</mytracks:speed><mytracks:length>0.01882473840299738</mytracks:length></extensions></trkpt><trkpt lat="45.2865184715638" lon="-75.50034023729754"><ele>93.17814367427293</ele><time>2025-10-04T21:34:40.09400Z</time><extensions><mytracks:speed>62.59202193445564</mytracks:speed><mytracks:length>0.01812717360907518</mytracks:length></extensions></trkpt><trkpt lat="45.28665991607746" lon="-75.50042023445467"><ele>92.72338337414737</ele><time>2025-10-04T21:34:41.10500Z</time><extensions><mytracks:speed>60.26046308953068</mytracks:speed><mytracks:length>0.01692752534959537</mytracks:length></extensions></trkpt><trkpt lat="45.28679010637446" lon="-75.50049305386165"><ele>92.23555340242397</ele><time>2025-10-04T21:34:42.08500Z</time><extensions><mytracks:speed>58.73495092293969</mytracks:speed><mytracks:length>0.01555722776784057</mytracks:length></extensions></trkpt><trkpt lat="45.28702162919502" lon="-75.50062565555869"><ele>91.33090899982007</ele><time>2025-10-04T21:34:44.01400Z</time><extensions><mytracks:speed>51.80019336032741</mytracks:speed><mytracks:length>0.02775554842428709</mytracks:length></extensions></trkpt><trkpt lat="45.28712762215965" lon="-75.5006870743166"><ele>90.92217731862455</ele><time>2025-10-04T21:34:45.00800Z</time><extensions><mytracks:speed>49.86270315971353</mytracks:speed><mytracks:length>0.01272735051794151</mytracks:length></extensions></trkpt><trkpt lat="45.28722368970413" lon="-75.50074220859695"><ele>90.51981611184117</ele><time>2025-10-04T21:34:46.00300Z</time><extensions><mytracks:speed>43.8791061607911</mytracks:speed><mytracks:length>0.01152007667198761</mytracks:length></extensions></trkpt><trkpt lat="45.28730781641779" lon="-75.50079087763771"><ele>90.18605401831854</ele><time>2025-10-04T21:34:47.00100Z</time><extensions><mytracks:speed>39.04279223570074</mytracks:speed><mytracks:length>0.0101002412616739</mytracks:length></extensions></trkpt><trkpt lat="45.28737837632553" lon="-75.500830570986"><ele>89.82925428184386</ele><time>2025-10-04T21:34:48.00000Z</time><extensions><mytracks:speed>33.41530235462655</mytracks:speed><mytracks:length>0.008438033853876852</mytracks:length></extensions></trkpt><trkpt lat="45.28743705808618" lon="-75.50086312853364"><ele>89.52844727528867</ele><time>2025-10-04T21:34:49.00000Z</time><extensions><mytracks:speed>27.81396027912646</mytracks:speed><mytracks:length>0.007004655422975999</mytracks:length></extensions></trkpt><trkpt lat="45.28748833241455" lon="-75.50089150018691"><ele>89.26845242648298</ele><time>2025-10-04T21:34:50.00000Z</time><extensions><mytracks:speed>23.62617283691151</mytracks:speed><mytracks:length>0.006117988881320565</mytracks:length></extensions></trkpt><trkpt lat="45.28753879646255" lon="-75.50091898502006"><ele>89.08476765515806</ele><time>2025-10-04T21:34:50.99400Z</time><extensions><mytracks:speed>21.89293338760289</mytracks:speed><mytracks:length>0.006008736927539551</mytracks:length></extensions></trkpt><trkpt lat="45.28759663897429" lon="-75.50095078983445"><ele>88.85244719768839</ele><time>2025-10-04T21:34:51.99300Z</time><extensions><mytracks:speed>23.3133326465972</mytracks:speed><mytracks:length>0.006896381289563716</mytracks:length></extensions></trkpt><trkpt lat="45.28766911365582" lon="-75.50099044425137"><ele>88.63774041591536</ele><time>2025-10-04T21:34:52.99500Z</time><extensions><mytracks:speed>31.01011041329618</mytracks:speed><mytracks:length>0.008635459985335648</mytracks:length></extensions></trkpt><trkpt lat="45.28775948504403" lon="-75.50104084019493"><ele>88.44212928340426</ele><time>2025-10-04T21:34:54.00000Z</time><extensions><mytracks:speed>38.66710709540845</mytracks:speed><mytracks:length>0.01079469026567486</mytracks:length></extensions></trkpt><trkpt lat="45.28786538923968" lon="-75.50110055981065"><ele>88.19338265498006</ele><time>2025-10-04T21:34:55.00700Z</time><extensions><mytracks:speed>45.32193333879341</mytracks:speed><mytracks:length>0.01266879449373786</mytracks:length></extensions></trkpt><trkpt lat="45.28798320544794" lon="-75.50116790645245"><ele>87.81281380796773</ele><time>2025-10-04T21:34:56.00500Z</time><extensions><mytracks:speed>48.11239514212881</mytracks:speed><mytracks:length>0.01412016955689036</mytracks:length></extensions></trkpt><trkpt lat="45.28810904890356" lon="-75.50124214703416"><ele>87.49638376103097</ele><time>2025-10-04T21:34:57.00300Z</time><extensions><mytracks:speed>52.78980188341733</mytracks:speed><mytracks:length>0.01515103112244855</mytracks:length></extensions></trkpt><trkpt lat="45.28824183194164" lon="-75.50132089074017"><ele>87.20069313419138</ele><time>2025-10-04T21:34:58.00100Z</time><extensions><mytracks:speed>56.16803514883339</mytracks:speed><mytracks:length>0.01599849911730222</mytracks:length></extensions></trkpt><trkpt lat="45.28838013714083" lon="-75.5014017213105"><ele>86.8618597018768</ele><time>2025-10-04T21:34:59.00000Z</time><extensions><mytracks:speed>58.79308350842162</mytracks:speed><mytracks:length>0.01662831785329173</mytracks:length></extensions></trkpt><trkpt lat="45.28852347710093" lon="-75.50148374249949"><ele>86.5287385348835</ele><time>2025-10-04T21:35:00.00000Z</time><extensions><mytracks:speed>60.89259191883318</mytracks:speed><mytracks:length>0.01718197762079505</mytracks:length></extensions></trkpt><trkpt lat="45.28867062385196" lon="-75.5015669403052"><ele>86.28533485035619</ele><time>2025-10-04T21:35:01.00000Z</time><extensions><mytracks:speed>62.64048663625018</mytracks:speed><mytracks:length>0.01760889838575217</mytracks:length></extensions></trkpt><trkpt lat="45.28882253268919" lon="-75.50164957729305"><ele>86.09651181112919</ele><time>2025-10-04T21:35:02.00000Z</time><extensions><mytracks:speed>64.25822681910853</mytracks:speed><mytracks:length>0.01808635780035237</mytracks:length></extensions></trkpt><trkpt lat="45.28897696553004" lon="-75.50173335301132"><ele>85.8924692434625</ele><time>2025-10-04T21:35:03.00000Z</time><extensions><mytracks:speed>65.64333308366368</mytracks:speed><mytracks:length>0.01838021903088903</mytracks:length></extensions></trkpt><trkpt lat="45.28913338427804" lon="-75.50181898156012"><ele>85.71815601652064</ele><time>2025-10-04T21:35:04.00000Z</time><extensions><mytracks:speed>66.63493023368329</mytracks:speed><mytracks:length>0.01863853368111763</mytracks:length></extensions></trkpt><trkpt lat="45.28929055732436" lon="-75.50190608153723"><ele>85.5653732351153</ele><time>2025-10-04T21:35:05.00000Z</time><extensions><mytracks:speed>67.31421624569553</mytracks:speed><mytracks:length>0.01875831162577565</mytracks:length></extensions></trkpt><trkpt lat="45.28944826726743" lon="-75.50199318892886"><ele>85.42852144912179</ele><time>2025-10-04T21:35:06.00000Z</time><extensions><mytracks:speed>67.6299947314651</mytracks:speed><mytracks:length>0.01881420252538194</mytracks:length></extensions></trkpt><trkpt lat="45.2896046660733" lon="-75.50208135552811"><ele>85.26801271223549</ele><time>2025-10-04T21:35:06.99500Z</time><extensions><mytracks:speed>67.68728887692782</mytracks:speed><mytracks:length>0.01870851741624999</mytracks:length></extensions></trkpt><trkpt lat="45.28976137246887" lon="-75.50217070776316"><ele>85.12569970912499</ele><time>2025-10-04T21:35:07.99600Z</time><extensions><mytracks:speed>67.5496261839675</mytracks:speed><mytracks:length>0.01877464032635788</mytracks:length></extensions></trkpt><trkpt lat="45.28991846651113" lon="-75.50226146990799"><ele>85.01823167542129</ele><time>2025-10-04T21:35:08.99800Z</time><extensions><mytracks:speed>67.71863185270232</mytracks:speed><mytracks:length>0.01885583274070048</mytracks:length></extensions></trkpt><trkpt lat="45.29007645508985" lon="-75.50235345317562"><ele>84.84696747375887</ele><time>2025-10-04T21:35:10.00100Z</time><extensions><mytracks:speed>68.13430370923898</mytracks:speed><mytracks:length>0.01898397394529455</mytracks:length></extensions></trkpt><trkpt lat="45.29023408019023" lon="-75.50244830463664"><ele>84.64727118842904</ele><time>2025-10-04T21:35:10.99700Z</time><extensions><mytracks:speed>68.47411173140135</mytracks:speed><mytracks:length>0.01903304751980625</mytracks:length></extensions></trkpt><trkpt lat="45.29039166139761" lon="-75.50254381305864"><ele>84.41839172916778</ele><time>2025-10-04T21:35:11.97900Z</time><extensions><mytracks:speed>69.31723878275021</mytracks:speed><mytracks:length>0.01904866758605433</mytracks:length></extensions></trkpt><trkpt lat="45.29055051200993" lon="-75.5026406761949"><ele>84.13939020069832</ele><time>2025-10-04T21:35:12.95400Z</time><extensions><mytracks:speed>70.41814475723932</mytracks:speed><mytracks:length>0.01922011941342533</mytracks:length></extensions></trkpt><trkpt lat="45.29071805145414" lon="-75.50274252273951"><ele>83.84622177714675</ele><time>2025-10-04T21:35:13.96600Z</time><extensions><mytracks:speed>72.04912366204191</mytracks:speed><mytracks:length>0.02026151467525345</mytracks:length></extensions></trkpt><trkpt lat="45.29089127576996" lon="-75.50284833830167"><ele>83.66102338708379</ele><time>2025-10-04T21:35:15.00100Z</time><extensions><mytracks:speed>72.88108292635711</mytracks:speed><mytracks:length>0.02096480068063658</mytracks:length></extensions></trkpt><trkpt lat="45.29106635511162" lon="-75.50295233397088"><ele>83.62021179660657</ele><time>2025-10-04T21:35:16.03200Z</time><extensions><mytracks:speed>73.74197660290194</mytracks:speed><mytracks:length>0.02109914304540267</mytracks:length></extensions></trkpt><trkpt lat="45.29123944183053" lon="-75.50305295138908"><ele>83.56913121608983</ele><time>2025-10-04T21:35:17.04400Z</time><extensions><mytracks:speed>73.91546938916537</mytracks:speed><mytracks:length>0.02079343105895926</mytracks:length></extensions></trkpt><trkpt lat="45.29140653705549" lon="-75.50314891017726"><ele>83.46694144641162</ele><time>2025-10-04T21:35:18.02000Z</time><extensions><mytracks:speed>73.90658155309156</mytracks:speed><mytracks:length>0.02003922010459493</mytracks:length></extensions></trkpt><trkpt lat="45.29157517654271" lon="-75.50324489452693"><ele>83.35134825318553</ele><time>2025-10-04T21:35:19.00700Z</time><extensions><mytracks:speed>73.8064055949273</mytracks:speed><mytracks:length>0.02019914398957382</mytracks:length></extensions></trkpt><trkpt lat="45.29174148914134" lon="-75.5033386192853"><ele>83.19660320264903</ele><time>2025-10-04T21:35:19.97800Z</time><extensions><mytracks:speed>73.73285800604179</mytracks:speed><mytracks:length>0.01989319276820241</mytracks:length></extensions></trkpt><trkpt lat="45.29191138833932" lon="-75.50343557856533"><ele>82.89109881803613</ele><time>2025-10-04T21:35:20.97400Z</time><extensions><mytracks:speed>73.65372122849833</mytracks:speed><mytracks:length>0.02035759024815736</mytracks:length></extensions></trkpt><trkpt lat="45.29208392017254" lon="-75.50353586199721"><ele>82.6648157036536</ele><time>2025-10-04T21:35:21.98600Z</time><extensions><mytracks:speed>73.73559639279635</mytracks:speed><mytracks:length>0.02072657377082183</mytracks:length></extensions></trkpt><trkpt lat="45.29225790536698" lon="-75.50363788321765"><ele>82.51102241164521</ele><time>2025-10-04T21:35:23.00700Z</time><extensions><mytracks:speed>73.82028880365135</mytracks:speed><mytracks:length>0.02092779685779742</mytracks:length></extensions></trkpt><trkpt lat="45.29251524706439" lon="-75.50378936568802"><ele>82.28249708905368</ele><time>2025-10-04T21:35:24.51300Z</time><extensions><mytracks:speed>74.01480561536762</mytracks:speed><mytracks:length>0.03097161338800727</mytracks:length></extensions></trkpt><trkpt lat="45.29268521521146" lon="-75.50388916945214"><ele>82.19694018557122</ele><time>2025-10-04T21:35:25.50600Z</time><extensions><mytracks:speed>74.06103988619029</mytracks:speed><mytracks:length>0.02044858717763734</mytracks:length></extensions></trkpt><trkpt lat="45.29285508436117" lon="-75.50398896314744"><ele>82.05156982434386</ele><time>2025-10-04T21:35:26.50000Z</time><extensions><mytracks:speed>74.08148930812328</mytracks:speed><mytracks:length>0.02043822693273168</mytracks:length></extensions></trkpt><trkpt lat="45.29302643034931" lon="-75.50408795879852"><ele>81.90869931809523</ele><time>2025-10-04T21:35:27.50000Z</time><extensions><mytracks:speed>74.05273817568106</mytracks:speed><mytracks:length>0.0205663689199184</mytracks:length></extensions></trkpt><trkpt lat="45.29319794748762" lon="-75.50418638393948"><ele>81.79285651106734</ele><time>2025-10-04T21:35:28.50000Z</time><extensions><mytracks:speed>73.99954631771925</mytracks:speed><mytracks:length>0.02056724535258393</mytracks:length></extensions></trkpt><trkpt lat="45.29336847551905" lon="-75.50428337964975"><ele>81.5823765780012</ele><time>2025-10-04T21:35:29.50200Z</time><extensions><mytracks:speed>73.41662530951318</mytracks:speed><mytracks:length>0.02042366963209708</mytracks:length></extensions></trkpt><trkpt lat="45.29353657320753" lon="-75.50437792733179"><ele>81.34482945331592</ele><time>2025-10-04T21:35:30.49300Z</time><extensions><mytracks:speed>73.21105003786373</mytracks:speed><mytracks:length>0.02010186281700221</mytracks:length></extensions></trkpt><trkpt lat="45.29370455510122" lon="-75.5044737967813"><ele>81.21289709428599</ele><time>2025-10-04T21:35:31.49500Z</time><extensions><mytracks:speed>72.3268783200872</mytracks:speed><mytracks:length>0.02012829820397058</mytracks:length></extensions></trkpt><trkpt lat="45.29387239229558" lon="-75.5045692305515"><ele>81.17347381236176</ele><time>2025-10-04T21:35:32.50100Z</time><extensions><mytracks:speed>71.95261869343234</mytracks:speed><mytracks:length>0.02010074190570031</mytracks:length></extensions></trkpt><trkpt lat="45.29404105417098" lon="-75.50466593398833"><ele>81.2198777066171</ele><time>2025-10-04T21:35:33.50800Z</time><extensions><mytracks:speed>72.28792143267199</mytracks:speed><mytracks:gradient>0.002294685531261052</mytracks:gradient><mytracks:length>0.02022233270012951</mytracks:length></extensions></trkpt><trkpt lat="45.29420896743588" lon="-75.50476223020507"><ele>81.38002172961832</ele><time>2025-10-04T21:35:34.50300Z</time><extensions><mytracks:speed>72.56371101117881</mytracks:speed><mytracks:gradient>0.005118176137793674</mytracks:gradient><mytracks:length>0.02013322299646937</mytracks:length></extensions></trkpt><trkpt lat="45.29437966869132" lon="-75.50486151628631"><ele>81.49927634054836</ele><time>2025-10-04T21:35:35.50100Z</time><extensions><mytracks:speed>73.40696695726183</mytracks:speed><mytracks:gradient>0.00687471067157021</mytracks:gradient><mytracks:length>0.02050844155217577</mytracks:length></extensions></trkpt><trkpt lat="45.29455266225649" lon="-75.50496266259347"><ele>81.47989705104685</ele><time>2025-10-04T21:35:36.50000Z</time><extensions><mytracks:speed>74.44749385097397</mytracks:speed><mytracks:gradient>0.002417821279577294</mytracks:gradient><mytracks:length>0.02079928167979099</mytracks:length></extensions></trkpt><trkpt lat="45.29472772442699" lon="-75.50506586720594"><ele>81.43210098478932</ele><time>2025-10-04T21:35:37.50000Z</time><extensions><mytracks:speed>75.40036430973608</mytracks:speed><mytracks:length>0.02107371169645192</mytracks:length></extensions></trkpt><trkpt lat="45.29490518006381" lon="-75.50517137107451"><ele>81.38050148151083</ele><time>2025-10-04T21:35:38.50000Z</time><extensions><mytracks:speed>76.44124790664485</mytracks:speed><mytracks:length>0.02138848229261351</mytracks:length></extensions></trkpt><trkpt lat="45.29508367258038" lon="-75.50527611809483"><ele>81.28096311746508</ele><time>2025-10-04T21:35:39.50000Z</time><extensions><mytracks:speed>77.1532986122363</mytracks:speed><mytracks:length>0.02147196360301047</mytracks:length></extensions></trkpt><trkpt lat="45.29526191206838" lon="-75.50538242679546"><ele>81.21138798865508</ele><time>2025-10-04T21:35:40.50000Z</time><extensions><mytracks:speed>77.33846345358634</mytracks:speed><mytracks:length>0.02149315018232082</mytracks:length></extensions></trkpt><trkpt lat="45.29544026129302" lon="-75.50548837792432"><ele>81.16270495132399</ele><time>2025-10-04T21:35:41.50000Z</time><extensions><mytracks:speed>77.37757732986321</mytracks:speed><mytracks:length>0.02149377916728925</mytracks:length></extensions></trkpt><trkpt lat="45.29561767810532" lon="-75.50559294022294"><ele>81.03093535094962</ele><time>2025-10-04T21:35:42.49300Z</time><extensions><mytracks:speed>77.41074373812492</mytracks:speed><mytracks:length>0.02135622227897658</mytracks:length></extensions></trkpt><trkpt lat="45.29579930372027" lon="-75.50569835258813"><ele>80.96224529788755</ele><time>2025-10-04T21:35:43.49500Z</time><extensions><mytracks:speed>78.31710234537391</mytracks:speed><mytracks:length>0.02181385092326572</mytracks:length></extensions></trkpt><trkpt lat="45.29598606568257" lon="-75.50580571918488"><ele>81.25331328939484</ele><time>2025-10-04T21:35:44.50000Z</time><extensions><mytracks:speed>80.22416370471933</mytracks:speed><mytracks:gradient>0.01299369648967877</mytracks:gradient><mytracks:length>0.02240070727667783</mytracks:length></extensions></trkpt><trkpt lat="45.29617506856945" lon="-75.5059137116905"><ele>81.42972088034016</ele><time>2025-10-04T21:35:45.50700Z</time><extensions><mytracks:speed>80.99749848140917</mytracks:speed><mytracks:gradient>0.007788353606457669</mytracks:gradient><mytracks:length>0.02265017741349719</mytracks:length></extensions></trkpt><trkpt lat="45.2963634163053" lon="-75.50602205584563"><ele>81.66656685716318</ele><time>2025-10-04T21:35:46.50100Z</time><extensions><mytracks:speed>81.42628227196879</mytracks:speed><mytracks:gradient>0.009134084574096119</mytracks:gradient><mytracks:length>0.02259300530835425</mytracks:length></extensions></trkpt><trkpt lat="45.29655318842558" lon="-75.50613287302305"><ele>81.90794372186036</ele><time>2025-10-04T21:35:47.50000Z</time><extensions><mytracks:speed>82.01932283945887</mytracks:speed><mytracks:gradient>0.01053229453736489</mytracks:gradient><mytracks:length>0.02281253924945724</mytracks:length></extensions></trkpt><trkpt lat="45.29674183053412" lon="-75.50624208678003"><ele>81.79862116619429</ele><time>2025-10-04T21:35:48.50000Z</time><extensions><mytracks:speed>81.5212615407996</mytracks:speed><mytracks:length>0.02264878468896949</mytracks:length></extensions></trkpt><trkpt lat="45.29693152551211" lon="-75.50635252192468"><ele>81.82969570679734</ele><time>2025-10-04T21:35:49.50100Z</time><extensions><mytracks:speed>81.97160757817184</mytracks:speed><mytracks:gradient>0.001363326712854189</mytracks:gradient><mytracks:length>0.02279317225288387</mytracks:length></extensions></trkpt><trkpt lat="45.29712023371937" lon="-75.50646317373773"><ele>81.73782758285238</ele><time>2025-10-04T21:35:50.50000Z</time><extensions><mytracks:speed>81.88645924743442</mytracks:speed><mytracks:length>0.02269827334570797</mytracks:length></extensions></trkpt><trkpt lat="45.2973095844465" lon="-75.50657249439242"><ele>81.72453171867689</ele><time>2025-10-04T21:35:51.50000Z</time><extensions><mytracks:speed>81.81363146923867</mytracks:speed><mytracks:length>0.02272486119041578</mytracks:length></extensions></trkpt><trkpt lat="45.29749757425169" lon="-75.50668179893702"><ele>81.74444056273674</ele><time>2025-10-04T21:35:52.50000Z</time><extensions><mytracks:speed>81.57103700674635</mytracks:speed><mytracks:gradient>0.0001459519100455483</mytracks:gradient><mytracks:length>0.02258462651915517</mytracks:length></extensions></trkpt><trkpt lat="45.29768377627526" lon="-75.50678961747879"><ele>81.94628898403757</ele><time>2025-10-04T21:35:53.50000Z</time><extensions><mytracks:speed>80.89977519127011</mytracks:speed><mytracks:gradient>0.004934451688019179</mytracks:gradient><mytracks:length>0.02235640601973909</mytracks:length></extensions></trkpt><trkpt lat="45.29786891783427" lon="-75.50689584782239"><ele>82.10358517543318</ele><time>2025-10-04T21:35:54.50000Z</time><extensions><mytracks:speed>80.2039970671803</mytracks:speed><mytracks:gradient>0.008060372085220605</mytracks:gradient><mytracks:length>0.02220045247495406</mytracks:length></extensions></trkpt><trkpt lat="45.29805410529632" lon="-75.50700180340476"><ele>82.06855594959934</ele><time>2025-10-04T21:35:55.50000Z</time><extensions><mytracks:speed>79.91614612846645</mytracks:speed><mytracks:gradient>0.002753918397197579</mytracks:gradient><mytracks:length>0.0221972044798415</mytracks:length></extensions></trkpt><trkpt lat="45.29823810483087" lon="-75.50710765824783"><ele>82.05691972513121</ele><time>2025-10-04T21:35:56.49700Z</time><extensions><mytracks:speed>79.80774062869096</mytracks:speed><mytracks:length>0.02207158907184414</mytracks:length></extensions></trkpt><trkpt lat="45.29842238697258" lon="-75.5072140776992"><ele>81.84141229809296</ele><time>2025-10-04T21:35:57.49800Z</time><extensions><mytracks:speed>79.52719616772856</mytracks:speed><mytracks:length>0.02211707210877448</mytracks:length></extensions></trkpt><trkpt lat="45.29860154035546" lon="-75.50731789555101"><ele>81.6965085249964</ele><time>2025-10-04T21:35:58.48100Z</time><extensions><mytracks:speed>79.14689070744295</mytracks:speed><mytracks:length>0.02151243068910134</mytracks:length></extensions></trkpt><trkpt lat="45.2987791354393" lon="-75.50742233293398"><ele>81.70578682280187</ele><time>2025-10-04T21:35:59.47300Z</time><extensions><mytracks:speed>78.18179909356296</mytracks:speed><mytracks:length>0.02137035520651562</mytracks:length></extensions></trkpt><trkpt lat="45.29895817505121" lon="-75.50752772718786"><ele>81.72768344654378</ele><time>2025-10-04T21:36:00.48300Z</time><extensions><mytracks:speed>76.73025457347748</mytracks:speed><mytracks:gradient>0.001016207944676357</mytracks:gradient><mytracks:length>0.02154738491921872</mytracks:length></extensions></trkpt><trkpt lat="45.29914083998642" lon="-75.50763677571003"><ele>81.6943936401162</ele><time>2025-10-04T21:36:01.51800Z</time><extensions><mytracks:speed>76.66427997969159</mytracks:speed><mytracks:length>0.0220294899108347</mytracks:length></extensions></trkpt><trkpt lat="45.29932034639157" lon="-75.50774391726455"><ele>81.59718573416554</ele><time>2025-10-04T21:36:02.52500Z</time><extensions><mytracks:speed>77.35355176148579</mytracks:speed><mytracks:length>0.02164816242024555</mytracks:length></extensions></trkpt><trkpt lat="45.29949669917419" lon="-75.50784960628444"><ele>81.45717050888729</ele><time>2025-10-04T21:36:03.50300Z</time><extensions><mytracks:speed>77.86689352779192</mytracks:speed><mytracks:length>0.02128075873350119</mytracks:length></extensions></trkpt><trkpt lat="45.2996768321051" lon="-75.50795851036739"><ele>81.22397434673849</ele><time>2025-10-04T21:36:04.49400Z</time><extensions><mytracks:speed>78.71868079911719</mytracks:speed><mytracks:length>0.02176607810120328</mytracks:length></extensions></trkpt><trkpt lat="45.29986076530295" lon="-75.50806903266526"><ele>81.09958779622639</ele><time>2025-10-04T21:36:05.50300Z</time><extensions><mytracks:speed>79.26492702887852</mytracks:speed><mytracks:length>0.02220430885206501</mytracks:length></extensions></trkpt><trkpt lat="45.30004277007549" lon="-75.50817818467384"><ele>80.91777287594931</ele><time>2025-10-04T21:36:06.51400Z</time><extensions><mytracks:speed>78.18216667358028</mytracks:speed><mytracks:length>0.02196495895351493</mytracks:length></extensions></trkpt><trkpt lat="45.30021597881301" lon="-75.50828213173253"><ele>80.73522873340737</ele><time>2025-10-04T21:36:07.50500Z</time><extensions><mytracks:speed>77.06095717414829</mytracks:speed><mytracks:length>0.02090582179249706</mytracks:length></extensions></trkpt><trkpt lat="45.30038938839341" lon="-75.50838291291545"><ele>80.64451570839479</ele><time>2025-10-04T21:36:08.49500Z</time><extensions><mytracks:speed>75.85318924461895</mytracks:speed><mytracks:length>0.02083132255987785</mytracks:length></extensions></trkpt><trkpt lat="45.30055731199145" lon="-75.50847957983638"><ele>80.37532846607843</ele><time>2025-10-04T21:36:09.48700Z</time><extensions><mytracks:speed>74.44684331415991</mytracks:speed><mytracks:length>0.02014463493033216</mytracks:length></extensions></trkpt><trkpt lat="45.30071689114443" lon="-75.50857445366982"><ele>80.37319833446273</ele><time>2025-10-04T21:36:10.44800Z</time><extensions><mytracks:speed>72.57211880053814</mytracks:speed><mytracks:length>0.01923347900879932</mytracks:length></extensions></trkpt><trkpt lat="45.30087837325799" lon="-75.50867201893455"><ele>80.46486504436862</ele><time>2025-10-04T21:36:11.42700Z</time><extensions><mytracks:speed>71.89738600952202</mytracks:speed><mytracks:gradient>0.002311009660538444</mytracks:gradient><mytracks:length>0.0195103008852712</mytracks:length></extensions></trkpt><trkpt lat="45.30104388204882" lon="-75.50877539575504"><ele>80.53567729856601</ele><time>2025-10-04T21:36:12.43400Z</time><extensions><mytracks:speed>71.83845194581708</mytracks:speed><mytracks:gradient>0.003522749821330498</mytracks:gradient><mytracks:length>0.02010141445998207</mytracks:length></extensions></trkpt><trkpt lat="45.30122055229043" lon="-75.50888630836702"><ele>80.68373683762289</ele><time>2025-10-04T21:36:13.47700Z</time><extensions><mytracks:speed>74.10891681565649</mytracks:speed><mytracks:gradient>0.006894538647212708</mytracks:gradient><mytracks:length>0.02147490160443594</mytracks:length></extensions></trkpt><trkpt lat="45.30139860214768" lon="-75.50899483237204"><ele>80.70406525477843</ele><time>2025-10-04T21:36:14.49200Z</time><extensions><mytracks:speed>76.40917338892591</mytracks:speed><mytracks:gradient>0.0009437033307054061</mytracks:gradient><mytracks:length>0.02154110989556892</mytracks:length></extensions></trkpt><trkpt lat="45.30158099834807" lon="-75.50910458652243"><ele>80.62242198969096</ele><time>2025-10-04T21:36:15.49700Z</time><extensions><mytracks:speed>78.87100640893756</mytracks:speed><mytracks:length>0.02202355686800773</mytracks:length></extensions></trkpt><trkpt lat="45.3017641171753" lon="-75.50921363378698"><ele>80.497295779897</ele><time>2025-10-04T21:36:16.49900Z</time><extensions><mytracks:speed>79.37051701562457</mytracks:speed><mytracks:length>0.02207628448142367</mytracks:length></extensions></trkpt><trkpt lat="45.30194928441572" lon="-75.50932401183684"><ele>80.37546658638162</ele><time>2025-10-04T21:36:17.50000Z</time><extensions><mytracks:speed>80.30692547431241</mytracks:speed><mytracks:length>0.02232635205783156</mytracks:length></extensions></trkpt><trkpt lat="45.30213722487829" lon="-75.50943501527966"><ele>80.15682245908519</ele><time>2025-10-04T21:36:18.50000Z</time><extensions><mytracks:speed>81.45055955085446</mytracks:speed><mytracks:length>0.02262967581850229</mytracks:length></extensions></trkpt><trkpt lat="45.30232552261378" lon="-75.509546725953"><ele>80.01925608782224</ele><time>2025-10-04T21:36:19.50000Z</time><extensions><mytracks:speed>81.66449090607185</mytracks:speed><mytracks:length>0.02268755003285462</mytracks:length></extensions></trkpt><trkpt lat="45.3025146786641" lon="-75.50965883752184"><ele>79.89962257698056</ele><time>2025-10-04T21:36:20.50000Z</time><extensions><mytracks:speed>82.03446788912285</mytracks:speed><mytracks:length>0.02278803130743939</mytracks:length></extensions></trkpt><trkpt lat="45.30270389394779" lon="-75.50977035438162"><ele>79.92136723416324</ele><time>2025-10-04T21:36:21.50000Z</time><extensions><mytracks:speed>81.99186235127701</mytracks:speed><mytracks:gradient>0.0009547194550414295</mytracks:gradient><mytracks:length>0.02277596530358358</mytracks:length></extensions></trkpt><trkpt lat="45.30289181307602" lon="-75.50988172714165"><ele>80.11865570620978</ele><time>2025-10-04T21:36:22.50000Z</time><extensions><mytracks:speed>81.49874635615799</mytracks:speed><mytracks:gradient>0.008714680504779214</mytracks:gradient><mytracks:length>0.02263863510984051</mytracks:length></extensions></trkpt><trkpt lat="45.30307872812126" lon="-75.50999124148245"><ele>80.13210562310073</ele><time>2025-10-04T21:36:23.50000Z</time><extensions><mytracks:speed>80.92640087237929</mytracks:speed><mytracks:gradient>0.0005983158084364119</mytracks:gradient><mytracks:length>0.02247962815172379</mytracks:length></extensions></trkpt><trkpt lat="45.30326335098781" lon="-75.51009892842589"><ele>80.26069559433522</ele><time>2025-10-04T21:36:24.50000Z</time><extensions><mytracks:speed>79.88206368286279</mytracks:speed><mytracks:gradient>0.005795084944655046</mytracks:gradient><mytracks:length>0.02218948858602872</mytracks:length></extensions></trkpt><trkpt lat="45.30344455141719" lon="-75.51020512328353"><ele>80.4336890489064</ele><time>2025-10-04T21:36:25.50000Z</time><extensions><mytracks:speed>78.45538362816943</mytracks:speed><mytracks:gradient>0.007937961854632107</mytracks:gradient><mytracks:length>0.02179318290251494</mytracks:length></extensions></trkpt><trkpt lat="45.3036184646117" lon="-75.51030557581353"><ele>80.50245606513765</ele><time>2025-10-04T21:36:26.50000Z</time><extensions><mytracks:speed>75.14365553888446</mytracks:speed><mytracks:gradient>0.003294504886816948</mytracks:gradient><mytracks:length>0.02087324760282545</mytracks:length></extensions></trkpt><trkpt lat="45.30378015879487" lon="-75.51039945725992"><ele>80.6075174297001</ele><time>2025-10-04T21:36:27.50000Z</time><extensions><mytracks:speed>69.91449252872432</mytracks:speed><mytracks:gradient>0.005409759595373599</mytracks:gradient><mytracks:length>0.01942070857497867</mytracks:length></extensions></trkpt><trkpt lat="45.303931418383" lon="-75.51047918611668"><ele>80.51951375913902</ele><time>2025-10-04T21:36:28.50000Z</time><extensions><mytracks:speed>64.57766926981559</mytracks:speed><mytracks:length>0.01793825001745775</mytracks:length></extensions></trkpt><trkpt lat="45.30406669337757" lon="-75.51055053505722"><ele>80.32310476608014</ele><time>2025-10-04T21:36:29.50000Z</time><extensions><mytracks:speed>57.75760347276678</mytracks:speed><mytracks:length>0.01604378448013761</mytracks:length></extensions></trkpt><trkpt lat="45.30418232268133" lon="-75.51061307021763"><ele>80.10854873084529</ele><time>2025-10-04T21:36:30.50000Z</time><extensions><mytracks:speed>49.52199571341604</mytracks:speed><mytracks:length>0.01375612139938598</mytracks:length></extensions></trkpt><trkpt lat="45.3042817970269" lon="-75.51066618924325"><ele>79.80866423089846</ele><time>2025-10-04T21:36:31.50000Z</time><extensions><mytracks:speed>42.537287274774</mytracks:speed><mytracks:length>0.0118159173575815</mytracks:length></extensions></trkpt><trkpt lat="45.30436020153985" lon="-75.51071658222105"><ele>79.56874712353923</ele><time>2025-10-04T21:36:32.50000Z</time><extensions><mytracks:speed>34.44562458277242</mytracks:speed><mytracks:length>0.009568234753879055</mytracks:length></extensions></trkpt><trkpt lat="45.30441997645244" lon="-75.51075622854367"><ele>79.39543328903591</ele><time>2025-10-04T21:36:33.50000Z</time><extensions><mytracks:speed>26.40467030609469</mytracks:speed><mytracks:length>0.007334635012362398</mytracks:length></extensions></trkpt><trkpt lat="45.30446739310079" lon="-75.51078616621633"><ele>79.42819682929678</ele><time>2025-10-04T21:36:34.50000Z</time><extensions><mytracks:speed>20.76919754396672</mytracks:speed><mytracks:gradient>0.005679020699173062</mytracks:gradient><mytracks:length>0.005769223603225158</mytracks:length></extensions></trkpt><trkpt lat="45.30450577714917" lon="-75.51080937399239"><ele>79.57591993841086</ele><time>2025-10-04T21:36:35.50000Z</time><extensions><mytracks:speed>16.69418137540294</mytracks:speed><mytracks:gradient>0.03185557892759192</mytracks:gradient><mytracks:length>0.00463727592111443</mytracks:length></extensions></trkpt><trkpt lat="45.3045376491433" lon="-75.51082537511151"><ele>79.65171247471579</ele><time>2025-10-04T21:36:36.50000Z</time><extensions><mytracks:speed>13.53328078201229</mytracks:speed><mytracks:gradient>0.02016163246095983</mytracks:gradient><mytracks:length>0.003759246006080737</mytracks:length></extensions></trkpt><trkpt lat="45.30457511445933" lon="-75.5108286702947"><ele>79.75787474408631</ele><time>2025-10-04T21:36:37.50000Z</time><extensions><mytracks:speed>15.02997279869449</mytracks:speed><mytracks:gradient>0.02542811933549664</mytracks:gradient><mytracks:length>0.004174994932571217</mytracks:length></extensions></trkpt><trkpt lat="45.30461662263897" lon="-75.51081067666078"><ele>79.84469235780064</ele><time>2025-10-04T21:36:38.50000Z</time><extensions><mytracks:speed>17.36969380869465</mytracks:speed><mytracks:gradient>0.0179935942753847</mytracks:gradient><mytracks:length>0.004824917822733039</mytracks:length></extensions></trkpt><trkpt lat="45.30466287097035" lon="-75.51075870605388"><ele>80.15773945491215</ele><time>2025-10-04T21:36:39.50000Z</time><extensions><mytracks:speed>23.59429919231573</mytracks:speed><mytracks:gradient>0.04776446790726837</mytracks:gradient><mytracks:length>0.006553974341748516</mytracks:length></extensions></trkpt><trkpt lat="45.30471850622767" lon="-75.51066177964482"><ele>80.64122086645881</ele><time>2025-10-04T21:36:40.50000Z</time><extensions><mytracks:speed>35.2235487127796</mytracks:speed><mytracks:gradient>0.04941387531173298</mytracks:gradient><mytracks:length>0.009784324918791859</mytracks:length></extensions></trkpt><trkpt lat="45.30478347248233" lon="-75.51051567571079"><ele>81.28062222816196</ele><time>2025-10-04T21:36:41.50000Z</time><extensions><mytracks:speed>48.66671332035743</mytracks:speed><mytracks:gradient>0.04729813194036282</mytracks:gradient><mytracks:length>0.0135185330894116</mytracks:length></extensions></trkpt><trkpt lat="45.30486304105946" lon="-75.51032266213205"><ele>81.81042907029098</ele><time>2025-10-04T21:36:42.50000Z</time><extensions><mytracks:speed>62.98904152015025</mytracks:speed><mytracks:gradient>0.0302799292727932</mytracks:gradient><mytracks:length>0.01749696432101828</mytracks:length></extensions></trkpt><trkpt lat="45.30495747684507" lon="-75.51009328345853"><ele>82.22165499216285</ele><time>2025-10-04T21:36:43.50000Z</time><extensions><mytracks:speed>74.83136364557193</mytracks:speed><mytracks:gradient>0.01978332204117726</mytracks:gradient><mytracks:length>0.02078649485743314</mytracks:length></extensions></trkpt><trkpt lat="45.30506383461654" lon="-75.50984133085826"><ele>82.67554317091194</ele><time>2025-10-04T21:36:44.50000Z</time><extensions><mytracks:speed>82.7330089238089</mytracks:speed><mytracks:gradient>0.01975023857588889</mytracks:gradient><mytracks:length>0.02298140232610605</mytracks:length></extensions></trkpt><trkpt lat="45.30517389883892" lon="-75.5095780755655"><ele>82.86282841357679</ele><time>2025-10-04T21:36:45.50000Z</time><extensions><mytracks:speed>86.22486508513515</mytracks:speed><mytracks:gradient>0.007819396303879197</mytracks:gradient><mytracks:length>0.02395136854387906</mytracks:length></extensions></trkpt><trkpt lat="45.30528557041612" lon="-75.50931302219671"><ele>83.0127471474265</ele><time>2025-10-04T21:36:46.50000Z</time><extensions><mytracks:speed>86.98958181203592</mytracks:speed><mytracks:gradient>0.006204273813761617</mytracks:gradient><mytracks:length>0.02416378424775025</mytracks:length></extensions></trkpt><trkpt lat="45.30539775033946" lon="-75.50904762470176"><ele>83.07872609380833</ele><time>2025-10-04T21:36:47.50000Z</time><extensions><mytracks:speed>87.17667239072823</mytracks:speed><mytracks:gradient>0.002724628396224835</mytracks:gradient><mytracks:length>0.02421575965120648</mytracks:length></extensions></trkpt><trkpt lat="45.30551002491373" lon="-75.50877544844556"><ele>82.94647234931452</ele><time>2025-10-04T21:36:48.50000Z</time><extensions><mytracks:speed>88.83707918690776</mytracks:speed><mytracks:length>0.02467696938253135</mytracks:length></extensions></trkpt><trkpt lat="45.3056236841386" lon="-75.50850405526107"><ele>82.88973996395957</ele><time>2025-10-04T21:36:49.50000Z</time><extensions><mytracks:speed>88.92904770675436</mytracks:speed><mytracks:length>0.02470252208618338</mytracks:length></extensions></trkpt><trkpt lat="45.30573673481841" lon="-75.50823110898725"><ele>82.86811422977068</ele><time>2025-10-04T21:36:50.50000Z</time><extensions><mytracks:speed>89.18087525374558</mytracks:speed><mytracks:length>0.02477247420758664</mytracks:length></extensions></trkpt><trkpt lat="45.30584783719621" lon="-75.5079574014831"><ele>82.90999563916482</ele><time>2025-10-04T21:36:51.50000Z</time><extensions><mytracks:speed>88.97302709308008</mytracks:speed><mytracks:gradient>0.001694592247232283</mytracks:gradient><mytracks:length>0.0247147415329793</mytracks:length></extensions></trkpt><trkpt lat="45.30595772713697" lon="-75.50769218861355"><ele>83.21818977045001</ele><time>2025-10-04T21:36:52.50000Z</time><extensions><mytracks:speed>86.66267078512928</mytracks:speed><mytracks:gradient>0.01280249271413641</mytracks:gradient><mytracks:length>0.0240729784555851</mytracks:length></extensions></trkpt><trkpt lat="45.30606722239599" lon="-75.50742385147142"><ele>83.48691186056007</ele><time>2025-10-04T21:36:53.50000Z</time><extensions><mytracks:speed>87.34199880612613</mytracks:speed><mytracks:gradient>0.01107598819588335</mytracks:gradient><mytracks:length>0.02426168079611507</mytracks:length></extensions></trkpt><trkpt lat="45.30617714996414" lon="-75.5071566316617"><ele>83.75101439821374</ele><time>2025-10-04T21:36:54.50000Z</time><extensions><mytracks:speed>87.15727342050019</mytracks:speed><mytracks:gradient>0.01090865693956146</mytracks:gradient><mytracks:length>0.02421036238621392</mytracks:length></extensions></trkpt><trkpt lat="45.30628747325278" lon="-75.50689227807429"><ele>84.05759283703961</ele><time>2025-10-04T21:36:55.50000Z</time><extensions><mytracks:speed>86.54132436798309</mytracks:speed><mytracks:gradient>0.01275323963741259</mytracks:gradient><mytracks:length>0.02403925963458691</mytracks:length></extensions></trkpt><trkpt lat="45.30639338166322" lon="-75.50663226897002"><ele>83.95549675181569</ele><time>2025-10-04T21:36:56.50000Z</time><extensions><mytracks:speed>84.59336135623214</mytracks:speed><mytracks:length>0.02349816433588213</mytracks:length></extensions></trkpt><trkpt lat="45.30649596789329" lon="-75.50638322966454"><ele>83.83779790240216</ele><time>2025-10-04T21:36:57.50000Z</time><extensions><mytracks:speed>81.25504754799763</mytracks:speed><mytracks:length>0.0225708546130742</mytracks:length></extensions></trkpt><trkpt lat="45.30659305032587" lon="-75.50614402696974"><ele>83.53760948609391</ele><time>2025-10-04T21:36:58.50000Z</time><extensions><mytracks:speed>77.75253530917279</mytracks:speed><mytracks:length>0.0215979367734641</mytracks:length></extensions></trkpt><trkpt lat="45.30668451241092" lon="-75.50592120256469"><ele>83.03797146804064</ele><time>2025-10-04T21:36:59.50000Z</time><extensions><mytracks:speed>72.63489923127081</mytracks:speed><mytracks:length>0.02017637532883312</mytracks:length></extensions></trkpt><trkpt lat="45.3067684988063" lon="-75.50571678543348"><ele>82.62850661874384</ele><time>2025-10-04T21:37:00.50000Z</time><extensions><mytracks:speed>66.65156557362162</mytracks:speed><mytracks:length>0.0185143303916886</mytracks:length></extensions></trkpt><trkpt lat="45.3068402609837" lon="-75.50553836740534"><ele>82.16429571616978</ele><time>2025-10-04T21:37:01.50000Z</time><extensions><mytracks:speed>57.86569671487992</mytracks:speed><mytracks:length>0.0160738103914627</mytracks:length></extensions></trkpt><trkpt lat="45.30690006430537" lon="-75.50539366088361"><ele>81.75130729398205</ele><time>2025-10-04T21:37:02.50000Z</time><extensions><mytracks:speed>47.25292854707293</mytracks:speed><mytracks:length>0.01312581348529804</mytracks:length></extensions></trkpt><trkpt lat="45.30694890594017" lon="-75.50528534143547"><ele>81.3721485725504</ele><time>2025-10-04T21:37:03.50000Z</time><extensions><mytracks:speed>36.22568028537597</mytracks:speed><mytracks:length>0.010062693766424</mytracks:length></extensions></trkpt><trkpt lat="45.30699425787574" lon="-75.50521261794398"><ele>81.08104583125633</ele><time>2025-10-04T21:37:04.50000Z</time><extensions><mytracks:speed>27.36270487128819</mytracks:speed><mytracks:length>0.007600754977456283</mytracks:length></extensions></trkpt><trkpt lat="45.30704165706379" lon="-75.50518200697094"><ele>80.82869591202028</ele><time>2025-10-04T21:37:05.50000Z</time><extensions><mytracks:speed>20.83937569339733</mytracks:speed><mytracks:length>0.005788718230662782</mytracks:length></extensions></trkpt><trkpt lat="45.3070967100583" lon="-75.50518593004868"><ele>80.81979511278438</ele><time>2025-10-04T21:37:06.50000Z</time><extensions><mytracks:speed>22.06448600073001</mytracks:speed><mytracks:length>0.006129027542274588</mytracks:length></extensions></trkpt><trkpt lat="45.30716526592972" lon="-75.50521369845205"><ele>80.97529603699232</ele><time>2025-10-04T21:37:07.50000Z</time><extensions><mytracks:speed>28.53293534667198</mytracks:speed><mytracks:gradient>0.01961954212371938</mytracks:gradient><mytracks:length>0.007925818208568011</mytracks:length></extensions></trkpt><trkpt lat="45.30725248885315" lon="-75.50526355369716"><ele>81.07025901490331</ele><time>2025-10-04T21:37:08.50000Z</time><extensions><mytracks:speed>37.63162526157682</mytracks:speed><mytracks:gradient>0.009084554682095104</mytracks:gradient><mytracks:length>0.01045323422381502</mytracks:length></extensions></trkpt><trkpt lat="45.30735808758736" lon="-75.505314606781"><ele>81.13004875650219</ele><time>2025-10-04T21:37:09.50000Z</time><extensions><mytracks:speed>44.64739136548787</mytracks:speed><mytracks:gradient>0.004820955114576707</mytracks:gradient><mytracks:length>0.01240205315707996</mytracks:length></extensions></trkpt><trkpt lat="45.307479937324" lon="-75.50537286765655"><ele>80.9961309943703</ele><time>2025-10-04T21:37:10.50000Z</time><extensions><mytracks:speed>51.46060976740241</mytracks:speed><mytracks:length>0.01429462064048148</mytracks:length></extensions></trkpt><trkpt lat="45.30761419848913" lon="-75.50543744499367"><ele>80.69255011433226</ele><time>2025-10-04T21:37:11.50000Z</time><extensions><mytracks:speed>56.73743806339465</mytracks:speed><mytracks:length>0.01576040321962612</mytracks:length></extensions></trkpt><trkpt lat="45.3077541127689" lon="-75.50550496863315"><ele>80.42581833403305</ele><time>2025-10-04T21:37:12.50000Z</time><extensions><mytracks:speed>59.14543444404548</mytracks:speed><mytracks:length>0.01642929322113921</mytracks:length></extensions></trkpt><trkpt lat="45.3079004934401" lon="-75.50558152730363"><ele>80.25237111898919</ele><time>2025-10-04T21:37:13.50000Z</time><extensions><mytracks:speed>62.43493094723637</mytracks:speed><mytracks:length>0.0173430446440365</mytracks:length></extensions></trkpt><trkpt lat="45.3080500230242" lon="-75.50566067142444"><ele>80.19404526068818</ele><time>2025-10-04T21:37:14.50000Z</time><extensions><mytracks:speed>63.87020681605527</mytracks:speed><mytracks:length>0.01774172834552756</mytracks:length></extensions></trkpt><trkpt lat="45.30820435505678" lon="-75.505743576044"><ele>80.14182035656822</ele><time>2025-10-04T21:37:15.50000Z</time><extensions><mytracks:speed>66.04154428886886</mytracks:speed><mytracks:length>0.01834487997421267</mytracks:length></extensions></trkpt><trkpt lat="45.30836562269137" lon="-75.50583173955629"><ele>80.09221210117462</ele><time>2025-10-04T21:37:16.50000Z</time><extensions><mytracks:speed>69.16286508872419</mytracks:speed><mytracks:length>0.01921191154956561</mytracks:length></extensions></trkpt><trkpt lat="45.30853020321109" lon="-75.50592210571958"><ele>80.04099673139473</ele><time>2025-10-04T21:37:17.50000Z</time><extensions><mytracks:speed>70.6226401267495</mytracks:speed><mytracks:length>0.01961740938951348</mytracks:length></extensions></trkpt><trkpt lat="45.30870059255295" lon="-75.50601367078156"><ele>79.97448511851096</ele><time>2025-10-04T21:37:18.50000Z</time><extensions><mytracks:speed>72.91660161786781</mytracks:speed><mytracks:length>0.0202546188041324</mytracks:length></extensions></trkpt><trkpt lat="45.30887221965722" lon="-75.50610543765035"><ele>79.92749588999119</ele><time>2025-10-04T21:37:19.50000Z</time><extensions><mytracks:speed>73.39955745668163</mytracks:speed><mytracks:length>0.02038877811284087</mytracks:length></extensions></trkpt><trkpt lat="45.30904386309952" lon="-75.50619642767464"><ele>80.00210698953811</ele><time>2025-10-04T21:37:20.50000Z</time><extensions><mytracks:speed>73.3287255452077</mytracks:speed><mytracks:gradient>0.003662955551361651</mytracks:gradient><mytracks:length>0.02036909771377876</mytracks:length></extensions></trkpt><trkpt lat="45.30921674306784" lon="-75.50628757816629"><ele>79.99604228710992</ele><time>2025-10-04T21:37:21.50000Z</time><extensions><mytracks:speed>73.80901097581878</mytracks:speed><mytracks:length>0.02050250793701619</mytracks:length></extensions></trkpt><trkpt lat="45.30939441177083" lon="-75.50638340083991"><ele>80.09771208465885</ele><time>2025-10-04T21:37:22.50000Z</time><extensions><mytracks:speed>76.06522371991073</mytracks:speed><mytracks:gradient>0.004811806531038712</mytracks:gradient><mytracks:length>0.02112923636748738</mytracks:length></extensions></trkpt><trkpt lat="45.30957449792601" lon="-75.50647792276638"><ele>80.21387121074937</ele><time>2025-10-04T21:37:23.50000Z</time><extensions><mytracks:speed>76.84285252275559</mytracks:speed><mytracks:gradient>0.005441919980804812</mytracks:gradient><mytracks:length>0.02134524699007861</mytracks:length></extensions></trkpt><trkpt lat="45.30975585422253" lon="-75.50657235144621"><ele>80.25304747219599</ele><time>2025-10-04T21:37:24.50000Z</time><extensions><mytracks:speed>77.31188439707236</mytracks:speed><mytracks:gradient>0.001824227825641818</mytracks:gradient><mytracks:length>0.02147553112387689</mytracks:length></extensions></trkpt><trkpt lat="45.30993837310055" lon="-75.50666841348206"><ele>80.22903697957281</ele><time>2025-10-04T21:37:25.50000Z</time><extensions><mytracks:speed>77.90712384581911</mytracks:speed><mytracks:length>0.02164087547432716</mytracks:length></extensions></trkpt><trkpt lat="45.31020958433868" lon="-75.50680920206264"><ele>80.13829151940504</ele><time>2025-10-04T21:37:27.00000Z</time><extensions><mytracks:speed>77.0532650321765</mytracks:speed><mytracks:length>0.03210413651940264</mytracks:length></extensions></trkpt><trkpt lat="45.31039312673062" lon="-75.50690682778112"><ele>80.00802598268881</ele><time>2025-10-04T21:37:28.00000Z</time><extensions><mytracks:speed>77.61010878835069</mytracks:speed><mytracks:length>0.02179008100857982</mytracks:length></extensions></trkpt><trkpt lat="45.31057855950356" lon="-75.5070067306702"><ele>79.87000426363132</ele><time>2025-10-04T21:37:29.00000Z</time><extensions><mytracks:speed>78.91352404497471</mytracks:speed><mytracks:length>0.02204952769085903</mytracks:length></extensions></trkpt><trkpt lat="45.310860803548" lon="-75.50715870597307"><ele>79.71521765666623</ele><time>2025-10-04T21:37:30.50000Z</time><extensions><mytracks:speed>80.54305351309685</mytracks:speed><mytracks:length>0.03355892285853258</mytracks:length></extensions></trkpt><trkpt lat="45.31104886967198" lon="-75.50726336506619"><ele>79.62726397541152</ele><time>2025-10-04T21:37:31.50000Z</time><extensions><mytracks:speed>80.84329899846976</mytracks:speed><mytracks:length>0.02245656296270163</mytracks:length></extensions></trkpt><trkpt lat="45.3112384913447" lon="-75.50736707803206"><ele>79.55174530254524</ele><time>2025-10-04T21:37:32.50000Z</time><extensions><mytracks:speed>81.3273474562331</mytracks:speed><mytracks:length>0.02259101064041456</mytracks:length></extensions></trkpt><trkpt lat="45.31142876543321" lon="-75.50747112581605"><ele>79.60691047597284</ele><time>2025-10-04T21:37:33.50000Z</time><extensions><mytracks:speed>81.60463673536576</mytracks:speed><mytracks:gradient>0.002433606311421913</mytracks:gradient><mytracks:length>0.02266807624909732</mytracks:length></extensions></trkpt><trkpt lat="45.3116197417171" lon="-75.50757355294211"><ele>79.6946937206626</ele><time>2025-10-04T21:37:34.50000Z</time><extensions><mytracks:speed>81.70537631884631</mytracks:speed><mytracks:gradient>0.003867769606800698</mytracks:gradient><mytracks:length>0.02269608937807741</mytracks:length></extensions></trkpt><trkpt lat="45.31181179643256" lon="-75.50767735143206"><ele>79.7085030563059</ele><time>2025-10-04T21:37:35.50000Z</time><extensions><mytracks:speed>82.24549502203251</mytracks:speed><mytracks:gradient>0.0006044505622242655</mytracks:gradient><mytracks:length>0.02284609611824331</mytracks:length></extensions></trkpt><trkpt lat="45.31200374068121" lon="-75.5077809456936"><ele>79.73810079312366</ele><time>2025-10-04T21:37:36.50000Z</time><extensions><mytracks:speed>82.1836253705236</mytracks:speed><mytracks:gradient>0.001296501326917281</mytracks:gradient><mytracks:length>0.02282892905951612</mytracks:length></extensions></trkpt><trkpt lat="45.31219810257227" lon="-75.50788351418693"><ele>79.77588505738113</ele><time>2025-10-04T21:37:37.50000Z</time><extensions><mytracks:speed>82.98833542378924</mytracks:speed><mytracks:gradient>0.001639054770401974</mytracks:gradient><mytracks:length>0.02305247203435504</mytracks:length></extensions></trkpt><trkpt lat="45.31239314350501" lon="-75.50798708090832"><ele>79.73734872750215</ele><time>2025-10-04T21:37:38.50000Z</time><extensions><mytracks:speed>83.34174981525805</mytracks:speed><mytracks:length>0.02315059093040775</mytracks:length></extensions></trkpt><trkpt lat="45.3125880007802" lon="-75.50808830425926"><ele>79.611322775796</ele><time>2025-10-04T21:37:39.50000Z</time><extensions><mytracks:speed>83.04343609004393</mytracks:speed><mytracks:length>0.02306771463186404</mytracks:length></extensions></trkpt><trkpt lat="45.31278279531377" lon="-75.50818883721207"><ele>79.52810944131825</ele><time>2025-10-04T21:37:40.50000Z</time><extensions><mytracks:speed>82.95263508535666</mytracks:speed><mytracks:length>0.02304250026893621</mytracks:length></extensions></trkpt><trkpt lat="45.31297708327779" lon="-75.50829020924159"><ele>79.45350545195657</ele><time>2025-10-04T21:37:41.50000Z</time><extensions><mytracks:speed>82.84341748940921</mytracks:speed><mytracks:length>0.02301216740052833</mytracks:length></extensions></trkpt><trkpt lat="45.31317071226804" lon="-75.50839338458077"><ele>79.47456546021533</ele><time>2025-10-04T21:37:42.50000Z</time><extensions><mytracks:speed>82.77273295657545</mytracks:speed><mytracks:gradient>0.0009159481623729114</mytracks:gradient><mytracks:length>0.02299257657136206</mytracks:length></extensions></trkpt><trkpt lat="45.31336503104159" lon="-75.50849903461446"><ele>79.74769034076809</ele><time>2025-10-04T21:37:43.50000Z</time><extensions><mytracks:speed>83.27768899462826</mytracks:speed><mytracks:gradient>0.01180678718523287</mytracks:gradient><mytracks:length>0.02313287063345761</mytracks:length></extensions></trkpt><trkpt lat="45.31356028483412" lon="-75.50860640019154"><ele>80.00625822096693</ele><time>2025-10-04T21:37:44.50000Z</time><extensions><mytracks:speed>83.79994206259808</mytracks:speed><mytracks:gradient>0.0111078536095287</mytracks:gradient><mytracks:length>0.02327793372943185</mytracks:length></extensions></trkpt><trkpt lat="45.31375596040919" lon="-75.50871350195087"><ele>80.18916898285518</ele><time>2025-10-04T21:37:45.50000Z</time><extensions><mytracks:speed>83.93020415558685</mytracks:speed><mytracks:gradient>0.007845497299102335</mytracks:gradient><mytracks:length>0.02331410679462983</mytracks:length></extensions></trkpt><trkpt lat="45.31395353621121" lon="-75.50881954384073"><ele>80.28295701552821</ele><time>2025-10-04T21:37:46.50000Z</time><extensions><mytracks:speed>84.53483484615344</mytracks:speed><mytracks:gradient>0.003994030919687643</mytracks:gradient><mytracks:length>0.02348204972844002</mytracks:length></extensions></trkpt><trkpt lat="45.31415279351236" lon="-75.50892618088336"><ele>80.25974671847956</ele><time>2025-10-04T21:37:47.50000Z</time><extensions><mytracks:speed>85.22358866827095</mytracks:speed><mytracks:length>0.02367336864410395</mytracks:length></extensions></trkpt><trkpt lat="45.3143534424201" lon="-75.50903277230523"><ele>80.2748015897984</ele><time>2025-10-04T21:37:48.50000Z</time><extensions><mytracks:speed>85.74080352119242</mytracks:speed><mytracks:gradient>0.0006321052693873554</mytracks:gradient><mytracks:length>0.02381703182672391</mytracks:length></extensions></trkpt><trkpt lat="45.31455422911539" lon="-75.50913934130276"><ele>80.24974014796014</ele><time>2025-10-04T21:37:49.50000Z</time><extensions><mytracks:speed>85.79121368269773</mytracks:speed><mytracks:length>0.02383102905110003</mytracks:length></extensions></trkpt><trkpt lat="45.31475522833757" lon="-75.50924689401862"><ele>80.2894893460906</ele><time>2025-10-04T21:37:50.50000Z</time><extensions><mytracks:speed>85.96874478273475</mytracks:speed><mytracks:gradient>0.001664516133869637</mytracks:gradient><mytracks:length>0.02388033214076285</mytracks:length></extensions></trkpt><trkpt lat="45.31495554488757" lon="-75.50935409538053"><ele>80.3745651189078</ele><time>2025-10-04T21:37:51.50000Z</time><extensions><mytracks:speed>85.67681352132436</mytracks:speed><mytracks:gradient>0.003574726499479495</mytracks:gradient><mytracks:length>0.02379923969835986</mytracks:length></extensions></trkpt><trkpt lat="45.31515504447506" lon="-75.50946052438884"><ele>80.4595806820837</ele><time>2025-10-04T21:37:52.50000Z</time><extensions><mytracks:speed>85.29426484226857</mytracks:speed><mytracks:gradient>0.003588219350186603</mytracks:gradient><mytracks:length>0.02369296714580163</mytracks:length></extensions></trkpt><trkpt lat="45.31535568052753" lon="-75.5095681500964"><ele>80.42980991888702</ele><time>2025-10-04T21:37:53.50000Z</time><extensions><mytracks:speed>85.83896496873567</mytracks:speed><mytracks:length>0.02384426210622521</mytracks:length></extensions></trkpt><trkpt lat="45.31555658527475" lon="-75.50967593532343"><ele>80.36424327415993</ele><time>2025-10-04T21:37:54.50000Z</time><extensions><mytracks:speed>85.95522869421262</mytracks:speed><mytracks:length>0.02387655772797145</mytracks:length></extensions></trkpt><trkpt lat="45.31575742637798" lon="-75.50978379366039"><ele>80.24153327188407</ele><time>2025-10-04T21:37:55.50000Z</time><extensions><mytracks:speed>85.93827162417614</mytracks:speed><mytracks:length>0.02387183887276293</mytracks:length></extensions></trkpt><trkpt lat="45.31595757378732" lon="-75.50989233091863"><ele>80.05332002682427</ele><time>2025-10-04T21:37:56.50000Z</time><extensions><mytracks:speed>85.74778844334328</mytracks:speed><mytracks:length>0.02381892382420287</mytracks:length></extensions></trkpt><trkpt lat="45.31615576081018" lon="-75.50999900993554"><ele>79.96201355668978</ele><time>2025-10-04T21:37:57.50000Z</time><extensions><mytracks:speed>84.82816405952266</mytracks:speed><mytracks:length>0.02356346879258004</mytracks:length></extensions></trkpt><trkpt lat="45.31635177736835" lon="-75.51010476743051"><ele>79.89068823465225</ele><time>2025-10-04T21:37:58.50000Z</time><extensions><mytracks:speed>83.92353564641157</mytracks:speed><mytracks:length>0.02331217382663843</mytracks:length></extensions></trkpt><trkpt lat="45.31654633831199" lon="-75.51021066489355"><ele>79.80870818215793</ele><time>2025-10-04T21:37:59.50000Z</time><extensions><mytracks:speed>83.39297843868893</mytracks:speed><mytracks:length>0.02316479631500072</mytracks:length></extensions></trkpt><trkpt lat="45.31674029036022" lon="-75.51031651329889"><ele>79.79441637358865</ele><time>2025-10-04T21:38:00.50000Z</time><extensions><mytracks:speed>83.16086851143062</mytracks:speed><mytracks:length>0.02310031560478558</mytracks:length></extensions></trkpt><trkpt lat="45.31693436889741" lon="-75.51042227685149"><ele>79.70940850964588</ele><time>2025-10-04T21:38:01.50000Z</time><extensions><mytracks:speed>83.19877292461791</mytracks:speed><mytracks:length>0.0231108473973564</mytracks:length></extensions></trkpt><trkpt lat="45.3171266517431" lon="-75.51052765536619"><ele>79.72844088171031</ele><time>2025-10-04T21:38:02.50000Z</time><extensions><mytracks:speed>82.48961090464668</mytracks:speed><mytracks:gradient>0.0008306056300418021</mytracks:gradient><mytracks:length>0.02291384909523457</mytracks:length></extensions></trkpt><trkpt lat="45.3173184445576" lon="-75.51063070799563"><ele>79.72852426112232</ele><time>2025-10-04T21:38:03.50000Z</time><extensions><mytracks:speed>82.07226535268725</mytracks:speed><mytracks:gradient>3.657325932771754e-06</mytracks:gradient><mytracks:length>0.02279791671203387</mytracks:length></extensions></trkpt><trkpt lat="45.31751096928714" lon="-75.51073280721339"><ele>79.62644823407277</ele><time>2025-10-04T21:38:04.50000Z</time><extensions><mytracks:speed>82.25211110487886</mytracks:speed><mytracks:length>0.02284787128467795</mytracks:length></extensions></trkpt><trkpt lat="45.3177015425877" lon="-75.51083501380145"><ele>79.63319757555568</ele><time>2025-10-04T21:38:05.50000Z</time><extensions><mytracks:speed>81.53110354182283</mytracks:speed><mytracks:gradient>0.0002980158695710992</mytracks:gradient><mytracks:length>0.02264759085692117</mytracks:length></extensions></trkpt><trkpt lat="45.31789232235145" lon="-75.51093660090702"><ele>79.50200974521339</ele><time>2025-10-04T21:38:06.50000Z</time><extensions><mytracks:speed>81.54760631248676</mytracks:speed><mytracks:length>0.02265216687142529</mytracks:length></extensions></trkpt><trkpt lat="45.3180821257765" lon="-75.51103892123183"><ele>79.47979833184617</ele><time>2025-10-04T21:38:07.50000Z</time><extensions><mytracks:speed>81.25343567801626</mytracks:speed><mytracks:length>0.02257045530207428</mytracks:length></extensions></trkpt><trkpt lat="45.31826850768899" lon="-75.5111399281902"><ele>79.54880976363637</ele><time>2025-10-04T21:38:08.50000Z</time><extensions><mytracks:speed>79.84177612225209</mytracks:speed><mytracks:gradient>0.003111662378163392</mytracks:gradient><mytracks:length>0.02217831609062112</mytracks:length></extensions></trkpt><trkpt lat="45.318452942345" lon="-75.51123937349496"><ele>79.61393372141903</ele><time>2025-10-04T21:38:09.50000Z</time><extensions><mytracks:speed>78.95836143591498</mytracks:speed><mytracks:gradient>0.002969231944431611</mytracks:gradient><mytracks:length>0.02193293046869956</mytracks:length></extensions></trkpt><trkpt lat="45.31863619229954" lon="-75.51133691677619"><ele>79.65525977147777</ele><time>2025-10-04T21:38:10.50000Z</time><extensions><mytracks:speed>78.32490243858335</mytracks:speed><mytracks:gradient>0.001899439879414825</mytracks:gradient><mytracks:length>0.02175696662295746</mytracks:length></extensions></trkpt><trkpt lat="45.31881761775633" lon="-75.51143309290561"><ele>79.62313136900832</ele><time>2025-10-04T21:38:11.50000Z</time><extensions><mytracks:speed>77.50641553580179</mytracks:speed><mytracks:length>0.02152960093543264</mytracks:length></extensions></trkpt><trkpt lat="45.31899804544346" lon="-75.51152879885541"><ele>79.54157661352357</ele><time>2025-10-04T21:38:12.50000Z</time><extensions><mytracks:speed>77.08632346904108</mytracks:speed><mytracks:length>0.02141290847209298</mytracks:length></extensions></trkpt><trkpt lat="45.31917771216334" lon="-75.51162543765933"><ele>79.49166391464257</ele><time>2025-10-04T21:38:13.50000Z</time><extensions><mytracks:speed>76.89288766162515</mytracks:speed><mytracks:length>0.02135917620088036</mytracks:length></extensions></trkpt><trkpt lat="45.31935642981016" lon="-75.51172295769736"><ele>79.48466257167038</ele><time>2025-10-04T21:38:14.50000Z</time><extensions><mytracks:speed>76.62585769862741</mytracks:speed><mytracks:length>0.02128499345758616</mytracks:length></extensions></trkpt><trkpt lat="45.31953508661591" lon="-75.51182033145793"><ele>79.41180322601413</ele><time>2025-10-04T21:38:15.50000Z</time><extensions><mytracks:speed>76.5884655798409</mytracks:speed><mytracks:length>0.02127461688633405</mytracks:length></extensions></trkpt><trkpt lat="45.31971382776381" lon="-75.51191745608585"><ele>79.42524204568356</ele><time>2025-10-04T21:38:16.50000Z</time><extensions><mytracks:speed>76.59457482535616</mytracks:speed><mytracks:gradient>0.0006316329667393473</mytracks:gradient><mytracks:length>0.02127631136608715</mytracks:length></extensions></trkpt><trkpt lat="45.31988997899397" lon="-75.51201489033446"><ele>79.47430587383995</ele><time>2025-10-04T21:38:17.50000Z</time><extensions><mytracks:speed>75.65939774782444</mytracks:speed><mytracks:gradient>0.002334534105833003</mytracks:gradient><mytracks:length>0.02101653946018703</mytracks:length></extensions></trkpt><trkpt lat="45.32006735643718" lon="-75.51211038466391"><ele>79.55614833278058</ele><time>2025-10-04T21:38:18.50000Z</time><extensions><mytracks:speed>75.92218040725714</mytracks:speed><mytracks:gradient>0.003880715212405776</mytracks:gradient><mytracks:length>0.02108952975446271</mytracks:length></extensions></trkpt><trkpt lat="45.32024555903855" lon="-75.51220405294242"><ele>79.72496195433251</ele><time>2025-10-04T21:38:19.50000Z</time><extensions><mytracks:speed>76.05132060122715</mytracks:speed><mytracks:gradient>0.007991027156667633</mytracks:gradient><mytracks:length>0.02112539705375387</mytracks:length></extensions></trkpt><trkpt lat="45.32042272929849" lon="-75.5122968934145"><ele>79.87063912739104</ele><time>2025-10-04T21:38:20.50000Z</time><extensions><mytracks:speed>75.58373086593838</mytracks:speed><mytracks:gradient>0.006938489827821685</mytracks:gradient><mytracks:length>0.02099551583608289</mytracks:length></extensions></trkpt><trkpt lat="45.32060168766341" lon="-75.51238739678428"><ele>79.92763608003678</ele><time>2025-10-04T21:38:21.50000Z</time><extensions><mytracks:speed>76.03135176259981</mytracks:speed><mytracks:gradient>0.002698738497251473</mytracks:gradient><mytracks:length>0.02111985014620026</mytracks:length></extensions></trkpt><trkpt lat="45.32077807802556" lon="-75.51247884578217"><ele>79.90822709170712</ele><time>2025-10-04T21:38:22.50000Z</time><extensions><mytracks:speed>75.15445504245496</mytracks:speed><mytracks:length>0.02087626986413179</mytracks:length></extensions></trkpt><trkpt lat="45.32095145599215" lon="-75.51257134083126"><ele>79.91876760837458</ele><time>2025-10-04T21:38:23.50000Z</time><extensions><mytracks:speed>74.12554880932242</mytracks:speed><mytracks:gradient>0.0005119127055915321</mytracks:gradient><mytracks:length>0.02059045722508793</mytracks:length></extensions></trkpt><trkpt lat="45.32112303812607" lon="-75.51266534070402"><ele>79.94714136362659</ele><time>2025-10-04T21:38:24.50000Z</time><extensions><mytracks:speed>73.60449427942473</mytracks:speed><mytracks:gradient>0.001387759997362609</mytracks:gradient><mytracks:length>0.02044572210319399</mytracks:length></extensions></trkpt><trkpt lat="45.32129265588813" lon="-75.51276029732544"><ele>79.97516270261059</ele><time>2025-10-04T21:38:25.50000Z</time><extensions><mytracks:speed>72.96855760709266</mytracks:speed><mytracks:gradient>0.001382467563014417</mytracks:gradient><mytracks:length>0.02026907519110598</mytracks:length></extensions></trkpt><trkpt lat="45.3214606469899" lon="-75.51285512331472"><ele>80.12275354215176</ele><time>2025-10-04T21:38:26.50000Z</time><extensions><mytracks:speed>72.34966157760854</mytracks:speed><mytracks:gradient>0.007343867462999544</mytracks:gradient><mytracks:length>0.02009715456941051</mytracks:length></extensions></trkpt><trkpt lat="45.32162714828266" lon="-75.5129494474384"><ele>80.18824887172951</ele><time>2025-10-04T21:38:27.50000Z</time><extensions><mytracks:speed>71.743293334854</mytracks:speed><mytracks:gradient>0.0032864785266331</mytracks:gradient><mytracks:length>0.019928725852609</mytracks:length></extensions></trkpt><trkpt lat="45.32179506159284" lon="-75.51304269854145"><ele>80.29727356634746</ele><time>2025-10-04T21:38:28.50000Z</time><extensions><mytracks:speed>72.15811364155823</mytracks:speed><mytracks:gradient>0.005439284090487836</mytracks:gradient><mytracks:length>0.02004394196078206</mytracks:length></extensions></trkpt><trkpt lat="45.32196541980594" lon="-75.51313416931907"><ele>80.39869661740185</ele><time>2025-10-04T21:38:29.50000Z</time><extensions><mytracks:speed>72.89250842500847</mytracks:speed><mytracks:gradient>0.005009054516370072</mytracks:gradient><mytracks:length>0.02024794314434719</mytracks:length></extensions></trkpt><trkpt lat="45.32213887915118" lon="-75.51322575892831"><ele>80.46989052142141</ele><time>2025-10-04T21:38:30.50000Z</time><extensions><mytracks:speed>74.06645171877005</mytracks:speed><mytracks:gradient>0.003460376102069285</mytracks:gradient><mytracks:length>0.02057403643984774</mytracks:length></extensions></trkpt><trkpt lat="45.32231577530816" lon="-75.51331749686399"><ele>80.61999391706847</ele><time>2025-10-04T21:38:31.50000Z</time><extensions><mytracks:speed>75.37330434914173</mytracks:speed><mytracks:gradient>0.007169270139109477</mytracks:gradient><mytracks:length>0.02093705394475621</mytracks:length></extensions></trkpt><trkpt lat="45.32249385716703" lon="-75.51340968652761"><ele>80.76177944346314</ele><time>2025-10-04T21:38:32.50000Z</time><extensions><mytracks:speed>75.86295314496107</mytracks:speed><mytracks:gradient>0.006728280465448517</mytracks:gradient><mytracks:length>0.02107307017339369</mytracks:length></extensions></trkpt><trkpt lat="45.32267122249988" lon="-75.51350373214748"><ele>80.96442612894181</ele><time>2025-10-04T21:38:33.50000Z</time><extensions><mytracks:speed>75.7736173369387</mytracks:speed><mytracks:gradient>0.009627721503401274</mytracks:gradient><mytracks:length>0.02104824962033625</mytracks:length></extensions></trkpt><trkpt lat="45.3228474000047" lon="-75.51359735049125"><ele>81.18928908138589</ele><time>2025-10-04T21:38:34.50000Z</time><extensions><mytracks:speed>75.28567860215114</mytracks:speed><mytracks:gradient>0.01075244967996754</mytracks:gradient><mytracks:length>0.0209127184164384</mytracks:length></extensions></trkpt><trkpt lat="45.3230221679727" lon="-75.51369069648679"><ele>81.3896077227362</ele><time>2025-10-04T21:38:35.50000Z</time><extensions><mytracks:speed>74.73054616374263</mytracks:speed><mytracks:gradient>0.00964995288014726</mytracks:gradient><mytracks:length>0.02075850979152661</mytracks:length></extensions></trkpt><trkpt lat="45.32319437362059" lon="-75.51378247119331"><ele>81.54959013718189</ele><time>2025-10-04T21:38:36.50000Z</time><extensions><mytracks:speed>73.61562820386688</mytracks:speed><mytracks:gradient>0.007823557146006542</mytracks:gradient><mytracks:length>0.02044880755135208</mytracks:length></extensions></trkpt><trkpt lat="45.32336413761271" lon="-75.5138721575761"><ele>81.69773938489658</ele><time>2025-10-04T21:38:37.50000Z</time><extensions><mytracks:speed>72.49322191805652</mytracks:speed><mytracks:gradient>0.007357056362696969</mytracks:gradient><mytracks:length>0.02013702769301274</mytracks:length></extensions></trkpt><trkpt lat="45.32353091366565" lon="-75.51396004767714"><ele>81.67901771374076</ele><time>2025-10-04T21:38:38.50000Z</time><extensions><mytracks:speed>71.19666624829459</mytracks:speed><mytracks:length>0.01977687059631295</mytracks:length></extensions></trkpt><trkpt lat="45.32369285094355" lon="-75.5140478668614"><ele>81.81837930081113</ele><time>2025-10-04T21:38:39.50000Z</time><extensions><mytracks:speed>69.37694117738053</mytracks:speed><mytracks:gradient>0.00723152458233787</mytracks:gradient><mytracks:length>0.0192713978198653</mytracks:length></extensions></trkpt><trkpt lat="45.32385122661422" lon="-75.51413365968401"><ele>81.78865504790636</ele><time>2025-10-04T21:38:40.50000Z</time><extensions><mytracks:speed>67.84045974828668</mytracks:speed><mytracks:length>0.01884459686323049</mytracks:length></extensions></trkpt><trkpt lat="45.32400890698108" lon="-75.51422095004588"><ele>81.80217211020145</ele><time>2025-10-04T21:38:41.50000Z</time><extensions><mytracks:speed>67.7327970842026</mytracks:speed><mytracks:gradient>0.0007184316276739742</mytracks:gradient><mytracks:length>0.01881468155690359</mytracks:length></extensions></trkpt><trkpt lat="45.32416255758803" lon="-75.5143048329987"><ele>82.00653306449132</ele><time>2025-10-04T21:38:42.50000Z</time><extensions><mytracks:speed>65.88123167470044</mytracks:speed><mytracks:gradient>0.01116704317331427</mytracks:gradient><mytracks:length>0.01830036394756908</mytracks:length></extensions></trkpt><trkpt lat="45.32431262118478" lon="-75.51438563444097"><ele>81.93637582962262</ele><time>2025-10-04T21:38:43.50000Z</time><extensions><mytracks:speed>64.23214828451893</mytracks:speed><mytracks:length>0.01784228042807473</mytracks:length></extensions></trkpt><trkpt lat="45.32445710123554" lon="-75.51446329215052"><ele>81.67249627683496</ele><time>2025-10-04T21:38:44.50000Z</time><extensions><mytracks:speed>61.82861040822372</mytracks:speed><mytracks:length>0.01717463242864617</mytracks:length></extensions></trkpt><trkpt lat="45.32459217797715" lon="-75.51453411394019"><ele>81.29615804906481</ele><time>2025-10-04T21:38:45.50000Z</time><extensions><mytracks:speed>57.62797436701592</mytracks:speed><mytracks:length>0.01600779164852906</mytracks:length></extensions></trkpt><trkpt lat="45.32471878437445" lon="-75.51460237546176"><ele>80.81467252686947</ele><time>2025-10-04T21:38:46.50000Z</time><extensions><mytracks:speed>54.19994562962289</mytracks:speed><mytracks:length>0.01505555301599499</mytracks:length></extensions></trkpt><trkpt lat="45.32483584528989" lon="-75.51466510087059"><ele>80.41679171797765</ele><time>2025-10-04T21:38:47.50000Z</time><extensions><mytracks:speed>50.07435673994495</mytracks:speed><mytracks:length>0.01390956012034163</mytracks:length></extensions></trkpt><trkpt lat="45.32494153268554" lon="-75.51472215514542"><ele>80.27190642776071</ele><time>2025-10-04T21:38:48.50000Z</time><extensions><mytracks:speed>45.25280825470794</mytracks:speed><mytracks:length>0.01257023650309692</mytracks:length></extensions></trkpt><trkpt lat="45.32503505409673" lon="-75.51477335701964"><ele>80.16809135406319</ele><time>2025-10-04T21:38:49.50000Z</time><extensions><mytracks:speed>40.11648219600718</mytracks:speed><mytracks:length>0.01114347923231201</mytracks:length></extensions></trkpt><trkpt lat="45.32511454264689" lon="-75.51481900560783"><ele>80.00554276800084</ele><time>2025-10-04T21:38:50.50000Z</time><extensions><mytracks:speed>34.31480286351268</mytracks:speed><mytracks:length>0.009531901047207051</mytracks:length></extensions></trkpt><trkpt lat="45.32517878811144" lon="-75.51485709076078"><ele>79.8589946784853</ele><time>2025-10-04T21:38:51.50000Z</time><extensions><mytracks:speed>27.86185148204797</mytracks:speed><mytracks:length>0.007739410570327816</mytracks:length></extensions></trkpt><trkpt lat="45.32522819809178" lon="-75.51488765344651"><ele>79.71882771383552</ele><time>2025-10-04T21:38:52.50000Z</time><extensions><mytracks:speed>21.5692431286417</mytracks:speed><mytracks:length>0.005991462852758069</mytracks:length></extensions></trkpt><trkpt lat="45.32526721224941" lon="-75.51491110285983"><ele>79.61498929441605</ele><time>2025-10-04T21:38:53.50000Z</time><extensions><mytracks:speed>16.95452842636955</mytracks:speed><mytracks:length>0.004709594598109245</mytracks:length></extensions></trkpt><trkpt lat="45.32530128096057" lon="-75.51492848717226"><ele>79.73999232698972</ele><time>2025-10-04T21:38:54.50000Z</time><extensions><mytracks:speed>14.4878450071875</mytracks:speed><mytracks:gradient>0.03106124024885363</mytracks:gradient><mytracks:length>0.004024405708599693</mytracks:length></extensions></trkpt><trkpt lat="45.3253318155581" lon="-75.51494097726204"><ele>79.90694401397796</ele><time>2025-10-04T21:38:55.50000Z</time><extensions><mytracks:speed>12.71905351642455</mytracks:speed><mytracks:gradient>0.047253959777314</mytracks:gradient><mytracks:length>0.00353307294827793</mytracks:length></extensions></trkpt><trkpt lat="45.32535960350801" lon="-75.51495065609446"><ele>80.15337493196948</ele><time>2025-10-04T21:38:56.50000Z</time><extensions><mytracks:speed>11.45300839348965</mytracks:speed><mytracks:gradient>0.07746001895085038</mytracks:gradient><mytracks:length>0.003181395012927663</mytracks:length></extensions></trkpt><trkpt lat="45.32538434576175" lon="-75.51495763577654"><ele>80.43925716082245</ele><time>2025-10-04T21:38:57.50000Z</time><extensions><mytracks:speed>10.09224988398838</mytracks:speed><mytracks:gradient>0.1019767575631083</mytracks:gradient><mytracks:length>0.002803405753277175</mytracks:length></extensions></trkpt><trkpt lat="45.32540742001556" lon="-75.5149627036047"><ele>80.5931574115268</ele><time>2025-10-04T21:38:58.50000Z</time><extensions><mytracks:speed>9.340929737299192</mytracks:speed><mytracks:gradient>0.05931319362667541</mytracks:gradient><mytracks:length>0.002594705179306659</mytracks:length></extensions></trkpt><trkpt lat="45.32542886424727" lon="-75.51496775951752"><ele>80.69247811360265</ele><time>2025-10-04T21:38:59.50000Z</time><extensions><mytracks:speed>8.699959994313753</mytracks:speed><mytracks:gradient>0.04109836643993217</mytracks:gradient><mytracks:length>0.002416658146766167</mytracks:length></extensions></trkpt><trkpt lat="45.32545390645082" lon="-75.51497161408093"><ele>80.67016546820601</ele><time>2025-10-04T21:39:00.50000Z</time><extensions><mytracks:speed>10.08067196243931</mytracks:speed><mytracks:length>0.002800188992890976</mytracks:length></extensions></trkpt><trkpt lat="45.32547963636072" lon="-75.51497363732831"><ele>80.63306947934861</ele><time>2025-10-04T21:39:01.50000Z</time><extensions><mytracks:speed>10.32112695283045</mytracks:speed><mytracks:length>0.002866983126825711</mytracks:length></extensions></trkpt><trkpt lat="45.32549921533103" lon="-75.51497341490662"><ele>80.53633440587662</ele><time>2025-10-04T21:39:02.50000Z</time><extensions><mytracks:speed>7.8383152830629</mytracks:speed><mytracks:length>0.002177311617739687</mytracks:length></extensions></trkpt><trkpt lat="45.32551561398078" lon="-75.51497170827989"><ele>80.51357548753235</ele><time>2025-10-04T21:39:03.50000Z</time><extensions><mytracks:speed>6.582893226945604</mytracks:speed><mytracks:length>0.001828582977816605</mytracks:length></extensions></trkpt><trkpt lat="45.32552681659694" lon="-75.51496967044098"><ele>80.59482765201706</ele><time>2025-10-04T21:39:04.50000Z</time><extensions><mytracks:speed>4.508212478537357</mytracks:speed><mytracks:gradient>0.06488325022634629</mytracks:gradient><mytracks:length>0.001252282587590172</mytracks:length></extensions></trkpt><trkpt lat="45.32553585653405" lon="-75.51496086527818"><ele>80.71600807048044</ele><time>2025-10-04T21:39:05.50000Z</time><extensions><mytracks:speed>4.376748835745801</mytracks:speed><mytracks:gradient>0.09967421087907158</mytracks:gradient><mytracks:length>0.001215765014788054</mytracks:length></extensions></trkpt><trkpt lat="45.32554837745266" lon="-75.51493954308334"><ele>80.85806218028054</ele><time>2025-10-04T21:39:06.50000Z</time><extensions><mytracks:speed>7.815930710133862</mytracks:speed><mytracks:gradient>0.06542974694959706</mytracks:gradient><mytracks:length>0.002171093675626303</mytracks:length></extensions></trkpt><trkpt lat="45.3255671279268" lon="-75.51490375838749"><ele>81.01145854872213</ele><time>2025-10-04T21:39:07.50000Z</time><extensions><mytracks:speed>12.55731360553379</mytracks:speed><mytracks:gradient>0.04397648119042741</mytracks:gradient><mytracks:length>0.003488145578936895</mytracks:length></extensions></trkpt><trkpt lat="45.32559318862333" lon="-75.51485755250371"><ele>81.08388878989098</ele><time>2025-10-04T21:39:08.50000Z</time><extensions><mytracks:speed>16.66967684425745</mytracks:speed><mytracks:gradient>0.01564209763786306</mytracks:gradient><mytracks:length>0.004630468550044198</mytracks:length></extensions></trkpt><trkpt lat="45.32562323898141" lon="-75.51481385705704"><ele>81.02108272150775</ele><time>2025-10-04T21:39:09.50000Z</time><extensions><mytracks:speed>17.19735494902498</mytracks:speed><mytracks:length>0.004777047597139085</mytracks:length></extensions></trkpt><trkpt lat="45.3256543475483" lon="-75.51478312346812"><ele>80.94702911589673</ele><time>2025-10-04T21:39:10.50000Z</time><extensions><mytracks:speed>15.15765382756435</mytracks:speed><mytracks:length>0.004210463411952639</mytracks:length></extensions></trkpt><trkpt lat="45.32568292983704" lon="-75.51476783380154"><ele>80.74065384106743</ele><time>2025-10-04T21:39:11.50000Z</time><extensions><mytracks:speed>12.22264012489486</mytracks:speed><mytracks:length>0.003395181455101408</mytracks:length></extensions></trkpt><trkpt lat="45.32570531826111" lon="-75.51476482384638"><ele>80.65230087663637</ele><time>2025-10-04T21:39:12.50000Z</time><extensions><mytracks:speed>9.009945311999916</mytracks:speed><mytracks:length>0.002502765271839592</mytracks:length></extensions></trkpt><trkpt lat="45.32572501117499" lon="-75.51476966022199"><ele>80.62280440077531</ele><time>2025-10-04T21:39:13.50000Z</time><extensions><mytracks:speed>8.007850868965999</mytracks:speed><mytracks:length>0.002224405140513251</mytracks:length></extensions></trkpt><trkpt lat="45.32574679328346" lon="-75.51477902792691"><ele>80.65730815603672</ele><time>2025-10-04T21:39:14.50000Z</time><extensions><mytracks:speed>9.113066784926442</mytracks:speed><mytracks:gradient>0.01363025078231984</mytracks:gradient><mytracks:length>0.002531410156162887</mytracks:length></extensions></trkpt><trkpt lat="45.32577924265185" lon="-75.5147937389013"><ele>80.7918104829773</ele><time>2025-10-04T21:39:15.50000Z</time><extensions><mytracks:speed>13.63216526447819</mytracks:speed><mytracks:gradient>0.0355195119845798</mytracks:gradient><mytracks:length>0.003786716636168006</mytracks:length></extensions></trkpt><trkpt lat="45.32582335649438" lon="-75.51481447526163"><ele>80.76235266457523</ele><time>2025-10-04T21:39:16.50000Z</time><extensions><mytracks:speed>18.5972663743553</mytracks:speed><mytracks:length>0.005165911021154658</mytracks:length></extensions></trkpt><trkpt lat="45.3258688652927" lon="-75.514837748605"><ele>80.69963665839666</ele><time>2025-10-04T21:39:17.50000Z</time><extensions><mytracks:speed>19.35739820968123</mytracks:speed><mytracks:length>0.005377060186204092</mytracks:length></extensions></trkpt><trkpt lat="45.32592480457373" lon="-75.51486531701124"><ele>80.69422509567519</ele><time>2025-10-04T21:39:18.50000Z</time><extensions><mytracks:speed>23.69801283538401</mytracks:speed><mytracks:length>0.006582789190449098</mytracks:length></extensions></trkpt><trkpt lat="45.3259973693457" lon="-75.51490059273084"><ele>80.72510910683864</ele><time>2025-10-04T21:39:19.50000Z</time><extensions><mytracks:speed>30.69819586591503</mytracks:speed><mytracks:gradient>0.003621788106057746</mytracks:gradient><mytracks:length>0.008527282728604374</mytracks:length></extensions></trkpt><trkpt lat="45.32609990055434" lon="-75.51494803893186"><ele>80.87043421684132</ele><time>2025-10-04T21:39:20.50000Z</time><extensions><mytracks:speed>43.16014212524725</mytracks:speed><mytracks:gradient>0.0121215966618249</mytracks:gradient><mytracks:length>0.01198894123084893</mytracks:length></extensions></trkpt><trkpt lat="45.32624765006101" lon="-75.51501617980252"><ele>81.02055144900015</ele><time>2025-10-04T21:39:21.50000Z</time><extensions><mytracks:speed>62.17526001135094</mytracks:speed><mytracks:gradient>0.008691907114022998</mytracks:gradient><mytracks:length>0.01727091997067527</mytracks:length></extensions></trkpt><trkpt lat="45.3264276425898" lon="-75.51510410598445"><ele>80.99198666300866</ele><time>2025-10-04T21:39:22.50000Z</time><extensions><mytracks:speed>76.18257818936456</mytracks:speed><mytracks:length>0.02116184241094186</mytracks:length></extensions></trkpt><trkpt lat="45.32662388009228" lon="-75.51520737358317"><ele>80.85670839893272</ele><time>2025-10-04T21:39:23.50000Z</time><extensions><mytracks:speed>83.75863588371136</mytracks:speed><mytracks:length>0.0232663154810517</mytracks:length></extensions></trkpt><trkpt lat="45.32682239842779" lon="-75.51531986250725"><ele>80.78523163896817</ele><time>2025-10-04T21:39:24.50000Z</time><extensions><mytracks:speed>85.54142436313258</mytracks:speed><mytracks:length>0.02376152942827555</mytracks:length></extensions></trkpt><trkpt lat="45.3270123821188" lon="-75.51543242269005"><ele>80.6493053142533</ele><time>2025-10-04T21:39:25.50000Z</time><extensions><mytracks:speed>82.38494799318018</mytracks:speed><mytracks:length>0.02288472414430192</mytracks:length></extensions></trkpt><trkpt lat="45.3271923356833" lon="-75.51553819105156"><ele>80.61171039408394</ele><time>2025-10-04T21:39:26.50000Z</time><extensions><mytracks:speed>77.94379181825535</mytracks:speed><mytracks:length>0.02165107651190883</mytracks:length></extensions></trkpt><trkpt lat="45.32735947927249" lon="-75.51563349906556"><ele>80.43728568802807</ele><time>2025-10-04T21:39:27.50000Z</time><extensions><mytracks:speed>72.08444099963076</mytracks:speed><mytracks:length>0.02002347254210438</mytracks:length></extensions></trkpt><trkpt lat="45.32751553137227" lon="-75.51572369231299"><ele>80.29239074090987</ele><time>2025-10-04T21:39:28.50000Z</time><extensions><mytracks:speed>67.42860375104817</mytracks:speed><mytracks:length>0.01873018333829439</mytracks:length></extensions></trkpt><trkpt lat="45.32766582826125" lon="-75.51580701140253"><ele>80.19672643905585</ele><time>2025-10-04T21:39:29.50000Z</time><extensions><mytracks:speed>64.57219661730011</mytracks:speed><mytracks:length>0.01793674266482137</mytracks:length></extensions></trkpt><trkpt lat="45.32781390595215" lon="-75.51588955752631"><ele>80.2013506784421</ele><time>2025-10-04T21:39:30.50000Z</time><extensions><mytracks:speed>63.66500823092545</mytracks:speed><mytracks:gradient>0.000261481877989409</mytracks:gradient><mytracks:length>0.01768474137405796</mytracks:length></extensions></trkpt><trkpt lat="45.32796566023052" lon="-75.51597415182609"><ele>80.45029394953413</ele><time>2025-10-04T21:39:31.50000Z</time><extensions><mytracks:speed>65.24612740663213</mytracks:speed><mytracks:gradient>0.01373560327447323</mytracks:gradient><mytracks:length>0.01812394156394113</mytracks:length></extensions></trkpt><trkpt lat="45.32820526495594" lon="-75.51610243009105"><ele>80.96343229719389</ele><time>2025-10-04T21:39:33.00000Z</time><extensions><mytracks:speed>68.32597720240945</mytracks:speed><mytracks:gradient>0.01802523848338565</mytracks:gradient><mytracks:length>0.02846777023964124</mytracks:length></extensions></trkpt><trkpt lat="45.32836919571048" lon="-75.51618958460061"><ele>81.29463068815285</ele><time>2025-10-04T21:39:34.00000Z</time><extensions><mytracks:speed>69.01871285194807</mytracks:speed><mytracks:gradient>0.01761693343280042</mytracks:gradient><mytracks:length>0.01946011516898691</mytracks:length></extensions></trkpt><trkpt lat="45.32853679820807" lon="-75.51627871414223"><ele>81.53917704163679</ele><time>2025-10-04T21:39:35.00000Z</time><extensions><mytracks:speed>70.84423672369681</mytracks:speed><mytracks:gradient>0.01462896487813366</mytracks:gradient><mytracks:length>0.01989613740788044</mytracks:length></extensions></trkpt><trkpt lat="45.32879004720127" lon="-75.51641065601959"><ele>81.58605513824472</ele><time>2025-10-04T21:39:36.50000Z</time><extensions><mytracks:speed>71.97679671314697</mytracks:speed><mytracks:gradient>0.001563143109608072</mytracks:gradient><mytracks:length>0.02998963838933488</mytracks:length></extensions></trkpt><trkpt lat="45.32895599385293" lon="-75.51649475229831"><ele>81.52197793663423</ele><time>2025-10-04T21:39:37.50000Z</time><extensions><mytracks:speed>70.51895860699484</mytracks:speed><mytracks:length>0.0195886743376315</mytracks:length></extensions></trkpt><trkpt lat="45.32911887317994" lon="-75.51657685693937"><ele>81.4443632193331</ele><time>2025-10-04T21:39:38.50000Z</time><extensions><mytracks:speed>69.17442204505267</mytracks:speed><mytracks:length>0.01921519511583297</mytracks:length></extensions></trkpt><trkpt lat="45.32927849562034" lon="-75.51665688332163"><ele>81.26013953151704</ele><time>2025-10-04T21:39:39.50000Z</time><extensions><mytracks:speed>67.74980557473876</mytracks:speed><mytracks:length>0.01881947120148933</mytracks:length></extensions></trkpt><trkpt lat="45.32943677768365" lon="-75.51674020694959"><ele>81.25713829969786</ele><time>2025-10-04T21:39:40.50000Z</time><extensions><mytracks:speed>67.56073470538944</mytracks:speed><mytracks:length>0.01876695800172491</mytracks:length></extensions></trkpt><trkpt lat="45.32959217317416" lon="-75.51682739631478"><ele>81.2430848513041</ele><time>2025-10-04T21:39:41.50000Z</time><extensions><mytracks:speed>66.87001001854382</mytracks:speed><mytracks:length>0.01857508028387982</mytracks:length></extensions></trkpt><trkpt lat="45.32974812568926" lon="-75.51691569562981"><ele>81.17015338542994</ele><time>2025-10-04T21:39:42.50000Z</time><extensions><mytracks:speed>67.19244985704586</mytracks:speed><mytracks:length>0.01866462725447648</mytracks:length></extensions></trkpt><trkpt lat="45.32990384236511" lon="-75.51700349475603"><ele>81.15517569585938</ele><time>2025-10-04T21:39:43.50000Z</time><extensions><mytracks:speed>67.05228671136878</mytracks:speed><mytracks:length>0.01862571513015705</mytracks:length></extensions></trkpt><trkpt lat="45.33005891244126" lon="-75.51708991513547"><ele>81.11463629124749</ele><time>2025-10-04T21:39:44.50000Z</time><extensions><mytracks:speed>66.66881772089349</mytracks:speed><mytracks:length>0.01851919771665615</mytracks:length></extensions></trkpt><trkpt lat="45.33021555460154" lon="-75.51717387395064"><ele>81.09350114515289</ele><time>2025-10-04T21:39:45.50000Z</time><extensions><mytracks:speed>67.00705980795246</mytracks:speed><mytracks:length>0.01861312985900453</mytracks:length></extensions></trkpt><trkpt lat="45.33037050283541" lon="-75.51725712132266"><ele>81.20874604691558</ele><time>2025-10-04T21:39:46.50000Z</time><extensions><mytracks:speed>66.30258288684963</mytracks:speed><mytracks:gradient>0.006257376319472146</mytracks:gradient><mytracks:length>0.01841744780541108</mytracks:length></extensions></trkpt><trkpt lat="45.33052347059057" lon="-75.51733976012297"><ele>81.38431514040893</ele><time>2025-10-04T21:39:47.50000Z</time><extensions><mytracks:speed>65.49973512948523</mytracks:speed><mytracks:gradient>0.009649612746023332</mytracks:gradient><mytracks:length>0.018194418585938</mytracks:length></extensions></trkpt><trkpt lat="45.3306759443351" lon="-75.51742203781023"><ele>81.58844409914754</ele><time>2025-10-04T21:39:48.50000Z</time><extensions><mytracks:speed>65.28012482289458</mytracks:speed><mytracks:gradient>0.01125707809275356</mytracks:gradient><mytracks:length>0.01813338746135286</mytracks:length></extensions></trkpt><trkpt lat="45.3308290791748" lon="-75.51750473647995"><ele>81.77874642264763</ele><time>2025-10-04T21:39:49.50000Z</time><extensions><mytracks:speed>65.5692851000038</mytracks:speed><mytracks:gradient>0.01044829107389263</mytracks:gradient><mytracks:length>0.018213727216655</mytracks:length></extensions></trkpt><trkpt lat="45.330983384192" lon="-75.51758868327175"><ele>81.86124007266623</ele><time>2025-10-04T21:39:50.50000Z</time><extensions><mytracks:speed>66.13248052862798</mytracks:speed><mytracks:gradient>0.00449063216833633</mytracks:gradient><mytracks:length>0.01837016413864229</mytracks:length></extensions></trkpt><trkpt lat="45.33114038445733" lon="-75.51767402214814"><ele>81.98553720089762</ele><time>2025-10-04T21:39:51.50000Z</time><extensions><mytracks:speed>67.28027551481362</mytracks:speed><mytracks:gradient>0.006650818704512619</mytracks:gradient><mytracks:length>0.01868899661135763</mytracks:length></extensions></trkpt><trkpt lat="45.33129980732099" lon="-75.51776035357499"><ele>82.10999997165844</ele><time>2025-10-04T21:39:52.50000Z</time><extensions><mytracks:speed>68.28490480716057</mytracks:speed><mytracks:gradient>0.006561701664538043</mytracks:gradient><mytracks:length>0.01896806303057928</mytracks:length></extensions></trkpt><trkpt lat="45.33146076966221" lon="-75.51784770462058"><ele>82.196732215629</ele><time>2025-10-04T21:39:53.50000Z</time><extensions><mytracks:speed>68.96321240102786</mytracks:speed><mytracks:gradient>0.004527567970901316</mytracks:gradient><mytracks:length>0.01915647529269292</mytracks:length></extensions></trkpt><trkpt lat="45.33162342795422" lon="-75.51793537842671"><ele>82.29510965780567</ele><time>2025-10-04T21:39:54.50000Z</time><extensions><mytracks:speed>69.63067884062998</mytracks:speed><mytracks:gradient>0.005086237943785377</mytracks:gradient><mytracks:length>0.01934188751371182</mytracks:length></extensions></trkpt><trkpt lat="45.33178715620833" lon="-75.51802339816217"><ele>82.27582356214869</ele><time>2025-10-04T21:39:55.50000Z</time><extensions><mytracks:speed>70.06545884570097</mytracks:speed><mytracks:length>0.01946266225902904</mytracks:length></extensions></trkpt><trkpt lat="45.33195149357245" lon="-75.51811173959362"><ele>82.20476567631752</ele><time>2025-10-04T21:39:56.50000Z</time><extensions><mytracks:speed>70.32590554145197</mytracks:speed><mytracks:length>0.01953499937776821</mytracks:length></extensions></trkpt><trkpt lat="45.33211658505462" lon="-75.51820078047501"><ele>82.18891509527832</ele><time>2025-10-04T21:39:57.50000Z</time><extensions><mytracks:speed>70.67794067568809</mytracks:speed><mytracks:length>0.01963279406450762</mytracks:length></extensions></trkpt><trkpt lat="45.33228252507343" lon="-75.51829048005159"><ele>82.14580442458154</ele><time>2025-10-04T21:39:58.50000Z</time><extensions><mytracks:speed>71.06115482527947</mytracks:speed><mytracks:length>0.01973923791085468</mytracks:length></extensions></trkpt><trkpt lat="45.33244989402848" lon="-75.51838125347197"><ele>82.07025536768765</ele><time>2025-10-04T21:39:59.50000Z</time><extensions><mytracks:speed>71.70260524372807</mytracks:speed><mytracks:length>0.0199174164631975</mytracks:length></extensions></trkpt><trkpt lat="45.33261892836349" lon="-75.51847321801759"><ele>82.05123611115158</ele><time>2025-10-04T21:40:00.50000Z</time><extensions><mytracks:speed>72.44484247577198</mytracks:speed><mytracks:length>0.02012359614137511</mytracks:length></extensions></trkpt><trkpt lat="45.33278891282912" lon="-75.51856516250234"><ele>81.98889857512405</ele><time>2025-10-04T21:40:01.50000Z</time><extensions><mytracks:speed>72.79868043332034</mytracks:speed><mytracks:length>0.02022188701415195</mytracks:length></extensions></trkpt><trkpt lat="45.33295890081434" lon="-75.51865695727751"><ele>81.9338440638941</ele><time>2025-10-04T21:40:02.50000Z</time><extensions><mytracks:speed>72.78503235889117</mytracks:speed><mytracks:length>0.02021809828667199</mytracks:length></extensions></trkpt><trkpt lat="45.33313008692171" lon="-75.51874794427854"><ele>82.02581739480833</ele><time>2025-10-04T21:40:03.50000Z</time><extensions><mytracks:speed>73.15322795649514</mytracks:speed><mytracks:gradient>0.00452616468696796</mytracks:gradient><mytracks:length>0.02032036774513411</mytracks:length></extensions></trkpt><trkpt lat="45.33330177202932" lon="-75.51883831003497"><ele>82.07662230451716</ele><time>2025-10-04T21:40:04.50000Z</time><extensions><mytracks:speed>73.28003891603436</mytracks:speed><mytracks:gradient>0.002495869191901919</mytracks:gradient><mytracks:length>0.02035559791100896</mytracks:length></extensions></trkpt><trkpt lat="45.33347406827708" lon="-75.51892758761977"><ele>82.03773310290894</ele><time>2025-10-04T21:40:05.50000Z</time><extensions><mytracks:speed>73.40427010663387</mytracks:speed><mytracks:length>0.02039010419785682</mytracks:length></extensions></trkpt><trkpt lat="45.33364570378081" lon="-75.51901684715608"><ele>82.00837552871221</ele><time>2025-10-04T21:40:06.50000Z</time><extensions><mytracks:speed>73.15400886544271</mytracks:speed><mytracks:length>0.02032058950936923</mytracks:length></extensions></trkpt><trkpt lat="45.33381502476067" lon="-75.51910603461994"><ele>81.87415597118429</ele><time>2025-10-04T21:40:07.50000Z</time><extensions><mytracks:speed>72.27696650109093</mytracks:speed><mytracks:length>0.02007696385947801</mytracks:length></extensions></trkpt><trkpt lat="45.33398195663366" lon="-75.51919487615145"><ele>81.92021412029609</ele><time>2025-10-04T21:40:08.50000Z</time><extensions><mytracks:speed>71.3474068199387</mytracks:speed><mytracks:gradient>0.002323968130041774</mytracks:gradient><mytracks:length>0.0198187524675619</mytracks:length></extensions></trkpt><trkpt lat="45.33414711684522" lon="-75.51928469978931"><ele>81.95580113486947</ele><time>2025-10-04T21:40:09.50000Z</time><extensions><mytracks:speed>70.78116299825761</mytracks:speed><mytracks:gradient>0.001809987975584168</mytracks:gradient><mytracks:length>0.01966146463591545</mytracks:length></extensions></trkpt><trkpt lat="45.33431109613745" lon="-75.5193748653538"><ele>82.17184513942344</ele><time>2025-10-04T21:40:10.50000Z</time><extensions><mytracks:speed>70.37488508933907</mytracks:speed><mytracks:gradient>0.01105163291608868</mytracks:gradient><mytracks:length>0.01954860482557768</mytracks:length></extensions></trkpt><trkpt lat="45.33447466895305" lon="-75.51946394392418"><ele>82.33698924729083</ele><time>2025-10-04T21:40:11.50000Z</time><extensions><mytracks:speed>70.11297107679657</mytracks:speed><mytracks:gradient>0.008479427670162975</mytracks:gradient><mytracks:length>0.01947585548120102</mytracks:length></extensions></trkpt><trkpt lat="45.33463784039932" lon="-75.5195530346692"><ele>82.38835100251325</ele><time>2025-10-04T21:40:12.50000Z</time><extensions><mytracks:speed>69.96371844059762</mytracks:speed><mytracks:gradient>0.002642827717242874</mytracks:gradient><mytracks:length>0.01943439403458324</mytracks:length></extensions></trkpt><trkpt lat="45.33479986097629" lon="-75.51964157400802"><ele>82.6198236427899</ele><time>2025-10-04T21:40:13.50000Z</time><extensions><mytracks:speed>69.47786839298261</mytracks:speed><mytracks:gradient>0.01199375042567454</mytracks:gradient><mytracks:length>0.01929943779563275</mytracks:length></extensions></trkpt><trkpt lat="45.33496325112284" lon="-75.51973001015817"><ele>82.66899332961268</ele><time>2025-10-04T21:40:14.50000Z</time><extensions><mytracks:speed>69.97959357362362</mytracks:speed><mytracks:gradient>0.002529461125872711</mytracks:gradient><mytracks:length>0.01943879916549998</mytracks:length></extensions></trkpt><trkpt lat="45.33512830759077" lon="-75.51982076697273"><ele>82.84404894081416</ele><time>2025-10-04T21:40:15.50000Z</time><extensions><mytracks:speed>70.83643218363432</mytracks:speed><mytracks:gradient>0.008896542067284133</mytracks:gradient><mytracks:length>0.01967681486554538</mytracks:length></extensions></trkpt><trkpt lat="45.33529576610518" lon="-75.51991314336082"><ele>83.01995011049051</ele><time>2025-10-04T21:40:16.50000Z</time><extensions><mytracks:speed>71.89781240368674</mytracks:speed><mytracks:gradient>0.0088075462076309</mytracks:gradient><mytracks:length>0.01997164312620344</mytracks:length></extensions></trkpt><trkpt lat="45.3354661474845" lon="-75.5200088474725"><ele>83.15098413410949</ele><time>2025-10-04T21:40:17.50000Z</time><extensions><mytracks:speed>73.32785042328841</mytracks:speed><mytracks:gradient>0.006433051119074546</mytracks:gradient><mytracks:length>0.02036887647767218</mytracks:length></extensions></trkpt><trkpt lat="45.33563947526346" lon="-75.52010615393647"><ele>83.29929027514501</ele><time>2025-10-04T21:40:18.50000Z</time><extensions><mytracks:speed>74.59049018987432</mytracks:speed><mytracks:gradient>0.007157765223489036</mytracks:gradient><mytracks:length>0.0207196151878292</mytracks:length></extensions></trkpt><trkpt lat="45.33581492456968" lon="-75.52020468889546"><ele>83.42244177170711</ele><time>2025-10-04T21:40:19.50000Z</time><extensions><mytracks:speed>75.50798808570607</mytracks:speed><mytracks:gradient>0.005871494720672285</mytracks:gradient><mytracks:length>0.02097447113909707</mytracks:length></extensions></trkpt><trkpt lat="45.33599132972611" lon="-75.52030377255161"><ele>83.35615294553068</ele><time>2025-10-04T21:40:20.50000Z</time><extensions><mytracks:speed>75.91991791208548</mytracks:speed><mytracks:length>0.02108888871258911</mytracks:length></extensions></trkpt><trkpt lat="45.33616790015804" lon="-75.52040230232612"><ele>83.20797446665799</ele><time>2025-10-04T21:40:21.50000Z</time><extensions><mytracks:speed>75.92524824302255</mytracks:speed><mytracks:length>0.02109038444665169</mytracks:length></extensions></trkpt><trkpt lat="45.33634490085131" lon="-75.5204990909301"><ele>82.93846330616941</ele><time>2025-10-04T21:40:22.50000Z</time><extensions><mytracks:speed>75.90836002040231</mytracks:speed><mytracks:length>0.02108568321088907</mytracks:length></extensions></trkpt><trkpt lat="45.33651637529073" lon="-75.52059333666405"><ele>82.8007465425483</ele><time>2025-10-04T21:40:23.50000Z</time><extensions><mytracks:speed>73.58626876014773</mytracks:speed><mytracks:length>0.0204406521415692</mytracks:length></extensions></trkpt><trkpt lat="45.33668921170197" lon="-75.52068680610168"><ele>82.67860538287746</ele><time>2025-10-04T21:40:24.50000Z</time><extensions><mytracks:speed>74.01753022069346</mytracks:speed><mytracks:length>0.02056045202223405</mytracks:length></extensions></trkpt><trkpt lat="45.33686041405799" lon="-75.52077785269664"><ele>82.59609403993615</ele><time>2025-10-04T21:40:25.50000Z</time><extensions><mytracks:speed>73.16440406655296</mytracks:speed><mytracks:length>0.02032347222422108</mytracks:length></extensions></trkpt><trkpt lat="45.33702743507844" lon="-75.52087061064029"><ele>82.51464517164523</ele><time>2025-10-04T21:40:26.50000Z</time><extensions><mytracks:speed>71.77260147863637</mytracks:speed><mytracks:length>0.01993686464059088</mytracks:length></extensions></trkpt><trkpt lat="45.33719626522397" lon="-75.52096240611748"><ele>82.29767007706266</ele><time>2025-10-04T21:40:27.50000Z</time><extensions><mytracks:speed>72.34964432813175</mytracks:speed><mytracks:length>0.02009715456941051</mytracks:length></extensions></trkpt><trkpt lat="45.33735960234982" lon="-75.52105283602947"><ele>82.1562304310424</ele><time>2025-10-04T21:40:28.50000Z</time><extensions><mytracks:speed>70.16042608687583</mytracks:speed><mytracks:length>0.01948903977214431</mytracks:length></extensions></trkpt><trkpt lat="45.3375213530942" lon="-75.52114344003982"><ele>82.15496373029765</ele><time>2025-10-04T21:40:29.50000Z</time><extensions><mytracks:speed>69.58874569804277</mytracks:speed><mytracks:length>0.01933023479042833</mytracks:length></extensions></trkpt><trkpt lat="45.33768249264561" lon="-75.52123242988908"><ele>82.19152142053609</ele><time>2025-10-04T21:40:30.50000Z</time><extensions><mytracks:speed>69.19401075066712</mytracks:speed><mytracks:gradient>0.00190200682798642</mytracks:gradient><mytracks:length>0.01922058832835065</mytracks:length></extensions></trkpt><trkpt lat="45.33784044568731" lon="-75.52132264553555"><ele>82.23313216961037</ele><time>2025-10-04T21:40:31.50000Z</time><extensions><mytracks:speed>68.13339412340984</mytracks:speed><mytracks:gradient>0.002198606425247658</mytracks:gradient><mytracks:length>0.01892596537354026</mytracks:length></extensions></trkpt><trkpt lat="45.33799444588007" lon="-75.52140989675961"><ele>82.30287351429338</ele><time>2025-10-04T21:40:32.50000Z</time><extensions><mytracks:speed>66.35555461847898</mytracks:speed><mytracks:gradient>0.003783684923978144</mytracks:gradient><mytracks:length>0.01843212267518409</mytracks:length></extensions></trkpt><trkpt lat="45.33814699223521" lon="-75.52149227039695"><ele>82.22890467448221</ele><time>2025-10-04T21:40:33.50000Z</time><extensions><mytracks:speed>65.31589285169257</mytracks:speed><mytracks:length>0.01814332519841789</mytracks:length></extensions></trkpt><trkpt lat="45.33829542913878" lon="-75.52157181158204"><ele>82.19110577222872</ele><time>2025-10-04T21:40:34.50000Z</time><extensions><mytracks:speed>63.49596363858947</mytracks:speed><mytracks:length>0.01763779290841501</mytracks:length></extensions></trkpt><trkpt lat="45.33844225264121" lon="-75.52164858433672"><ele>82.1492744933299</ele><time>2025-10-04T21:40:35.50000Z</time><extensions><mytracks:speed>62.61792842000676</mytracks:speed><mytracks:length>0.01739389803470817</mytracks:length></extensions></trkpt><trkpt lat="45.33859085630871" lon="-75.52172446535754"><ele>82.18057673171522</ele><time>2025-10-04T21:40:36.50000Z</time><extensions><mytracks:speed>63.20281247433213</mytracks:speed><mytracks:gradient>0.001782957426118523</mytracks:gradient><mytracks:length>0.01755635772720996</mytracks:length></extensions></trkpt><trkpt lat="45.33873619031062" lon="-75.5218021080608"><ele>82.12564589093478</ele><time>2025-10-04T21:40:37.50000Z</time><extensions><mytracks:speed>62.14516497029877</mytracks:speed><mytracks:length>0.01726256846149705</mytracks:length></extensions></trkpt><trkpt lat="45.33888181242327" lon="-75.52187936227293"><ele>82.05224428017318</ele><time>2025-10-04T21:40:38.50000Z</time><extensions><mytracks:speed>62.21373783230322</mytracks:speed><mytracks:length>0.01728161444357169</mytracks:length></extensions></trkpt><trkpt lat="45.3390266417471" lon="-75.52195823439099"><ele>82.06834607497203</ele><time>2025-10-04T21:40:39.50000Z</time><extensions><mytracks:speed>62.07841278387355</mytracks:speed><mytracks:gradient>0.0009337608610632447</mytracks:gradient><mytracks:length>0.01724402410753011</mytracks:length></extensions></trkpt><trkpt lat="45.33917248067063" lon="-75.5220404285601"><ele>82.03946805264493</ele><time>2025-10-04T21:40:40.50000Z</time><extensions><mytracks:speed>62.79302649121151</mytracks:speed><mytracks:length>0.01744253646899461</mytracks:length></extensions></trkpt><trkpt lat="45.33931944436205" lon="-75.52212679692236"><ele>82.09719565330094</ele><time>2025-10-04T21:40:41.50000Z</time><extensions><mytracks:speed>63.6512087526472</mytracks:speed><mytracks:gradient>0.003264966123546006</mytracks:gradient><mytracks:length>0.01768091872062419</mytracks:length></extensions></trkpt><trkpt lat="45.33946608907512" lon="-75.52221268849007"><ele>82.19750472437433</ele><time>2025-10-04T21:40:42.50000Z</time><extensions><mytracks:speed>63.48215789971579</mytracks:speed><mytracks:gradient>0.005688402981066301</mytracks:gradient><mytracks:length>0.01763396007759279</mytracks:length></extensions></trkpt><trkpt lat="45.33961079437736" lon="-75.52229533080083"><ele>82.25698050678739</ele><time>2025-10-04T21:40:43.50000Z</time><extensions><mytracks:speed>62.41991049253945</mytracks:speed><mytracks:gradient>0.00343019613823973</mytracks:gradient><mytracks:length>0.01733888676219569</mytracks:length></extensions></trkpt><trkpt lat="45.33975339824227" lon="-75.52237335631015"><ele>82.30699106061383</ele><time>2025-10-04T21:40:44.50000Z</time><extensions><mytracks:speed>61.16094210449346</mytracks:speed><mytracks:gradient>0.002943671729607098</mytracks:gradient><mytracks:length>0.01698917488775637</mytracks:length></extensions></trkpt><trkpt lat="45.33989609593235" lon="-75.5224470515974"><ele>82.28756589606837</ele><time>2025-10-04T21:40:45.50000Z</time><extensions><mytracks:speed>60.76913559048324</mytracks:speed><mytracks:length>0.01688033958928584</mytracks:length></extensions></trkpt><trkpt lat="45.3400368066455" lon="-75.52252095993826"><ele>82.27107838446486</ele><time>2025-10-04T21:40:46.50000Z</time><extensions><mytracks:speed>60.04207635716077</mytracks:speed><mytracks:length>0.01667837840223332</mytracks:length></extensions></trkpt><trkpt lat="45.34017845435162" lon="-75.52259504686656"><ele>82.3216798688791</ele><time>2025-10-04T21:40:47.50000Z</time><extensions><mytracks:speed>60.41250767334233</mytracks:speed><mytracks:gradient>0.003015354138298104</mytracks:gradient><mytracks:length>0.01678127413677657</mytracks:length></extensions></trkpt><trkpt lat="45.34031553446981" lon="-75.52266965452604"><ele>82.32317035615193</ele><time>2025-10-04T21:40:48.50000Z</time><extensions><mytracks:speed>58.75107152109013</mytracks:speed><mytracks:gradient>9.133021146346734e-05</mytracks:gradient><mytracks:length>0.0163197615438403</mytracks:length></extensions></trkpt><trkpt lat="45.34044890178297" lon="-75.52274460239234"><ele>82.45032404694942</ele><time>2025-10-04T21:40:49.50000Z</time><extensions><mytracks:speed>57.40051601077519</mytracks:speed><mytracks:gradient>0.007974713790602824</mytracks:gradient><mytracks:length>0.01594460868894369</mytracks:length></extensions></trkpt><trkpt lat="45.34057937358449" lon="-75.52281521060095"><ele>82.50026978927862</ele><time>2025-10-04T21:40:50.50000Z</time><extensions><mytracks:speed>55.87963363302394</mytracks:speed><mytracks:gradient>0.00321771003765568</mytracks:gradient><mytracks:length>0.01552213895742728</mytracks:length></extensions></trkpt><trkpt lat="45.34070721168905" lon="-75.52288576651685"><ele>82.4841400957685</ele><time>2025-10-04T21:40:51.50000Z</time><extensions><mytracks:speed>54.88945179342709</mytracks:speed><mytracks:length>0.01524709357131952</mytracks:length></extensions></trkpt><trkpt lat="45.34083528395078" lon="-75.52295003599987"><ele>82.48430488557753</ele><time>2025-10-04T21:40:52.50000Z</time><extensions><mytracks:speed>54.36238380519259</mytracks:speed><mytracks:gradient>1.091273952827508e-05</mytracks:gradient><mytracks:length>0.01510068196964035</mytracks:length></extensions></trkpt><trkpt lat="45.34096222264127" lon="-75.52301011113799"><ele>82.35831290145256</ele><time>2025-10-04T21:40:53.50000Z</time><extensions><mytracks:speed>53.55167838810143</mytracks:speed><mytracks:length>0.01487548572514842</mytracks:length></extensions></trkpt><trkpt lat="45.34109036122918" lon="-75.52307076155674"><ele>82.26494881929128</ele><time>2025-10-04T21:40:54.50000Z</time><extensions><mytracks:speed>54.0596589831984</mytracks:speed><mytracks:length>0.01501659163104093</mytracks:length></extensions></trkpt><trkpt lat="45.34121581245987" lon="-75.52312949146601"><ele>82.12132435608989</ele><time>2025-10-04T21:40:55.50000Z</time><extensions><mytracks:speed>52.86786454801016</mytracks:speed><mytracks:length>0.01468554243910505</mytracks:length></extensions></trkpt><trkpt lat="45.34133716444616" lon="-75.52319113515881"><ele>82.02921751483053</ele><time>2025-10-04T21:40:56.50000Z</time><extensions><mytracks:speed>51.5818450893285</mytracks:speed><mytracks:length>0.01432831250744025</mytracks:length></extensions></trkpt><trkpt lat="45.34145465727617" lon="-75.52325231857394"><ele>82.07799126880714</ele><time>2025-10-04T21:40:57.50000Z</time><extensions><mytracks:speed>50.08484048951401</mytracks:speed><mytracks:gradient>0.003505756660556873</mytracks:gradient><mytracks:length>0.01391247559345918</mytracks:length></extensions></trkpt><trkpt lat="45.34156525965898" lon="-75.52331369469329"><ele>82.10238772683498</ele><time>2025-10-04T21:40:58.50000Z</time><extensions><mytracks:speed>47.52275762992502</mytracks:speed><mytracks:gradient>0.001848106405706753</mytracks:gradient><mytracks:length>0.01320078646581369</mytracks:length></extensions></trkpt><trkpt lat="45.34167272242526" lon="-75.52337263822326"><ele>81.99319888631619</ele><time>2025-10-04T21:40:59.50000Z</time><extensions><mytracks:speed>46.10431597222814</mytracks:speed><mytracks:length>0.01280676817688692</mytracks:length></extensions></trkpt><trkpt lat="45.34177739280702" lon="-75.52342997119467"><ele>81.91126106484199</ele><time>2025-10-04T21:41:00.50000Z</time><extensions><mytracks:speed>44.89776537630203</mytracks:speed><mytracks:length>0.01247162230764778</mytracks:length></extensions></trkpt><trkpt lat="45.3418771005124" lon="-75.52348541231481"><ele>81.6510097137686</ele><time>2025-10-04T21:41:01.50000Z</time><extensions><mytracks:speed>42.85187059167703</mytracks:speed><mytracks:length>0.0119033115764132</mytracks:length></extensions></trkpt><trkpt lat="45.34197141120305" lon="-75.52353642934379"><ele>81.44215677119668</ele><time>2025-10-04T21:41:02.50000Z</time><extensions><mytracks:speed>40.38779275954528</mytracks:speed><mytracks:length>0.01121884603337394</mytracks:length></extensions></trkpt><trkpt lat="45.34205734792344" lon="-75.52358242772686"><ele>81.31636629043031</ele><time>2025-10-04T21:41:03.50000Z</time><extensions><mytracks:speed>36.75539444231664</mytracks:speed><mytracks:length>0.01020984882902752</mytracks:length></extensions></trkpt><trkpt lat="45.34213094354505" lon="-75.5236225769256"><ele>81.03618604723523</ele><time>2025-10-04T21:41:04.50000Z</time><extensions><mytracks:speed>31.55378580880348</mytracks:speed><mytracks:length>0.008764949906206384</mytracks:length></extensions></trkpt><trkpt lat="45.34219205895631" lon="-75.52365765661158"><ele>80.85724223755174</ele><time>2025-10-04T21:41:05.50000Z</time><extensions><mytracks:speed>26.3825208501533</mytracks:speed><mytracks:length>0.007328488497403362</mytracks:length></extensions></trkpt><trkpt lat="45.34224129191172" lon="-75.52368688323868"><ele>80.60885117511609</ele><time>2025-10-04T21:41:06.50000Z</time><extensions><mytracks:speed>21.35426134703831</mytracks:speed><mytracks:length>0.005931747041368853</mytracks:length></extensions></trkpt><trkpt lat="45.34227789454478" lon="-75.52370954712784"><ele>80.43614945118507</ele><time>2025-10-04T21:41:07.50000Z</time><extensions><mytracks:speed>15.97918688672586</mytracks:speed><mytracks:length>0.004438669373648904</mytracks:length></extensions></trkpt><trkpt lat="45.34230703520651" lon="-75.52373172356948"><ele>80.38150650180228</ele><time>2025-10-04T21:41:08.50000Z</time><extensions><mytracks:speed>13.22773555390023</mytracks:speed><mytracks:length>0.003674376243424367</mytracks:length></extensions></trkpt><trkpt lat="45.34232903318966" lon="-75.52374849448199"><ele>80.39582107667488</ele><time>2025-10-04T21:41:09.50000Z</time><extensions><mytracks:speed>9.987542404136883</mytracks:speed><mytracks:gradient>0.005159668517512088</mytracks:gradient><mytracks:length>0.002774320641726452</mytracks:length></extensions></trkpt><trkpt lat="45.34234863146376" lon="-75.52375800749785"><ele>80.46512280353726</ele><time>2025-10-04T21:41:10.50000Z</time><extensions><mytracks:speed>8.294441360987529</mytracks:speed><mytracks:gradient>0.03007867431598865</mytracks:gradient><mytracks:length>0.002304015334397221</mytracks:length></extensions></trkpt><trkpt lat="45.342366545809" lon="-75.52376566122672"><ele>80.54131834881547</ele><time>2025-10-04T21:41:11.50000Z</time><extensions><mytracks:speed>7.487733371255086</mytracks:speed><mytracks:gradient>0.0366337388239119</mytracks:gradient><mytracks:length>0.002079928167978185</mytracks:length></extensions></trkpt><trkpt lat="45.34238413537877" lon="-75.52376782061918"><ele>80.63529920597904</ele><time>2025-10-04T21:41:12.50000Z</time><extensions><mytracks:speed>7.062256435696649</mytracks:speed><mytracks:gradient>0.04790686440679914</mytracks:gradient><mytracks:length>0.00196174093895058</mytracks:length></extensions></trkpt><trkpt lat="45.34239999287909" lon="-75.52376977520518"><ele>80.75429652171924</ele><time>2025-10-04T21:41:13.50000Z</time><extensions><mytracks:speed>6.375572949127048</mytracks:speed><mytracks:gradient>0.06719234918439261</mytracks:gradient><mytracks:length>0.001770995019293697</mytracks:length></extensions></trkpt><trkpt lat="45.34241339884463" lon="-75.52377714128062"><ele>80.92769756438796</ele><time>2025-10-04T21:41:14.50000Z</time><extensions><mytracks:speed>5.759554217919573</mytracks:speed><mytracks:gradient>0.1083839106001509</mytracks:gradient><mytracks:length>0.001599878078845344</mytracks:length></extensions></trkpt><trkpt lat="45.34243030738465" lon="-75.52379654874127"><ele>81.10447994061916</ele><time>2025-10-04T21:41:15.50000Z</time><extensions><mytracks:speed>8.699954808742156</mytracks:speed><mytracks:gradient>0.07315158598983558</mytracks:gradient><mytracks:length>0.002416658146766167</mytracks:length></extensions></trkpt><trkpt lat="45.34244490816184" lon="-75.52382900606182"><ele>81.21828534809416</ele><time>2025-10-04T21:41:16.50000Z</time><extensions><mytracks:speed>10.84537028478378</mytracks:speed><mytracks:gradient>0.03777638927143944</mytracks:gradient><mytracks:length>0.003012606807317091</mytracks:length></extensions></trkpt><trkpt lat="45.34245862936616" lon="-75.5238723431796"><ele>81.28956300717724</ele><time>2025-10-04T21:41:17.50000Z</time><extensions><mytracks:speed>13.37264121297154</mytracks:speed><mytracks:gradient>0.01918837135793914</mytracks:gradient><mytracks:length>0.003714627872968957</mytracks:length></extensions></trkpt><trkpt lat="45.34246429953444" lon="-75.52392633680597"><ele>81.44988413239658</ele><time>2025-10-04T21:41:18.50000Z</time><extensions><mytracks:speed>15.35669309795859</mytracks:speed><mytracks:gradient>0.03758329691677033</mytracks:gradient><mytracks:length>0.004265754693484655</mytracks:length></extensions></trkpt><trkpt lat="45.34245634742265" lon="-75.52398206978249"><ele>81.5917597571904</ele><time>2025-10-04T21:41:19.50000Z</time><extensions><mytracks:speed>16.00110693290124</mytracks:speed><mytracks:gradient>0.03191977301460608</mytracks:gradient><mytracks:length>0.004444756694507375</mytracks:length></extensions></trkpt><trkpt lat="45.3424409193879" lon="-75.52404279030995"><ele>81.93449479123325</ele><time>2025-10-04T21:41:20.50000Z</time><extensions><mytracks:speed>18.1651452627783</mytracks:speed><mytracks:gradient>0.06792373453459181</mytracks:gradient><mytracks:length>0.00504588030077027</mytracks:length></extensions></trkpt><trkpt lat="45.34241986489855" lon="-75.52410807839809"><ele>82.2601539752856</ele><time>2025-10-04T21:41:21.50000Z</time><extensions><mytracks:speed>20.21051413678815</mytracks:speed><mytracks:gradient>0.05800798721920738</mytracks:gradient><mytracks:length>0.005614040404844878</mytracks:length></extensions></trkpt><trkpt lat="45.34239775936315" lon="-75.52417636501181"><ele>82.46274098332914</ele><time>2025-10-04T21:41:22.50000Z</time><extensions><mytracks:speed>21.15642815593455</mytracks:speed><mytracks:gradient>0.03447236841171152</mytracks:gradient><mytracks:length>0.005876794005679941</mytracks:length></extensions></trkpt><trkpt lat="45.34238100518974" lon="-75.52424667895961"><ele>82.6956057966006</ele><time>2025-10-04T21:41:23.50000Z</time><extensions><mytracks:speed>20.88974231940151</mytracks:speed><mytracks:gradient>0.04013032883215688</mytracks:gradient><mytracks:length>0.005802713808935071</mytracks:length></extensions></trkpt><trkpt lat="45.34237200544364" lon="-75.52431547125008"><ele>82.65768642206159</ele><time>2025-10-04T21:41:24.50000Z</time><extensions><mytracks:speed>19.68350273274753</mytracks:speed><mytracks:length>0.005467646817713242</mytracks:length></extensions></trkpt><trkpt lat="45.34237603008996" lon="-75.52438123258084"><ele>82.58035615353118</ele><time>2025-10-04T21:41:25.50000Z</time><extensions><mytracks:speed>18.57211757272554</mytracks:speed><mytracks:length>0.005158927697893043</mytracks:length></extensions></trkpt><trkpt lat="45.34239891965496" lon="-75.52444252153985"><ele>82.60068161449968</ele><time>2025-10-04T21:41:26.50000Z</time><extensions><mytracks:speed>19.52860593327332</mytracks:speed><mytracks:gradient>0.003746891293037626</mytracks:gradient><mytracks:length>0.005424619872549154</mytracks:length></extensions></trkpt><trkpt lat="45.34244143129977" lon="-75.52450208248116"><ele>82.73343281763168</ele><time>2025-10-04T21:41:27.50000Z</time><extensions><mytracks:speed>23.88212457866061</mytracks:speed><mytracks:gradient>0.02001093521032793</mytracks:gradient><mytracks:length>0.006633932983976071</mytracks:length></extensions></trkpt><trkpt lat="45.3425024133165" lon="-75.52455831250037"><ele>82.98088216781773</ele><time>2025-10-04T21:41:28.50000Z</time><extensions><mytracks:speed>29.09033273168799</mytracks:speed><mytracks:gradient>0.03062241268177434</mytracks:gradient><mytracks:length>0.008080661467060709</mytracks:length></extensions></trkpt><trkpt lat="45.34258189314399" lon="-75.52461496705968"><ele>83.29163076619226</ele><time>2025-10-04T21:41:29.50000Z</time><extensions><mytracks:speed>35.58642413520742</mytracks:speed><mytracks:gradient>0.03143596229148286</mytracks:gradient><mytracks:length>0.009885130777711984</mytracks:length></extensions></trkpt><trkpt lat="45.34267957621193" lon="-75.52467701615258"><ele>83.40989254942518</ele><time>2025-10-04T21:41:30.50000Z</time><extensions><mytracks:speed>42.82187659630539</mytracks:speed><mytracks:gradient>0.009942159147489365</mytracks:gradient><mytracks:length>0.01189497990110007</mytracks:length></extensions></trkpt><trkpt lat="45.34279136974189" lon="-75.52474184658475"><ele>83.39195369046243</ele><time>2025-10-04T21:41:31.50000Z</time><extensions><mytracks:speed>48.32583752550818</mytracks:speed><mytracks:length>0.01342386456029501</mytracks:length></extensions></trkpt><trkpt lat="45.3429165705652" lon="-75.52480955124317"><ele>83.37402483473066</ele><time>2025-10-04T21:41:32.50000Z</time><extensions><mytracks:speed>53.61597102119983</mytracks:speed><mytracks:length>0.01489334836416206</mytracks:length></extensions></trkpt><trkpt lat="45.34304974045377" lon="-75.52487936710109"><ele>83.34647804516275</ele><time>2025-10-04T21:41:33.50000Z</time><extensions><mytracks:speed>56.81143476126368</mytracks:speed><mytracks:length>0.01578097667518694</mytracks:length></extensions></trkpt><trkpt lat="45.3431885800871" lon="-75.52495089689569"><ele>83.49505219608822</ele><time>2025-10-04T21:41:34.50000Z</time><extensions><mytracks:speed>59.10883165471025</mytracks:speed><mytracks:gradient>0.009048837999114738</mytracks:gradient><mytracks:length>0.01641914143451399</mytracks:length></extensions></trkpt><trkpt lat="45.3433331194398" lon="-75.52502912899143"><ele>83.6558493467905</ele><time>2025-10-04T21:41:35.50000Z</time><extensions><mytracks:speed>61.90412352881368</mytracks:speed><mytracks:gradient>0.009351058046934198</mytracks:gradient><mytracks:length>0.01719561036785543</mytracks:length></extensions></trkpt><trkpt lat="45.34348120888185" lon="-75.52511343072716"><ele>83.75655020760453</ele><time>2025-10-04T21:41:36.50000Z</time><extensions><mytracks:speed>63.84909624686058</mytracks:speed><mytracks:gradient>0.005677802845261427</mytracks:gradient><mytracks:length>0.01773588543992372</mytracks:length></extensions></trkpt><trkpt lat="45.34363726181002" lon="-75.52520401980983"><ele>83.85859479744909</ele><time>2025-10-04T21:41:37.50000Z</time><extensions><mytracks:speed>67.46841006491066</mytracks:speed><mytracks:gradient>0.005444919854486114</mytracks:gradient><mytracks:length>0.01874124735931193</mytracks:length></extensions></trkpt><trkpt lat="45.34388435619807" lon="-75.52534217902068"><ele>83.83848046881499</ele><time>2025-10-04T21:41:39.00000Z</time><extensions><mytracks:speed>70.85414660396712</mytracks:speed><mytracks:length>0.02952121434187447</mytracks:length></extensions></trkpt><trkpt lat="45.34404919481982" lon="-75.52543446658841"><ele>83.73341011810076</ele><time>2025-10-04T21:41:40.00000Z</time><extensions><mytracks:speed>70.87757259430093</mytracks:speed><mytracks:length>0.01969741574991348</mytracks:length></extensions></trkpt><trkpt lat="45.34421974100779" lon="-75.52552267951904"><ele>83.73096729182232</ele><time>2025-10-04T21:41:41.00000Z</time><extensions><mytracks:speed>71.77187909425727</mytracks:speed><mytracks:length>0.02017816203464392</mytracks:length></extensions></trkpt><trkpt lat="45.34447683716028" lon="-75.52565483821351"><ele>83.59469272132839</ele><time>2025-10-04T21:41:42.50000Z</time><extensions><mytracks:speed>72.95317680253703</mytracks:speed><mytracks:length>0.03039649750158184</mytracks:length></extensions></trkpt><trkpt lat="45.3446513675455" lon="-75.52574446217562"><ele>83.55783751498706</ele><time>2025-10-04T21:41:43.50000Z</time><extensions><mytracks:speed>74.27641140218871</mytracks:speed><mytracks:length>0.02063243488325502</mytracks:length></extensions></trkpt><trkpt lat="45.3448334119281" lon="-75.52583063312188"><ele>83.5945533242302</ele><time>2025-10-04T21:41:44.50000Z</time><extensions><mytracks:speed>76.79999564633479</mytracks:speed><mytracks:gradient>0.001721046475070793</mytracks:gradient><mytracks:length>0.0213334211335797</mytracks:length></extensions></trkpt><trkpt lat="45.34501663059517" lon="-75.52592102675858"><ele>83.48399752262328</ele><time>2025-10-04T21:41:45.50000Z</time><extensions><mytracks:speed>77.6266712622581</mytracks:speed><mytracks:length>0.0215630644892364</mytracks:length></extensions></trkpt><trkpt lat="45.34520199645004" lon="-75.52601347297909"><ele>83.64602747159405</ele><time>2025-10-04T21:41:46.50000Z</time><extensions><mytracks:speed>78.62758565010444</mytracks:speed><mytracks:gradient>0.007418579122349066</mytracks:gradient><mytracks:length>0.02184110276355223</mytracks:length></extensions></trkpt><trkpt lat="45.34538955518202" lon="-75.52610767343724"><ele>83.72143625849101</ele><time>2025-10-04T21:41:47.50000Z</time><extensions><mytracks:speed>79.61965088696344</mytracks:speed><mytracks:gradient>0.003409591285317223</mytracks:gradient><mytracks:length>0.02211666460484334</mytracks:length></extensions></trkpt><trkpt lat="45.34557575551754" lon="-75.52620843866015"><ele>83.71913421405343</ele><time>2025-10-04T21:41:48.50000Z</time><extensions><mytracks:speed>79.74580048212189</mytracks:speed><mytracks:length>0.02215168254333551</mytracks:length></extensions></trkpt><trkpt lat="45.34576208142759" lon="-75.52631525631134"><ele>83.80023489142896</ele><time>2025-10-04T21:41:49.50000Z</time><extensions><mytracks:speed>80.41307213135462</mytracks:speed><mytracks:gradient>0.003630769872033978</mytracks:gradient><mytracks:length>0.0223370470269155</mytracks:length></extensions></trkpt><trkpt lat="45.34594699306335" lon="-75.52642221845819"><ele>83.64250626123449</ele><time>2025-10-04T21:41:50.50000Z</time><extensions><mytracks:speed>79.90397479102425</mytracks:speed><mytracks:length>0.02219558030404918</mytracks:length></extensions></trkpt><trkpt lat="45.34613253027647" lon="-75.52652844728101"><ele>83.54886932021294</ele><time>2025-10-04T21:41:51.50000Z</time><extensions><mytracks:speed>80.05873848157353</mytracks:speed><mytracks:length>0.0222385808837497</mytracks:length></extensions></trkpt><trkpt lat="45.34632086128158" lon="-75.52663346023046"><ele>83.45796418308564</ele><time>2025-10-04T21:41:52.50000Z</time><extensions><mytracks:speed>80.97184353668239</mytracks:speed><mytracks:length>0.02249225383593577</mytracks:length></extensions></trkpt><trkpt lat="45.34650964969362" lon="-75.5267359793402"><ele>83.35254437807322</ele><time>2025-10-04T21:41:53.50000Z</time><extensions><mytracks:speed>80.88882686328863</mytracks:speed><mytracks:length>0.02246920160749325</mytracks:length></extensions></trkpt><trkpt lat="45.34669897181068" lon="-75.52683927534038"><ele>83.28472265926224</ele><time>2025-10-04T21:41:54.50000Z</time><extensions><mytracks:speed>81.16690590779068</mytracks:speed><mytracks:length>0.02254648370027893</mytracks:length></extensions></trkpt><trkpt lat="45.34688741590954" lon="-75.52694262624709"><ele>83.23749406218437</ele><time>2025-10-04T21:41:55.50000Z</time><extensions><mytracks:speed>80.84394430533796</mytracks:speed><mytracks:length>0.02245676363166747</mytracks:length></extensions></trkpt><trkpt lat="45.34707580174172" lon="-75.52704913903317"><ele>83.22505043794349</ele><time>2025-10-04T21:41:56.50000Z</time><extensions><mytracks:speed>81.14684372558396</mytracks:speed><mytracks:length>0.02254088665834922</mytracks:length></extensions></trkpt><trkpt lat="45.34726164272627" lon="-75.5271533817573"><ele>83.08505794861929</ele><time>2025-10-04T21:41:57.50000Z</time><extensions><mytracks:speed>79.96438809822526</mytracks:speed><mytracks:length>0.02221242535226374</mytracks:length></extensions></trkpt><trkpt lat="45.34744943406923" lon="-75.527256745353"><ele>82.82864964752039</ele><time>2025-10-04T21:41:58.50000Z</time><extensions><mytracks:speed>80.601634170186</mytracks:speed><mytracks:length>0.02238943890968713</mytracks:length></extensions></trkpt><trkpt lat="45.34763629109712" lon="-75.52735969503715"><ele>82.65471521780465</ele><time>2025-10-04T21:41:59.50000Z</time><extensions><mytracks:speed>80.21016657781594</mytracks:speed><mytracks:length>0.02228068947697668</mytracks:length></extensions></trkpt><trkpt lat="45.34782035827868" lon="-75.52745612828889"><ele>82.57117379620887</ele><time>2025-10-04T21:42:00.50000Z</time><extensions><mytracks:speed>78.5176356807864</mytracks:speed><mytracks:length>0.0218105453560809</mytracks:length></extensions></trkpt><trkpt lat="45.34800585231106" lon="-75.52755282542836"><ele>82.53476441795894</ele><time>2025-10-04T21:42:01.50000Z</time><extensions><mytracks:speed>79.07944956076977</mytracks:speed><mytracks:length>0.021966600181093</mytracks:length></extensions></trkpt><trkpt lat="45.34818945243058" lon="-75.52764879102257"><ele>82.58375886695522</ele><time>2025-10-04T21:42:02.50000Z</time><extensions><mytracks:speed>78.2972062642246</mytracks:speed><mytracks:gradient>0.002252690664460781</mytracks:gradient><mytracks:length>0.02174930174357072</mytracks:length></extensions></trkpt><trkpt lat="45.34837517454985" lon="-75.52774477900613"><ele>82.46357950946162</ele><time>2025-10-04T21:42:03.50000Z</time><extensions><mytracks:speed>79.09720981715395</mytracks:speed><mytracks:length>0.02197152312824928</mytracks:length></extensions></trkpt><trkpt lat="45.34856207342134" lon="-75.52784388329353"><ele>82.22265117835329</ele><time>2025-10-04T21:42:04.50000Z</time><extensions><mytracks:speed>79.84094946794286</mytracks:speed><mytracks:length>0.02217811290224449</mytracks:length></extensions></trkpt><trkpt lat="45.34874972799062" lon="-75.52794468482048"><ele>82.00696984368246</ele><time>2025-10-04T21:42:05.50000Z</time><extensions><mytracks:speed>80.29318576057243</mytracks:speed><mytracks:length>0.02230373449897234</mytracks:length></extensions></trkpt><trkpt lat="45.34893746078986" lon="-75.52804461199085"><ele>81.82245331244994</ele><time>2025-10-04T21:42:06.50000Z</time><extensions><mytracks:speed>80.23569424064625</mytracks:speed><mytracks:length>0.02228776723782479</mytracks:length></extensions></trkpt><trkpt lat="45.3491229773697" lon="-75.52814381493441"><ele>81.62919483792902</ele><time>2025-10-04T21:42:07.50000Z</time><extensions><mytracks:speed>79.33318889286178</mytracks:speed><mytracks:length>0.02203705733602299</mytracks:length></extensions></trkpt><trkpt lat="45.34930647917857" lon="-75.52824372808257"><ele>81.44306402824584</ele><time>2025-10-04T21:42:08.50000Z</time><extensions><mytracks:speed>78.64998731945612</mytracks:speed><mytracks:length>0.02184729162280868</mytracks:length></extensions></trkpt><trkpt lat="45.34948873673877" lon="-75.52834387659854"><ele>81.27736889077599</ele><time>2025-10-04T21:42:09.50000Z</time><extensions><mytracks:speed>78.20921502987852</mytracks:speed><mytracks:length>0.02172483892825212</mytracks:length></extensions></trkpt><trkpt lat="45.3496712164761" lon="-75.52844629331695"><ele>81.07521766997839</ele><time>2025-10-04T21:42:10.50000Z</time><extensions><mytracks:speed>78.5244513387734</mytracks:speed><mytracks:length>0.02181240479926185</mytracks:length></extensions></trkpt><trkpt lat="45.34985613574065" lon="-75.52854843649298"><ele>80.92428030166948</ele><time>2025-10-04T21:42:11.50000Z</time><extensions><mytracks:speed>79.4052715570968</mytracks:speed><mytracks:length>0.02205708824141473</mytracks:length></extensions></trkpt><trkpt lat="45.35004300473364" lon="-75.52865109851955"><ele>80.86511108612957</ele><time>2025-10-04T21:42:12.50000Z</time><extensions><mytracks:speed>80.18551212859259</mytracks:speed><mytracks:length>0.02227381178429642</mytracks:length></extensions></trkpt><trkpt lat="45.35023477051169" lon="-75.52875411716785"><ele>80.66138981351152</ele><time>2025-10-04T21:42:13.50000Z</time><extensions><mytracks:speed>82.05306966103979</mytracks:speed><mytracks:length>0.02279257912604968</mytracks:length></extensions></trkpt><trkpt lat="45.35043528885004" lon="-75.52885912387995"><ele>80.48645636731402</ele><time>2025-10-04T21:42:14.53900Z</time><extensions><mytracks:speed>82.30233458318929</mytracks:speed><mytracks:length>0.02375887419091246</mytracks:length></extensions></trkpt><trkpt lat="45.35063326458503" lon="-75.52896279002708"><ele>80.39532407016836</ele><time>2025-10-04T21:42:15.57800Z</time><extensions><mytracks:speed>81.30944863453273</mytracks:speed><mytracks:length>0.02345708863105013</mytracks:length></extensions></trkpt><trkpt lat="45.35082469852377" lon="-75.5290605944831"><ele>80.27476187101482</ele><time>2025-10-04T21:42:16.57700Z</time><extensions><mytracks:speed>81.40644373725644</mytracks:speed><mytracks:length>0.02261692760211503</mytracks:length></extensions></trkpt><trkpt lat="45.35100164896663" lon="-75.52915339749008"><ele>80.31727837653042</ele><time>2025-10-04T21:42:17.53100Z</time><extensions><mytracks:speed>80.32819089275993</mytracks:speed><mytracks:length>0.02096974391658654</mytracks:length></extensions></trkpt><trkpt lat="45.35117945941298" lon="-75.52924980632804"><ele>80.32209062988014</ele><time>2025-10-04T21:42:18.50300Z</time><extensions><mytracks:speed>78.72632181036838</mytracks:speed><mytracks:gradient>0.001123466698248484</mytracks:gradient><mytracks:length>0.02115822199859759</mytracks:length></extensions></trkpt><trkpt lat="45.35136605364671" lon="-75.52935307410823"><ele>80.45023581847859</ele><time>2025-10-04T21:42:19.50100Z</time><extensions><mytracks:speed>79.35217020890938</mytracks:speed><mytracks:gradient>0.003062094752674326</mytracks:gradient><mytracks:length>0.02226247918802996</mytracks:length></extensions></trkpt><trkpt lat="45.3515460344374" lon="-75.52945438835377"><ele>80.49658377127044</ele><time>2025-10-04T21:42:20.47000Z</time><extensions><mytracks:speed>80.15914718819376</mytracks:speed><mytracks:gradient>0.003985297742286725</mytracks:gradient><mytracks:length>0.02152227384736532</mytracks:length></extensions></trkpt><trkpt lat="45.35173907749511" lon="-75.52956058716008"><ele>80.4666081513311</ele><time>2025-10-04T21:42:21.49100Z</time><extensions><mytracks:speed>81.10452572222921</mytracks:speed><mytracks:length>0.02301373394641422</mytracks:length></extensions></trkpt><trkpt lat="45.35193251824416" lon="-75.52966606793451"><ele>80.39903644264351</ele><time>2025-10-04T21:42:22.51000Z</time><extensions><mytracks:speed>81.38208821181321</mytracks:speed><mytracks:length>0.02303487188856775</mytracks:length></extensions></trkpt><trkpt lat="45.3521223130656" lon="-75.52976747495637"><ele>80.09170991074585</ele><time>2025-10-04T21:42:23.53200Z</time><extensions><mytracks:speed>79.40913317105714</mytracks:speed><mytracks:length>0.02254288576142249</mytracks:length></extensions></trkpt><trkpt lat="45.35230243114591" lon="-75.52986103843978"><ele>79.97850548919959</ele><time>2025-10-04T21:42:24.49900Z</time><extensions><mytracks:speed>79.39030549307155</mytracks:speed><mytracks:length>0.02132116601024133</mytracks:length></extensions></trkpt><trkpt lat="45.3524872324409" lon="-75.52995549974354"><ele>80.03556209377206</ele><time>2025-10-04T21:42:25.50000Z</time><extensions><mytracks:speed>78.50910082599339</mytracks:speed><mytracks:gradient>0.002613140039487059</mytracks:gradient><mytracks:length>0.02183449938016559</mytracks:length></extensions></trkpt><trkpt lat="45.35267272607304" lon="-75.5300490292373"><ele>80.02848530260653</ele><time>2025-10-04T21:42:26.50100Z</time><extensions><mytracks:speed>78.7399167088917</mytracks:speed><mytracks:length>0.02188253469776368</mytracks:length></extensions></trkpt><trkpt lat="45.35285934042353" lon="-75.53014349526096"><ele>80.02864074264848</ele><time>2025-10-04T21:42:27.50000Z</time><extensions><mytracks:speed>79.04049935980136</mytracks:speed><mytracks:length>0.02202457992045183</mytracks:length></extensions></trkpt><trkpt lat="45.35304430465734" lon="-75.53023766823496"><ele>79.96045956224138</ele><time>2025-10-04T21:42:28.49700Z</time><extensions><mytracks:speed>79.11300279218482</mytracks:speed><mytracks:length>0.02184399111607693</mytracks:length></extensions></trkpt><trkpt lat="45.35322921334708" lon="-75.53033388690628"><ele>79.78430700123813</ele><time>2025-10-04T21:42:29.49100Z</time><extensions><mytracks:speed>79.08140324735403</mytracks:speed><mytracks:length>0.02189262313264509</mytracks:length></extensions></trkpt><trkpt lat="45.35341368408417" lon="-75.53043092680396"><ele>79.66228092370754</ele><time>2025-10-04T21:42:30.49100Z</time><extensions><mytracks:speed>78.69285127508361</mytracks:speed><mytracks:length>0.02186893883767653</mytracks:length></extensions></trkpt><trkpt lat="45.35359418923709" lon="-75.53052500772753"><ele>79.74275063011505</ele><time>2025-10-04T21:42:31.45200Z</time><extensions><mytracks:speed>79.39236126492568</mytracks:speed><mytracks:length>0.02137541547460183</mytracks:length></extensions></trkpt><trkpt lat="45.35378735501351" lon="-75.5306272353471"><ele>79.93248402941167</ele><time>2025-10-04T21:42:32.47000Z</time><extensions><mytracks:speed>81.06021042376155</mytracks:speed><mytracks:gradient>0.008279369924442814</mytracks:gradient><mytracks:length>0.02291640559947352</mytracks:length></extensions></trkpt><trkpt lat="45.35398758556882" lon="-75.53073004114047"><ele>80.06143183517244</ele><time>2025-10-04T21:42:33.51400Z</time><extensions><mytracks:speed>81.61001410445137</mytracks:speed><mytracks:gradient>0.005447832535493241</mytracks:gradient><mytracks:length>0.0236695612283719</mytracks:length></extensions></trkpt><trkpt lat="45.35418649118726" lon="-75.53083170722982"><ele>80.25798129318119</ele><time>2025-10-04T21:42:34.53900Z</time><extensions><mytracks:speed>82.49784213931932</mytracks:speed><mytracks:gradient>0.008363504559432232</mytracks:gradient><mytracks:length>0.02350084902949937</mytracks:length></extensions></trkpt><trkpt lat="45.35455274609743" lon="-75.53102613586819"><ele>80.35295544082547</ele><time>2025-10-04T21:42:36.45200Z</time><extensions><mytracks:speed>81.82435684407453</mytracks:speed><mytracks:gradient>0.002184966358281004</mytracks:gradient><mytracks:length>0.04346709837628775</mytracks:length></extensions></trkpt><trkpt lat="45.35475799655084" lon="-75.53114200362265"><ele>80.50799976716836</ele><time>2025-10-04T21:42:37.52400Z</time><extensions><mytracks:speed>82.4303930651667</mytracks:speed><mytracks:gradient>0.00631467217195907</mytracks:gradient><mytracks:length>0.02455302858498002</mytracks:length></extensions></trkpt><trkpt lat="45.35496328176114" lon="-75.53125924010885"><ele>80.54451182834764</ele><time>2025-10-04T21:42:38.57200Z</time><extensions><mytracks:speed>84.5113801385874</mytracks:speed><mytracks:gradient>0.001484453107766947</mytracks:gradient><mytracks:length>0.02459630485344549</mytracks:length></extensions></trkpt><trkpt lat="45.35515496107507" lon="-75.53137025575884"><ele>80.43135152815204</ele><time>2025-10-04T21:42:39.53600Z</time><extensions><mytracks:speed>85.1943339712347</mytracks:speed><mytracks:length>0.02301138408759324</mytracks:length></extensions></trkpt><trkpt lat="45.35535228381769" lon="-75.53148171275224"><ele>80.33546621532263</ele><time>2025-10-04T21:42:40.49700Z</time><extensions><mytracks:speed>87.18428938546644</mytracks:speed><mytracks:length>0.02360645931665472</mytracks:length></extensions></trkpt><trkpt lat="45.35555293202826" lon="-75.53159585773055"><ele>80.23116250276682</ele><time>2025-10-04T21:42:41.47800Z</time><extensions><mytracks:speed>88.28970956636672</mytracks:speed><mytracks:length>0.02402763441767593</mytracks:length></extensions></trkpt><trkpt lat="45.35575806983658" lon="-75.53171156825299"><ele>80.16210202397976</ele><time>2025-10-04T21:42:42.48900Z</time><extensions><mytracks:speed>87.36446826848095</mytracks:speed><mytracks:length>0.02453687213449288</mytracks:length></extensions></trkpt><trkpt lat="45.35595993410224" lon="-75.53182131741276"><ele>80.1603379210254</ele><time>2025-10-04T21:42:43.49600Z</time><extensions><mytracks:speed>85.93789998501543</mytracks:speed><mytracks:length>0.02402875968447569</mytracks:length></extensions></trkpt><trkpt lat="45.35615742026685" lon="-75.53192856500773"><ele>80.11341143867715</ele><time>2025-10-04T21:42:44.49100Z</time><extensions><mytracks:speed>85.45576936283288</mytracks:speed><mytracks:length>0.02350410860234696</mytracks:length></extensions></trkpt><trkpt lat="45.35636132641237" lon="-75.53203594486499"><ele>79.86602299264702</ele><time>2025-10-04T21:42:45.50100Z</time><extensions><mytracks:speed>86.19297516758014</mytracks:speed><mytracks:length>0.02417608959456879</mytracks:length></extensions></trkpt><trkpt lat="45.35656671118273" lon="-75.53214371527487"><ele>79.68803343449947</ele><time>2025-10-04T21:42:46.52200Z</time><extensions><mytracks:speed>85.81208600794439</mytracks:speed><mytracks:length>0.02434067726776194</mytracks:length></extensions></trkpt><trkpt lat="45.35676725614611" lon="-75.53224892463896"><ele>79.47126376723726</ele><time>2025-10-04T21:42:47.52300Z</time><extensions><mytracks:speed>85.49401806597531</mytracks:speed><mytracks:length>0.02376664940546737</mytracks:length></extensions></trkpt><trkpt lat="45.35696288257555" lon="-75.53235079026166"><ele>79.35865971243821</ele><time>2025-10-04T21:42:48.50000Z</time><extensions><mytracks:speed>85.43248212601851</mytracks:speed><mytracks:length>0.0231632399855692</mytracks:length></extensions></trkpt><trkpt lat="45.35716052257435" lon="-75.53245157235203"><ele>79.40381090121357</ele><time>2025-10-04T21:42:49.49800Z</time><extensions><mytracks:speed>84.76929251895508</mytracks:speed><mytracks:length>0.02334501251572573</mytracks:length></extensions></trkpt><trkpt lat="45.35735658362814" lon="-75.53254960825612"><ele>79.47407596106423</ele><time>2025-10-04T21:42:50.49800Z</time><extensions><mytracks:speed>83.17883686145849</mytracks:speed><mytracks:gradient>0.003040785956031261</mytracks:gradient><mytracks:length>0.02310753235073569</mytracks:length></extensions></trkpt><trkpt lat="45.35755032515181" lon="-75.53264775409517"><ele>79.71216320568243</ele><time>2025-10-04T21:42:51.50000Z</time><extensions><mytracks:speed>82.19454184429424</mytracks:speed><mytracks:gradient>0.0104117394513664</mytracks:gradient><mytracks:length>0.02286719195484227</mytracks:length></extensions></trkpt><trkpt lat="45.3577369092008" lon="-75.53274474864291"><ele>79.74394036851341</ele><time>2025-10-04T21:42:52.50200Z</time><extensions><mytracks:speed>79.37742910697769</mytracks:speed><mytracks:gradient>0.001438667275161102</mytracks:gradient><mytracks:length>0.02208791662924194</mytracks:length></extensions></trkpt><trkpt lat="45.3579179894718" lon="-75.53284239079761"><ele>79.81799865840119</ele><time>2025-10-04T21:42:53.50200Z</time><extensions><mytracks:speed>77.47470008857441</mytracks:speed><mytracks:gradient>0.003439434466420675</mytracks:gradient><mytracks:length>0.02153211250594286</mytracks:length></extensions></trkpt><trkpt lat="45.35809351866236" lon="-75.53294399983"><ele>79.80597309290384</ele><time>2025-10-04T21:42:54.50200Z</time><extensions><mytracks:speed>76.67558686493821</mytracks:speed><mytracks:gradient>0.001456173108655009</mytracks:gradient><mytracks:length>0.02107093162213706</mytracks:length></extensions></trkpt><trkpt lat="45.35842340263671" lon="-75.53313513296601"><ele>79.70551814322833</ele><time>2025-10-04T21:42:56.43300Z</time><extensions><mytracks:speed>73.83731097843369</mytracks:speed><mytracks:length>0.03960486270000412</mytracks:length></extensions></trkpt><trkpt lat="45.35859085204741" lon="-75.53323298608899"><ele>79.56748733836056</ele><time>2025-10-04T21:42:57.44800Z</time><extensions><mytracks:speed>71.37055047540214</mytracks:speed><mytracks:length>0.02012807432113578</mytracks:length></extensions></trkpt><trkpt lat="45.35876452542429" lon="-75.53333087998416"><ele>79.50899705951554</ele><time>2025-10-04T21:42:58.55500Z</time><extensions><mytracks:speed>67.53573036520105</mytracks:speed><mytracks:length>0.02077131384150027</mytracks:length></extensions></trkpt><trkpt lat="45.35904254534369" lon="-75.5334944858394"><ele>79.19555871008015</ele><time>2025-10-04T21:43:00.53500Z</time><extensions><mytracks:speed>60.83496040728194</mytracks:speed><mytracks:length>0.03345294138509484</mytracks:length></extensions></trkpt><trkpt lat="45.35916566188247" lon="-75.53356606876319"><ele>79.11072819506093</ele><time>2025-10-04T21:43:01.53100Z</time><extensions><mytracks:speed>58.36659258729512</mytracks:speed><mytracks:length>0.01478798210875042</mytracks:length></extensions></trkpt><trkpt lat="45.35928488371085" lon="-75.53363637638051"><ele>79.01508906851302</ele><time>2025-10-04T21:43:02.56100Z</time><extensions><mytracks:speed>50.15549887232302</mytracks:speed><mytracks:length>0.01434968305034163</mytracks:length></extensions></trkpt><trkpt lat="45.35938814350403" lon="-75.53369521455177"><ele>78.92608064382458</ele><time>2025-10-04T21:43:03.51600Z</time><extensions><mytracks:speed>48.45676487790348</mytracks:speed><mytracks:length>0.01236785056894877</mytracks:length></extensions></trkpt><trkpt lat="45.35948897208791" lon="-75.53375260078933"><ele>78.935924927738</ele><time>2025-10-04T21:43:04.50300Z</time><extensions><mytracks:speed>45.30203060256264</mytracks:speed><mytracks:length>0.01207508324280733</mytracks:length></extensions></trkpt><trkpt lat="45.35958410480961" lon="-75.53380749027929"><ele>78.80096905901608</ele><time>2025-10-04T21:43:05.50400Z</time><extensions><mytracks:speed>41.03645548078634</mytracks:speed><mytracks:length>0.01141476062097232</mytracks:length></extensions></trkpt><trkpt lat="45.35967106907164" lon="-75.53385631392983"><ele>78.68480405305341</ele><time>2025-10-04T21:43:06.51200Z</time><extensions><mytracks:speed>37.1345907261265</mytracks:speed><mytracks:length>0.01039574024307799</mytracks:length></extensions></trkpt><trkpt lat="45.35974636942291" lon="-75.53389858501568"><ele>78.5631066038175</ele><time>2025-10-04T21:43:07.50600Z</time><extensions><mytracks:speed>34.88190396393654</mytracks:speed><mytracks:length>0.00900084759232481</mytracks:length></extensions></trkpt><trkpt lat="45.35980675737144" lon="-75.5339327462579"><ele>78.51470007598851</ele><time>2025-10-04T21:43:08.50300Z</time><extensions><mytracks:speed>29.34161719065319</mytracks:speed><mytracks:length>0.007225692607895156</mytracks:length></extensions></trkpt><trkpt lat="45.35985120597915" lon="-75.5339587987058"><ele>78.71669291153067</ele><time>2025-10-04T21:43:09.50200Z</time><extensions><mytracks:speed>22.67939635807323</mytracks:speed><mytracks:gradient>0.01221790279697095</mytracks:gradient><mytracks:length>0.005345961648428193</mytracks:length></extensions></trkpt><trkpt lat="45.35988329088205" lon="-75.53397770039612"><ele>78.90155675958447</ele><time>2025-10-04T21:43:10.50100Z</time><extensions><mytracks:speed>16.59151783444118</mytracks:speed><mytracks:gradient>0.04201873626716482</mytracks:gradient><mytracks:length>0.003862128477125636</mytracks:length></extensions></trkpt><trkpt lat="45.35990723050551" lon="-75.5339932689639"><ele>79.25811994239078</ele><time>2025-10-04T21:43:11.50100Z</time><extensions><mytracks:speed>12.22320035592045</mytracks:speed><mytracks:gradient>0.07977361556088057</mytracks:gradient><mytracks:length>0.002927642049619318</mytracks:length></extensions></trkpt><trkpt lat="45.35993308143267" lon="-75.53401002955444"><ele>79.53955206905404</ele><time>2025-10-04T21:43:12.50000Z</time><extensions><mytracks:speed>10.95612393075741</mytracks:speed><mytracks:gradient>0.1048387169709196</mytracks:gradient><mytracks:length>0.003158650163516482</mytracks:length></extensions></trkpt><trkpt lat="45.35996876061708" lon="-75.5340299814406"><ele>79.69928028301989</ele><time>2025-10-04T21:43:13.50000Z</time><extensions><mytracks:speed>13.35542379171077</mytracks:speed><mytracks:gradient>0.05946409115745788</mytracks:gradient><mytracks:length>0.004262584306801062</mytracks:length></extensions></trkpt><trkpt lat="45.36001723694495" lon="-75.53406005968939"><ele>79.86557139239358</ele><time>2025-10-04T21:43:14.50000Z</time><extensions><mytracks:speed>18.25441946188096</mytracks:speed><mytracks:gradient>0.03214939478213594</mytracks:gradient><mytracks:length>0.005879860425928091</mytracks:length></extensions></trkpt><trkpt lat="45.36008291006276" lon="-75.53410172555358"><ele>79.9704383167128</ele><time>2025-10-04T21:43:15.50000Z</time><extensions><mytracks:speed>28.78259362719139</mytracks:speed><mytracks:gradient>0.01311583162814677</mytracks:gradient><mytracks:length>0.00799544606033056</mytracks:length></extensions></trkpt><trkpt lat="45.36016464118988" lon="-75.53415411314917"><ele>80.16776951009179</ele><time>2025-10-04T21:43:16.50000Z</time><extensions><mytracks:speed>35.88109635175363</mytracks:speed><mytracks:gradient>0.01979695620032596</mytracks:gradient><mytracks:length>0.009967754203332369</mytracks:length></extensions></trkpt><trkpt lat="45.36026259925172" lon="-75.53421886476605"><ele>80.38401034471296</ele><time>2025-10-04T21:43:17.50000Z</time><extensions><mytracks:speed>43.23302746069544</mytracks:speed><mytracks:gradient>0.01800567009006146</mytracks:gradient><mytracks:length>0.01200959661815267</mytracks:length></extensions></trkpt><trkpt lat="45.36037503411497" lon="-75.53429109359307"><ele>80.62588813900582</ele><time>2025-10-04T21:43:18.50000Z</time><extensions><mytracks:speed>46.30833326419494</mytracks:speed><mytracks:gradient>0.01780732499171733</mytracks:gradient><mytracks:length>0.0137164258445069</mytracks:length></extensions></trkpt><trkpt lat="45.36049822594518" lon="-75.53436487932856"><ele>80.82454763600816</ele><time>2025-10-04T21:43:19.50000Z</time><extensions><mytracks:speed>51.44632078720937</mytracks:speed><mytracks:gradient>0.01541616962905435</mytracks:gradient><mytracks:length>0.01486184724632503</mytracks:length></extensions></trkpt><trkpt lat="45.36063216197438" lon="-75.53444147892293"><ele>81.00108305049584</ele><time>2025-10-04T21:43:20.49900Z</time><extensions><mytracks:speed>55.67987585367097</mytracks:speed><mytracks:gradient>0.01213772713841429</mytracks:gradient><mytracks:length>0.01605024338736027</mytracks:length></extensions></trkpt><trkpt lat="45.36077278081436" lon="-75.5345195417991"><ele>81.10577774096949</ele><time>2025-10-04T21:43:21.49800Z</time><extensions><mytracks:speed>59.16293404892718</mytracks:speed><mytracks:gradient>0.00856534577313527</mytracks:gradient><mytracks:length>0.01678342227735587</mytracks:length></extensions></trkpt><trkpt lat="45.36092031552276" lon="-75.53459973264496"><ele>81.27239133233572</ele><time>2025-10-04T21:43:22.49800Z</time><extensions><mytracks:speed>61.86013544122034</mytracks:speed><mytracks:gradient>0.007899724824482127</mytracks:gradient><mytracks:length>0.01756097734866039</mytracks:length></extensions></trkpt><trkpt lat="45.36107320471454" lon="-75.53468384261129"><ele>81.46829098505683</ele><time>2025-10-04T21:43:23.49800Z</time><extensions><mytracks:speed>65.57793693206197</mytracks:speed><mytracks:gradient>0.01074816126776802</mytracks:gradient><mytracks:length>0.01822634103086832</mytracks:length></extensions></trkpt><trkpt lat="45.36123130412085" lon="-75.5347717529352"><ele>81.66669984221149</ele><time>2025-10-04T21:43:24.49800Z</time><extensions><mytracks:speed>66.77581774995697</mytracks:speed><mytracks:gradient>0.01062821850593539</mytracks:gradient><mytracks:length>0.01887350971453019</mytracks:length></extensions></trkpt><trkpt lat="45.3613928896115" lon="-75.53486140130529"><ele>81.96889042442722</ele><time>2025-10-04T21:43:25.49600Z</time><extensions><mytracks:speed>68.74794815871029</mytracks:speed><mytracks:gradient>0.01311901096824519</mytracks:gradient><mytracks:length>0.01928425453642178</mytracks:length></extensions></trkpt><trkpt lat="45.36155835007855" lon="-75.53495207242926"><ele>82.18896264037586</ele><time>2025-10-04T21:43:26.49500Z</time><extensions><mytracks:speed>70.28612190163014</mytracks:speed><mytracks:gradient>0.01339157821004539</mytracks:gradient><mytracks:length>0.01971502386396051</mytracks:length></extensions></trkpt><trkpt lat="45.36172452705264" lon="-75.53504314644807"><ele>82.42292362631406</ele><time>2025-10-04T21:43:27.49500Z</time><extensions><mytracks:speed>71.27723067748471</mytracks:speed><mytracks:gradient>0.01181574508923622</mytracks:gradient><mytracks:length>0.01980078142946126</mytracks:length></extensions></trkpt><trkpt lat="45.3618895268251" lon="-75.53513525876733"><ele>82.59353965960103</ele><time>2025-10-04T21:43:28.49600Z</time><extensions><mytracks:speed>70.89505674275452</mytracks:speed><mytracks:gradient>0.008657023629916074</mytracks:gradient><mytracks:length>0.01970839408331727</mytracks:length></extensions></trkpt><trkpt lat="45.36205794594117" lon="-75.53523084116011"><ele>82.84602940866978</ele><time>2025-10-04T21:43:29.49700Z</time><extensions><mytracks:speed>72.54238740044275</mytracks:speed><mytracks:gradient>0.01252328120485092</mytracks:gradient><mytracks:length>0.02016162896437567</mytracks:length></extensions></trkpt><trkpt lat="45.36222578598051" lon="-75.53532323060394"><ele>83.10281899338571</ele><time>2025-10-04T21:43:30.48600Z</time><extensions><mytracks:speed>72.67955994789011</mytracks:speed><mytracks:gradient>0.01267775589745604</mytracks:gradient><mytracks:length>0.02001018997179221</mytracks:length></extensions></trkpt><trkpt lat="45.36240126498457" lon="-75.53541942740915"><ele>83.4492601977275</ele><time>2025-10-04T21:43:31.49400Z</time><extensions><mytracks:speed>74.69035728220999</mytracks:speed><mytracks:gradient>0.01656827262301397</mytracks:gradient><mytracks:length>0.02090991693730138</mytracks:length></extensions></trkpt><trkpt lat="45.36258078062264" lon="-75.53551557209364"><ele>83.85695304031161</ele><time>2025-10-04T21:43:32.50000Z</time><extensions><mytracks:speed>76.27027373485102</mytracks:speed><mytracks:gradient>0.01911544507775793</mytracks:gradient><mytracks:length>0.02132792832841173</mytracks:length></extensions></trkpt><trkpt lat="45.36275983636024" lon="-75.53560919013714"><ele>84.11350350262693</ele><time>2025-10-04T21:43:33.50900Z</time><extensions><mytracks:speed>75.68384042083925</mytracks:speed><mytracks:gradient>0.01209517469461736</mytracks:gradient><mytracks:length>0.02121097617792064</mytracks:length></extensions></trkpt><trkpt lat="45.36293664873565" lon="-75.53570603896357"><ele>84.37533334551503</ele><time>2025-10-04T21:43:34.50000Z</time><extensions><mytracks:speed>76.11821509479533</mytracks:speed><mytracks:gradient>0.01226173011586703</mytracks:gradient><mytracks:length>0.02106643995785661</mytracks:length></extensions></trkpt><trkpt lat="45.36311877856917" lon="-75.53580407140137"><ele>84.52184166507709</ele><time>2025-10-04T21:43:35.50000Z</time><extensions><mytracks:speed>77.91387206725079</mytracks:speed><mytracks:gradient>0.006766531270216582</mytracks:gradient><mytracks:length>0.02165190903748974</mytracks:length></extensions></trkpt><trkpt lat="45.36330183920182" lon="-75.53590024169168"><ele>84.59944150677907</ele><time>2025-10-04T21:43:36.49900Z</time><extensions><mytracks:speed>78.0771457114933</mytracks:speed><mytracks:gradient>0.005169825488828235</mytracks:gradient><mytracks:length>0.02169785643916261</mytracks:length></extensions></trkpt><trkpt lat="45.36348833830798" lon="-75.53599890185602"><ele>84.63966154476395</ele><time>2025-10-04T21:43:37.49900Z</time><extensions><mytracks:speed>78.94950896331312</mytracks:speed><mytracks:gradient>0.002688615419465223</mytracks:gradient><mytracks:length>0.02212399852720857</mytracks:length></extensions></trkpt><trkpt lat="45.36367551336865" lon="-75.53609727768176"><ele>84.63400258913522</ele><time>2025-10-04T21:43:38.50000Z</time><extensions><mytracks:speed>79.78801255425201</mytracks:speed><mytracks:length>0.02218664521189042</mytracks:length></extensions></trkpt><trkpt lat="45.36385839401173" lon="-75.53619268973029"><ele>84.52234096499754</ele><time>2025-10-04T21:43:39.50100Z</time><extensions><mytracks:speed>77.85675348861945</mytracks:speed><mytracks:length>0.02165836002569278</mytracks:length></extensions></trkpt><trkpt lat="45.36403953820034" lon="-75.53628879217692"><ele>84.35337349549779</ele><time>2025-10-04T21:43:40.50200Z</time><extensions><mytracks:speed>77.30883420433155</mytracks:speed><mytracks:length>0.02149608528804713</mytracks:length></extensions></trkpt><trkpt lat="45.36421673685057" lon="-75.53638283602052"><ele>83.98751633317536</ele><time>2025-10-04T21:43:41.50200Z</time><extensions><mytracks:speed>75.67493574438447</mytracks:speed><mytracks:length>0.02102897211249264</mytracks:length></extensions></trkpt><trkpt lat="45.36439207582309" lon="-75.53647552782927"><ele>83.66791922125262</ele><time>2025-10-04T21:43:42.50100Z</time><extensions><mytracks:speed>75.32854876834992</mytracks:speed><mytracks:length>0.02079841502499865</mytracks:length></extensions></trkpt><trkpt lat="45.36456665128573" lon="-75.5365714047248"><ele>83.31289986137845</ele><time>2025-10-04T21:43:43.49000Z</time><extensions><mytracks:speed>75.35156301270958</mytracks:speed><mytracks:length>0.02080707994851959</mytracks:length></extensions></trkpt><trkpt lat="45.36483653302543" lon="-75.53672510080818"><ele>83.30673654006236</ele><time>2025-10-04T21:43:45.00000Z</time><extensions><mytracks:speed>77.05947164895279</mytracks:speed><mytracks:length>0.03232250645007495</mytracks:length></extensions></trkpt><trkpt lat="45.36501756388181" lon="-75.53682857559498"><ele>83.39897707165072</ele><time>2025-10-04T21:43:46.00600Z</time><extensions><mytracks:speed>77.63761869351434</mytracks:speed><mytracks:gradient>0.004252194032558879</mytracks:gradient><mytracks:length>0.02169245591383586</mytracks:length></extensions></trkpt><trkpt lat="45.36520329634079" lon="-75.53693388915563"><ele>83.46466527227736</ele><time>2025-10-04T21:43:47.01100Z</time><extensions><mytracks:speed>79.630789597807</mytracks:speed><mytracks:gradient>0.002954790975010616</mytracks:gradient><mytracks:length>0.02223108205696431</mytracks:length></extensions></trkpt><trkpt lat="45.36548026720617" lon="-75.53708944712109"><ele>83.64901709599623</ele><time>2025-10-04T21:43:48.49900Z</time><extensions><mytracks:speed>80.0813040309877</mytracks:speed><mytracks:gradient>0.005568047579727079</mytracks:gradient><mytracks:length>0.03310888082028682</mytracks:length></extensions></trkpt><trkpt lat="45.36567106614724" lon="-75.53719375364707"><ele>83.4915477423869</ele><time>2025-10-04T21:43:49.49900Z</time><extensions><mytracks:speed>80.7977922207139</mytracks:speed><mytracks:gradient>0.0004814603451755734</mytracks:gradient><mytracks:length>0.0227270423932034</mytracks:length></extensions></trkpt><trkpt lat="45.36586167454787" lon="-75.5372970046222"><ele>83.31479792794265</ele><time>2025-10-04T21:43:50.49800Z</time><extensions><mytracks:speed>81.77825045948742</mytracks:speed><mytracks:length>0.02267781523128024</mytracks:length></extensions></trkpt><trkpt lat="45.36604814166363" lon="-75.5373987044145"><ele>83.18277431505177</ele><time>2025-10-04T21:43:51.49900Z</time><extensions><mytracks:speed>79.86816713626912</mytracks:speed><mytracks:length>0.02220451180072852</mytracks:length></extensions></trkpt><trkpt lat="45.36623714222383" lon="-75.53749950087749"><ele>83.04096318449088</ele><time>2025-10-04T21:43:52.50000Z</time><extensions><mytracks:speed>80.69936406361424</mytracks:speed><mytracks:length>0.0224429132637318</mytracks:length></extensions></trkpt><trkpt lat="45.36642474542174" lon="-75.53759937417055"><ele>83.03540810273442</ele><time>2025-10-04T21:43:53.49900Z</time><extensions><mytracks:speed>80.47961607502643</mytracks:speed><mytracks:length>0.02227199086307874</mytracks:length></extensions></trkpt><trkpt lat="45.36661141344619" lon="-75.53769912092952"><ele>83.0113752193961</ele><time>2025-10-04T21:43:54.49800Z</time><extensions><mytracks:speed>80.08943637139349</mytracks:speed><mytracks:length>0.02217120338947588</mytracks:length></extensions></trkpt><trkpt lat="45.36679646777505" lon="-75.53779982286829"><ele>82.91801765535199</ele><time>2025-10-04T21:43:55.50200Z</time><extensions><mytracks:speed>79.00406371340857</mytracks:speed><mytracks:length>0.0220296944700186</mytracks:length></extensions></trkpt><trkpt lat="45.36697197511153" lon="-75.53789712474732"><ele>82.84791356231162</ele><time>2025-10-04T21:43:56.47200Z</time><extensions><mytracks:speed>78.35265859683676</mytracks:speed><mytracks:length>0.0209435099543899</mytracks:length></extensions></trkpt><trkpt lat="45.36715514109428" lon="-75.53800044028593"><ele>82.75751292384759</ele><time>2025-10-04T21:43:57.48600Z</time><extensions><mytracks:speed>77.79150644496808</mytracks:speed><mytracks:length>0.02190805561746683</mytracks:length></extensions></trkpt><trkpt lat="45.36734150783596" lon="-75.53810544043114"><ele>82.82141463447908</ele><time>2025-10-04T21:43:58.50600Z</time><extensions><mytracks:speed>78.69306698347604</mytracks:speed><mytracks:gradient>0.002867172354465286</mytracks:gradient><mytracks:length>0.02228736285489731</mytracks:length></extensions></trkpt><trkpt lat="45.36753109489803" lon="-75.53821090761943"><ele>82.90669090925066</ele><time>2025-10-04T21:43:59.53300Z</time><extensions><mytracks:speed>79.36105016233468</mytracks:speed><mytracks:gradient>0.003767609014348155</mytracks:gradient><mytracks:length>0.0226340563595681</mytracks:length></extensions></trkpt><trkpt lat="45.36770921600738" lon="-75.53831365992038"><ele>83.1617373674266</ele><time>2025-10-04T21:44:00.50700Z</time><extensions><mytracks:speed>79.16674244039383</mytracks:speed><mytracks:gradient>0.007733882769268159</mytracks:gradient><mytracks:length>0.02137098780555193</mytracks:length></extensions></trkpt><trkpt lat="45.36789024281859" lon="-75.5384175442004"><ele>83.70744427105745</ele><time>2025-10-04T21:44:01.49600Z</time><extensions><mytracks:speed>78.98039131408596</mytracks:speed><mytracks:gradient>0.01858988187363977</mytracks:gradient><mytracks:length>0.02170367088667048</mytracks:length></extensions></trkpt><trkpt lat="45.36807435199462" lon="-75.53851837410167"><ele>84.18522136812632</ele><time>2025-10-04T21:44:02.49800Z</time><extensions><mytracks:speed>78.81470479441099</mytracks:speed><mytracks:gradient>0.02178130610766309</mytracks:gradient><mytracks:length>0.02193519042004442</mytracks:length></extensions></trkpt><trkpt lat="45.36825824054636" lon="-75.53862134456129"><ele>84.74627508719355</ele><time>2025-10-04T21:44:03.50200Z</time><extensions><mytracks:speed>78.77957358501175</mytracks:speed><mytracks:gradient>0.02553382658579605</mytracks:gradient><mytracks:length>0.02197295878007312</mytracks:length></extensions></trkpt><trkpt lat="45.36844562076415" lon="-75.5387227051382"><ele>85.16902279583083</ele><time>2025-10-04T21:44:04.50700Z</time><extensions><mytracks:speed>79.83722137750739</mytracks:speed><mytracks:gradient>0.01896598069334767</mytracks:gradient><mytracks:length>0.02228978904241705</mytracks:length></extensions></trkpt><trkpt lat="45.36863092943965" lon="-75.5388233199989"><ele>85.44265038923982</ele><time>2025-10-04T21:44:05.50200Z</time><extensions><mytracks:speed>79.82754229708513</mytracks:speed><mytracks:gradient>0.01570417550962753</mytracks:gradient><mytracks:length>0.02205361479680729</mytracks:length></extensions></trkpt><trkpt lat="45.36881631788568" lon="-75.53892808480296"><ele>85.67773434221778</ele><time>2025-10-04T21:44:06.50200Z</time><extensions><mytracks:speed>79.81785768436427</mytracks:speed><mytracks:gradient>0.01059913794636054</mytracks:gradient><mytracks:length>0.02217953518179096</mytracks:length></extensions></trkpt><trkpt lat="45.36900204208549" lon="-75.53903003093595"><ele>85.60724658754073</ele><time>2025-10-04T21:44:07.50200Z</time><extensions><mytracks:speed>79.75831199248853</mytracks:speed><mytracks:gradient>0.003714406056728985</mytracks:gradient><mytracks:length>0.02213377331026779</mytracks:length></extensions></trkpt><trkpt lat="45.36918385140258" lon="-75.53913072079737"><ele>85.52255471698017</ele><time>2025-10-04T21:44:08.50100Z</time><extensions><mytracks:speed>78.91994147724974</mytracks:speed><mytracks:length>0.02169266365120965</mytracks:length></extensions></trkpt><trkpt lat="45.36936500728176" lon="-75.53923282531163"><ele>85.32341082916089</ele><time>2025-10-04T21:44:09.50100Z</time><extensions><mytracks:speed>78.06681843977572</mytracks:speed><mytracks:length>0.02166543309444157</mytracks:length></extensions></trkpt><trkpt lat="45.36953892640202" lon="-75.53933192075706"><ele>85.0333599970199</ele><time>2025-10-04T21:44:10.46900Z</time><extensions><mytracks:speed>77.76759475968792</mytracks:speed><mytracks:length>0.02083067357195336</mytracks:length></extensions></trkpt><trkpt lat="45.36971888290737" lon="-75.53943591763573"><ele>84.74091667515906</ele><time>2025-10-04T21:44:11.48300Z</time><extensions><mytracks:speed>76.61112614260563</mytracks:speed><mytracks:length>0.02159647619161407</mytracks:length></extensions></trkpt><trkpt lat="45.36989874114978" lon="-75.539537508536"><ele>84.31475503816891</ele><time>2025-10-04T21:44:12.50700Z</time><extensions><mytracks:speed>75.6563271454569</mytracks:speed><mytracks:length>0.02151641038041865</mytracks:length></extensions></trkpt><trkpt lat="45.37007850886505" lon="-75.53963702926119"><ele>83.65434062065812</ele><time>2025-10-04T21:44:13.53300Z</time><extensions><mytracks:speed>75.25009426270789</mytracks:speed><mytracks:length>0.02144781478908788</mytracks:length></extensions></trkpt><trkpt lat="45.37024753213248" lon="-75.53972980258796"><ele>83.07117027135649</ele><time>2025-10-04T21:44:14.50400Z</time><extensions><mytracks:speed>74.98179327575511</mytracks:speed><mytracks:length>0.02014351639913844</mytracks:length></extensions></trkpt><trkpt lat="45.37042252125344" lon="-75.53982493622402"><ele>82.42819974271983</ele><time>2025-10-04T21:44:15.49900Z</time><extensions><mytracks:speed>75.02217655811859</mytracks:speed><mytracks:length>0.02082894283862906</mytracks:length></extensions></trkpt><trkpt lat="45.37059727438191" lon="-75.53992288901924"><ele>81.64598756540376</ele><time>2025-10-04T21:44:16.49800Z</time><extensions><mytracks:speed>75.29630291936844</mytracks:speed><mytracks:length>0.02088425516363114</mytracks:length></extensions></trkpt><trkpt lat="45.37076705623772" lon="-75.54001801043158"><ele>81.09509737191013</ele><time>2025-10-04T21:44:17.50000Z</time><extensions><mytracks:speed>72.91413040061383</mytracks:speed><mytracks:length>0.0202886305021581</mytracks:length></extensions></trkpt><trkpt lat="45.37093515464581" lon="-75.54011192679816"><ele>80.57703066678314</ele><time>2025-10-04T21:44:18.50000Z</time><extensions><mytracks:speed>72.60359051471451</mytracks:speed><mytracks:length>0.02007988154982955</mytracks:length></extensions></trkpt><trkpt lat="45.37110281000121" lon="-75.54020545983171"><ele>80.23458958434776</ele><time>2025-10-04T21:44:19.50000Z</time><extensions><mytracks:speed>72.1943621060682</mytracks:speed><mytracks:length>0.0200230224297634</mytracks:length></extensions></trkpt><trkpt lat="45.37127267793067" lon="-75.54029691382237"><ele>80.02070809403864</ele><time>2025-10-04T21:44:20.49800Z</time><extensions><mytracks:speed>72.47264429289649</mytracks:speed><mytracks:length>0.02019423527331348</mytracks:length></extensions></trkpt><trkpt lat="45.37144967486802" lon="-75.5403889076708"><ele>79.76320549458188</ele><time>2025-10-04T21:44:21.49800Z</time><extensions><mytracks:speed>75.42267743695879</mytracks:speed><mytracks:length>0.02095211487276703</mytracks:length></extensions></trkpt><trkpt lat="45.37162825834216" lon="-75.54048319738821"><ele>79.56663918434295</ele><time>2025-10-04T21:44:22.49900Z</time><extensions><mytracks:speed>76.17408303796013</mytracks:speed><mytracks:length>0.02117972242341079</mytracks:length></extensions></trkpt><trkpt lat="45.37180845198689" lon="-75.54057770800205"><ele>79.49666770863539</ele><time>2025-10-04T21:44:23.50000Z</time><extensions><mytracks:speed>76.77655146225393</mytracks:speed><mytracks:length>0.02135347898560459</mytracks:length></extensions></trkpt><trkpt lat="45.37199056006023" lon="-75.54067711259651"><ele>79.56325637520355</ele><time>2025-10-04T21:44:24.50000Z</time><extensions><mytracks:speed>77.43178316319539</mytracks:speed><mytracks:length>0.02168705404366658</mytracks:length></extensions></trkpt><trkpt lat="45.37217295657736" lon="-75.54077802321476"><ele>79.58677543372426</ele><time>2025-10-04T21:44:25.49900Z</time><extensions><mytracks:speed>78.23054264997756</mytracks:speed><mytracks:gradient>0.002073984611800786</mytracks:gradient><mytracks:length>0.0217596590477168</mytracks:length></extensions></trkpt><trkpt lat="45.37236215485658" lon="-75.54088194937157"><ele>79.530994929784</ele><time>2025-10-04T21:44:26.50000Z</time><extensions><mytracks:speed>81.11038991944677</mytracks:speed><mytracks:length>0.02254988122652849</mytracks:length></extensions></trkpt><trkpt lat="45.37255267410011" lon="-75.54098727220544"><ele>79.30356835358897</ele><time>2025-10-04T21:44:27.50100Z</time><extensions><mytracks:speed>81.76277803096646</mytracks:speed><mytracks:length>0.02272605096334303</mytracks:length></extensions></trkpt><trkpt lat="45.37274242404357" lon="-75.54108866879969"><ele>78.9684823068884</ele><time>2025-10-04T21:44:28.50100Z</time><extensions><mytracks:speed>81.09024365389438</mytracks:speed><mytracks:length>0.02253688792021977</mytracks:length></extensions></trkpt><trkpt lat="45.37293217590084" lon="-75.54119008912281"><ele>78.71908642655988</ele><time>2025-10-04T21:44:29.50200Z</time><extensions><mytracks:speed>81.11884434910874</mytracks:speed><mytracks:length>0.02253788767126474</mytracks:length></extensions></trkpt><trkpt lat="45.37311690312893" lon="-75.54129099252933"><ele>78.68825947210715</ele><time>2025-10-04T21:44:30.50200Z</time><extensions><mytracks:speed>79.14837919478316</mytracks:speed><mytracks:length>0.02200103767849099</mytracks:length></extensions></trkpt><trkpt lat="45.37330118367068" lon="-75.54139116599161"><ele>78.75473155075746</ele><time>2025-10-04T21:44:31.50100Z</time><extensions><mytracks:speed>79.08584862386618</mytracks:speed><mytracks:gradient>0.0008113084492635954</mytracks:gradient><mytracks:length>0.0219343686464965</mytracks:length></extensions></trkpt><trkpt lat="45.37348634700428" lon="-75.54149365885361"><ele>78.77985649373413</ele><time>2025-10-04T21:44:32.50000Z</time><extensions><mytracks:speed>79.334730785311</mytracks:speed><mytracks:gradient>0.002080567889931412</mytracks:gradient><mytracks:length>0.02209097670277033</mytracks:length></extensions></trkpt><trkpt lat="45.37367151028994" lon="-75.54159961983552"><ele>78.64671703543375</ele><time>2025-10-04T21:44:33.50000Z</time><extensions><mytracks:speed>79.8695426424263</mytracks:speed><mytracks:length>0.02219050398849693</mytracks:length></extensions></trkpt><trkpt lat="45.37385663326682" lon="-75.5417034250186"><ele>78.3366132880099</ele><time>2025-10-04T21:44:34.50000Z</time><extensions><mytracks:speed>79.64515312129433</mytracks:speed><mytracks:length>0.0221242022125709</mytracks:length></extensions></trkpt><trkpt lat="45.37403942984577" lon="-75.5418071823125"><ele>77.87656324219671</ele><time>2025-10-04T21:44:35.50000Z</time><extensions><mytracks:speed>79.21799366634622</mytracks:speed><mytracks:length>0.02188232876290892</mytracks:length></extensions></trkpt><trkpt lat="45.37422148499709" lon="-75.54191060641274"><ele>77.584542773671</ele><time>2025-10-04T21:44:36.49900Z</time><extensions><mytracks:speed>78.66246698648737</mytracks:speed><mytracks:length>0.02179607760524054</mytracks:length></extensions></trkpt><trkpt lat="45.37440467058737" lon="-75.54200874292067"><ele>77.15795015180122</ele><time>2025-10-04T21:44:37.50000Z</time><extensions><mytracks:speed>78.28707007017877</mytracks:speed><mytracks:length>0.02176380058925559</mytracks:length></extensions></trkpt><trkpt lat="45.37458069433944" lon="-75.54210417829"><ele>76.63435179924763</ele><time>2025-10-04T21:44:38.50000Z</time><extensions><mytracks:speed>75.36235415279229</mytracks:speed><mytracks:length>0.02094458576252175</mytracks:length></extensions></trkpt><trkpt lat="45.37475209041262" lon="-75.54219713863067"><ele>76.1497919940076</ele><time>2025-10-04T21:44:39.50100Z</time><extensions><mytracks:speed>73.38907874100467</mytracks:speed><mytracks:length>0.02039474481640446</mytracks:length></extensions></trkpt><trkpt lat="45.3749127281018" lon="-75.54228289767309"><ele>75.58041243025916</ele><time>2025-10-04T21:44:40.50100Z</time><extensions><mytracks:speed>71.03441343091933</mytracks:speed><mytracks:length>0.01907703493994771</mytracks:length></extensions></trkpt><trkpt lat="45.37505926800068" lon="-75.54236527869128"><ele>75.21222848334554</ele><time>2025-10-04T21:44:41.50100Z</time><extensions><mytracks:speed>63.04122516794704</mytracks:speed><mytracks:length>0.01751935690288255</mytracks:length></extensions></trkpt><trkpt lat="45.37519878961606" lon="-75.54244131158761"><ele>74.99760514902856</ele><time>2025-10-04T21:44:42.50100Z</time><extensions><mytracks:speed>61.42213854090811</mytracks:speed><mytracks:length>0.0166117783295861</mytracks:length></extensions></trkpt><trkpt lat="45.37532577938151" lon="-75.54250641498049"><ele>74.91180044562962</ele><time>2025-10-04T21:44:43.50200Z</time><extensions><mytracks:speed>54.01434047844853</mytracks:speed><mytracks:length>0.01500818670962789</mytracks:length></extensions></trkpt><trkpt lat="45.37544228077201" lon="-75.5425652166696"><ele>74.85801320376891</ele><time>2025-10-04T21:44:44.50200Z</time><extensions><mytracks:speed>49.45935285545962</mytracks:speed><mytracks:length>0.01374465099872122</mytracks:length></extensions></trkpt><trkpt lat="45.37554937757256" lon="-75.54261433026997"><ele>74.98341548918182</ele><time>2025-10-04T21:44:45.50200Z</time><extensions><mytracks:speed>45.03926028580762</mytracks:speed><mytracks:gradient>0.01002311765722101</mytracks:gradient><mytracks:length>0.01251130533448076</mytracks:length></extensions></trkpt><trkpt lat="45.37564690613826" lon="-75.54265261163958"><ele>75.06189304475993</ele><time>2025-10-04T21:44:46.50200Z</time><extensions><mytracks:speed>42.76336328506354</mytracks:speed><mytracks:gradient>0.008582578415764933</mytracks:gradient><mytracks:length>0.01124933208423249</mytracks:length></extensions></trkpt><trkpt lat="45.37573841840433" lon="-75.54268056698392"><ele>75.1836666760577</ele><time>2025-10-04T21:44:47.50100Z</time><extensions><mytracks:speed>38.98106631398735</mytracks:speed><mytracks:gradient>0.009250440486910611</mytracks:gradient><mytracks:length>0.01040743764781459</mytracks:length></extensions></trkpt><trkpt lat="45.37582554010899" lon="-75.54269313238797"><ele>75.42146068456128</ele><time>2025-10-04T21:44:48.50000Z</time><extensions><mytracks:speed>36.22986773789878</mytracks:speed><mytracks:gradient>0.01787691566346582</mytracks:gradient><mytracks:length>0.009736307934391866</mytracks:length></extensions></trkpt><trkpt lat="45.37590610805471" lon="-75.54269250177136"><ele>75.5167061111175</ele><time>2025-10-04T21:44:49.49900Z</time><extensions><mytracks:speed>33.63889677469095</mytracks:speed><mytracks:gradient>0.01783873326803558</mytracks:gradient><mytracks:length>0.008958693524899039</mytracks:length></extensions></trkpt><trkpt lat="45.37597907499333" lon="-75.54268112088552"><ele>75.64209502496732</ele><time>2025-10-04T21:44:50.49900Z</time><extensions><mytracks:speed>30.7992766787346</mytracks:speed><mytracks:gradient>0.01290421959586843</mytracks:gradient><mytracks:length>0.008162227528856597</mytracks:length></extensions></trkpt><trkpt lat="45.37604139473193" lon="-75.54266390849691"><ele>75.74921349644079</ele><time>2025-10-04T21:44:51.49900Z</time><extensions><mytracks:speed>25.40996239962246</mytracks:speed><mytracks:gradient>0.01517446380592805</mytracks:gradient><mytracks:length>0.007059127284064101</mytracks:length></extensions></trkpt><trkpt lat="45.37609027366535" lon="-75.54264688859533"><ele>75.7548912832261</ele><time>2025-10-04T21:44:52.49900Z</time><extensions><mytracks:speed>20.13985769652766</mytracks:speed><mytracks:gradient>0.001014697183280921</mytracks:gradient><mytracks:length>0.005595547990932905</mytracks:length></extensions></trkpt><trkpt lat="45.37612560201362" lon="-75.54263219288018"><ele>75.77779185972632</ele><time>2025-10-04T21:44:53.49900Z</time><extensions><mytracks:speed>14.73373885661152</mytracks:speed><mytracks:gradient>0.005594728328842166</mytracks:gradient><mytracks:length>0.004093241915279777</mytracks:length></extensions></trkpt><trkpt lat="45.37615268317803" lon="-75.54261922681239"><ele>75.81099037265992</ele><time>2025-10-04T21:44:54.49900Z</time><extensions><mytracks:speed>11.43089106172252</mytracks:speed><mytracks:gradient>0.01045384050219449</mytracks:gradient><mytracks:length>0.003175724072566984</mytracks:length></extensions></trkpt><trkpt lat="45.37617432130741" lon="-75.54260774785918"><ele>75.81229862981635</ele><time>2025-10-04T21:44:55.50000Z</time><extensions><mytracks:speed>9.245958788638724</mytracks:speed><mytracks:gradient>0.000509342435657597</mytracks:gradient><mytracks:length>0.002568521813324229</mytracks:length></extensions></trkpt><trkpt lat="45.37619373354606" lon="-75.54259676434256"><ele>75.84168773250725</ele><time>2025-10-04T21:44:56.50000Z</time><extensions><mytracks:speed>8.356054125234982</mytracks:speed><mytracks:gradient>0.01265925116581481</mytracks:gradient><mytracks:length>0.002321551433489377</mytracks:length></extensions></trkpt><trkpt lat="45.37621787200928" lon="-75.54258380170631"><ele>75.91618475236523</ele><time>2025-10-04T21:44:57.50000Z</time><extensions><mytracks:speed>10.3254582476033</mytracks:speed><mytracks:gradient>0.025970229839849</mytracks:gradient><mytracks:length>0.002868554507117344</mytracks:length></extensions></trkpt><trkpt lat="45.37624929186129" lon="-75.54256834281995"><ele>75.89552461883652</ele><time>2025-10-04T21:44:58.50300Z</time><extensions><mytracks:speed>13.25991940385402</mytracks:speed><mytracks:length>0.003696386015101705</mytracks:length></extensions></trkpt><trkpt lat="45.37629182290888" lon="-75.54255167744074"><ele>75.82503095036759</ele><time>2025-10-04T21:44:59.50700Z</time><extensions><mytracks:speed>17.58677813991292</mytracks:speed><mytracks:length>0.004904582054050873</mytracks:length></extensions></trkpt><trkpt lat="45.37634700593366" lon="-75.54253323857553"><ele>75.78802890203775</ele><time>2025-10-04T21:45:00.46100Z</time><extensions><mytracks:speed>20.60957173341146</mytracks:speed><mytracks:length>0.00630301746831907</mytracks:length></extensions></trkpt><trkpt lat="45.376418409033" lon="-75.54251318058465"><ele>75.69513655545168</ele><time>2025-10-04T21:45:01.42700Z</time><extensions><mytracks:speed>26.99128876477445</mytracks:speed><mytracks:length>0.008092920942579226</mytracks:length></extensions></trkpt><trkpt lat="45.37650373576884" lon="-75.54249473295091"><ele>75.63356401849673</ele><time>2025-10-04T21:45:02.41900Z</time><extensions><mytracks:speed>32.51639189511685</mytracks:speed><mytracks:length>0.009596920947060713</mytracks:length></extensions></trkpt><trkpt lat="45.37660517661211" lon="-75.54247913156192"><ele>75.584010620905</ele><time>2025-10-04T21:45:03.46700Z</time><extensions><mytracks:speed>38.96870184806102</mytracks:speed><mytracks:length>0.01134546321857852</mytracks:length></extensions></trkpt><trkpt lat="45.37671010709516" lon="-75.54247520770866"><ele>75.40498050520661</ele><time>2025-10-04T21:45:04.48800Z</time><extensions><mytracks:speed>41.15702609629333</mytracks:speed><mytracks:length>0.01167163757749673</mytracks:length></extensions></trkpt><trkpt lat="45.37681660655957" lon="-75.54248825555474"><ele>75.18071055598857</ele><time>2025-10-04T21:45:05.52100Z</time><extensions><mytracks:speed>41.39903039257808</mytracks:speed><mytracks:length>0.01188588413995261</mytracks:length></extensions></trkpt><trkpt lat="45.37691878895336" lon="-75.54252275221381"><ele>74.96284404690935</ele><time>2025-10-04T21:45:06.52100Z</time><extensions><mytracks:speed>41.60367288419449</mytracks:speed><mytracks:length>0.01167742755928857</mytracks:length></extensions></trkpt><trkpt lat="45.37701700577826" lon="-75.54258159806632"><ele>74.74329564493014</ele><time>2025-10-04T21:45:07.51200Z</time><extensions><mytracks:speed>42.40885567422905</mytracks:speed><mytracks:length>0.01184905096793777</mytracks:length></extensions></trkpt><trkpt lat="45.37711325929909" lon="-75.54266614089475"><ele>74.50139445600196</ele><time>2025-10-04T21:45:08.50400Z</time><extensions><mytracks:speed>44.2084644894455</mytracks:speed><mytracks:length>0.01257597110034007</mytracks:length></extensions></trkpt><trkpt lat="45.37721060811046" lon="-75.54277872434774"><ele>74.23862363698501</ele><time>2025-10-04T21:45:09.52000Z</time><extensions><mytracks:speed>49.4534181938682</mytracks:speed><mytracks:length>0.01394612129094635</mytracks:length></extensions></trkpt><trkpt lat="45.37730732437443" lon="-75.5429110507353"><ele>73.91947869555672</ele><time>2025-10-04T21:45:10.52700Z</time><extensions><mytracks:speed>53.32563569312528</mytracks:speed><mytracks:length>0.01491572211109745</mytracks:length></extensions></trkpt><trkpt lat="45.37740302338218" lon="-75.54305605244092"><ele>73.55040988609144</ele><time>2025-10-04T21:45:11.51600Z</time><extensions><mytracks:speed>54.91391028856824</mytracks:speed><mytracks:length>0.01554041822455482</mytracks:length></extensions></trkpt><trkpt lat="45.37750151728083" lon="-75.54320977263787"><ele>73.21214365204371</ele><time>2025-10-04T21:45:12.50300Z</time><extensions><mytracks:speed>57.91320367239741</mytracks:speed><mytracks:length>0.01625141462397144</mytracks:length></extensions></trkpt><trkpt lat="45.37760710163562" lon="-75.54336538248253"><ele>72.84895452570834</ele><time>2025-10-04T21:45:13.49100Z</time><extensions><mytracks:speed>60.41680455344978</mytracks:speed><mytracks:length>0.01689874970803474</mytracks:length></extensions></trkpt><trkpt lat="45.37772423056492" lon="-75.54351730930277"><ele>72.55611947217305</ele><time>2025-10-04T21:45:14.49000Z</time><extensions><mytracks:speed>62.4975130096375</mytracks:speed><mytracks:length>0.01761938771644865</mytracks:length></extensions></trkpt><trkpt lat="45.37785964477058" lon="-75.54365977666616"><ele>72.32307801628778</ele><time>2025-10-04T21:45:15.50200Z</time><extensions><mytracks:speed>66.58707804367192</mytracks:speed><mytracks:length>0.01872296414999836</mytracks:length></extensions></trkpt><trkpt lat="45.37801230582818" lon="-75.54378727756014"><ele>72.12945712107761</ele><time>2025-10-04T21:45:16.51400Z</time><extensions><mytracks:speed>70.02032314479661</mytracks:speed><mytracks:length>0.0196807077956192</mytracks:length></extensions></trkpt><trkpt lat="45.37818474195743" lon="-75.5439036182062"><ele>71.99714876833603</ele><time>2025-10-04T21:45:17.55100Z</time><extensions><mytracks:speed>73.68840514721241</mytracks:speed><mytracks:length>0.02121841076278602</mytracks:length></extensions></trkpt><trkpt lat="45.37835643739789" lon="-75.54400635886967"><ele>71.87419801253154</ele><time>2025-10-04T21:45:18.51800Z</time><extensions><mytracks:speed>75.30394549737464</mytracks:speed><mytracks:length>0.02070960812847328</mytracks:length></extensions></trkpt><trkpt lat="45.3785367453479" lon="-75.54410781610332"><ele>71.76482429651456</ele><time>2025-10-04T21:45:19.49400Z</time><extensions><mytracks:speed>78.28121087432851</mytracks:speed><mytracks:length>0.02155846633064072</mytracks:length></extensions></trkpt><trkpt lat="45.37872744758918" lon="-75.54421377171613"><ele>71.67987736489113</ele><time>2025-10-04T21:45:20.50100Z</time><extensions><mytracks:speed>81.42369989934568</mytracks:speed><mytracks:length>0.02276290307929216</mytracks:length></extensions></trkpt><trkpt lat="45.3789216321788" lon="-75.54432270344545"><ele>71.56904635274239</ele><time>2025-10-04T21:45:21.51100Z</time><extensions><mytracks:speed>82.69410997342474</mytracks:speed><mytracks:length>0.02320813699597303</mytracks:length></extensions></trkpt><trkpt lat="45.3791151831602" lon="-75.54443122648452"><ele>71.45895862201785</ele><time>2025-10-04T21:45:22.50100Z</time><extensions><mytracks:speed>83.38765790372854</mytracks:speed><mytracks:length>0.02313092252021709</mytracks:length></extensions></trkpt><trkpt lat="45.37930775137487" lon="-75.54453884973711"><ele>71.38609162380672</ele><time>2025-10-04T21:45:23.47200Z</time><extensions><mytracks:speed>84.71244625188288</mytracks:speed><mytracks:length>0.02300335359211658</mytracks:length></extensions></trkpt><trkpt lat="45.3795095181851" lon="-75.54465370674916"><ele>71.33597944585064</ele><time>2025-10-04T21:45:24.48100Z</time><extensions><mytracks:speed>86.20364572381153</mytracks:speed><mytracks:length>0.02416229226471329</mytracks:length></extensions></trkpt><trkpt lat="45.37970894267128" lon="-75.54476709244743"><ele>71.36415959853281</ele><time>2025-10-04T21:45:25.46800Z</time><extensions><mytracks:speed>86.65378208654111</mytracks:speed><mytracks:length>0.02387787884031478</mytracks:length></extensions></trkpt><trkpt lat="45.37991279332752" lon="-75.54488375912349"><ele>71.34146378978485</ele><time>2025-10-04T21:45:26.47400Z</time><extensions><mytracks:speed>87.40214539423418</mytracks:speed><mytracks:length>0.02442993469433969</mytracks:length></extensions></trkpt><trkpt lat="45.38011864842316" lon="-75.54500183596733"><ele>71.35285361405514</ele><time>2025-10-04T21:45:27.48600Z</time><extensions><mytracks:speed>87.80399010812583</mytracks:speed><mytracks:gradient>0.0004615363583541597</mytracks:gradient><mytracks:length>0.02467806504106813</mytracks:length></extensions></trkpt><trkpt lat="45.38032387068689" lon="-75.54511841371294"><ele>71.30758604495094</ele><time>2025-10-04T21:45:28.48400Z</time><extensions><mytracks:speed>88.20599353970449</mytracks:speed><mytracks:length>0.02456917441114452</mytracks:length></extensions></trkpt><trkpt lat="45.38053487652089" lon="-75.54523767760755"><ele>71.2785394059687</ele><time>2025-10-04T21:45:29.50000Z</time><extensions><mytracks:speed>89.44993876725985</mytracks:speed><mytracks:length>0.02524422221498869</mytracks:length></extensions></trkpt><trkpt lat="45.38074547797155" lon="-75.5453545502513"><ele>71.21287107106305</ele><time>2025-10-04T21:45:30.50600Z</time><extensions><mytracks:speed>89.92155097363161</mytracks:speed><mytracks:length>0.02513401928436793</mytracks:length></extensions></trkpt><trkpt lat="45.38095597061875" lon="-75.54547056646264"><ele>70.9864218320342</ele><time>2025-10-04T21:45:31.51700Z</time><extensions><mytracks:speed>89.3556850431541</mytracks:speed><mytracks:length>0.02509849415101623</mytracks:length></extensions></trkpt><trkpt lat="45.3811552634163" lon="-75.54558002116663"><ele>70.66157002054544</ele><time>2025-10-04T21:45:32.50800Z</time><extensions><mytracks:speed>87.85918493207146</mytracks:speed><mytracks:length>0.02375223479889017</mytracks:length></extensions></trkpt><trkpt lat="45.38134825592026" lon="-75.54568611673059"><ele>70.19203585828259</ele><time>2025-10-04T21:45:33.50400Z</time><extensions><mytracks:speed>84.70619453650004</mytracks:speed><mytracks:length>0.02300394128440477</mytracks:length></extensions></trkpt><trkpt lat="45.38153342151548" lon="-75.54578760759682"><ele>69.82311711930035</ele><time>2025-10-04T21:45:34.50900Z</time><extensions><mytracks:speed>79.0757142099085</mytracks:speed><mytracks:length>0.02206280801693097</mytracks:length></extensions></trkpt><trkpt lat="45.38171650406521" lon="-75.54588746482194"><ele>69.43843513018064</ele><time>2025-10-04T21:45:35.55600Z</time><extensions><mytracks:speed>74.97159624171245</mytracks:speed><mytracks:length>0.02180062564724385</mytracks:length></extensions></trkpt><trkpt lat="45.38188703207909" lon="-75.54597939899848"><ele>69.17970931215523</ele><time>2025-10-04T21:45:36.56100Z</time><extensions><mytracks:speed>72.63052145173093</mytracks:speed><mytracks:length>0.02027574389330032</mytracks:length></extensions></trkpt><trkpt lat="45.38204743884975" lon="-75.54606593219646"><ele>68.95194331068052</ele><time>2025-10-04T21:45:37.54000Z</time><extensions><mytracks:speed>71.4016894792742</mytracks:speed><mytracks:length>0.0190737275892466</mytracks:length></extensions></trkpt><trkpt lat="45.38219987599793" lon="-75.54614718035535"><ele>68.69933835519207</ele><time>2025-10-04T21:45:38.50000Z</time><extensions><mytracks:speed>68.99425607571521</mytracks:speed><mytracks:length>0.01809906038260446</mytracks:length></extensions></trkpt><trkpt lat="45.38235354764144" lon="-75.54623048261148"><ele>68.48206118673228</ele><time>2025-10-04T21:45:39.50000Z</time><extensions><mytracks:speed>65.82273739323442</mytracks:speed><mytracks:length>0.01828410461851201</mytracks:length></extensions></trkpt><trkpt lat="45.38250166988376" lon="-75.54631174566737"><ele>68.33025264073655</ele><time>2025-10-04T21:45:40.50000Z</time><extensions><mytracks:speed>63.5437665266256</mytracks:speed><mytracks:length>0.01765107361158889</mytracks:length></extensions></trkpt><trkpt lat="45.38264456875022" lon="-75.54639061687817"><ele>68.11411327807176</ele><time>2025-10-04T21:45:41.50000Z</time><extensions><mytracks:speed>61.35062047438089</mytracks:speed><mytracks:length>0.01704187762002628</mytracks:length></extensions></trkpt><trkpt lat="45.38278518956728" lon="-75.54646989371682"><ele>67.91211698119953</ele><time>2025-10-04T21:45:42.50000Z</time><extensions><mytracks:speed>60.5428530804456</mytracks:speed><mytracks:length>0.01681748725617573</mytracks:length></extensions></trkpt><trkpt lat="45.38292526229032" lon="-75.54654798734865"><ele>67.70408804481792</ele><time>2025-10-04T21:45:43.50000Z</time><extensions><mytracks:speed>60.21687692659605</mytracks:speed><mytracks:length>0.0167269421614372</mytracks:length></extensions></trkpt><trkpt lat="45.38306804460003" lon="-75.54662764292162"><ele>67.42368058594884</ele><time>2025-10-04T21:45:44.50000Z</time><extensions><mytracks:speed>61.38680548472863</mytracks:speed><mytracks:length>0.01705192293632448</mytracks:length></extensions></trkpt><trkpt lat="45.38321696659921" lon="-75.54670940294486"><ele>67.3128357877676</ele><time>2025-10-04T21:45:45.50000Z</time><extensions><mytracks:speed>63.89204179832452</mytracks:speed><mytracks:length>0.0177478232396453</mytracks:length></extensions></trkpt><trkpt lat="45.38337373708061" lon="-75.54679614028551"><ele>67.2954785299454</ele><time>2025-10-04T21:45:46.50000Z</time><extensions><mytracks:speed>67.32796884736581</mytracks:speed><mytracks:length>0.01870225369930939</mytracks:length></extensions></trkpt><trkpt lat="45.38353989238494" lon="-75.54688688632697"><ele>67.28379910748818</ele><time>2025-10-04T21:45:47.50000Z</time><extensions><mytracks:speed>71.23841256839756</mytracks:speed><mytracks:length>0.01978848803810192</mytracks:length></extensions></trkpt><trkpt lat="45.38371371118082" lon="-75.5469797587531"><ele>67.30131943170257</ele><time>2025-10-04T21:45:48.50000Z</time><extensions><mytracks:speed>72.79833778617915</mytracks:speed><mytracks:gradient>0.0001444620898960906</mytracks:gradient><mytracks:length>0.02064422572040311</mytracks:length></extensions></trkpt><trkpt lat="45.38389291811758" lon="-75.54707810902934"><ele>67.31513295007534</ele><time>2025-10-04T21:45:49.50000Z</time><extensions><mytracks:speed>76.86079583314428</mytracks:speed><mytracks:gradient>0.0006468210846504918</mytracks:gradient><mytracks:length>0.02135601126892041</mytracks:length></extensions></trkpt><trkpt lat="45.38416394597254" lon="-75.54723075181487"><ele>67.52306496684848</ele><time>2025-10-04T21:45:50.99800Z</time><extensions><mytracks:speed>77.88789577543362</mytracks:speed><mytracks:gradient>0.006415878651400156</mytracks:gradient><mytracks:length>0.03240896969392724</mytracks:length></extensions></trkpt><trkpt lat="45.38434862036575" lon="-75.54733687252339"><ele>67.61167026445379</ele><time>2025-10-04T21:45:51.99800Z</time><extensions><mytracks:speed>79.67724854688616</mytracks:speed><mytracks:gradient>0.004001295170119462</mytracks:gradient><mytracks:length>0.0221441542895889</mytracks:length></extensions></trkpt><trkpt lat="45.38453699865462" lon="-75.54744684144278"><ele>67.75225865885788</ele><time>2025-10-04T21:45:52.99900Z</time><extensions><mytracks:speed>81.40976029910567</mytracks:speed><mytracks:gradient>0.006209999916896221</mytracks:gradient><mytracks:length>0.02263903321827377</mytracks:length></extensions></trkpt><trkpt lat="45.38482589792688" lon="-75.54761347606099"><ele>67.84921544394028</ele><time>2025-10-04T21:45:54.50200Z</time><extensions><mytracks:speed>83.01925738642502</mytracks:speed><mytracks:gradient>0.002797371047645468</mytracks:gradient><mytracks:length>0.03465996588618653</mytracks:length></extensions></trkpt><trkpt lat="45.38502168549586" lon="-75.54772516298276"><ele>67.76508292071937</ele><time>2025-10-04T21:45:55.49700Z</time><extensions><mytracks:speed>83.76933456718672</mytracks:speed><mytracks:gradient>0.0002206787396579261</mytracks:gradient><mytracks:length>0.02345305396143843</mytracks:length></extensions></trkpt><trkpt lat="45.3852217565118" lon="-75.54783730865228"><ele>67.62040474204537</ele><time>2025-10-04T21:45:56.49700Z</time><extensions><mytracks:speed>85.49398347812412</mytracks:speed><mytracks:length>0.0239089982055865</mytracks:length></extensions></trkpt><trkpt lat="45.38542249095686" lon="-75.54794805831918"><ele>67.49984754198191</ele><time>2025-10-04T21:45:57.50000Z</time><extensions><mytracks:speed>85.86431327337726</mytracks:speed><mytracks:length>0.0239380064470274</mytracks:length></extensions></trkpt><trkpt lat="45.3856231921968" lon="-75.54805929579111"><ele>67.41032606866104</ele><time>2025-10-04T21:45:58.50500Z</time><extensions><mytracks:speed>85.84450735768367</mytracks:speed><mytracks:length>0.02394835801786671</mytracks:length></extensions></trkpt><trkpt lat="45.3858216825516" lon="-75.54816972930151"><ele>67.34328354153567</ele><time>2025-10-04T21:45:59.50200Z</time><extensions><mytracks:speed>85.68025320265939</mytracks:speed><mytracks:length>0.02369620029151582</mytracks:length></extensions></trkpt><trkpt lat="45.38611437934826" lon="-75.54833377550764"><ele>67.39545450873449</ele><time>2025-10-04T21:46:01.00100Z</time><extensions><mytracks:speed>84.03017150603823</mytracks:speed><mytracks:gradient>0.001491576897888101</mytracks:gradient><mytracks:length>0.03497705500312261</mytracks:length></extensions></trkpt><trkpt lat="45.38630831157533" lon="-75.54844341584064"><ele>67.3392299105178</ele><time>2025-10-04T21:46:02.00000Z</time><extensions><mytracks:speed>83.84122111245016</mytracks:speed><mytracks:length>0.02320192268063694</mytracks:length></extensions></trkpt><trkpt lat="45.38650104527883" lon="-75.54855270475979"><ele>67.25676411030298</ele><time>2025-10-04T21:46:03.00000Z</time><extensions><mytracks:speed>83.31088167017974</mytracks:speed><mytracks:length>0.02306771463186404</mytracks:length></extensions></trkpt><trkpt lat="45.38669266988926" lon="-75.54865997917533"><ele>67.34769940669803</ele><time>2025-10-04T21:46:04.00000Z</time><extensions><mytracks:speed>82.74505347247519</mytracks:speed><mytracks:gradient>0.0001842669084251227</mytracks:gradient><mytracks:length>0.02289535510849287</mytracks:length></extensions></trkpt><trkpt lat="45.38688396418707" lon="-75.54876684333317"><ele>67.56737581593534</ele><time>2025-10-04T21:46:05.00000Z</time><extensions><mytracks:speed>82.34397807080227</mytracks:speed><mytracks:gradient>0.006790080004624512</mytracks:gradient><mytracks:length>0.02284944909461956</mytracks:length></extensions></trkpt><trkpt lat="45.38707521822993" lon="-75.54887347708802"><ele>67.74206544374651</ele><time>2025-10-04T21:46:06.00000Z</time><extensions><mytracks:speed>82.24041936094554</mytracks:speed><mytracks:gradient>0.008631654981949391</mytracks:gradient><mytracks:length>0.02283899407275231</mytracks:length></extensions></trkpt><trkpt lat="45.38736308241385" lon="-75.54903317900185"><ele>68.23598275027294</ele><time>2025-10-04T21:46:07.50000Z</time><extensions><mytracks:speed>82.44752993714098</mytracks:speed><mytracks:gradient>0.01437767622332796</mytracks:gradient><mytracks:length>0.03435306922025688</mytracks:length></extensions></trkpt><trkpt lat="45.38755683041545" lon="-75.54914318088888"><ele>68.66357140426109</ele><time>2025-10-04T21:46:08.50000Z</time><extensions><mytracks:speed>83.49538186343207</mytracks:speed><mytracks:gradient>0.01843596418743474</mytracks:gradient><mytracks:length>0.02319318098261337</mytracks:length></extensions></trkpt><trkpt lat="45.38774299563699" lon="-75.54925077373069"><ele>69.07617485097381</ele><time>2025-10-04T21:46:09.46100Z</time><extensions><mytracks:speed>83.57816728434445</mytracks:speed><mytracks:gradient>0.01845200370535211</mytracks:gradient><mytracks:length>0.0223406781158727</mytracks:length></extensions></trkpt><trkpt lat="45.38793303496892" lon="-75.54936132339924"><ele>69.68158051597167</ele><time>2025-10-04T21:46:10.44800Z</time><extensions><mytracks:speed>83.45754225438719</mytracks:speed><mytracks:gradient>0.02253850284744249</mytracks:gradient><mytracks:length>0.02282695500710554</mytracks:length></extensions></trkpt><trkpt lat="45.38812487848659" lon="-75.54947314086401"><ele>70.63027172185382</ele><time>2025-10-04T21:46:11.45800Z</time><extensions><mytracks:speed>82.20163507976963</mytracks:speed><mytracks:gradient>0.04115809376878159</mytracks:gradient><mytracks:length>0.0230499306214644</mytracks:length></extensions></trkpt><trkpt lat="45.38831715715776" lon="-75.54958502408716"><ele>71.66758231114468</ele><time>2025-10-04T21:46:12.48800Z</time><extensions><mytracks:speed>80.68088475466888</mytracks:speed><mytracks:gradient>0.04491105477380461</mytracks:gradient><mytracks:length>0.02309699904656666</mytracks:length></extensions></trkpt><trkpt lat="45.38849887415783" lon="-75.54968983990959"><ele>72.83165602783286</ele><time>2025-10-04T21:46:13.47500Z</time><extensions><mytracks:speed>80.1361996854844</mytracks:speed><mytracks:gradient>0.04903103662258923</mytracks:gradient><mytracks:length>0.02180124576127855</mytracks:length></extensions></trkpt><trkpt lat="45.38868199630534" lon="-75.54979662449583"><ele>73.8742080480495</ele><time>2025-10-04T21:46:14.47100Z</time><extensions><mytracks:speed>79.53277578674499</mytracks:speed><mytracks:gradient>0.05037442140106854</mytracks:gradient><mytracks:length>0.02200349543731584</mytracks:length></extensions></trkpt><trkpt lat="45.38887069774117" lon="-75.54990524400196"><ele>74.57548115749915</ele><time>2025-10-04T21:46:15.49000Z</time><extensions><mytracks:speed>79.98532700317153</mytracks:speed><mytracks:gradient>0.03098554772768719</mytracks:gradient><mytracks:length>0.02263226442252092</mytracks:length></extensions></trkpt><trkpt lat="45.38907220782385" lon="-75.55001587197786"><ele>75.20163507355969</ele><time>2025-10-04T21:46:16.56200Z</time><extensions><mytracks:speed>80.66335229244619</mytracks:speed><mytracks:gradient>0.0260737871071195</mytracks:gradient><mytracks:length>0.02401469005971742</mytracks:length></extensions></trkpt><trkpt lat="45.38926538940837" lon="-75.55012070125652"><ele>75.52942833433239</ele><time>2025-10-04T21:46:17.58200Z</time><extensions><mytracks:speed>81.11098361867744</mytracks:speed><mytracks:gradient>0.01425927817088462</mytracks:gradient><mytracks:length>0.0229880683190552</mytracks:length></extensions></trkpt><trkpt lat="45.38945079243147" lon="-75.55022051016094"><ele>75.71606608170831</ele><time>2025-10-04T21:46:18.55400Z</time><extensions><mytracks:speed>81.36451576048341</mytracks:speed><mytracks:gradient>0.01142472627851682</mytracks:gradient><mytracks:length>0.02204012447090904</mytracks:length></extensions></trkpt><trkpt lat="45.38980312516677" lon="-75.55041966836568"><ele>76.2073546002789</ele><time>2025-10-04T21:46:20.42500Z</time><extensions><mytracks:speed>81.07991213163235</mytracks:speed><mytracks:gradient>0.01165527761432709</mytracks:gradient><mytracks:length>0.0421515930231202</mytracks:length></extensions></trkpt><trkpt lat="45.38998967458866" lon="-75.55052914474622"><ele>76.3780567572621</ele><time>2025-10-04T21:46:21.41900Z</time><extensions><mytracks:speed>81.14999750503058</mytracks:speed><mytracks:gradient>0.01024969772592556</mytracks:gradient><mytracks:length>0.02243608530016303</mytracks:length></extensions></trkpt><trkpt lat="45.39017867494425" lon="-75.55064232855274"><ele>76.57571050395077</ele><time>2025-10-04T21:46:22.44600Z</time><extensions><mytracks:speed>79.91981797805353</mytracks:speed><mytracks:gradient>0.008669440332483114</mytracks:gradient><mytracks:length>0.02279890501675098</mytracks:length></extensions></trkpt><trkpt lat="45.39037507498372" lon="-75.55075175921533"><ele>76.60561221584175</ele><time>2025-10-04T21:46:23.52500Z</time><extensions><mytracks:speed>78.21705074106339</mytracks:speed><mytracks:gradient>0.001275064731289412</mytracks:gradient><mytracks:length>0.02345113244621981</mytracks:length></extensions></trkpt><trkpt lat="45.39055786446408" lon="-75.55085054787976"><ele>76.80192192885899</ele><time>2025-10-04T21:46:24.55200Z</time><extensions><mytracks:speed>76.20639893822624</mytracks:speed><mytracks:gradient>0.009029895592357843</mytracks:gradient><mytracks:length>0.02173997595092718</mytracks:length></extensions></trkpt><trkpt lat="45.39073801029004" lon="-75.55094448042568"><ele>76.79084511525576</ele><time>2025-10-04T21:46:25.58500Z</time><extensions><mytracks:speed>74.36397575744755</mytracks:speed><mytracks:length>0.02133215368868942</mytracks:length></extensions></trkpt><trkpt lat="45.39090326631853" lon="-75.5510288838875"><ele>76.75628295258716</ele><time>2025-10-04T21:46:26.54500Z</time><extensions><mytracks:speed>73.82084840429555</mytracks:speed><mytracks:length>0.01952207696134327</mytracks:length></extensions></trkpt><trkpt lat="45.39107058951834" lon="-75.55112034185591"><ele>76.7017413615786</ele><time>2025-10-04T21:46:27.53400Z</time><extensions><mytracks:speed>72.86785088788325</mytracks:speed><mytracks:length>0.01992940421188867</mytracks:length></extensions></trkpt><trkpt lat="45.3912319128859" lon="-75.5512084284062"><ele>76.53552204098078</ele><time>2025-10-04T21:46:28.49800Z</time><extensions><mytracks:speed>72.14537160044036</mytracks:speed><mytracks:length>0.01921214610862442</mytracks:length></extensions></trkpt><trkpt lat="45.39139692819126" lon="-75.55130266586848"><ele>76.5391849270184</ele><time>2025-10-04T21:46:29.49900Z</time><extensions><mytracks:speed>71.06983995948396</mytracks:speed><mytracks:gradient>0.0001852810576215498</mytracks:gradient><mytracks:length>0.01976934979019064</mytracks:length></extensions></trkpt><trkpt lat="45.39155835678216" lon="-75.55139553548567"><ele>76.7286826626807</ele><time>2025-10-04T21:46:30.50000Z</time><extensions><mytracks:speed>69.62545405623142</mytracks:speed><mytracks:gradient>0.009788197697530502</mytracks:gradient><mytracks:length>0.019359818989977</mytracks:length></extensions></trkpt><trkpt lat="45.39171922521686" lon="-75.55148707183474"><ele>76.91678328736101</ele><time>2025-10-04T21:46:31.50100Z</time><extensions><mytracks:speed>69.28537731085081</mytracks:speed><mytracks:gradient>0.009764877786257562</mytracks:gradient><mytracks:length>0.01926297786799104</mytracks:length></extensions></trkpt><trkpt lat="45.39187905464605" lon="-75.55157698588982"><ele>77.18728593982831</ele><time>2025-10-04T21:46:32.50000Z</time><extensions><mytracks:speed>69.08753048432389</mytracks:speed><mytracks:gradient>0.01195152382314363</mytracks:gradient><mytracks:length>0.01910889787659072</mytracks:length></extensions></trkpt><trkpt lat="45.39203614580423" lon="-75.55166339692371"><ele>77.365229109917</ele><time>2025-10-04T21:46:33.49900Z</time><extensions><mytracks:speed>68.1906110779224</mytracks:speed><mytracks:gradient>0.01185292584545867</mytracks:gradient><mytracks:length>0.01872585215929365</mytracks:length></extensions></trkpt><trkpt lat="45.39219094008401" lon="-75.55174688156056"><ele>77.40056898521583</ele><time>2025-10-04T21:46:34.49000Z</time><extensions><mytracks:speed>67.14927072564805</mytracks:speed><mytracks:gradient>0.005744071060715649</mytracks:gradient><mytracks:length>0.01840569948539435</mytracks:length></extensions></trkpt><trkpt lat="45.39234343039083" lon="-75.55182881562968"><ele>77.45199618453758</ele><time>2025-10-04T21:46:35.49700Z</time><extensions><mytracks:speed>64.80601808039162</mytracks:speed><mytracks:gradient>0.002837645213592617</mytracks:gradient><mytracks:length>0.01812319562551685</mytracks:length></extensions></trkpt><trkpt lat="45.39249225732365" lon="-75.55190690848009"><ele>77.3365066064754</ele><time>2025-10-04T21:46:36.50700Z</time><extensions><mytracks:speed>62.8907653641871</mytracks:speed><mytracks:length>0.01763677090163999</mytracks:length></extensions></trkpt><trkpt lat="45.39264089873262" lon="-75.55197804671243"><ele>77.16587947623091</ele><time>2025-10-04T21:46:37.51400Z</time><extensions><mytracks:speed>62.30942763683036</mytracks:speed><mytracks:length>0.01743685174664879</mytracks:length></extensions></trkpt><trkpt lat="45.39278719865045" lon="-75.5520467076002"><ele>76.82878887129004</ele><time>2025-10-04T21:46:38.50600Z</time><extensions><mytracks:speed>62.25370265334058</mytracks:speed><mytracks:length>0.01712865361518883</mytracks:length></extensions></trkpt><trkpt lat="45.39293759105283" lon="-75.55211627142981"><ele>76.28378805935894</ele><time>2025-10-04T21:46:39.50200Z</time><extensions><mytracks:speed>62.85297169434355</mytracks:speed><mytracks:length>0.01758303212102381</mytracks:length></extensions></trkpt><trkpt lat="45.39309331239602" lon="-75.55218567925458"><ele>75.69010069353526</ele><time>2025-10-04T21:46:40.50100Z</time><extensions><mytracks:speed>64.45434530959133</mytracks:speed><mytracks:length>0.01814407030927584</mytracks:length></extensions></trkpt><trkpt lat="45.39325179727722" lon="-75.55225863052796"><ele>75.01020609430211</ele><time>2025-10-04T21:46:41.50000Z</time><extensions><mytracks:speed>66.05617940471167</mytracks:speed><mytracks:length>0.01852041434802693</mytracks:length></extensions></trkpt><trkpt lat="45.39341412726392" lon="-75.55233181057147"><ele>74.28383874326826</ele><time>2025-10-04T21:46:42.50000Z</time><extensions><mytracks:speed>67.44132020643343</mytracks:speed><mytracks:length>0.01893310715768656</mytracks:length></extensions></trkpt><trkpt lat="45.39357862886323" lon="-75.55240447753854"><ele>73.58577771446816</ele><time>2025-10-04T21:46:43.50000Z</time><extensions><mytracks:speed>68.56276519342728</mytracks:speed><mytracks:length>0.01915153463074843</mytracks:length></extensions></trkpt><trkpt lat="45.39374381763976" lon="-75.55247991117783"><ele>72.91922270803022</ele><time>2025-10-04T21:46:44.50000Z</time><extensions><mytracks:speed>69.19701003967059</mytracks:speed><mytracks:length>0.01928939482366157</mytracks:length></extensions></trkpt><trkpt lat="45.3939104076146" lon="-75.55255807054591"><ele>72.28710307641406</ele><time>2025-10-04T21:46:45.50000Z</time><extensions><mytracks:speed>69.82799949653432</mytracks:speed><mytracks:length>0.01950337046025166</mytracks:length></extensions></trkpt><trkpt lat="45.39407509583165" lon="-75.55263969926962"><ele>71.73259909994691</ele><time>2025-10-04T21:46:46.50000Z</time><extensions><mytracks:speed>70.00617363653376</mytracks:speed><mytracks:length>0.01938982287226632</mytracks:length></extensions></trkpt><trkpt lat="45.39424156957404" lon="-75.55272601527076"><ele>71.14590686996755</ele><time>2025-10-04T21:46:47.50000Z</time><extensions><mytracks:speed>70.91974731578065</mytracks:speed><mytracks:length>0.01969993215835371</mytracks:length></extensions></trkpt><trkpt lat="45.39440947741194" lon="-75.55281510747591"><ele>70.60132650052446</ele><time>2025-10-04T21:46:48.50000Z</time><extensions><mytracks:speed>71.72784193950315</mytracks:speed><mytracks:length>0.01992442904083447</mytracks:length></extensions></trkpt><trkpt lat="45.39457459525708" lon="-75.55290554547879"><ele>70.20778280781062</ele><time>2025-10-04T21:46:49.47800Z</time><extensions><mytracks:speed>72.07711155401107</mytracks:speed><mytracks:length>0.01967177581245145</mytracks:length></extensions></trkpt><trkpt lat="45.394745362199" lon="-75.55300046634798"><ele>69.70669555731148</ele><time>2025-10-04T21:46:50.46300Z</time><extensions><mytracks:speed>73.46473813810029</mytracks:speed><mytracks:length>0.02038391506303588</mytracks:length></extensions></trkpt><trkpt lat="45.39492370710826" lon="-75.55310076102752"><ele>69.32485392185873</ele><time>2025-10-04T21:46:51.48300Z</time><extensions><mytracks:speed>75.26644458879943</mytracks:speed><mytracks:length>0.02132137736514858</mytracks:length></extensions></trkpt><trkpt lat="45.39510644362199" lon="-75.55320530381486"><ele>68.84262936555697</ele><time>2025-10-04T21:46:52.52300Z</time><extensions><mytracks:speed>75.74950661402008</mytracks:speed><mytracks:length>0.02189776850270421</mytracks:length></extensions></trkpt><trkpt lat="45.39528029718249" lon="-75.55330533568836"><ele>68.36442995020488</ele><time>2025-10-04T21:46:53.50800Z</time><extensions><mytracks:speed>75.99488527669939</mytracks:speed><mytracks:length>0.02084991829054656</mytracks:length></extensions></trkpt><trkpt lat="45.39545719929549" lon="-75.55340546476401"><ele>68.10235297294651</ele><time>2025-10-04T21:46:54.50000Z</time><extensions><mytracks:speed>76.51371591141947</mytracks:speed><mytracks:length>0.02116759120488524</mytracks:length></extensions></trkpt><trkpt lat="45.39563794742996" lon="-75.5535054991382"><ele>67.90279094319487</ele><time>2025-10-04T21:46:55.50700Z</time><extensions><mytracks:speed>77.13279626339624</mytracks:speed><mytracks:length>0.02156285550329937</mytracks:length></extensions></trkpt><trkpt lat="45.39582083775354" lon="-75.55360509157316"><ele>67.8206445934986</ele><time>2025-10-04T21:46:56.52200Z</time><extensions><mytracks:speed>77.21571534187096</mytracks:speed><mytracks:length>0.0217727022359026</mytracks:length></extensions></trkpt><trkpt lat="45.39599775764874" lon="-75.55369938321834"><ele>67.70949063348522</ele><time>2025-10-04T21:46:57.50500Z</time><extensions><mytracks:speed>77.06695311033975</mytracks:speed><mytracks:length>0.02100517215376259</mytracks:length></extensions></trkpt><trkpt lat="45.39617700240258" lon="-75.55379608900061"><ele>67.69384039498766</ele><time>2025-10-04T21:46:58.50400Z</time><extensions><mytracks:speed>76.85986682685734</mytracks:speed><mytracks:length>0.02131355583771684</mytracks:length></extensions></trkpt><trkpt lat="45.39635563240159" lon="-75.55389285307689"><ele>67.54770426852731</ele><time>2025-10-04T21:46:59.50500Z</time><extensions><mytracks:speed>76.42186294006646</mytracks:speed><mytracks:length>0.02125151613845703</mytracks:length></extensions></trkpt><trkpt lat="45.39653453526046" lon="-75.55399109873269"><ele>67.39838021292795</ele><time>2025-10-04T21:47:00.50300Z</time><extensions><mytracks:speed>76.68590939512468</mytracks:speed><mytracks:length>0.02132095465323892</mytracks:length></extensions></trkpt><trkpt lat="45.39671491616432" lon="-75.55409221144932"><ele>67.16301180923023</ele><time>2025-10-04T21:47:01.49900Z</time><extensions><mytracks:speed>77.4086825054744</mytracks:speed><mytracks:length>0.02155512159920633</mytracks:length></extensions></trkpt><trkpt lat="45.39689696608976" lon="-75.55419438242765"><ele>67.00897094901516</ele><time>2025-10-04T21:47:02.49900Z</time><extensions><mytracks:speed>78.30638446510186</mytracks:speed><mytracks:length>0.02175820932193834</mytracks:length></extensions></trkpt><trkpt lat="45.39708054930296" lon="-75.55429942323967"><ele>67.06076053168522</ele><time>2025-10-04T21:47:03.50000Z</time><extensions><mytracks:speed>79.11659587529917</mytracks:speed><mytracks:gradient>0.002354114328689044</mytracks:gradient><mytracks:length>0.02199960385904212</mytracks:length></extensions></trkpt><trkpt lat="45.39726644787033" lon="-75.55440762900125"><ele>67.16335740732718</ele><time>2025-10-04T21:47:04.50200Z</time><extensions><mytracks:speed>80.26435849264699</mytracks:speed><mytracks:gradient>0.004594371217946262</mytracks:gradient><mytracks:length>0.02233099389992835</mytracks:length></extensions></trkpt><trkpt lat="45.39745301124999" lon="-75.55451722012943"><ele>67.39895237454246</ele><time>2025-10-04T21:47:05.50100Z</time><extensions><mytracks:speed>80.5769254464832</mytracks:speed><mytracks:gradient>0.007553776198316302</mytracks:gradient><mytracks:length>0.02244030281709652</mytracks:length></extensions></trkpt><trkpt lat="45.39764168242474" lon="-75.55462705642987"><ele>67.4524205190434</ele><time>2025-10-04T21:47:06.50000Z</time><extensions><mytracks:speed>81.25323905471862</mytracks:speed><mytracks:gradient>0.006408705500135219</mytracks:gradient><mytracks:length>0.02266429878310141</mytracks:length></extensions></trkpt><trkpt lat="45.39783055298442" lon="-75.55473730751122"><ele>67.37915871568595</ele><time>2025-10-04T21:47:07.50000Z</time><extensions><mytracks:speed>81.67022918457964</mytracks:speed><mytracks:length>0.02269708211668799</mytracks:length></extensions></trkpt><trkpt lat="45.39801785329129" lon="-75.55484587180045"><ele>67.1579122359428</ele><time>2025-10-04T21:47:08.50000Z</time><extensions><mytracks:speed>81.33847037628357</mytracks:speed><mytracks:length>0.02248584167592065</mytracks:length></extensions></trkpt><trkpt lat="45.39820394695936" lon="-75.55495270763527"><ele>66.97103639785996</ele><time>2025-10-04T21:47:09.50000Z</time><extensions><mytracks:speed>80.63629353325716</mytracks:speed><mytracks:length>0.02231080494914171</mytracks:length></extensions></trkpt><trkpt lat="45.39838778247233" lon="-75.55505902300064"><ele>66.77516656636854</ele><time>2025-10-04T21:47:10.50000Z</time><extensions><mytracks:speed>79.87325768051824</mytracks:speed><mytracks:length>0.02206280801693097</mytracks:length></extensions></trkpt><trkpt lat="45.39857038504273" lon="-75.55516379344861"><ele>66.6048857356856</ele><time>2025-10-04T21:47:11.50000Z</time><extensions><mytracks:speed>79.11577377136979</mytracks:speed><mytracks:length>0.021890358786672</mytracks:length></extensions></trkpt><trkpt lat="45.39875254039388" lon="-75.55526738801765"><ele>66.48554049137522</ele><time>2025-10-04T21:47:12.49900Z</time><extensions><mytracks:speed>78.70624133348505</mytracks:speed><mytracks:length>0.02181013212495656</mytracks:length></extensions></trkpt><trkpt lat="45.3989348270953" lon="-75.55537024797501"><ele>66.42508233122437</ele><time>2025-10-04T21:47:13.49900Z</time><extensions><mytracks:speed>78.47367299778058</mytracks:speed><mytracks:length>0.02180248593643545</mytracks:length></extensions></trkpt><trkpt lat="45.39911643216977" lon="-75.55547168362325"><ele>66.47761771643289</ele><time>2025-10-04T21:47:14.50000Z</time><extensions><mytracks:speed>78.01086028506973</mytracks:speed><mytracks:gradient>0.002421966619007973</mytracks:gradient><mytracks:length>0.02169120944781349</mytracks:length></extensions></trkpt><trkpt lat="45.39929664084283" lon="-75.55557219664666"><ele>66.53821290290357</ele><time>2025-10-04T21:47:15.50100Z</time><extensions><mytracks:speed>77.38024650985443</mytracks:speed><mytracks:gradient>0.002815737909836715</mytracks:gradient><mytracks:length>0.02152017993542308</mytracks:length></extensions></trkpt><trkpt lat="45.39947510466634" lon="-75.55567175927811"><ele>66.63648767657993</ele><time>2025-10-04T21:47:16.50000Z</time><extensions><mytracks:speed>77.11706680042067</mytracks:speed><mytracks:gradient>0.003709075845916743</mytracks:gradient><mytracks:length>0.02131249865439231</mytracks:length></extensions></trkpt><trkpt lat="45.39965213968975" lon="-75.55577049062467"><ele>66.71608911434674</ele><time>2025-10-04T21:47:17.49900Z</time><extensions><mytracks:speed>76.48857117013607</mytracks:speed><mytracks:gradient>0.00418991833220513</mytracks:gradient><mytracks:length>0.02114096328380394</mytracks:length></extensions></trkpt><trkpt lat="45.39999493497023" lon="-75.55596375594376"><ele>66.80749210548674</ele><time>2025-10-04T21:47:19.45000Z</time><extensions><mytracks:speed>75.6652770726616</mytracks:speed><mytracks:gradient>0.002229600434815471</mytracks:gradient><mytracks:length>0.0409952338153206</mytracks:length></extensions></trkpt><trkpt lat="45.40017699279644" lon="-75.55606729209592"><ele>67.04829810782832</ele><time>2025-10-04T21:47:20.50100Z</time><extensions><mytracks:speed>74.68104963839977</mytracks:speed><mytracks:gradient>0.01104708690483689</mytracks:gradient><mytracks:length>0.02179814501469488</mytracks:length></extensions></trkpt><trkpt lat="45.40035599385041" lon="-75.55617040744903"><ele>67.29896240483198</ele><time>2025-10-04T21:47:21.55000Z</time><extensions><mytracks:speed>73.66801863728901</mytracks:speed><mytracks:gradient>0.01167471234643495</mytracks:gradient><mytracks:length>0.02147070433647222</mytracks:length></extensions></trkpt><trkpt lat="45.40067243190289" lon="-75.5563526095297"><ele>67.97738948747558</ele><time>2025-10-04T21:47:23.45500Z</time><extensions><mytracks:speed>71.70709232630944</mytracks:speed><mytracks:gradient>0.01787534616207421</mytracks:gradient><mytracks:length>0.0379532276741583</mytracks:length></extensions></trkpt><trkpt lat="45.40084297301745" lon="-75.55645103519235"><ele>68.45927164195918</ele><time>2025-10-04T21:47:24.50600Z</time><extensions><mytracks:speed>70.14024389216416</mytracks:speed><mytracks:gradient>0.02355108483687298</mytracks:gradient><mytracks:length>0.0204611446912686</mytracks:length></extensions></trkpt><trkpt lat="45.4010110394155" lon="-75.55654597387203"><ele>69.08071395747714</ele><time>2025-10-04T21:47:25.53600Z</time><extensions><mytracks:speed>70.20768851684718</mytracks:speed><mytracks:gradient>0.03091087137621951</mytracks:gradient><mytracks:length>0.02010432860188012</mytracks:length></extensions></trkpt><trkpt lat="45.40117524402682" lon="-75.55663871914253"><ele>69.91642260478214</ele><time>2025-10-04T21:47:26.53400Z</time><extensions><mytracks:speed>70.54769221749676</mytracks:speed><mytracks:gradient>0.03666111692442488</mytracks:gradient><mytracks:length>0.01964197320055604</mytracks:length></extensions></trkpt><trkpt lat="45.40133848113624" lon="-75.55672996172324"><ele>70.94035656396733</ele><time>2025-10-04T21:47:27.51400Z</time><extensions><mytracks:speed>71.26440799650558</mytracks:speed><mytracks:gradient>0.0475112514789718</mytracks:gradient><mytracks:length>0.01949897991702691</mytracks:length></extensions></trkpt><trkpt lat="45.40150824455445" lon="-75.55682601363097"><ele>72.20410314872342</ele><time>2025-10-04T21:47:28.52000Z</time><extensions><mytracks:speed>72.69986288852175</mytracks:speed><mytracks:gradient>0.06221761466831514</mytracks:gradient><mytracks:length>0.02031171705140386</mytracks:length></extensions></trkpt><trkpt lat="45.40167620195093" lon="-75.55692262432544"><ele>73.45032371857245</ele><time>2025-10-04T21:47:29.50800Z</time><extensions><mytracks:speed>73.03329077280367</mytracks:speed><mytracks:gradient>0.06204595735619261</mytracks:gradient><mytracks:length>0.02014172662002838</mytracks:length></extensions></trkpt><trkpt lat="45.40184690594194" lon="-75.55702115921203"><ele>74.53400282041646</ele><time>2025-10-04T21:47:30.50700Z</time><extensions><mytracks:speed>73.58456406444809</mytracks:speed><mytracks:gradient>0.05735452694900676</mytracks:gradient><mytracks:length>0.02048117669373078</mytracks:length></extensions></trkpt><trkpt lat="45.40201762106427" lon="-75.55712106793965"><ele>75.41403304935196</ele><time>2025-10-04T21:47:31.50300Z</time><extensions><mytracks:speed>73.96587472602393</mytracks:speed><mytracks:gradient>0.04789090270673306</mytracks:gradient><mytracks:length>0.02052293872260509</mytracks:length></extensions></trkpt><trkpt lat="45.40218913172621" lon="-75.55722059648282"><ele>75.9648746647694</ele><time>2025-10-04T21:47:32.50100Z</time><extensions><mytracks:speed>74.22185345448931</mytracks:speed><mytracks:gradient>0.03480069024882222</mytracks:gradient><mytracks:length>0.02059330216304744</mytracks:length></extensions></trkpt><trkpt lat="45.40235964808347" lon="-75.55732018276566"><ele>76.29855063033894</ele><time>2025-10-04T21:47:33.49400Z</time><extensions><mytracks:speed>74.3182691634252</mytracks:speed><mytracks:gradient>0.02152830625889587</mytracks:gradient><mytracks:length>0.02049283466073486</mytracks:length></extensions></trkpt><trkpt lat="45.40253130927535" lon="-75.55742100212677"><ele>76.5540192177851</ele><time>2025-10-04T21:47:34.49100Z</time><extensions><mytracks:speed>74.42987434173155</mytracks:speed><mytracks:gradient>0.01432052943451135</mytracks:gradient><mytracks:length>0.02064728150498637</mytracks:length></extensions></trkpt><trkpt lat="45.40270657047532" lon="-75.55752152354366"><ele>76.66996160284037</ele><time>2025-10-04T21:47:35.49800Z</time><extensions><mytracks:speed>75.09455414593302</mytracks:speed><mytracks:gradient>0.005518635670561948</mytracks:gradient><mytracks:length>0.02100924793309845</mytracks:length></extensions></trkpt><trkpt lat="45.40288398628108" lon="-75.55762346962312"><ele>76.80345485330983</ele><time>2025-10-04T21:47:36.50800Z</time><extensions><mytracks:speed>75.85241672278917</mytracks:speed><mytracks:gradient>0.006275266217073594</mytracks:gradient><mytracks:length>0.02127292227160835</mytracks:length></extensions></trkpt><trkpt lat="45.40305932873333" lon="-75.55772330556631"><ele>76.91561164629969</ele><time>2025-10-04T21:47:37.50700Z</time><extensions><mytracks:speed>75.76466579654296</mytracks:speed><mytracks:gradient>0.005811423556834928</mytracks:gradient><mytracks:length>0.02099723283934353</mytracks:length></extensions></trkpt><trkpt lat="45.4032334939733" lon="-75.55782186687829"><ele>76.91270821640069</ele><time>2025-10-04T21:47:38.49900Z</time><extensions><mytracks:speed>75.62019373004787</mytracks:speed><mytracks:gradient>0.002611441176056832</mytracks:gradient><mytracks:length>0.02083889259225818</mytracks:length></extensions></trkpt><trkpt lat="45.40340831244957" lon="-75.55792152348745"><ele>76.9731445217425</ele><time>2025-10-04T21:47:39.50000Z</time><extensions><mytracks:speed>75.36205183650189</mytracks:speed><mytracks:gradient>0.002886393574027486</mytracks:gradient><mytracks:length>0.02093834530593168</mytracks:length></extensions></trkpt><trkpt lat="45.40358159725972" lon="-75.55801910932024"><ele>76.97164926577857</ele><time>2025-10-04T21:47:40.50100Z</time><extensions><mytracks:speed>74.47992720974179</mytracks:speed><mytracks:length>0.02072005016773179</mytracks:length></extensions></trkpt><trkpt lat="45.4037554356475" lon="-75.55811677903785"><ele>76.98199569010484</ele><time>2025-10-04T21:47:41.50300Z</time><extensions><mytracks:speed>74.67436127640886</mytracks:speed><mytracks:gradient>0.0004979136299485309</mytracks:gradient><mytracks:length>0.02077955634060789</mytracks:length></extensions></trkpt><trkpt lat="45.40392802068269" lon="-75.55821360427697"><ele>77.0118185020403</ele><time>2025-10-04T21:47:42.50100Z</time><extensions><mytracks:speed>74.54729089832165</mytracks:speed><mytracks:gradient>0.0009701500482986139</mytracks:gradient><mytracks:length>0.02062566302393601</mytracks:length></extensions></trkpt><trkpt lat="45.40410054395826" lon="-75.55831089492503"><ele>77.1208027678603</ele><time>2025-10-04T21:47:43.50000Z</time><extensions><mytracks:speed>74.36622969579473</mytracks:speed><mytracks:gradient>0.003364332834955069</mytracks:gradient><mytracks:length>0.02063265329332508</mytracks:length></extensions></trkpt><trkpt lat="45.40427374018958" lon="-75.55841030713054"><ele>77.17615789957785</ele><time>2025-10-04T21:47:44.50000Z</time><extensions><mytracks:speed>74.53253502549603</mytracks:speed><mytracks:gradient>0.003969941254138709</mytracks:gradient><mytracks:length>0.0207635021398921</mytracks:length></extensions></trkpt><trkpt lat="45.40444838556788" lon="-75.55851188217116"><ele>77.31108993371558</ele><time>2025-10-04T21:47:45.50000Z</time><extensions><mytracks:speed>75.49352216074529</mytracks:speed><mytracks:gradient>0.006432694257706594</mytracks:gradient><mytracks:length>0.02097597503193631</mytracks:length></extensions></trkpt><trkpt lat="45.40462435415188" lon="-75.5586141871343"><ele>77.48165403264554</ele><time>2025-10-04T21:47:46.49600Z</time><extensions><mytracks:speed>75.96350054468056</mytracks:speed><mytracks:gradient>0.007254645817489305</mytracks:gradient><mytracks:length>0.02113414114227378</mytracks:length></extensions></trkpt><trkpt lat="45.40480079452871" lon="-75.55871688628193"><ele>77.55685517917496</ele><time>2025-10-04T21:47:47.49400Z</time><extensions><mytracks:speed>76.43202549566573</mytracks:speed><mytracks:gradient>0.005806144455903375</mytracks:gradient><mytracks:length>0.02119439829242444</mytracks:length></extensions></trkpt><trkpt lat="45.40498063658067" lon="-75.55882217166827"><ele>77.80224172409726</ele><time>2025-10-04T21:47:48.49800Z</time><extensions><mytracks:speed>77.52722911824647</mytracks:speed><mytracks:gradient>0.01134951918731698</mytracks:gradient><mytracks:length>0.0216208758161769</mytracks:length></extensions></trkpt><trkpt lat="45.40515668420758" lon="-75.55892533059054"><ele>77.84281250252869</ele><time>2025-10-04T21:47:49.47100Z</time><extensions><mytracks:speed>77.91294420448513</mytracks:speed><mytracks:gradient>0.006683050032295869</mytracks:gradient><mytracks:length>0.02116780409319623</mytracks:length></extensions></trkpt><trkpt lat="45.40533585658299" lon="-75.5590303933497"><ele>77.92290060485223</ele><time>2025-10-04T21:47:50.45900Z</time><extensions><mytracks:speed>78.41676580781031</mytracks:speed><mytracks:gradient>0.002824883704446695</mytracks:gradient><mytracks:length>0.02154529344773413</mytracks:length></extensions></trkpt><trkpt lat="45.40552068433337" lon="-75.5591396685335"><ele>77.93572901109333</ele><time>2025-10-04T21:47:51.47100Z</time><extensions><mytracks:speed>79.14429851301854</mytracks:speed><mytracks:gradient>0.0005764965420447504</mytracks:gradient><mytracks:length>0.02225235592150799</mytracks:length></extensions></trkpt><trkpt lat="45.40571005165228" lon="-75.55925243475176"><ele>77.69901379280628</ele><time>2025-10-04T21:47:52.50500Z</time><extensions><mytracks:speed>79.48767126859173</mytracks:speed><mytracks:length>0.0228232038371308</mytracks:length></extensions></trkpt><trkpt lat="45.40588750174174" lon="-75.55935579549396"><ele>77.59715145910873</ele><time>2025-10-04T21:47:53.48300Z</time><extensions><mytracks:speed>79.0038878886382</mytracks:speed><mytracks:length>0.02131778404674069</mytracks:length></extensions></trkpt><trkpt lat="45.40607264871087" lon="-75.55945902059599"><ele>77.56480932782409</ele><time>2025-10-04T21:47:54.51500Z</time><extensions><mytracks:speed>77.0907650541198</mytracks:speed><mytracks:length>0.02210830911897909</mytracks:length></extensions></trkpt><trkpt lat="45.40625644834872" lon="-75.55955821577011"><ele>77.54225668240878</ele><time>2025-10-04T21:47:55.53500Z</time><extensions><mytracks:speed>77.1468603986044</mytracks:speed><mytracks:length>0.02185554070902943</mytracks:length></extensions></trkpt><trkpt lat="45.40652467538158" lon="-75.55970082664739"><ele>77.59940414319871</ele><time>2025-10-04T21:47:57.04900Z</time><extensions><mytracks:speed>75.69604323735038</mytracks:speed><mytracks:gradient>0.00179507156105828</mytracks:gradient><mytracks:length>0.03183575631728218</mytracks:length></extensions></trkpt><trkpt lat="45.40669392235993" lon="-75.55979188995181"><ele>77.74298579946988</ele><time>2025-10-04T21:47:58.00900Z</time><extensions><mytracks:speed>75.58985070204007</mytracks:speed><mytracks:gradient>0.003863677950780032</mytracks:gradient><mytracks:length>0.02011710101003547</mytracks:length></extensions></trkpt><trkpt lat="45.40687141629905" lon="-75.55989186455344"><ele>77.89601006103692</ele><time>2025-10-04T21:47:59.01200Z</time><extensions><mytracks:speed>76.21387811057959</mytracks:speed><mytracks:gradient>0.007210130715070687</mytracks:gradient><mytracks:length>0.02122350725863922</mytracks:length></extensions></trkpt><trkpt lat="45.40713072195907" lon="-75.56004085285684"><ele>78.19016227841381</ele><time>2025-10-04T21:48:00.48400Z</time><extensions><mytracks:speed>76.04293615142393</mytracks:speed><mytracks:gradient>0.009461013446028973</mytracks:gradient><mytracks:length>0.0310909839685677</mytracks:length></extensions></trkpt><trkpt lat="45.40739953012766" lon="-75.56019774144974"><ele>78.30931001108385</ele><time>2025-10-04T21:48:01.98400Z</time><extensions><mytracks:speed>77.49428663689397</mytracks:speed><mytracks:gradient>0.003688539349560503</mytracks:gradient><mytracks:length>0.03230214493556652</mytracks:length></extensions></trkpt><trkpt lat="45.40757492378413" lon="-75.56030107232881"><ele>78.30082187457691</ele><time>2025-10-04T21:48:02.96700Z</time><extensions><mytracks:speed>77.41178984401175</mytracks:speed><mytracks:gradient>0.00207199600798004</mytracks:gradient><mytracks:length>0.02110512243870576</mytracks:length></extensions></trkpt><trkpt lat="45.40775661067791" lon="-75.56040712903129"><ele>78.20928970050649</ele><time>2025-10-04T21:48:03.99100Z</time><extensions><mytracks:speed>76.78079463702448</mytracks:speed><mytracks:length>0.02183326102343973</mytracks:length></extensions></trkpt><trkpt lat="45.40793394389298" lon="-75.56051001545875"><ele>78.13556142588045</ele><time>2025-10-04T21:48:05.00000Z</time><extensions><mytracks:speed>75.93232349377929</mytracks:speed><mytracks:length>0.02129155561541436</mytracks:length></extensions></trkpt><trkpt lat="45.40811296855596" lon="-75.5606114542433"><ele>78.10008411387264</ele><time>2025-10-04T21:48:06.03000Z</time><extensions><mytracks:speed>74.8699615882786</mytracks:speed><mytracks:length>0.02142363875453997</mytracks:length></extensions></trkpt><trkpt lat="45.40828681176153" lon="-75.5607119762102"><ele>78.09695599292148</ele><time>2025-10-04T21:48:07.04400Z</time><extensions><mytracks:speed>74.09698760481443</mytracks:speed><mytracks:length>0.02086245023837955</mytracks:length></extensions></trkpt><trkpt lat="45.408451987747" lon="-75.56081010816938"><ele>78.04654443090504</ele><time>2025-10-04T21:48:08.01500Z</time><extensions><mytracks:speed>73.95900014710973</mytracks:speed><mytracks:length>0.0199004403282555</mytracks:length></extensions></trkpt><trkpt lat="45.40861718548712" lon="-75.56090916672235"><ele>78.00684090332658</ele><time>2025-10-04T21:48:08.99600Z</time><extensions><mytracks:speed>73.47912032599488</mytracks:speed><mytracks:length>0.01993030865501199</mytracks:length></extensions></trkpt><trkpt lat="45.40878521155443" lon="-75.56100936001414"><ele>77.87783927777086</ele><time>2025-10-04T21:48:09.99800Z</time><extensions><mytracks:speed>72.74999782456504</mytracks:speed><mytracks:length>0.02025484128823313</mytracks:length></extensions></trkpt><trkpt lat="45.40895290081867" lon="-75.56111280446461"><ele>77.6235990587642</ele><time>2025-10-04T21:48:11.00300Z</time><extensions><mytracks:speed>72.79587933238548</mytracks:speed><mytracks:length>0.02031970243790708</mytracks:length></extensions></trkpt><trkpt lat="45.40912013999446" lon="-75.56121198616009"><ele>77.23332733864723</ele><time>2025-10-04T21:48:12.00800Z</time><extensions><mytracks:speed>72.15466464384339</mytracks:speed><mytracks:length>0.02014351639913844</mytracks:length></extensions></trkpt><trkpt lat="45.40928337196781" lon="-75.56130575883161"><ele>76.79970453669708</ele><time>2025-10-04T21:48:12.99900Z</time><extensions><mytracks:speed>71.60118610879086</mytracks:speed><mytracks:length>0.01957095254641915</mytracks:length></extensions></trkpt><trkpt lat="45.40944714479745" lon="-75.56140084853102"><ele>76.23477531692795</ele><time>2025-10-04T21:48:13.99000Z</time><extensions><mytracks:speed>71.24006253698138</mytracks:speed><mytracks:length>0.01966536060470167</mytracks:length></extensions></trkpt><trkpt lat="45.40960914411342" lon="-75.56149750176881"><ele>75.54316909098382</ele><time>2025-10-04T21:48:14.95900Z</time><extensions><mytracks:speed>72.0108352268021</mytracks:speed><mytracks:length>0.01952969299146831</mytracks:length></extensions></trkpt><trkpt lat="45.40978029952781" lon="-75.56159940465874"><ele>74.67817944937298</ele><time>2025-10-04T21:48:15.94900Z</time><extensions><mytracks:speed>73.81943699009636</mytracks:speed><mytracks:length>0.02062719234778598</mytracks:length></extensions></trkpt><trkpt lat="45.40997202968027" lon="-75.56171538130276"><ele>73.69748014033965</ele><time>2025-10-04T21:48:16.99400Z</time><extensions><mytracks:speed>79.80896781040428</mytracks:speed><mytracks:length>0.02316207266986857</mytracks:length></extensions></trkpt><trkpt lat="45.41016356910323" lon="-75.56183548668581"><ele>72.55787256768927</ele><time>2025-10-04T21:48:17.98600Z</time><extensions><mytracks:speed>82.06385682264349</mytracks:speed><mytracks:length>0.02327076982852575</mytracks:length></extensions></trkpt><trkpt lat="45.41037661816912" lon="-75.56196969026462"><ele>71.1897606799191</ele><time>2025-10-04T21:48:19.03900Z</time><extensions><mytracks:speed>88.49650932763379</mytracks:speed><mytracks:length>0.02590307473873752</mytracks:length></extensions></trkpt><trkpt lat="45.41058533613586" lon="-75.56210218470885"><ele>69.88183704219502</ele><time>2025-10-04T21:48:20.03900Z</time><extensions><mytracks:speed>89.95135733158969</mytracks:speed><mytracks:length>0.02540863042391014</mytracks:length></extensions></trkpt><trkpt lat="45.41079513605154" lon="-75.56223839464522"><ele>68.7678543130515</ele><time>2025-10-04T21:48:21.02300Z</time><extensions><mytracks:speed>92.63056103257763</mytracks:speed><mytracks:length>0.02563762832101179</mytracks:length></extensions></trkpt><trkpt lat="45.41110187670697" lon="-75.56244260011417"><ele>67.43617996611358</ele><time>2025-10-04T21:48:22.46300Z</time><extensions><mytracks:speed>94.1157129157356</mytracks:speed><mytracks:length>0.03764899803348067</mytracks:length></extensions></trkpt><trkpt lat="45.41132140246602" lon="-75.56258882290217"><ele>67.24408715462938</ele><time>2025-10-04T21:48:23.47600Z</time><extensions><mytracks:speed>95.79436652307602</mytracks:speed><mytracks:length>0.0269469123226935</mytracks:length></extensions></trkpt><trkpt lat="45.41154277373652" lon="-75.56273590984432"><ele>67.20951271475259</ele><time>2025-10-04T21:48:24.49200Z</time><extensions><mytracks:speed>96.21460512160692</mytracks:speed><mytracks:length>0.02716128573036315</mytracks:length></extensions></trkpt><trkpt lat="45.41175856252175" lon="-75.56287621822561"><ele>67.29840098437425</ele><time>2025-10-04T21:48:25.48500Z</time><extensions><mytracks:speed>95.91469449202427</mytracks:speed><mytracks:gradient>0.00101450963263835</mytracks:gradient><mytracks:length>0.02637595773891064</mytracks:length></extensions></trkpt><trkpt lat="45.41197837689225" lon="-75.56301147172211"><ele>67.55532058678716</ele><time>2025-10-04T21:48:26.49200Z</time><extensions><mytracks:speed>95.22073142036955</mytracks:speed><mytracks:gradient>0.009649534334613649</mytracks:gradient><mytracks:length>0.02662507780207755</mytracks:length></extensions></trkpt><trkpt lat="45.41220417644198" lon="-75.56314763579341"><ele>67.61111209805732</ele><time>2025-10-04T21:48:27.52900Z</time><extensions><mytracks:speed>94.65109662044097</mytracks:speed><mytracks:gradient>0.002046272411494493</mytracks:gradient><mytracks:length>0.02726494818420126</mytracks:length></extensions></trkpt><trkpt lat="45.41242851891555" lon="-75.56328067428886"><ele>67.80524287513404</ele><time>2025-10-04T21:48:28.55200Z</time><extensions><mytracks:speed>95.12347122873368</mytracks:speed><mytracks:gradient>0.007184380372368853</mytracks:gradient><mytracks:length>0.02702122758190114</mytracks:length></extensions></trkpt><trkpt lat="45.41263996841888" lon="-75.56340316064573"><ele>68.01267207170145</ele><time>2025-10-04T21:48:29.50800Z</time><extensions><mytracks:speed>95.31431267739656</mytracks:speed><mytracks:gradient>0.00766302095336627</mytracks:gradient><mytracks:length>0.02538183564457198</mytracks:length></extensions></trkpt><trkpt lat="45.41286046193434" lon="-75.56353402587857"><ele>67.87955407391394</ele><time>2025-10-04T21:48:30.50100Z</time><extensions><mytracks:speed>95.9348420008473</mytracks:speed><mytracks:gradient>0.001430656813423099</mytracks:gradient><mytracks:length>0.02656068406240158</mytracks:length></extensions></trkpt><trkpt lat="45.4130797177863" lon="-75.56366376716208"><ele>67.88371247925082</ele><time>2025-10-04T21:48:31.50000Z</time><extensions><mytracks:speed>95.70827859031033</mytracks:speed><mytracks:length>0.02639986602535681</mytracks:length></extensions></trkpt><trkpt lat="45.41329984207259" lon="-75.56379672454642"><ele>67.7693940906105</ele><time>2025-10-04T21:48:32.49800Z</time><extensions><mytracks:speed>95.50732826113097</mytracks:speed><mytracks:length>0.02658595177479831</mytracks:length></extensions></trkpt><trkpt lat="45.41351929300522" lon="-75.56393016538253"><ele>67.7469304704442</ele><time>2025-10-04T21:48:33.50000Z</time><extensions><mytracks:speed>95.35481830941255</mytracks:speed><mytracks:length>0.02653182573866199</mytracks:length></extensions></trkpt><trkpt lat="45.41373803384953" lon="-75.56406324389887"><ele>67.82956805219618</ele><time>2025-10-04T21:48:34.50000Z</time><extensions><mytracks:speed>95.15440378224467</mytracks:speed><mytracks:gradient>0.003124515235283279</mytracks:gradient><mytracks:length>0.02644812891894559</mytracks:length></extensions></trkpt><trkpt lat="45.41395800242012" lon="-75.56419681740857"><ele>67.8913689376631</ele><time>2025-10-04T21:48:35.50200Z</time><extensions><mytracks:speed>95.5380711486001</mytracks:speed><mytracks:gradient>0.002324302507306149</mytracks:gradient><mytracks:length>0.02658900262451188</mytracks:length></extensions></trkpt><trkpt lat="45.41416863657292" lon="-75.56432690633028"><ele>68.15325737976869</ele><time>2025-10-04T21:48:36.49200Z</time><extensions><mytracks:speed>94.19729487662217</mytracks:speed><mytracks:gradient>0.006210875378064609</mytracks:gradient><mytracks:length>0.02552788802658764</mytracks:length></extensions></trkpt><trkpt lat="45.41437325503597" lon="-75.5644536879222"><ele>68.34231685924074</ele><time>2025-10-04T21:48:37.45800Z</time><extensions><mytracks:speed>92.65133808073384</mytracks:speed><mytracks:gradient>0.00895812814219421</mytracks:gradient><mytracks:length>0.02481173560834323</mytracks:length></extensions></trkpt><trkpt lat="45.41458166399523" lon="-75.56458176279546"><ele>68.68417461474904</ele><time>2025-10-04T21:48:38.45000Z</time><extensions><mytracks:speed>92.0369471913509</mytracks:speed><mytracks:gradient>0.0106077764993552</mytracks:gradient><mytracks:length>0.0252385092367622</mytracks:length></extensions></trkpt><trkpt lat="45.41479921675489" lon="-75.56471616346229"><ele>68.86758622373928</ele><time>2025-10-04T21:48:39.48400Z</time><extensions><mytracks:speed>91.80031540238515</mytracks:speed><mytracks:gradient>0.006955995392711625</mytracks:gradient><mytracks:length>0.02636741381146062</mytracks:length></extensions></trkpt><trkpt lat="45.41502220248402" lon="-75.56484874290045"><ele>69.03917958963139</ele><time>2025-10-04T21:48:40.53300Z</time><extensions><mytracks:speed>92.15119228946651</mytracks:speed><mytracks:gradient>0.006386605233749222</mytracks:gradient><mytracks:length>0.02686769568680143</mytracks:length></extensions></trkpt><trkpt lat="45.41523463921896" lon="-75.56497473903272"><ele>69.17070941884889</ele><time>2025-10-04T21:48:41.54100Z</time><extensions><mytracks:speed>91.41224592607348</mytracks:speed><mytracks:gradient>0.005140467787366205</mytracks:gradient><mytracks:length>0.02558713227242883</mytracks:length></extensions></trkpt><trkpt lat="45.41543663325252" lon="-75.56509541167803"><ele>69.31641904709761</ele><time>2025-10-04T21:48:42.51000Z</time><extensions><mytracks:speed>90.9733229473984</mytracks:speed><mytracks:gradient>0.005551116849307503</mytracks:gradient><mytracks:length>0.02435585375508188</mytracks:length></extensions></trkpt><trkpt lat="45.41563770407205" lon="-75.56521588114177"><ele>69.48649031021749</ele><time>2025-10-04T21:48:43.48700Z</time><extensions><mytracks:speed>89.95608036410709</mytracks:speed><mytracks:gradient>0.006496122526896375</mytracks:gradient><mytracks:length>0.02425499324806712</mytracks:length></extensions></trkpt><trkpt lat="45.41584094969941" lon="-75.56533739810887"><ele>69.58508096593839</ele><time>2025-10-04T21:48:44.48300Z</time><extensions><mytracks:speed>88.96254105803571</mytracks:speed><mytracks:gradient>0.00550937474872292</mytracks:gradient><mytracks:length>0.02450949204359948</mytracks:length></extensions></trkpt><trkpt lat="45.41604839736885" lon="-75.56546191807607"><ele>69.66184869212621</ele><time>2025-10-04T21:48:45.51500Z</time><extensions><mytracks:speed>87.36415731809448</mytracks:speed><mytracks:gradient>0.003066875016958966</mytracks:gradient><mytracks:length>0.02503125356048767</mytracks:length></extensions></trkpt><trkpt lat="45.41624824812018" lon="-75.56558251678257"><ele>69.67986131628471</ele><time>2025-10-04T21:48:46.52300Z</time><extensions><mytracks:speed>86.13530562726989</mytracks:speed><mytracks:gradient>0.0007463610920872507</mytracks:gradient><mytracks:length>0.02413392706220512</mytracks:length></extensions></trkpt><trkpt lat="45.41644284613925" lon="-75.56570201772712"><ele>69.83366543967927</ele><time>2025-10-04T21:48:47.51900Z</time><extensions><mytracks:speed>85.68524751524126</mytracks:speed><mytracks:gradient>0.003602281230320702</mytracks:gradient><mytracks:length>0.02356289505571194</mytracks:length></extensions></trkpt><trkpt lat="45.41663205909437" lon="-75.56581796317879"><ele>70.09674352713927</ele><time>2025-10-04T21:48:48.50500Z</time><extensions><mytracks:speed>84.42513105024196</mytracks:speed><mytracks:gradient>0.008971721298954448</mytracks:gradient><mytracks:length>0.02290322671537761</mytracks:length></extensions></trkpt><trkpt lat="45.41682036309279" lon="-75.56593206858348"><ele>70.38851051976479</ele><time>2025-10-04T21:48:49.50200Z</time><extensions><mytracks:speed>82.85742707841106</mytracks:speed><mytracks:gradient>0.01215244644487422</mytracks:gradient><mytracks:length>0.0227537946703501</mytracks:length></extensions></trkpt><trkpt lat="45.41700559979044" lon="-75.56604483929868"><ele>70.68992853296547</ele><time>2025-10-04T21:48:50.50100Z</time><extensions><mytracks:speed>81.43831163109661</mytracks:speed><mytracks:gradient>0.01313722587973844</mytracks:gradient><mytracks:length>0.02239909785703451</mytracks:length></extensions></trkpt><trkpt lat="45.41718790180375" lon="-75.56615381770811"><ele>70.95484052712034</ele><time>2025-10-04T21:48:51.49700Z</time><extensions><mytracks:speed>80.11270546189894</mytracks:speed><mytracks:gradient>0.01276025917315447</mytracks:gradient><mytracks:length>0.0219832107093297</mytracks:length></extensions></trkpt><trkpt lat="45.41737028038462" lon="-75.56626281013386"><ele>71.16589907558003</ele><time>2025-10-04T21:48:52.49700Z</time><extensions><mytracks:speed>79.13627232668514</mytracks:speed><mytracks:gradient>0.009597228793578315</mytracks:gradient><mytracks:length>0.02199161372509039</mytracks:length></extensions></trkpt><trkpt lat="45.41755060957357" lon="-75.56637165428246"><ele>71.32395353692456</ele><time>2025-10-04T21:48:53.49800Z</time><extensions><mytracks:speed>78.29538433162216</mytracks:speed><mytracks:gradient>0.007257776987294054</mytracks:gradient><mytracks:length>0.0217772551597045</mytracks:length></extensions></trkpt><trkpt lat="45.41772904116439" lon="-75.56647871163931"><ele>71.41050812981102</ele><time>2025-10-04T21:48:54.50200Z</time><extensions><mytracks:speed>77.1862611134999</mytracks:speed><mytracks:gradient>0.00402045541164063</mytracks:gradient><mytracks:length>0.02152855436124271</mytracks:length></extensions></trkpt><trkpt lat="45.4179034596286" lon="-75.56658451088009"><ele>71.43777338469809</ele><time>2025-10-04T21:48:55.50200Z</time><extensions><mytracks:speed>76.55564083429124</mytracks:speed><mytracks:gradient>0.002671340720051662</mytracks:gradient><mytracks:length>0.02107927074511763</mytracks:length></extensions></trkpt><trkpt lat="45.41807377345923" lon="-75.56669053178167"><ele>71.32579563024078</ele><time>2025-10-04T21:48:56.50300Z</time><extensions><mytracks:speed>74.35960003640453</mytracks:speed><mytracks:length>0.02066713309167346</mytracks:length></extensions></trkpt><trkpt lat="45.41824034624533" lon="-75.56679671095445"><ele>71.27979560775793</ele><time>2025-10-04T21:48:57.50100Z</time><extensions><mytracks:speed>73.75087987380107</mytracks:speed><mytracks:length>0.02029151775726741</mytracks:length></extensions></trkpt><trkpt lat="45.41840399381621" lon="-75.56690234522348"><ele>71.19599596165897</ele><time>2025-10-04T21:48:58.50000Z</time><extensions><mytracks:speed>72.55924820617068</mytracks:speed><mytracks:length>0.01997773441489366</mytracks:length></extensions></trkpt><trkpt lat="45.41856193654601" lon="-75.5670053987991"><ele>71.02105174039771</ele><time>2025-10-04T21:48:59.50000Z</time><extensions><mytracks:speed>70.76456699181287</mytracks:speed><mytracks:length>0.01931647553556009</mytracks:length></extensions></trkpt><trkpt lat="45.41871280185276" lon="-75.5671021355159"><ele>70.88566478138112</ele><time>2025-10-04T21:49:00.50000Z</time><extensions><mytracks:speed>67.8935969067339</mytracks:speed><mytracks:length>0.01839590348731612</mytracks:length></extensions></trkpt><trkpt lat="45.41885594164855" lon="-75.56718818111942"><ele>70.61681375546782</ele><time>2025-10-04T21:49:01.50000Z</time><extensions><mytracks:speed>64.2090512949006</mytracks:speed><mytracks:length>0.01727535506775673</mytracks:length></extensions></trkpt><trkpt lat="45.41899171291643" lon="-75.56726090924101"><ele>70.44078364562777</ele><time>2025-10-04T21:49:02.50000Z</time><extensions><mytracks:speed>60.11725311182135</mytracks:speed><mytracks:length>0.01612894554917571</mytracks:length></extensions></trkpt><trkpt lat="45.41912048599022" lon="-75.56731695471991"><ele>70.28455452885623</ele><time>2025-10-04T21:49:03.50000Z</time><extensions><mytracks:speed>55.95478094419209</mytracks:speed><mytracks:length>0.01497241315639743</mytracks:length></extensions></trkpt><trkpt lat="45.41924099165632" lon="-75.56735975892843"><ele>70.15042778953944</ele><time>2025-10-04T21:49:04.50000Z</time><extensions><mytracks:speed>51.79028101784618</mytracks:speed><mytracks:length>0.01380974150829148</mytracks:length></extensions></trkpt><trkpt lat="45.41935139290403" lon="-75.56739197640432"><ele>70.09381952673054</ele><time>2025-10-04T21:49:05.50000Z</time><extensions><mytracks:speed>45.11064286422887</mytracks:speed><mytracks:length>0.01253074010407212</mytracks:length></extensions></trkpt><trkpt lat="45.41945036633015" lon="-75.56741745380049"><ele>69.98021567323991</ele><time>2025-10-04T21:49:06.50000Z</time><extensions><mytracks:speed>40.26180065416465</mytracks:speed><mytracks:length>0.01118384551399737</mytracks:length></extensions></trkpt><trkpt lat="45.41953591454223" lon="-75.56743745252908"><ele>69.98983676083922</ele><time>2025-10-04T21:49:07.50000Z</time><extensions><mytracks:speed>34.70234526578142</mytracks:speed><mytracks:gradient>0.0009980840570697298</mytracks:gradient><mytracks:length>0.009639556439324548</mytracks:length></extensions></trkpt><trkpt lat="45.41961220877445" lon="-75.56744964774373"><ele>70.04476339808423</ele><time>2025-10-04T21:49:08.50000Z</time><extensions><mytracks:speed>30.73050245694163</mytracks:speed><mytracks:gradient>0.006434507052655645</mytracks:gradient><mytracks:length>0.008536261876087957</mytracks:length></extensions></trkpt><trkpt lat="45.41968371669452" lon="-75.56745507481624"><ele>70.14731063301274</ele><time>2025-10-04T21:49:09.50000Z</time><extensions><mytracks:speed>28.66562671173128</mytracks:speed><mytracks:gradient>0.01287846748722607</mytracks:gradient><mytracks:length>0.007962689274187553</mytracks:length></extensions></trkpt><trkpt lat="45.41975105223563" lon="-75.56745959688841"><ele>70.27663976959514</ele><time>2025-10-04T21:49:10.50000Z</time><extensions><mytracks:speed>26.98657208556962</mytracks:speed><mytracks:gradient>0.01725243625581754</mytracks:gradient><mytracks:length>0.007496282534519671</mytracks:length></extensions></trkpt><trkpt lat="45.41981468606424" lon="-75.56747456154972"><ele>70.29168974412001</ele><time>2025-10-04T21:49:11.50000Z</time><extensions><mytracks:speed>25.81864712250434</mytracks:speed><mytracks:gradient>0.002098476503004358</mytracks:gradient><mytracks:length>0.007171857537277191</mytracks:length></extensions></trkpt><trkpt lat="45.41987162391589" lon="-75.56751211463758"><ele>71.04784642345012</ele><time>2025-10-04T21:49:12.50000Z</time><extensions><mytracks:speed>25.11925967072468</mytracks:speed><mytracks:gradient>0.1083694289833457</mytracks:gradient><mytracks:length>0.00697758294404527</mytracks:length></extensions></trkpt><trkpt lat="45.41991172047813" lon="-75.56757648672617"><ele>71.74311820991744</ele><time>2025-10-04T21:49:13.50000Z</time><extensions><mytracks:speed>24.18345179752899</mytracks:speed><mytracks:gradient>0.1034994621507725</mytracks:gradient><mytracks:length>0.006717636710560694</mytracks:length></extensions></trkpt><trkpt lat="45.41992745199373" lon="-75.56766309779867"><ele>72.47290751362165</ele><time>2025-10-04T21:49:14.50000Z</time><extensions><mytracks:speed>25.13784976296868</mytracks:speed><mytracks:gradient>0.1045131995549772</mytracks:gradient><mytracks:length>0.006982747698967121</mytracks:length></extensions></trkpt><trkpt lat="45.41991704075384" lon="-75.56776177097474"><ele>73.16306403610689</ele><time>2025-10-04T21:49:15.49500Z</time><extensions><mytracks:speed>26.1154035767428</mytracks:speed><mytracks:gradient>0.09810654162203536</mytracks:gradient><mytracks:length>0.007788166901350611</mytracks:length></extensions></trkpt><trkpt lat="45.41988495835818" lon="-75.5678667228137"><ele>73.11431942874776</ele><time>2025-10-04T21:49:16.49600Z</time><extensions><mytracks:speed>32.1571166105201</mytracks:speed><mytracks:length>0.008934516190296648</mytracks:length></extensions></trkpt><trkpt lat="45.4198481751943" lon="-75.56797661846008"><ele>73.10241278075364</ele><time>2025-10-04T21:49:17.49900Z</time><extensions><mytracks:speed>34.09327186502914</mytracks:speed><mytracks:length>0.009502070131995098</mytracks:length></extensions></trkpt><trkpt lat="45.41982202799333" lon="-75.5680996254242"><ele>73.10749127016321</ele><time>2025-10-04T21:49:18.50400Z</time><extensions><mytracks:speed>35.91835739391316</mytracks:speed><mytracks:gradient>0.000506287167071304</mytracks:gradient><mytracks:length>0.01003084758981193</mytracks:length></extensions></trkpt><trkpt lat="45.41981721063478" lon="-75.56824052888062"><ele>73.26496011157265</ele><time>2025-10-04T21:49:19.50300Z</time><extensions><mytracks:speed>37.51758582616926</mytracks:speed><mytracks:gradient>0.007783408531989097</mytracks:gradient><mytracks:length>0.01101044835460402</mytracks:length></extensions></trkpt><trkpt lat="45.41983167852817" lon="-75.56840411164275"><ele>73.47556217230795</ele><time>2025-10-04T21:49:20.49600Z</time><extensions><mytracks:speed>42.98846917796713</mytracks:speed><mytracks:gradient>0.01547242999105917</mytracks:gradient><mytracks:length>0.01286854880075084</mytracks:length></extensions></trkpt><trkpt lat="45.41985912817508" lon="-75.56859248178337"><ele>73.66101426911005</ele><time>2025-10-04T21:49:21.49700Z</time><extensions><mytracks:speed>54.02092327072749</mytracks:speed><mytracks:gradient>0.01235080019787967</mytracks:gradient><mytracks:length>0.01501539121602394</mytracks:length></extensions></trkpt><trkpt lat="45.41989462497812" lon="-75.56879721253125"><ele>73.88980104834886</ele><time>2025-10-04T21:49:22.50100Z</time><extensions><mytracks:speed>59.02719775301417</mytracks:speed><mytracks:gradient>0.01390049900711814</mytracks:gradient><mytracks:length>0.01645888965005113</mytracks:length></extensions></trkpt><trkpt lat="45.41993333627909" lon="-75.56900700643645"><ele>74.03937663924539</ele><time>2025-10-04T21:49:23.47000Z</time><extensions><mytracks:speed>60.91999934819371</mytracks:speed><mytracks:gradient>0.01133207430645822</mytracks:gradient><mytracks:length>0.01693018728689063</mytracks:length></extensions></trkpt><trkpt lat="45.4199782435034" lon="-75.5692303031222"><ele>74.1898532251537</ele><time>2025-10-04T21:49:24.47700Z</time><extensions><mytracks:speed>64.82395972734821</mytracks:speed><mytracks:gradient>0.008300136569576001</mytracks:gradient><mytracks:length>0.01812941084124773</mytracks:length></extensions></trkpt><trkpt lat="45.42002319613559" lon="-75.56946062945353"><ele>74.27672785126769</ele><time>2025-10-04T21:49:25.50300Z</time><extensions><mytracks:speed>65.43662153999078</mytracks:speed><mytracks:gradient>0.004656012304143272</mytracks:gradient><mytracks:length>0.01865859032131175</mytracks:length></extensions></trkpt><trkpt lat="45.42007202351213" lon="-75.56969637382444"><ele>74.31941299624438</ele><time>2025-10-04T21:49:26.53800Z</time><extensions><mytracks:speed>66.76107688107319</mytracks:speed><mytracks:gradient>0.002225068567167086</mytracks:gradient><mytracks:length>0.01918374364122769</mytracks:length></extensions></trkpt><trkpt lat="45.42016276248556" lon="-75.57014729268755"><ele>74.62924297115738</ele><time>2025-10-04T21:49:28.47200Z</time><extensions><mytracks:speed>68.15863413079725</mytracks:speed><mytracks:gradient>0.008462712081405855</mytracks:gradient><mytracks:length>0.03661119177075095</mytracks:length></extensions></trkpt><trkpt lat="45.42021555029233" lon="-75.5703977091047"><ele>74.92794881353643</ele><time>2025-10-04T21:49:29.53500Z</time><extensions><mytracks:speed>69.07301308737537</mytracks:speed><mytracks:gradient>0.01463749677297105</mytracks:gradient><mytracks:length>0.02040689381606744</mytracks:length></extensions></trkpt><trkpt lat="45.4202642737555" lon="-75.5706494019618"><ele>75.05748398658119</ele><time>2025-10-04T21:49:30.59700Z</time><extensions><mytracks:speed>69.10621355481862</mytracks:speed><mytracks:gradient>0.006356773626401714</mytracks:gradient><mytracks:length>0.02037750290599571</mytracks:length></extensions></trkpt><trkpt lat="45.42035316715798" lon="-75.57110456767677"><ele>75.08903014658873</ele><time>2025-10-04T21:49:32.49700Z</time><extensions><mytracks:speed>69.87205499916428</mytracks:speed><mytracks:gradient>0.000855508906890543</mytracks:gradient><mytracks:length>0.03687414561491265</mytracks:length></extensions></trkpt><trkpt lat="45.42040096951652" lon="-75.57135252489265"><ele>75.00626334565098</ele><time>2025-10-04T21:49:33.50200Z</time><extensions><mytracks:speed>71.8527224422992</mytracks:speed><mytracks:length>0.02006910643094977</mytracks:length></extensions></trkpt><trkpt lat="45.42045020927987" lon="-75.57160234622458"><ele>74.98663553765958</ele><time>2025-10-04T21:49:34.50100Z</time><extensions><mytracks:speed>72.43416865778003</mytracks:speed><mytracks:length>0.02025217131771097</mytracks:length></extensions></trkpt><trkpt lat="45.42049794251067" lon="-75.57185737581435"><ele>74.86276341298941</ele><time>2025-10-04T21:49:35.50400Z</time><extensions><mytracks:speed>73.89590558658659</mytracks:speed><mytracks:length>0.02059986590496578</mytracks:length></extensions></trkpt><trkpt lat="45.4205443370544" lon="-75.57211267957516"><ele>74.60287490431055</ele><time>2025-10-04T21:49:36.50200Z</time><extensions><mytracks:speed>74.07671613183928</mytracks:speed><mytracks:length>0.02058279582224385</mytracks:length></extensions></trkpt><trkpt lat="45.42058742509581" lon="-75.57236871883359"><ele>74.37162176957041</ele><time>2025-10-04T21:49:37.49200Z</time><extensions><mytracks:speed>74.48189554273441</mytracks:speed><mytracks:length>0.02054970959720338</mytracks:length></extensions></trkpt><trkpt lat="45.42062912877748" lon="-75.5726276312291"><ele>74.08954499649549</ele><time>2025-10-04T21:49:38.49200Z</time><extensions><mytracks:speed>74.62922398735074</mytracks:speed><mytracks:length>0.02073287796931523</mytracks:length></extensions></trkpt><trkpt lat="45.42067035982633" lon="-75.57288656654369"><ele>73.85038160255152</ele><time>2025-10-04T21:49:39.50100Z</time><extensions><mytracks:speed>73.98425565828292</mytracks:speed><mytracks:length>0.02072265985540758</mytracks:length></extensions></trkpt><trkpt lat="45.42071294019833" lon="-75.5731440998938"><ele>73.66082389561853</ele><time>2025-10-04T21:49:40.51100Z</time><extensions><mytracks:speed>73.5704960389732</mytracks:speed><mytracks:length>0.02064990038900312</mytracks:length></extensions></trkpt><trkpt lat="45.42075435976815" lon="-75.57339353272441"><ele>73.48537151925875</ele><time>2025-10-04T21:49:41.50500Z</time><extensions><mytracks:speed>73.00218044927796</mytracks:speed><mytracks:length>0.02000478436894573</mytracks:length></extensions></trkpt><trkpt lat="45.42079055348988" lon="-75.57363733411138"><ele>73.38323883933118</ele><time>2025-10-04T21:49:42.49300Z</time><extensions><mytracks:speed>71.67141046483678</mytracks:speed><mytracks:length>0.01944899669062234</mytracks:length></extensions></trkpt><trkpt lat="45.42081893666091" lon="-75.57387953062644"><ele>73.16504196802683</ele><time>2025-10-04T21:49:43.47100Z</time><extensions><mytracks:speed>70.70960340766892</mytracks:speed><mytracks:length>0.01916447175913678</mytracks:length></extensions></trkpt><trkpt lat="45.42083790300319" lon="-75.57413223318922"><ele>72.85769037494313</ele><time>2025-10-04T21:49:44.48100Z</time><extensions><mytracks:speed>70.66232265144359</mytracks:speed><mytracks:length>0.01983534414268842</mytracks:length></extensions></trkpt><trkpt lat="45.42084939243195" lon="-75.57439336272157"><ele>72.44780792507713</ele><time>2025-10-04T21:49:45.50000Z</time><extensions><mytracks:speed>72.20558286453488</mytracks:speed><mytracks:length>0.02042058038572474</mytracks:length></extensions></trkpt><trkpt lat="45.42085424578423" lon="-75.57466070534242"><ele>72.13557984960863</ele><time>2025-10-04T21:49:46.52200Z</time><extensions><mytracks:speed>73.47841813248309</mytracks:speed><mytracks:length>0.02087216811773178</mytracks:length></extensions></trkpt><trkpt lat="45.42085676696046" lon="-75.57492189749307"><ele>72.05723244609204</ele><time>2025-10-04T21:49:47.51400Z</time><extensions><mytracks:speed>73.72674712936248</mytracks:speed><mytracks:length>0.0203872309046388</mytracks:length></extensions></trkpt><trkpt lat="45.42085552067454" lon="-75.57518448891578"><ele>72.21635508837277</ele><time>2025-10-04T21:49:48.51400Z</time><extensions><mytracks:speed>73.76978267781448</mytracks:speed><mytracks:gradient>0.007763961060149182</mytracks:gradient><mytracks:length>0.02049503353352258</mytracks:length></extensions></trkpt><trkpt lat="45.42085193643157" lon="-75.57544000305658"><ele>72.48257197936901</ele><time>2025-10-04T21:49:49.50000Z</time><extensions><mytracks:speed>73.2991800929256</mytracks:speed><mytracks:gradient>0.01051773842652414</mytracks:gradient><mytracks:length>0.01994635569598716</mytracks:length></extensions></trkpt><trkpt lat="45.42084712296105" lon="-75.57569686221956"><ele>72.75371273212978</ele><time>2025-10-04T21:49:50.50000Z</time><extensions><mytracks:speed>72.52915886810153</mytracks:speed><mytracks:gradient>0.01343390531407272</mytracks:gradient><mytracks:length>0.02005428118941179</mytracks:length></extensions></trkpt><trkpt lat="45.42084067611773" lon="-75.57595422455296"><ele>72.74894168620581</ele><time>2025-10-04T21:49:51.50100Z</time><extensions><mytracks:speed>72.23505991404593</mytracks:speed><mytracks:length>0.02009939672962293</mytracks:length></extensions></trkpt><trkpt lat="45.42083405525256" lon="-75.57621232209431"><ele>72.69220984342576</ele><time>2025-10-04T21:49:52.50400Z</time><extensions><mytracks:speed>72.37296408406328</mytracks:speed><mytracks:length>0.02015738179903217</mytracks:length></extensions></trkpt><trkpt lat="45.42082831927258" lon="-75.57646907602928"><ele>72.56952966666458</ele><time>2025-10-04T21:49:53.50100Z</time><extensions><mytracks:speed>72.39328914846739</mytracks:speed><mytracks:length>0.02004933700615552</mytracks:length></extensions></trkpt><trkpt lat="45.42082103992678" lon="-75.57672838051953"><ele>72.50512357055513</ele><time>2025-10-04T21:49:54.50100Z</time><extensions><mytracks:speed>72.67581779307511</mytracks:speed><mytracks:length>0.02025439631758779</mytracks:length></extensions></trkpt><trkpt lat="45.4208103168425" lon="-75.57698895501416"><ele>72.55068582168262</ele><time>2025-10-04T21:49:55.50000Z</time><extensions><mytracks:speed>73.14200538764524</mytracks:speed><mytracks:length>0.02037197356452893</mytracks:length></extensions></trkpt><trkpt lat="45.42079978850533" lon="-75.57724951926508"><ele>72.62041484959323</ele><time>2025-10-04T21:49:56.50000Z</time><extensions><mytracks:speed>73.35859732681199</mytracks:speed><mytracks:gradient>0.002829784739440263</mytracks:gradient><mytracks:length>0.02036998263417685</mytracks:length></extensions></trkpt><trkpt lat="45.42078851164641" lon="-75.57750815642733"><ele>72.78866001470513</ele><time>2025-10-04T21:49:57.50000Z</time><extensions><mytracks:speed>73.09928254465278</mytracks:speed><mytracks:gradient>0.005862199587442228</mytracks:gradient><mytracks:length>0.0202250066097474</mytracks:length></extensions></trkpt><trkpt lat="45.42078075265619" lon="-75.57776975006986"><ele>72.68198215619623</ele><time>2025-10-04T21:49:58.49900Z</time><extensions><mytracks:speed>73.21409957294411</mytracks:speed><mytracks:gradient>0.001514280032992391</mytracks:gradient><mytracks:length>0.02043491936592459</mytracks:length></extensions></trkpt><trkpt lat="45.42077698862769" lon="-75.57802962473636"><ele>72.7339902599542</ele><time>2025-10-04T21:49:59.50000Z</time><extensions><mytracks:speed>72.98485489398422</mytracks:speed><mytracks:gradient>0.002563635789675105</mytracks:gradient><mytracks:length>0.02028685352553965</mytracks:length></extensions></trkpt><trkpt lat="45.42077530054826" lon="-75.57829087954627"><ele>72.65269085358635</ele><time>2025-10-04T21:50:00.50000Z</time><extensions><mytracks:speed>73.37165282224647</mytracks:speed><mytracks:length>0.02039098820662348</mytracks:length></extensions></trkpt><trkpt lat="45.42077337173524" lon="-75.57855835841029"><ele>72.54112374342013</ele><time>2025-10-04T21:50:01.50100Z</time><extensions><mytracks:speed>75.10355869507502</mytracks:speed><mytracks:length>0.02087713328700223</mytracks:length></extensions></trkpt><trkpt lat="45.42077082198232" lon="-75.57882509570211"><ele>72.47825852813837</ele><time>2025-10-04T21:50:02.50100Z</time><extensions><mytracks:speed>75.03401262212402</mytracks:speed><mytracks:length>0.02081985412824212</mytracks:length></extensions></trkpt><trkpt lat="45.42076709902501" lon="-75.57909377881484"><ele>72.42061876732933</ele><time>2025-10-04T21:50:03.49800Z</time><extensions><mytracks:speed>75.33272875552699</mytracks:speed><mytracks:length>0.02097404143562266</mytracks:length></extensions></trkpt><trkpt lat="45.42076271864133" lon="-75.57936543039577"><ele>72.25174934894864</ele><time>2025-10-04T21:50:04.50000Z</time><extensions><mytracks:speed>76.23874863870627</mytracks:speed><mytracks:length>0.02120715166225579</mytracks:length></extensions></trkpt><trkpt lat="45.42075845216951" lon="-75.579635403224"><ele>72.16842499432887</ele><time>2025-10-04T21:50:05.50100Z</time><extensions><mytracks:speed>75.73527591859694</mytracks:speed><mytracks:length>0.02107563614846237</mytracks:length></extensions></trkpt><trkpt lat="45.42075247413726" lon="-75.58003756181969"><ele>72.06714910751788</ele><time>2025-10-04T21:50:06.99900Z</time><extensions><mytracks:speed>75.45618593020698</mytracks:speed><mytracks:length>0.03139431500998208</mytracks:length></extensions></trkpt><trkpt lat="45.42074812742957" lon="-75.58030451107992"><ele>71.88146853428005</ele><time>2025-10-04T21:50:07.99900Z</time><extensions><mytracks:speed>75.29909994073779</mytracks:speed><mytracks:length>0.02084019003599708</mytracks:length></extensions></trkpt><trkpt lat="45.42074435641403" lon="-75.58057059224637"><ele>71.73540921399299</ele><time>2025-10-04T21:50:09.00200Z</time><extensions><mytracks:speed>74.52099921931467</mytracks:speed><mytracks:length>0.02077087993515202</mytracks:length></extensions></trkpt><trkpt lat="45.4207419357823" lon="-75.58083205649174"><ele>71.4945855106121</ele><time>2025-10-04T21:50:10.00600Z</time><extensions><mytracks:speed>73.20114159037087</mytracks:speed><mytracks:length>0.02040821872396146</mytracks:length></extensions></trkpt><trkpt lat="45.42074192995388" lon="-75.58108261086697"><ele>71.32578926229489</ele><time>2025-10-04T21:50:11.00200Z</time><extensions><mytracks:speed>71.92688769618159</mytracks:speed><mytracks:length>0.01955505833611847</mytracks:length></extensions></trkpt><trkpt lat="45.42074505925708" lon="-75.58132209071087"><ele>71.13225673317626</ele><time>2025-10-04T21:50:11.99900Z</time><extensions><mytracks:speed>69.0685637624108</mytracks:speed><mytracks:length>0.01869381845839247</mytracks:length></extensions></trkpt><trkpt lat="45.42075640403268" lon="-75.5815516129102"><ele>70.90279038031863</ele><time>2025-10-04T21:50:12.99900Z</time><extensions><mytracks:speed>64.64181452164158</mytracks:speed><mytracks:length>0.0179578340879744</mytracks:length></extensions></trkpt><trkpt lat="45.42077452988842" lon="-75.5817697509205"><ele>70.89059431279503</ele><time>2025-10-04T21:50:14.00000Z</time><extensions><mytracks:speed>61.68151476443999</mytracks:speed><mytracks:length>0.01714416882226478</mytracks:length></extensions></trkpt><trkpt lat="45.42080241894855" lon="-75.58197827766756"><ele>70.91255374785271</ele><time>2025-10-04T21:50:15.00100Z</time><extensions><mytracks:speed>59.58639158690751</mytracks:speed><mytracks:gradient>0.001325430662285679</mytracks:gradient><mytracks:length>0.0165677735414787</mytracks:length></extensions></trkpt><trkpt lat="45.42084303220091" lon="-75.58218393836788"><ele>70.86086728637581</ele><time>2025-10-04T21:50:16.00000Z</time><extensions><mytracks:speed>59.78924870239322</mytracks:speed><mytracks:length>0.01667432503779641</mytracks:length></extensions></trkpt><trkpt lat="45.42089528274334" lon="-75.58238541095176"><ele>70.80226808460388</ele><time>2025-10-04T21:50:16.99100Z</time><extensions><mytracks:speed>60.44474698280279</mytracks:speed><mytracks:length>0.01676354147371171</mytracks:length></extensions></trkpt><trkpt lat="45.42095946264718" lon="-75.58258789860827"><ele>70.81190315870178</ele><time>2025-10-04T21:50:17.99400Z</time><extensions><mytracks:speed>62.25028866920777</mytracks:speed><mytracks:gradient>0.0005556499787646876</mytracks:gradient><mytracks:length>0.01734018620736941</mytracks:length></extensions></trkpt><trkpt lat="45.4210344592061" lon="-75.58278809026106"><ele>70.6513093034423</ele><time>2025-10-04T21:50:18.99100Z</time><extensions><mytracks:speed>63.06185254855905</mytracks:speed><mytracks:length>0.01771071353641371</mytracks:length></extensions></trkpt><trkpt lat="45.4211194412102" lon="-75.58299023121205"><ele>70.44730519493687</ele><time>2025-10-04T21:50:19.99900Z</time><extensions><mytracks:speed>65.65271890908994</mytracks:speed><mytracks:length>0.01839026842561716</mytracks:length></extensions></trkpt><trkpt lat="45.4212087142081" lon="-75.58318798851317"><ele>70.31999624620825</ele><time>2025-10-04T21:50:20.99900Z</time><extensions><mytracks:speed>65.86037891812529</mytracks:speed><mytracks:length>0.01835077454298501</mytracks:length></extensions></trkpt><trkpt lat="45.42130409957352" lon="-75.5833898452933"><ele>70.22544181421138</ele><time>2025-10-04T21:50:22.00000Z</time><extensions><mytracks:speed>68.2930782332724</mytracks:speed><mytracks:length>0.0189918057649087</mytracks:length></extensions></trkpt><trkpt lat="45.42140165826033" lon="-75.58359269342728"><ele>70.12387005928834</ele><time>2025-10-04T21:50:23.00200Z</time><extensions><mytracks:speed>68.9519760807746</mytracks:speed><mytracks:length>0.01919172874598692</mytracks:length></extensions></trkpt><trkpt lat="45.42150138903693" lon="-75.58379647742107"><ele>70.03170405361077</ele><time>2025-10-04T21:50:24.00200Z</time><extensions><mytracks:speed>69.78297522974017</mytracks:speed><mytracks:length>0.01938912563488778</mytracks:length></extensions></trkpt><trkpt lat="45.42160314061429" lon="-75.58400306814303"><ele>69.97101629521516</ele><time>2025-10-04T21:50:25.01000Z</time><extensions><mytracks:speed>70.33460347064923</mytracks:speed><mytracks:length>0.01969741574991348</mytracks:length></extensions></trkpt><trkpt lat="45.42170143389406" lon="-75.58420387455007"><ele>69.99531012853842</ele><time>2025-10-04T21:50:25.97000Z</time><extensions><mytracks:speed>70.98801531246568</mytracks:speed><mytracks:length>0.01910701118363555</mytracks:length></extensions></trkpt><trkpt lat="45.42180222646024" lon="-75.58440717070776"><ele>70.02424001299778</ele><time>2025-10-04T21:50:26.96100Z</time><extensions><mytracks:speed>71.12910158290646</mytracks:speed><mytracks:gradient>0.001381272218967897</mytracks:gradient><mytracks:length>0.01942558077590083</mytracks:length></extensions></trkpt><trkpt lat="45.42190550240846" lon="-75.58461225887952"><ele>70.10312727868192</ele><time>2025-10-04T21:50:27.97700Z</time><extensions><mytracks:speed>69.76677441575603</mytracks:speed><mytracks:gradient>0.004004490019640664</mytracks:gradient><mytracks:length>0.01969970340723277</mytracks:length></extensions></trkpt><trkpt lat="45.42200855631278" lon="-75.58481475077949"><ele>70.25072895061166</ele><time>2025-10-04T21:50:29.01100Z</time><extensions><mytracks:speed>67.99229041415771</mytracks:speed><mytracks:gradient>0.007561203625373024</mytracks:gradient><mytracks:length>0.01952092275817437</mytracks:length></extensions></trkpt><trkpt lat="45.4221087310222" lon="-75.58501323481607"><ele>70.35026623110335</ele><time>2025-10-04T21:50:30.04700Z</time><extensions><mytracks:speed>66.24864583255022</mytracks:speed><mytracks:gradient>0.005216874321106827</mytracks:gradient><mytracks:length>0.01907986935567392</mytracks:length></extensions></trkpt><trkpt lat="45.42219893849449" lon="-75.58519036934401"><ele>70.31914252713949</ele><time>2025-10-04T21:50:31.03200Z</time><extensions><mytracks:speed>64.39796791755167</mytracks:speed><mytracks:gradient>0.001891981087661989</mytracks:gradient><mytracks:length>0.01707991285607567</mytracks:length></extensions></trkpt><trkpt lat="45.42228428581364" lon="-75.58535884187408"><ele>70.18301174136634</ele><time>2025-10-04T21:50:32.00700Z</time><extensions><mytracks:speed>61.15663450682125</mytracks:speed><mytracks:length>0.0162153268507374</mytracks:length></extensions></trkpt><trkpt lat="45.42236604722472" lon="-75.58551906834072"><ele>70.05949452497713</ele><time>2025-10-04T21:50:33.00200Z</time><extensions><mytracks:speed>57.89264326637596</mytracks:speed><mytracks:length>0.01546076051929212</mytracks:length></extensions></trkpt><trkpt lat="45.42244201818564" lon="-75.5856642170577"><ele>69.814884667397</ele><time>2025-10-04T21:50:33.99200Z</time><extensions><mytracks:speed>53.66639151897385</mytracks:speed><mytracks:length>0.01413069735617213</mytracks:length></extensions></trkpt><trkpt lat="45.4225128365316" lon="-75.58579117633775"><ele>69.56728956861978</ele><time>2025-10-04T21:50:34.99100Z</time><extensions><mytracks:speed>48.47864736565493</mytracks:speed><mytracks:length>0.01265633869041778</mytracks:length></extensions></trkpt><trkpt lat="45.42257852456485" lon="-75.58589982835623"><ele>69.25567100409764</ele><time>2025-10-04T21:50:35.99800Z</time><extensions><mytracks:speed>40.01473472785706</mytracks:speed><mytracks:length>0.01119230393653411</mytracks:length></extensions></trkpt><trkpt lat="45.42266755135849" lon="-75.58602928157681"><ele>68.83110086902725</ele><time>2025-10-04T21:50:37.51000Z</time><extensions><mytracks:speed>33.6769160009481</mytracks:speed><mytracks:length>0.01414440364017253</mytracks:length></extensions></trkpt><trkpt lat="45.42271977841705" lon="-75.58609146938166"><ele>68.63151307936631</ele><time>2025-10-04T21:50:38.50500Z</time><extensions><mytracks:speed>31.13973850219195</mytracks:speed><mytracks:length>0.007568671603665473</mytracks:length></extensions></trkpt><trkpt lat="45.42276804274886" lon="-75.58613986755397"><ele>68.46513457209558</ele><time>2025-10-04T21:50:39.49600Z</time><extensions><mytracks:speed>25.58531396666697</mytracks:speed><mytracks:length>0.006562906742648148</mytracks:length></extensions></trkpt><trkpt lat="45.42281181216028" lon="-75.58617463172463"><ele>68.41929684216478</ele><time>2025-10-04T21:50:40.49100Z</time><extensions><mytracks:speed>21.96701004635026</mytracks:speed><mytracks:length>0.005572952665906664</mytracks:length></extensions></trkpt><trkpt lat="45.42288029824129" lon="-75.58620170421302"><ele>68.20923466443388</ele><time>2025-10-04T21:50:42.48700Z</time><extensions><mytracks:speed>14.25342629775614</mytracks:speed><mytracks:length>0.007903613006345407</mytracks:length></extensions></trkpt><trkpt lat="45.42290109378236" lon="-75.5861986624262"><ele>68.16739337683511</ele><time>2025-10-04T21:50:43.51700Z</time><extensions><mytracks:speed>8.133229490780865</mytracks:speed><mytracks:length>0.002325430385957913</mytracks:length></extensions></trkpt><trkpt lat="45.42291355468706" lon="-75.58619154935566"><ele>68.11828991902833</ele><time>2025-10-04T21:50:44.54300Z</time><extensions><mytracks:speed>5.244995423869457</mytracks:speed><mytracks:length>0.00149504256741194</mytracks:length></extensions></trkpt><trkpt lat="45.42292065029025" lon="-75.58618107722218"><ele>68.17958009711762</ele><time>2025-10-04T21:50:45.50000Z</time><extensions><mytracks:speed>4.668824982941921</mytracks:speed><mytracks:gradient>0.00473817498171267</mytracks:gradient><mytracks:length>0.001135261046801494</mytracks:length></extensions></trkpt><trkpt lat="45.42293115925384" lon="-75.58615989064532"><ele>68.16233462810069</ele><time>2025-10-04T21:50:46.50200Z</time><extensions><mytracks:speed>7.276195779928717</mytracks:speed><mytracks:length>0.002025039114178227</mytracks:length></extensions></trkpt><trkpt lat="45.42294650068558" lon="-75.58612790874029"><ele>68.07231002724305</ele><time>2025-10-04T21:50:47.48700Z</time><extensions><mytracks:speed>9.14471758857189</mytracks:speed><mytracks:length>0.0030230595017453</mytracks:length></extensions></trkpt><trkpt lat="45.42297272139389" lon="-75.58607801235573"><ele>67.99763108610644</ele><time>2025-10-04T21:50:48.48300Z</time><extensions><mytracks:speed>14.33376523027565</mytracks:speed><mytracks:length>0.004863986621046826</mytracks:length></extensions></trkpt><trkpt lat="45.42301286742444" lon="-75.58600394781185"><ele>67.95383857972853</ele><time>2025-10-04T21:50:49.48600Z</time><extensions><mytracks:speed>26.20830446163322</mytracks:speed><mytracks:length>0.007303233702530521</mytracks:length></extensions></trkpt><trkpt lat="45.42306771883266" lon="-75.58590005043614"><ele>67.96817415856727</ele><time>2025-10-04T21:50:50.49900Z</time><extensions><mytracks:speed>36.05934705831719</mytracks:speed><mytracks:gradient>0.001412854461167121</mytracks:gradient><mytracks:length>0.01014653613146916</mytracks:length></extensions></trkpt><trkpt lat="45.42313941799564" lon="-75.58575378271352"><ele>68.08546623210755</ele><time>2025-10-04T21:50:51.49900Z</time><extensions><mytracks:speed>50.0995316483644</mytracks:speed><mytracks:gradient>0.008423654612788998</mytracks:gradient><mytracks:length>0.01392413138143251</mytracks:length></extensions></trkpt><trkpt lat="45.42322713765586" lon="-75.58556071361259"><ele>68.20748550886196</ele><time>2025-10-04T21:50:52.50400Z</time><extensions><mytracks:speed>64.30024881975709</mytracks:speed><mytracks:gradient>0.006797996372333088</mytracks:gradient><mytracks:length>0.01794930006891686</mytracks:length></extensions></trkpt><trkpt lat="45.42332417923442" lon="-75.58532796429436"><ele>68.15407244703708</ele><time>2025-10-04T21:50:53.51400Z</time><extensions><mytracks:speed>75.33479540987105</mytracks:speed><mytracks:length>0.02112795667376171</mytracks:length></extensions></trkpt><trkpt lat="45.42342352935808" lon="-75.58507590545925"><ele>67.97820929799677</ele><time>2025-10-04T21:50:54.50300Z</time><extensions><mytracks:speed>78.67170863217854</mytracks:speed><mytracks:length>0.02256126919847678</mytracks:length></extensions></trkpt><trkpt lat="45.42352391438128" lon="-75.58481246956158"><ele>67.6996424992588</ele><time>2025-10-04T21:50:55.50400Z</time><extensions><mytracks:speed>84.15253217389048</mytracks:speed><mytracks:length>0.02339418411942099</mytracks:length></extensions></trkpt><trkpt lat="45.42362147499238" lon="-75.58454766691999"><ele>67.46657112906431</ele><time>2025-10-04T21:50:56.50500Z</time><extensions><mytracks:speed>83.91610626478889</mytracks:speed><mytracks:length>0.0233403792664171</mytracks:length></extensions></trkpt><trkpt lat="45.42371904453626" lon="-75.58428317651514"><ele>67.29862136779194</ele><time>2025-10-04T21:50:57.51400Z</time><extensions><mytracks:speed>83.27390625294497</mytracks:speed><mytracks:length>0.02331913176154298</mytracks:length></extensions></trkpt><trkpt lat="45.42381337820429" lon="-75.58402824581545"><ele>67.35879810972521</ele><time>2025-10-04T21:50:58.49800Z</time><extensions><mytracks:speed>82.77251171383739</mytracks:speed><mytracks:length>0.02249145241590608</mytracks:length></extensions></trkpt><trkpt lat="45.42390951116173" lon="-75.5837733022969"><ele>67.49252947068371</ele><time>2025-10-04T21:50:59.49800Z</time><extensions><mytracks:speed>81.30795923577135</mytracks:speed><mytracks:gradient>0.005920926337457531</mytracks:gradient><mytracks:length>0.02258622271864258</mytracks:length></extensions></trkpt><trkpt lat="45.42400647895644" lon="-75.58352160821364"><ele>67.65358351253377</ele><time>2025-10-04T21:51:00.50100Z</time><extensions><mytracks:speed>80.40749933157804</mytracks:speed><mytracks:gradient>0.007187491289873328</mytracks:gradient><mytracks:length>0.02240754602053969</mytracks:length></extensions></trkpt><trkpt lat="45.42410227090509" lon="-75.58327366821867"><ele>67.85745994457561</ele><time>2025-10-04T21:51:01.50400Z</time><extensions><mytracks:speed>79.25617959148605</mytracks:speed><mytracks:gradient>0.009230309885339006</mytracks:gradient><mytracks:length>0.02208771260926633</mytracks:length></extensions></trkpt><trkpt lat="45.42419946534084" lon="-75.5830286759476"><ele>68.19055773911141</ele><time>2025-10-04T21:51:02.50000Z</time><extensions><mytracks:speed>79.35183024137297</mytracks:speed><mytracks:gradient>0.01219008500746847</mytracks:gradient><mytracks:length>0.02196270206533788</mytracks:length></extensions></trkpt><trkpt lat="45.42429698400699" lon="-75.58278194979029"><ele>68.60434410189191</ele><time>2025-10-04T21:51:03.50000Z</time><extensions><mytracks:speed>79.52518619365878</mytracks:speed><mytracks:gradient>0.01872478897444878</mytracks:gradient><mytracks:length>0.02209831915035934</mytracks:length></extensions></trkpt><trkpt lat="45.42439392285766" lon="-75.58253686492901"><ele>69.07105226128803</ele><time>2025-10-04T21:51:04.50000Z</time><extensions><mytracks:speed>79.00919894201607</mytracks:speed><mytracks:gradient>0.0212571841964356</mytracks:gradient><mytracks:length>0.02195531426379499</mytracks:length></extensions></trkpt><trkpt lat="45.42449206098053" lon="-75.58229288924277"><ele>69.75544315971153</ele><time>2025-10-04T21:51:05.50000Z</time><extensions><mytracks:speed>78.99430975523607</mytracks:speed><mytracks:gradient>0.03118569831276877</mytracks:gradient><mytracks:length>0.02194566533542339</mytracks:length></extensions></trkpt><trkpt lat="45.42458735508045" lon="-75.58205171009261"><ele>70.37622081127016</ele><time>2025-10-04T21:51:06.50000Z</time><extensions><mytracks:speed>77.75666270628827</mytracks:speed><mytracks:gradient>0.02873995288266102</mytracks:gradient><mytracks:length>0.02159981451929049</mytracks:length></extensions></trkpt><trkpt lat="45.42468175277956" lon="-75.581815785253"><ele>70.97654312540232</ele><time>2025-10-04T21:51:07.50000Z</time><extensions><mytracks:speed>77.02734154549363</mytracks:speed><mytracks:gradient>0.02853470616320498</mytracks:gradient><mytracks:length>0.0211939730479286</mytracks:length></extensions></trkpt><trkpt lat="45.42477463759263" lon="-75.58158341785797"><ele>71.53794568580183</ele><time>2025-10-04T21:51:08.50100Z</time><extensions><mytracks:speed>75.12205252209118</mytracks:speed><mytracks:gradient>0.02690080233646299</mytracks:gradient><mytracks:length>0.02086936119516982</mytracks:length></extensions></trkpt><trkpt lat="45.42486458048285" lon="-75.58135744982606"><ele>71.95489900629391</ele><time>2025-10-04T21:51:09.49000Z</time><extensions><mytracks:speed>74.454621678886</mytracks:speed><mytracks:gradient>0.02377957041928475</mytracks:gradient><mytracks:length>0.02027352123629998</mytracks:length></extensions></trkpt><trkpt lat="45.42495545998106" lon="-75.58112786961321"><ele>72.35185510258701</ele><time>2025-10-04T21:51:10.49600Z</time><extensions><mytracks:speed>73.56895484483158</mytracks:speed><mytracks:gradient>0.01929772931156868</mytracks:gradient><mytracks:length>0.02057009350085177</mytracks:length></extensions></trkpt><trkpt lat="45.4250480002617" lon="-75.58089451468122"><ele>72.78017936344651</ele><time>2025-10-04T21:51:11.50300Z</time><extensions><mytracks:speed>74.77514820932618</mytracks:speed><mytracks:gradient>0.02047708959606568</mytracks:gradient><mytracks:length>0.02091724309014073</mytracks:length></extensions></trkpt><trkpt lat="45.42514250732921" lon="-75.58065839397237"><ele>73.10269718846031</ele><time>2025-10-04T21:51:12.51100Z</time><extensions><mytracks:speed>75.81552747052149</mytracks:speed><mytracks:gradient>0.01520386202576442</mytracks:gradient><mytracks:length>0.02121288817717936</mytracks:length></extensions></trkpt><trkpt lat="45.425233252821" lon="-75.58042832371808"><ele>73.34258091392044</ele><time>2025-10-04T21:51:13.48100Z</time><extensions><mytracks:speed>76.09754402064829</mytracks:speed><mytracks:gradient>0.01345173731956777</mytracks:gradient><mytracks:length>0.02059614670803676</mytracks:length></extensions></trkpt><trkpt lat="45.42532642632506" lon="-75.58019025291183"><ele>73.51205191336223</ele><time>2025-10-04T21:51:14.48800Z</time><extensions><mytracks:speed>76.05993068809214</mytracks:speed><mytracks:gradient>0.007966591749434863</mytracks:gradient><mytracks:length>0.02127271043527577</mytracks:length></extensions></trkpt><trkpt lat="45.42541429154246" lon="-75.57995195539068"><ele>73.5320250151393</ele><time>2025-10-04T21:51:15.49900Z</time><extensions><mytracks:speed>74.80294035440839</mytracks:speed><mytracks:gradient>0.0009507785003357247</mytracks:gradient><mytracks:length>0.02100710288465314</mytracks:length></extensions></trkpt><trkpt lat="45.42549444414225" lon="-75.57971461712349"><ele>73.55118397306003</ele><time>2025-10-04T21:51:16.50600Z</time><extensions><mytracks:speed>73.48081897133636</mytracks:speed><mytracks:gradient>0.0009320938197829594</mytracks:gradient><mytracks:length>0.02055475265912462</mytracks:length></extensions></trkpt><trkpt lat="45.42556477783539" lon="-75.57947766684985"><ele>73.53571547008914</ele><time>2025-10-04T21:51:17.50100Z</time><extensions><mytracks:speed>73.05140232124403</mytracks:speed><mytracks:gradient>9.085192017423527e-05</mytracks:gradient><mytracks:length>0.02007786165551466</mytracks:length></extensions></trkpt><trkpt lat="45.425627609401" lon="-75.57923376926163"><ele>73.46775925747754</ele><time>2025-10-04T21:51:18.50800Z</time><extensions><mytracks:speed>72.4921142482435</mytracks:speed><mytracks:length>0.02027574389330032</mytracks:length></extensions></trkpt><trkpt lat="45.42568194998048" lon="-75.57898653833512"><ele>73.41198270601596</ele><time>2025-10-04T21:51:19.51200Z</time><extensions><mytracks:speed>72.45227581908264</mytracks:speed><mytracks:length>0.02021809828667199</mytracks:length></extensions></trkpt><trkpt lat="45.42572679370667" lon="-75.57873759485814"><ele>73.335692646514</ele><time>2025-10-04T21:51:20.50100Z</time><extensions><mytracks:speed>72.70636278459489</mytracks:speed><mytracks:length>0.02005742685329288</mytracks:length></extensions></trkpt><trkpt lat="45.42576232802713" lon="-75.57848995658692"><ele>73.21531793906846</ele><time>2025-10-04T21:51:21.46300Z</time><extensions><mytracks:speed>73.38788335466215</mytracks:speed><mytracks:length>0.01972553549725148</mytracks:length></extensions></trkpt><trkpt lat="45.42579033063799" lon="-75.57822158125254"><ele>73.21249725154411</ele><time>2025-10-04T21:51:22.48200Z</time><extensions><mytracks:speed>74.85988139570564</mytracks:speed><mytracks:length>0.02117440256920446</mytracks:length></extensions></trkpt><trkpt lat="45.4258069471804" lon="-75.57795837969353"><ele>73.13486647939425</ele><time>2025-10-04T21:51:23.46700Z</time><extensions><mytracks:speed>75.07125331781562</mytracks:speed><mytracks:length>0.02062325957161385</mytracks:length></extensions></trkpt><trkpt lat="45.42581394238029" lon="-75.57767178988945"><ele>73.19834570433426</ele><time>2025-10-04T21:51:24.52600Z</time><extensions><mytracks:speed>76.08040001358935</mytracks:speed><mytracks:gradient>0.002836531474967346</mytracks:gradient><mytracks:length>0.02237917171031619</mytracks:length></extensions></trkpt><trkpt lat="45.42581118308927" lon="-75.57740049870328"><ele>73.37197956801545</ele><time>2025-10-04T21:51:25.52100Z</time><extensions><mytracks:speed>76.32154034482717</mytracks:speed><mytracks:gradient>0.005445903884593662</mytracks:gradient><mytracks:length>0.02117376409688019</mytracks:length></extensions></trkpt><trkpt lat="45.42579856592685" lon="-75.57711999174201"><ele>73.58483904984911</ele><time>2025-10-04T21:51:26.54300Z</time><extensions><mytracks:speed>77.22003584717632</mytracks:speed><mytracks:gradient>0.009703745317126974</mytracks:gradient><mytracks:length>0.02193580673000217</mytracks:length></extensions></trkpt><trkpt lat="45.42578039857086" lon="-75.57685626858523"><ele>73.90506123593626</ele><time>2025-10-04T21:51:27.50100Z</time><extensions><mytracks:speed>77.45560811700375</mytracks:speed><mytracks:gradient>0.01251084679721026</mytracks:gradient><mytracks:length>0.02067999371774901</mytracks:length></extensions></trkpt><trkpt lat="45.42575580717387" lon="-75.57657999174866"><ele>74.08636399666976</ele><time>2025-10-04T21:51:28.50100Z</time><extensions><mytracks:speed>77.9867323097908</mytracks:speed><mytracks:gradient>0.01182588130731956</mytracks:gradient><mytracks:length>0.02173334184154142</mytracks:length></extensions></trkpt><trkpt lat="45.42572865869151" lon="-75.57630213482582"><ele>74.27773338581983</ele><time>2025-10-04T21:51:29.50100Z</time><extensions><mytracks:speed>78.54516499189525</mytracks:speed><mytracks:gradient>0.008542483316365073</mytracks:gradient><mytracks:length>0.02189303480675136</mytracks:length></extensions></trkpt><trkpt lat="45.42570037110449" lon="-75.57602388643318"><ele>74.38127667704185</ele><time>2025-10-04T21:51:30.50000Z</time><extensions><mytracks:speed>78.93940803099963</mytracks:speed><mytracks:gradient>0.006727927380530727</mytracks:gradient><mytracks:length>0.02194135274060389</mytracks:length></extensions></trkpt><trkpt lat="45.42567037655463" lon="-75.57574382767943"><ele>74.51921166464004</ele><time>2025-10-04T21:51:31.50000Z</time><extensions><mytracks:speed>79.5711793993931</mytracks:speed><mytracks:gradient>0.00623888384578347</mytracks:gradient><mytracks:length>0.0221089206030673</mytracks:length></extensions></trkpt><trkpt lat="45.42563977763933" lon="-75.57546263913095"><ele>74.74770703598607</ele><time>2025-10-04T21:51:32.50100Z</time><extensions><mytracks:speed>79.9083152223948</mytracks:speed><mytracks:gradient>0.01028964652883134</mytracks:gradient><mytracks:length>0.02220633825523451</mytracks:length></extensions></trkpt><trkpt lat="45.42560812581875" lon="-75.57518223663395"><ele>74.97255704952687</ele><time>2025-10-04T21:51:33.50100Z</time><extensions><mytracks:speed>79.782681603741</mytracks:speed><mytracks:gradient>0.01014478959947216</mytracks:gradient><mytracks:length>0.02216408840578628</mytracks:length></extensions></trkpt><trkpt lat="45.42557600363855" lon="-75.57490158345908"><ele>75.17426033436283</ele><time>2025-10-04T21:51:34.50000Z</time><extensions><mytracks:speed>79.86541523743388</mytracks:speed><mytracks:gradient>0.009616669423358006</mytracks:gradient><mytracks:length>0.02219151934450406</mytracks:length></extensions></trkpt><trkpt lat="45.42554453389327" lon="-75.57461948820419"><ele>75.32233653222508</ele><time>2025-10-04T21:51:35.50000Z</time><extensions><mytracks:speed>80.10216087252742</mytracks:speed><mytracks:gradient>0.007863264052954656</mytracks:gradient><mytracks:length>0.02229120419652233</mytracks:length></extensions></trkpt><trkpt lat="45.42551268718133" lon="-75.57433382051072"><ele>75.39961362742258</ele><time>2025-10-04T21:51:36.50000Z</time><extensions><mytracks:speed>81.21803146161172</mytracks:speed><mytracks:gradient>0.003423392469638104</mytracks:gradient><mytracks:length>0.02257325033073731</mytracks:length></extensions></trkpt><trkpt lat="45.42548149098751" lon="-75.57404646084181"><ele>75.58164356220949</ele><time>2025-10-04T21:51:37.50100Z</time><extensions><mytracks:speed>81.65838050766367</mytracks:speed><mytracks:gradient>0.008021584804840708</mytracks:gradient><mytracks:length>0.0226925151594811</mytracks:length></extensions></trkpt><trkpt lat="45.42544972228266" lon="-75.57375666868555"><ele>75.72044953751926</ele><time>2025-10-04T21:51:38.50100Z</time><extensions><mytracks:speed>82.03320444585557</mytracks:speed><mytracks:gradient>0.007038623914739738</mytracks:gradient><mytracks:length>0.02288984337302448</mytracks:length></extensions></trkpt><trkpt lat="45.4254180636814" lon="-75.57346602794982"><ele>75.84118022809911</ele><time>2025-10-04T21:51:39.50100Z</time><extensions><mytracks:speed>82.53337776310603</mytracks:speed><mytracks:gradient>0.005661395455283132</mytracks:gradient><mytracks:length>0.02295334475038366</mytracks:length></extensions></trkpt><trkpt lat="45.42538718441956" lon="-75.57317736746374"><ele>76.04051753615563</ele><time>2025-10-04T21:51:40.50100Z</time><extensions><mytracks:speed>82.03097105696222</mytracks:speed><mytracks:gradient>0.008747608123459859</mytracks:gradient><mytracks:length>0.02278763580205805</mytracks:length></extensions></trkpt><trkpt lat="45.42535588989361" lon="-75.5728877987103"><ele>76.1142968768314</ele><time>2025-10-04T21:51:41.50100Z</time><extensions><mytracks:speed>82.17256016088082</mytracks:speed><mytracks:gradient>0.005982573426465438</mytracks:gradient><mytracks:length>0.02286462994800493</mytracks:length></extensions></trkpt><trkpt lat="45.42532520489265" lon="-75.57259718823659"><ele>76.26177522237933</ele><time>2025-10-04T21:51:42.50000Z</time><extensions><mytracks:speed>82.44478645655263</mytracks:speed><mytracks:gradient>0.004831041094687144</mytracks:gradient><mytracks:length>0.02293468612612723</mytracks:length></extensions></trkpt><trkpt lat="45.42529434613608" lon="-75.57230428484068"><ele>76.41731269352735</ele><time>2025-10-04T21:51:43.50000Z</time><extensions><mytracks:speed>82.89479971691649</mytracks:speed><mytracks:gradient>0.006580248667033285</mytracks:gradient><mytracks:length>0.02311455188683297</mytracks:length></extensions></trkpt><trkpt lat="45.42526317087415" lon="-75.57200778280078"><ele>76.54687147093266</ele><time>2025-10-04T21:51:44.50000Z</time><extensions><mytracks:speed>83.73193860625514</mytracks:speed><mytracks:gradient>0.006129507691579968</mytracks:gradient><mytracks:length>0.02339765115151022</mytracks:length></extensions></trkpt><trkpt lat="45.42523175883348" lon="-75.57170732415976"><ele>76.6880938364758</ele><time>2025-10-04T21:51:45.50000Z</time><extensions><mytracks:speed>84.80262207810611</mytracks:speed><mytracks:gradient>0.005748547723573656</mytracks:gradient><mytracks:length>0.02370665744784847</mytracks:length></extensions></trkpt><trkpt lat="45.42520003571525" lon="-75.57140252871866"><ele>76.91784931166222</ele><time>2025-10-04T21:51:46.50000Z</time><extensions><mytracks:speed>85.96649940346506</mytracks:speed><mytracks:gradient>0.007768601164048556</mytracks:gradient><mytracks:length>0.02404656939150107</mytracks:length></extensions></trkpt><trkpt lat="45.42516935353468" lon="-75.57109370570828"><ele>76.99628265834585</ele><time>2025-10-04T21:51:47.50000Z</time><extensions><mytracks:speed>87.60794711631837</mytracks:speed><mytracks:gradient>0.003222242182265918</mytracks:gradient><mytracks:length>0.02434123267186242</mytracks:length></extensions></trkpt><trkpt lat="45.42514096628566" lon="-75.57078050016916"><ele>77.15864442231354</ele><time>2025-10-04T21:51:48.50000Z</time><extensions><mytracks:speed>88.70386524671052</mytracks:speed><mytracks:gradient>0.006587827281476041</mytracks:gradient><mytracks:length>0.02464572263821054</mytracks:length></extensions></trkpt><trkpt lat="45.42511838482349" lon="-75.5704655997411"><ele>77.35313024442296</ele><time>2025-10-04T21:51:49.50000Z</time><extensions><mytracks:speed>88.81276491058296</mytracks:speed><mytracks:gradient>0.007231741838151051</mytracks:gradient><mytracks:length>0.02470306935485502</mytracks:length></extensions></trkpt><trkpt lat="45.4251068533964" lon="-75.57015341219584"><ele>77.43860252523557</ele><time>2025-10-04T21:51:50.50000Z</time><extensions><mytracks:speed>87.82522738469815</mytracks:speed><mytracks:gradient>0.003503355255813563</mytracks:gradient><mytracks:length>0.02439726335796942</mytracks:length></extensions></trkpt><trkpt lat="45.42510533041254" lon="-75.56984093379147"><ele>77.53401725555379</ele><time>2025-10-04T21:51:51.50000Z</time><extensions><mytracks:speed>87.79541568240023</mytracks:speed><mytracks:gradient>0.00370888624836439</mytracks:gradient><mytracks:length>0.02438673276276513</mytracks:length></extensions></trkpt><trkpt lat="45.42511481113873" lon="-75.56952801347353"><ele>77.46486047573831</ele><time>2025-10-04T21:51:52.50000Z</time><extensions><mytracks:speed>87.88348022743017</mytracks:speed><mytracks:gradient>0.0005379091755642025</mytracks:gradient><mytracks:length>0.02444339659413348</mytracks:length></extensions></trkpt><trkpt lat="45.42513600013959" lon="-75.56921371271733"><ele>77.34237420888448</ele><time>2025-10-04T21:51:53.50000Z</time><extensions><mytracks:speed>88.34239731692182</mytracks:speed><mytracks:length>0.02464133395943502</mytracks:length></extensions></trkpt><trkpt lat="45.42516642026667" lon="-75.5688954290727"><ele>77.1717120522143</ele><time>2025-10-04T21:51:54.50000Z</time><extensions><mytracks:speed>89.48155857119916</mytracks:speed><mytracks:length>0.02506831213373189</mytracks:length></extensions></trkpt><trkpt lat="45.42520953576491" lon="-75.56858034251111"><ele>77.18097200382151</ele><time>2025-10-04T21:51:55.50000Z</time><extensions><mytracks:speed>90.15642684943565</mytracks:speed><mytracks:gradient>0.0003696193816694197</mytracks:gradient><mytracks:length>0.02505266786980215</mytracks:length></extensions></trkpt><trkpt lat="45.42526439046989" lon="-75.56826770593295"><ele>77.12020530630831</ele><time>2025-10-04T21:51:56.50000Z</time><extensions><mytracks:speed>90.52851033812479</mytracks:speed><mytracks:length>0.02514925457752122</mytracks:length></extensions></trkpt><trkpt lat="45.42533093637388" lon="-75.5679579981045"><ele>77.12860255130873</ele><time>2025-10-04T21:51:57.50000Z</time><extensions><mytracks:speed>90.99597266366628</mytracks:speed><mytracks:gradient>0.0003322036242629774</mytracks:gradient><mytracks:length>0.02527740333674551</mytracks:length></extensions></trkpt><trkpt lat="45.4254065768435" lon="-75.56765638428602"><ele>77.19703200794413</ele><time>2025-10-04T21:51:58.48300Z</time><extensions><mytracks:speed>91.24648827205974</mytracks:speed><mytracks:gradient>0.001528597216976447</mytracks:gradient><mytracks:length>0.02499594294065825</mytracks:length></extensions></trkpt><trkpt lat="45.42549349515946" lon="-75.5673480190685"><ele>77.12423151628578</ele><time>2025-10-04T21:51:59.49000Z</time><extensions><mytracks:speed>92.73329097886031</mytracks:speed><mytracks:length>0.02593332783504284</mytracks:length></extensions></trkpt><trkpt lat="45.42559288337142" lon="-75.56704119059619"><ele>77.12622431320628</ele><time>2025-10-04T21:52:00.50400Z</time><extensions><mytracks:speed>93.58837263515247</mytracks:speed><mytracks:gradient>7.556381731052328e-05</mytracks:gradient><mytracks:length>0.02637236962652393</mytracks:length></extensions></trkpt><trkpt lat="45.42569895015268" lon="-75.56673829259924"><ele>77.01453277491346</ele><time>2025-10-04T21:52:01.51800Z</time><extensions><mytracks:speed>93.76607342563121</mytracks:speed><mytracks:length>0.02641727129471136</mytracks:length></extensions></trkpt><trkpt lat="45.42580829380852" lon="-75.5664450329666"><ele>76.8383552016483</ele><time>2025-10-04T21:52:02.50500Z</time><extensions><mytracks:speed>94.1645843237018</mytracks:speed><mytracks:length>0.02591507588192279</mytracks:length></extensions></trkpt><trkpt lat="45.42592180444877" lon="-75.56615005260824"><ele>76.72298472724961</ele><time>2025-10-04T21:52:03.50000Z</time><extensions><mytracks:speed>94.77236341360602</mytracks:speed><mytracks:length>0.02625351516317116</mytracks:length></extensions></trkpt><trkpt lat="45.42603599866407" lon="-75.56585385628185"><ele>76.66016567135227</ele><time>2025-10-04T21:52:04.50000Z</time><extensions><mytracks:speed>94.9369404116769</mytracks:speed><mytracks:length>0.02637322398327518</mytracks:length></extensions></trkpt><trkpt lat="45.42615179688716" lon="-75.56555767538416"><ele>76.65085252206534</ele><time>2025-10-04T21:52:05.50000Z</time><extensions><mytracks:speed>95.09976671467442</mytracks:speed><mytracks:length>0.02645835002340776</mytracks:length></extensions></trkpt><trkpt lat="45.42626626971018" lon="-75.56526319947427"><ele>76.72530168809378</ele><time>2025-10-04T21:52:06.50000Z</time><extensions><mytracks:speed>94.56487054300594</mytracks:speed><mytracks:gradient>0.002833945228461222</mytracks:gradient><mytracks:length>0.02627050278909884</mytracks:length></extensions></trkpt><trkpt lat="45.42638271643996" lon="-75.56497060328675"><ele>76.80106315642544</ele><time>2025-10-04T21:52:07.50000Z</time><extensions><mytracks:speed>94.49518405392713</mytracks:speed><mytracks:gradient>0.002886179910751058</mytracks:gradient><mytracks:length>0.02624973864222765</mytracks:length></extensions></trkpt><trkpt lat="45.42650016407978" lon="-75.56467969543718"><ele>76.9318405135878</ele><time>2025-10-04T21:52:08.50000Z</time><extensions><mytracks:speed>94.26932995294675</mytracks:speed><mytracks:gradient>0.004993290473479985</mytracks:gradient><mytracks:length>0.02619061676001708</mytracks:length></extensions></trkpt><trkpt lat="45.42661613874746" lon="-75.56438997300739"><ele>76.94308254365514</ele><time>2025-10-04T21:52:09.50000Z</time><extensions><mytracks:speed>93.69550815731657</mytracks:speed><mytracks:gradient>0.000431905736325211</mytracks:gradient><mytracks:length>0.02602889733067006</mytracks:length></extensions></trkpt><trkpt lat="45.42673385037943" lon="-75.56410455941788"><ele>77.06033536967128</ele><time>2025-10-04T21:52:10.50000Z</time><extensions><mytracks:speed>93.35272852408521</mytracks:speed><mytracks:gradient>0.002477611150479308</mytracks:gradient><mytracks:length>0.02583478852801109</mytracks:length></extensions></trkpt><trkpt lat="45.4268494390455" lon="-75.56382136954988"><ele>77.18660968823838</ele><time>2025-10-04T21:52:11.50000Z</time><extensions><mytracks:speed>92.03217847730045</mytracks:speed><mytracks:gradient>0.004939220538120195</mytracks:gradient><mytracks:length>0.0255656368434111</mytracks:length></extensions></trkpt><trkpt lat="45.42701738706087" lon="-75.56340369710264"><ele>77.17454509888283</ele><time>2025-10-04T21:52:13.00000Z</time><extensions><mytracks:speed>90.16210031200112</mytracks:speed><mytracks:length>0.03756547874708199</mytracks:length></extensions></trkpt><trkpt lat="45.42712803703479" lon="-75.56313035688761"><ele>77.21103944805877</ele><time>2025-10-04T21:52:14.00000Z</time><extensions><mytracks:speed>89.56842239062391</mytracks:speed><mytracks:gradient>0.0003928217472881184</mytracks:gradient><mytracks:length>0.02462523544557519</mytracks:length></extensions></trkpt><trkpt lat="45.42723585647358" lon="-75.56285906228491"><ele>77.17229043820514</ele><time>2025-10-04T21:52:15.00000Z</time><extensions><mytracks:speed>88.14503681448475</mytracks:speed><mytracks:length>0.02433030739732952</mytracks:length></extensions></trkpt><trkpt lat="45.42734246171025" lon="-75.56259054681989"><ele>77.17025219931242</ele><time>2025-10-04T21:52:16.00000Z</time><extensions><mytracks:speed>87.14276415486384</mytracks:speed><mytracks:length>0.02407503751901258</mytracks:length></extensions></trkpt><trkpt lat="45.42744869315639" lon="-75.56232319332312"><ele>77.19634084061703</ele><time>2025-10-04T21:52:17.00000Z</time><extensions><mytracks:speed>86.25702950329787</mytracks:speed><mytracks:gradient>0.001088131759651557</mytracks:gradient><mytracks:length>0.02397562709957569</mytracks:length></extensions></trkpt><trkpt lat="45.4275554612538" lon="-75.56205619011651"><ele>77.29606051965939</ele><time>2025-10-04T21:52:18.00100Z</time><extensions><mytracks:speed>86.27122662923394</mytracks:speed><mytracks:gradient>0.004158200045997101</mytracks:gradient><mytracks:length>0.02398145301796173</mytracks:length></extensions></trkpt><trkpt lat="45.42766304442824" lon="-75.5617878280934"><ele>77.40787674286946</ele><time>2025-10-04T21:52:19.00100Z</time><extensions><mytracks:speed>86.55101262874734</mytracks:speed><mytracks:gradient>0.004397880607259779</mytracks:gradient><mytracks:length>0.02411823724355998</mytracks:length></extensions></trkpt><trkpt lat="45.42777188001363" lon="-75.56151823135211"><ele>77.47108321344361</ele><time>2025-10-04T21:52:20.00000Z</time><extensions><mytracks:speed>87.13061326223715</mytracks:speed><mytracks:gradient>0.003616981078102861</mytracks:gradient><mytracks:length>0.0242711516682537</mytracks:length></extensions></trkpt><trkpt lat="45.4278814755593" lon="-75.56124650648091"><ele>77.51391683550187</ele><time>2025-10-04T21:52:21.00000Z</time><extensions><mytracks:speed>87.76064351879675</mytracks:speed><mytracks:gradient>0.002176155785657519</mytracks:gradient><mytracks:length>0.02445703534072129</mytracks:length></extensions></trkpt><trkpt lat="45.42799199940658" lon="-75.56097295450631"><ele>77.54040839348318</ele><time>2025-10-04T21:52:22.00000Z</time><extensions><mytracks:speed>88.65068404576199</mytracks:speed><mytracks:gradient>0.001075485360306372</mytracks:gradient><mytracks:length>0.02463218836726469</mytracks:length></extensions></trkpt><trkpt lat="45.42810292659303" lon="-75.56069755602533"><ele>77.57364676942561</ele><time>2025-10-04T21:52:23.00100Z</time><extensions><mytracks:speed>89.16081643933641</mytracks:speed><mytracks:gradient>0.001341391755324957</mytracks:gradient><mytracks:length>0.02477902209439151</mytracks:length></extensions></trkpt><trkpt lat="45.42821330918581" lon="-75.56042073057799"><ele>77.50358223064922</ele><time>2025-10-04T21:52:24.00100Z</time><extensions><mytracks:speed>89.303609784182</mytracks:speed><mytracks:length>0.0248458570697151</mytracks:length></extensions></trkpt><trkpt lat="45.42832370160374" lon="-75.56014306261791"><ele>77.47707866525073</ele><time>2025-10-04T21:52:25.00000Z</time><extensions><mytracks:speed>89.57435080746959</mytracks:speed><mytracks:length>0.02490364769012535</mytracks:length></extensions></trkpt><trkpt lat="45.4284346971797" lon="-75.55986387389406"><ele>77.43168933377926</ele><time>2025-10-04T21:52:26.00000Z</time><extensions><mytracks:speed>89.92471336516363</mytracks:speed><mytracks:length>0.02503989346877943</mytracks:length></extensions></trkpt><trkpt lat="45.42854636725534" lon="-75.55958299152189"><ele>77.42524854105115</ele><time>2025-10-04T21:52:27.00000Z</time><extensions><mytracks:speed>90.65350416527987</mytracks:speed><mytracks:length>0.02519186438069546</mytracks:length></extensions></trkpt><trkpt lat="45.42865862724199" lon="-75.55930149480979"><ele>77.38788066832903</ele><time>2025-10-04T21:52:28.00100Z</time><extensions><mytracks:speed>90.90871131446089</mytracks:speed><mytracks:length>0.02526581273671042</mytracks:length></extensions></trkpt><trkpt lat="45.42877187487144" lon="-75.559019313476"><ele>77.44851363061133</ele><time>2025-10-04T21:52:29.00100Z</time><extensions><mytracks:speed>91.29597255677481</mytracks:speed><mytracks:gradient>0.002390254411330325</mytracks:gradient><mytracks:length>0.02536674004025885</mytracks:length></extensions></trkpt><trkpt lat="45.42888543180621" lon="-75.55873673499843"><ele>77.49541227212859</ele><time>2025-10-04T21:52:30.00100Z</time><extensions><mytracks:speed>91.39591482810947</mytracks:speed><mytracks:gradient>0.00211771217765055</mytracks:gradient><mytracks:length>0.02541058125737488</mytracks:length></extensions></trkpt><trkpt lat="45.4289987995539" lon="-75.55845458391974"><ele>77.56184839369796</ele><time>2025-10-04T21:52:31.00100Z</time><extensions><mytracks:speed>91.4206929913688</mytracks:speed><mytracks:gradient>0.002231795948148644</mytracks:gradient><mytracks:length>0.02537100323852546</mytracks:length></extensions></trkpt><trkpt lat="45.42911122338251" lon="-75.55817370552012"><ele>77.56633943082424</ele><time>2025-10-04T21:52:32.00100Z</time><extensions><mytracks:speed>90.82726690260263</mytracks:speed><mytracks:gradient>0.0001779841326537707</mytracks:gradient><mytracks:length>0.02523279496505557</mytracks:length></extensions></trkpt><trkpt lat="45.42922300600336" lon="-75.5578931658337"><ele>77.60070158059173</ele><time>2025-10-04T21:52:33.00100Z</time><extensions><mytracks:speed>90.60714804026229</mytracks:speed><mytracks:gradient>0.001364948499790559</mytracks:gradient><mytracks:length>0.02517468591141825</mytracks:length></extensions></trkpt><trkpt lat="45.4293337400465" lon="-75.55761360939378"><ele>77.58419425659869</ele><time>2025-10-04T21:52:34.00100Z</time><extensions><mytracks:speed>90.16291373902662</mytracks:speed><mytracks:length>0.02505032938215021</mytracks:length></extensions></trkpt><trkpt lat="45.42944410857643" lon="-75.55733487358668"><ele>77.55293786678799</ele><time>2025-10-04T21:52:35.00100Z</time><extensions><mytracks:speed>89.90676261815788</mytracks:speed><mytracks:length>0.02497466043048939</mytracks:length></extensions></trkpt><trkpt lat="45.42955442293952" lon="-75.55705633044273"><ele>77.54622973123979</ele><time>2025-10-04T21:52:36.00100Z</time><extensions><mytracks:speed>89.88586225349778</mytracks:speed><mytracks:length>0.02495859636191627</mytracks:length></extensions></trkpt><trkpt lat="45.42966524220526" lon="-75.556777076906"><ele>77.55198592693841</ele><time>2025-10-04T21:52:37.00100Z</time><extensions><mytracks:speed>90.00351871816531</mytracks:speed><mytracks:length>0.02503431386902835</mytracks:length></extensions></trkpt><trkpt lat="45.42977690194859" lon="-75.55649735627911"><ele>77.61952372159929</ele><time>2025-10-04T21:52:38.00100Z</time><extensions><mytracks:speed>90.27988770652412</mytracks:speed><mytracks:gradient>0.001461604885731348</mytracks:gradient><mytracks:length>0.02511213600372117</mytracks:length></extensions></trkpt><trkpt lat="45.42988980041807" lon="-75.55621573832697"><ele>77.7225057277187</ele><time>2025-10-04T21:52:39.00100Z</time><extensions><mytracks:speed>90.76845905011194</mytracks:speed><mytracks:gradient>0.003381925454749986</mytracks:gradient><mytracks:length>0.02530893852495791</mytracks:length></extensions></trkpt><trkpt lat="45.43000352061127" lon="-75.55593244709006"><ele>77.85086987661595</ele><time>2025-10-04T21:52:40.00100Z</time><extensions><mytracks:speed>91.40233659982381</mytracks:speed><mytracks:gradient>0.004556178048628625</mytracks:gradient><mytracks:length>0.02546762126142182</mytracks:length></extensions></trkpt><trkpt lat="45.43011778967936" lon="-75.55564802710387"><ele>77.94150869600577</ele><time>2025-10-04T21:52:41.00100Z</time><extensions><mytracks:speed>92.06435164834377</mytracks:speed><mytracks:gradient>0.003544140685045685</mytracks:gradient><mytracks:length>0.02557427242441855</mytracks:length></extensions></trkpt><trkpt lat="45.43023296674474" lon="-75.55536275075225"><ele>78.06402760380919</ele><time>2025-10-04T21:52:42.00100Z</time><extensions><mytracks:speed>92.45388309496957</mytracks:speed><mytracks:gradient>0.004770505053299525</mytracks:gradient><mytracks:length>0.02568258631624013</mytracks:length></extensions></trkpt><trkpt lat="45.4303487847344" lon="-75.55507611659831"><ele>78.16020340380717</ele><time>2025-10-04T21:52:43.00100Z</time><extensions><mytracks:speed>92.68560441742717</mytracks:speed><mytracks:gradient>0.004247140251134921</mytracks:gradient><mytracks:length>0.02580983302237086</mytracks:length></extensions></trkpt><trkpt lat="45.43046513643201" lon="-75.55478803644833"><ele>78.28038890052596</ele><time>2025-10-04T21:52:44.00100Z</time><extensions><mytracks:speed>93.14896366096818</mytracks:speed><mytracks:gradient>0.004181139762183025</mytracks:gradient><mytracks:length>0.02593715042631719</mytracks:length></extensions></trkpt><trkpt lat="45.43058208534167" lon="-75.55449812036586"><ele>78.41740075198977</ele><time>2025-10-04T21:52:45.00100Z</time><extensions><mytracks:speed>93.66533172627943</mytracks:speed><mytracks:gradient>0.004943111087967706</mytracks:gradient><mytracks:length>0.02609425800694345</mytracks:length></extensions></trkpt><trkpt lat="45.43069958708777" lon="-75.55420619569978"><ele>78.61151512188185</ele><time>2025-10-04T21:52:46.00100Z</time><extensions><mytracks:speed>94.25041433667963</mytracks:speed><mytracks:gradient>0.00632460443777137</mytracks:gradient><mytracks:length>0.02626089497689015</mytracks:length></extensions></trkpt><trkpt lat="45.43081753078709" lon="-75.55391253646286"><ele>78.77373819461941</ele><time>2025-10-04T21:52:47.00100Z</time><extensions><mytracks:speed>94.80152103761566</mytracks:speed><mytracks:gradient>0.006766295172679953</mytracks:gradient><mytracks:length>0.02640259702244436</mytracks:length></extensions></trkpt><trkpt lat="45.43093590596705" lon="-75.55361803525976"><ele>78.92892237776262</ele><time>2025-10-04T21:52:48.00100Z</time><extensions><mytracks:speed>95.33843290280774</mytracks:speed><mytracks:gradient>0.005859645371602368</mytracks:gradient><mytracks:length>0.02648354521508685</mytracks:length></extensions></trkpt><trkpt lat="45.43105461263599" lon="-75.55332366462463"><ele>79.08506055446453</ele><time>2025-10-04T21:52:49.00100Z</time><extensions><mytracks:speed>95.37042323042589</mytracks:speed><mytracks:gradient>0.005893585217801525</mytracks:gradient><mytracks:length>0.02649290218631294</mytracks:length></extensions></trkpt><trkpt lat="45.4311734174521" lon="-75.55302924518067"><ele>79.25609593107654</ele><time>2025-10-04T21:52:50.00000Z</time><extensions><mytracks:speed>95.39182270257037</mytracks:speed><mytracks:gradient>0.006173699356278924</mytracks:gradient><mytracks:length>0.02650157569851915</mytracks:length></extensions></trkpt><trkpt lat="45.43129205140045" lon="-75.55273528977816"><ele>79.39688835299633</ele><time>2025-10-04T21:52:51.00000Z</time><extensions><mytracks:speed>95.34340966542712</mytracks:speed><mytracks:gradient>0.005887709645472886</mytracks:gradient><mytracks:length>0.02646090468262868</mytracks:length></extensions></trkpt><trkpt lat="45.43141022464447" lon="-75.55244257920077"><ele>79.53312816248594</ele><time>2025-10-04T21:52:52.00000Z</time><extensions><mytracks:speed>95.07280479864443</mytracks:speed><mytracks:gradient>0.005245653741708203</mytracks:gradient><mytracks:length>0.0263510017052106</mytracks:length></extensions></trkpt><trkpt lat="45.43152770264226" lon="-75.5521514077049"><ele>79.70508731378295</ele><time>2025-10-04T21:52:53.00000Z</time><extensions><mytracks:speed>94.61297787880795</mytracks:speed><mytracks:gradient>0.0058638267198734</mytracks:gradient><mytracks:length>0.02620833293978232</mytracks:length></extensions></trkpt><trkpt lat="45.43164422619432" lon="-75.55186206857697"><ele>79.91471845516382</ele><time>2025-10-04T21:52:54.00000Z</time><extensions><mytracks:speed>93.70896635000659</mytracks:speed><mytracks:gradient>0.008052981526602188</mytracks:gradient><mytracks:length>0.02603149413523092</mytracks:length></extensions></trkpt><trkpt lat="45.43175989968278" lon="-75.55157606240864"><ele>80.0991397872222</ele><time>2025-10-04T21:52:55.00000Z</time><extensions><mytracks:speed>92.72682675472412</mytracks:speed><mytracks:gradient>0.007159546765335627</mytracks:gradient><mytracks:length>0.02575879983790179</mytracks:length></extensions></trkpt><trkpt lat="45.43187469138217" lon="-75.55129237552394"><ele>80.32145570249277</ele><time>2025-10-04T21:52:56.00000Z</time><extensions><mytracks:speed>91.98734611125026</mytracks:speed><mytracks:gradient>0.008700147965207084</mytracks:gradient><mytracks:length>0.02555311888483253</mytracks:length></extensions></trkpt><trkpt lat="45.43198869583698" lon="-75.55101033119108"><ele>80.5276327385788</ele><time>2025-10-04T21:52:57.00000Z</time><extensions><mytracks:speed>91.42855228432069</mytracks:speed><mytracks:gradient>0.008117792829719812</mytracks:gradient><mytracks:length>0.02539816430535201</mytracks:length></extensions></trkpt><trkpt lat="45.43210222914795" lon="-75.55072893127848"><ele>80.68477198099356</ele><time>2025-10-04T21:52:58.00000Z</time><extensions><mytracks:speed>91.18067164194491</mytracks:speed><mytracks:gradient>0.006204044364147315</mytracks:gradient><mytracks:length>0.02532851688212497</mytracks:length></extensions></trkpt><trkpt lat="45.43221582882969" lon="-75.55044734259741"><ele>80.84013864208981</ele><time>2025-10-04T21:52:59.00000Z</time><extensions><mytracks:speed>91.2409911494203</mytracks:speed><mytracks:gradient>0.006130100507321204</mytracks:gradient><mytracks:length>0.02534487989400782</mytracks:length></extensions></trkpt><trkpt lat="45.43232949921703" lon="-75.55016460944415"><ele>80.99025261357565</ele><time>2025-10-04T21:53:00.00000Z</time><extensions><mytracks:speed>91.38773360720485</mytracks:speed><mytracks:gradient>0.006016828490894148</mytracks:gradient><mytracks:length>0.02542618253666964</mytracks:length></extensions></trkpt><trkpt lat="45.4324432505793" lon="-75.54988121011625"><ele>81.09427942831536</ele><time>2025-10-04T21:53:01.00000Z</time><extensions><mytracks:speed>91.62396941499853</mytracks:speed><mytracks:gradient>0.004992758586113791</mytracks:gradient><mytracks:length>0.02547558251936982</mytracks:length></extensions></trkpt><trkpt lat="45.43255714660095" lon="-75.5495978538499"><ele>81.28829032688024</ele><time>2025-10-04T21:53:02.00000Z</time><extensions><mytracks:speed>91.72239211227209</mytracks:speed><mytracks:gradient>0.005848868747991433</mytracks:gradient><mytracks:length>0.02548071178979149</mytracks:length></extensions></trkpt><trkpt lat="45.43272752918864" lon="-75.54917392320272"><ele>81.58196193861997</ele><time>2025-10-04T21:53:03.50000Z</time><extensions><mytracks:speed>91.49500262997162</mytracks:speed><mytracks:gradient>0.00770372103177169</mytracks:gradient><mytracks:length>0.03812074847058516</mytracks:length></extensions></trkpt><trkpt lat="45.43289509099463" lon="-75.54875843313977"><ele>81.6975556358486</ele><time>2025-10-04T21:53:05.00000Z</time><extensions><mytracks:speed>89.74311036134431</mytracks:speed><mytracks:gradient>0.003091294237643335</mytracks:gradient><mytracks:length>0.03739330142728702</mytracks:length></extensions></trkpt><trkpt lat="45.43300613276997" lon="-75.54848581877349"><ele>81.8093302849451</ele><time>2025-10-04T21:53:06.00000Z</time><extensions><mytracks:speed>89.26718838452088</mytracks:speed><mytracks:gradient>0.003667871046645074</mytracks:gradient><mytracks:length>0.02459575520920686</mytracks:length></extensions></trkpt><trkpt lat="45.43311605221545" lon="-75.54821667005754"><ele>81.86259897185428</ele><time>2025-10-04T21:53:07.00000Z</time><extensions><mytracks:speed>88.03679227263565</mytracks:speed><mytracks:gradient>0.003375439279290143</mytracks:gradient><mytracks:length>0.0242995421367515</mytracks:length></extensions></trkpt><trkpt lat="45.43322112866453" lon="-75.54795925156479"><ele>81.84918430486789</ele><time>2025-10-04T21:53:07.96600Z</time><extensions><mytracks:speed>87.07459965536512</mytracks:speed><mytracks:gradient>0.0008383823590723521</mytracks:gradient><mytracks:length>0.02323763229904112</mytracks:length></extensions></trkpt><trkpt lat="45.43332881181811" lon="-75.54769421310442"><ele>81.85583688729386</ele><time>2025-10-04T21:53:08.96900Z</time><extensions><mytracks:speed>85.73701859217354</mytracks:speed><mytracks:gradient>0.0002783842627915283</mytracks:gradient><mytracks:length>0.02389712104866073</mytracks:length></extensions></trkpt><trkpt lat="45.43343752970177" lon="-75.54742512143659"><ele>81.90478800205149</ele><time>2025-10-04T21:53:09.99300Z</time><extensions><mytracks:speed>85.20806801993312</mytracks:speed><mytracks:gradient>0.002020401403201776</mytracks:gradient><mytracks:length>0.02422841059210021</mytracks:length></extensions></trkpt><trkpt lat="45.43354509048147" lon="-75.54715683172803"><ele>81.96921922503851</ele><time>2025-10-04T21:53:11.01700Z</time><extensions><mytracks:speed>84.74182483815153</mytracks:speed><mytracks:gradient>0.00267236351056291</mytracks:gradient><mytracks:length>0.02411020159957704</mytracks:length></extensions></trkpt><trkpt lat="45.43365159627741" lon="-75.54688950449054"><ele>82.06945139325542</ele><time>2025-10-04T21:53:12.04100Z</time><extensions><mytracks:speed>84.33206957796621</mytracks:speed><mytracks:gradient>0.004178620861331492</mytracks:gradient><mytracks:length>0.02398690178964143</mytracks:length></extensions></trkpt><trkpt lat="45.43380212059057" lon="-75.54651159403755"><ele>82.23979653758103</ele><time>2025-10-04T21:53:13.50000Z</time><extensions><mytracks:speed>83.63459157097654</mytracks:speed><mytracks:gradient>0.005023865181139208</mytracks:gradient><mytracks:length>0.03390718862542828</mytracks:length></extensions></trkpt><trkpt lat="45.43390334437547" lon="-75.54625807947109"><ele>82.28786243667668</ele><time>2025-10-04T21:53:14.50000Z</time><extensions><mytracks:speed>82.95066434131614</mytracks:speed><mytracks:gradient>0.003854312181871591</mytracks:gradient><mytracks:length>0.02275953735280333</mytracks:length></extensions></trkpt><trkpt lat="45.43400277670631" lon="-75.54600800936863"><ele>82.3262356103879</ele><time>2025-10-04T21:53:15.50000Z</time><extensions><mytracks:speed>81.34692719263523</mytracks:speed><mytracks:gradient>0.001912922930773191</mytracks:gradient><mytracks:length>0.02242744695750712</mytracks:length></extensions></trkpt><trkpt lat="45.43410054753186" lon="-75.54576262700506"><ele>82.3359086106248</ele><time>2025-10-04T21:53:16.50000Z</time><extensions><mytracks:speed>79.26025529749344</mytracks:speed><mytracks:gradient>0.0004393176699660442</mytracks:gradient><mytracks:length>0.02201823622903462</mytracks:length></extensions></trkpt><trkpt lat="45.43429317797062" lon="-75.54529008365769"><ele>82.68375779085162</ele><time>2025-10-04T21:53:18.50000Z</time><extensions><mytracks:speed>76.75815702768071</mytracks:speed><mytracks:gradient>0.008157428309747028</mytracks:gradient><mytracks:length>0.0426420149854316</mytracks:length></extensions></trkpt><trkpt lat="45.43438846964066" lon="-75.54506567518864"><ele>82.89074579734005</ele><time>2025-10-04T21:53:19.50000Z</time><extensions><mytracks:speed>75.7328549367663</mytracks:speed><mytracks:gradient>0.0087921085600863</mytracks:gradient><mytracks:length>0.02046664994196722</mytracks:length></extensions></trkpt><trkpt lat="45.43448198368706" lon="-75.544851909033"><ele>83.1299451741788</ele><time>2025-10-04T21:53:20.50000Z</time><extensions><mytracks:speed>72.22963120386568</mytracks:speed><mytracks:gradient>0.01112091010045903</mytracks:gradient><mytracks:length>0.01965550460172815</mytracks:length></extensions></trkpt><trkpt lat="45.43457504173672" lon="-75.54465178298175"><ele>83.29674701834017</ele><time>2025-10-04T21:53:21.50000Z</time><extensions><mytracks:speed>67.43800193451798</mytracks:speed><mytracks:gradient>0.008904252429454303</mytracks:gradient><mytracks:length>0.01873282967693135</mytracks:length></extensions></trkpt><trkpt lat="45.43466638922747" lon="-75.54446394729956"><ele>83.38736347436122</ele><time>2025-10-04T21:53:22.50000Z</time><extensions><mytracks:speed>64.19071893943301</mytracks:speed><mytracks:gradient>0.005081698705834341</mytracks:gradient><mytracks:length>0.0178319222107787</mytracks:length></extensions></trkpt><trkpt lat="45.43475466881701" lon="-75.54429251594838"><ele>83.380146638895</ele><time>2025-10-04T21:53:23.50000Z</time><extensions><mytracks:speed>59.718493834866</mytracks:speed><mytracks:length>0.01659169185683345</mytracks:length></extensions></trkpt><trkpt lat="45.434837561857" lon="-75.54414383880369"><ele>83.37180246768649</ele><time>2025-10-04T21:53:24.46600Z</time><extensions><mytracks:speed>57.50850938490803</mytracks:speed><mytracks:length>0.01481690326534912</mytracks:length></extensions></trkpt><trkpt lat="45.43491409163931" lon="-75.54400843582755"><ele>83.44629181757017</ele><time>2025-10-04T21:53:25.42500Z</time><extensions><mytracks:speed>53.06812940706303</mytracks:speed><mytracks:gradient>0.002330467295307189</mytracks:gradient><mytracks:length>0.01356611788736564</mytracks:length></extensions></trkpt><trkpt lat="45.43498683638025" lon="-75.54388895331599"><ele>83.50515678136659</ele><time>2025-10-04T21:53:26.42800Z</time><extensions><mytracks:speed>44.30627295102295</mytracks:speed><mytracks:gradient>0.004769219024556246</mytracks:gradient><mytracks:length>0.01234268409425816</mytracks:length></extensions></trkpt><trkpt lat="45.43505114778769" lon="-75.5437856071396"><ele>83.57252511249698</ele><time>2025-10-04T21:53:27.45400Z</time><extensions><mytracks:speed>37.83400745522275</mytracks:speed><mytracks:gradient>0.006250795739689683</mytracks:gradient><mytracks:length>0.01077756079959931</mytracks:length></extensions></trkpt><trkpt lat="45.43510413195769" lon="-75.54368876868887"><ele>83.6005271243983</ele><time>2025-10-04T21:53:28.55900Z</time><extensions><mytracks:speed>31.21405455700233</mytracks:speed><mytracks:gradient>0.002922534738753992</mytracks:gradient><mytracks:length>0.00958141285029176</mytracks:length></extensions></trkpt><trkpt lat="45.43513569330869" lon="-75.54361062369973"><ele>83.6331108224927</ele><time>2025-10-04T21:53:29.58600Z</time><extensions><mytracks:speed>24.66765785830223</mytracks:speed><mytracks:gradient>0.004630926155300423</mytracks:gradient><mytracks:length>0.00703610832945471</mytracks:length></extensions></trkpt><trkpt lat="45.43514779904189" lon="-75.54353722436117"><ele>83.73880099269243</ele><time>2025-10-04T21:53:30.57500Z</time><extensions><mytracks:speed>22.8278019812417</mytracks:speed><mytracks:gradient>0.01081686764928123</mytracks:gradient><mytracks:length>0.00588445706018785</mytracks:length></extensions></trkpt><trkpt lat="45.43512611405106" lon="-75.54339206524125"><ele>84.21169068899319</ele><time>2025-10-04T21:53:32.49900Z</time><extensions><mytracks:speed>21.66569767854781</mytracks:speed><mytracks:gradient>0.04083619431145923</mytracks:gradient><mytracks:length>0.01158016079299668</mytracks:length></extensions></trkpt><trkpt lat="45.4350966008673" lon="-75.54330948670518"><ele>84.62656439374786</ele><time>2025-10-04T21:53:33.50000Z</time><extensions><mytracks:speed>26.01183100496115</mytracks:speed><mytracks:gradient>0.05737685756680685</mytracks:gradient><mytracks:length>0.007230680144370227</mytracks:length></extensions></trkpt><trkpt lat="45.43505813411397" lon="-75.54321437777899"><ele>85.00511910281033</ele><time>2025-10-04T21:53:34.50000Z</time><extensions><mytracks:speed>30.82060633605523</mytracks:speed><mytracks:gradient>0.04419658696742369</mytracks:gradient><mytracks:length>0.008565247568584752</mytracks:length></extensions></trkpt><trkpt lat="45.43501195842562" lon="-75.54310136566346"><ele>85.33323653057504</ele><time>2025-10-04T21:53:35.50100Z</time><extensions><mytracks:speed>36.72422990436232</mytracks:speed><mytracks:gradient>0.03215542053942901</mytracks:gradient><mytracks:length>0.01020410936197745</mytracks:length></extensions></trkpt><trkpt lat="45.43496651322953" lon="-75.54297348828094"><ele>85.64117301535741</ele><time>2025-10-04T21:53:36.50100Z</time><extensions><mytracks:speed>40.25766732686611</mytracks:speed><mytracks:gradient>0.0275310676061952</mytracks:gradient><mytracks:length>0.01118505425169493</mytracks:length></extensions></trkpt><trkpt lat="45.43492471257794" lon="-75.54282975572792"><ele>85.83116231291302</ele><time>2025-10-04T21:53:37.50100Z</time><extensions><mytracks:speed>43.70511058264258</mytracks:speed><mytracks:gradient>0.01564910204491254</mytracks:gradient><mytracks:length>0.01214058781202577</mytracks:length></extensions></trkpt><trkpt lat="45.43489144032245" lon="-75.54267394048182"><ele>85.98078410283649</ele><time>2025-10-04T21:53:38.50100Z</time><extensions><mytracks:speed>45.7450693196384</mytracks:speed><mytracks:gradient>0.01177362620093098</mytracks:gradient><mytracks:length>0.01270821642967067</mytracks:length></extensions></trkpt><trkpt lat="45.43486815686926" lon="-75.54250411477391"><ele>86.16291532289866</ele><time>2025-10-04T21:53:39.50300Z</time><extensions><mytracks:speed>48.50483850958705</mytracks:speed><mytracks:gradient>0.01348968093357735</mytracks:gradient><mytracks:length>0.01350152171567047</mytracks:length></extensions></trkpt><trkpt lat="45.43485358308982" lon="-75.54231278455171"><ele>86.39637350522037</ele><time>2025-10-04T21:53:40.50600Z</time><extensions><mytracks:speed>53.88788955621125</mytracks:speed><mytracks:gradient>0.01554668250011731</mytracks:gradient><mytracks:length>0.01501659163104093</mytracks:length></extensions></trkpt><trkpt lat="45.43484855083202" lon="-75.54210625103836"><ele>86.43615320584279</ele><time>2025-10-04T21:53:41.50800Z</time><extensions><mytracks:speed>57.9353266959802</mytracks:speed><mytracks:gradient>0.00246691029358715</mytracks:gradient><mytracks:length>0.0161253129981367</mytracks:length></extensions></trkpt><trkpt lat="45.43485037301457" lon="-75.54188331137432"><ele>86.52951463425984</ele><time>2025-10-04T21:53:42.50600Z</time><extensions><mytracks:speed>60.32041164241276</mytracks:speed><mytracks:gradient>0.003972856164009962</mytracks:gradient><mytracks:length>0.01739648860976903</mytracks:length></extensions></trkpt><trkpt lat="45.43485721501042" lon="-75.54164809028825"><ele>86.60096810635626</ele><time>2025-10-04T21:53:43.50300Z</time><extensions><mytracks:speed>64.53782500007269</mytracks:speed><mytracks:gradient>0.004608625686219823</mytracks:gradient><mytracks:length>0.01836942819872898</mytracks:length></extensions></trkpt><trkpt lat="45.43486633434538" lon="-75.54140924328233"><ele>86.59968688939615</ele><time>2025-10-04T21:53:44.49400Z</time><extensions><mytracks:speed>67.05204237493956</mytracks:speed><mytracks:gradient>0.001894855294871199</mytracks:gradient><mytracks:length>0.01866414437168086</mytracks:length></extensions></trkpt><trkpt lat="45.43487284515092" lon="-75.5411588413145"><ele>86.76881662138818</ele><time>2025-10-04T21:53:45.49800Z</time><extensions><mytracks:speed>70.1636896896638</mytracks:speed><mytracks:gradient>0.008650326645326565</mytracks:gradient><mytracks:length>0.0195518318471134</mytracks:length></extensions></trkpt><trkpt lat="45.43487649342444" lon="-75.5409058594682"><ele>86.90136504093874</ele><time>2025-10-04T21:53:46.49700Z</time><extensions><mytracks:speed>70.6334629189668</mytracks:speed><mytracks:gradient>0.007677430792269208</mytracks:gradient><mytracks:length>0.01974380326880616</mytracks:length></extensions></trkpt><trkpt lat="45.43487627235614" lon="-75.54064848078752"><ele>87.04017471438564</ele><time>2025-10-04T21:53:47.50500Z</time><extensions><mytracks:speed>71.74267476604189</mytracks:speed><mytracks:gradient>0.006911868943999231</mytracks:gradient><mytracks:length>0.02008279881629012</mytracks:length></extensions></trkpt><trkpt lat="45.43487333464527" lon="-75.54039217368619"><ele>87.17220382085212</ele><time>2025-10-04T21:53:48.50300Z</time><extensions><mytracks:speed>71.95838403682241</mytracks:speed><mytracks:gradient>0.006756902510519757</mytracks:gradient><mytracks:length>0.02000185572409762</mytracks:length></extensions></trkpt><trkpt lat="45.43486756290618" lon="-75.5401326008809"><ele>87.25492967391726</ele><time>2025-10-04T21:53:49.50600Z</time><extensions><mytracks:speed>72.73274780809749</mytracks:speed><mytracks:gradient>0.004082367957895609</mytracks:gradient><mytracks:length>0.02026418341471252</mytracks:length></extensions></trkpt><trkpt lat="45.43485877392329" lon="-75.53987248339071"><ele>87.37723893111432</ele><time>2025-10-04T21:53:50.50100Z</time><extensions><mytracks:speed>73.11731808098568</mytracks:speed><mytracks:gradient>0.005052292212947807</mytracks:gradient><mytracks:length>0.02032014597847877</mytracks:length></extensions></trkpt><trkpt lat="45.43484821165305" lon="-75.53960868481968"><ele>87.53716370021741</ele><time>2025-10-04T21:53:51.50100Z</time><extensions><mytracks:speed>73.87085197731771</mytracks:speed><mytracks:gradient>0.006894417449447906</mytracks:gradient><mytracks:length>0.02061714042867644</mytracks:length></extensions></trkpt><trkpt lat="45.43483530667064" lon="-75.53934380628554"><ele>87.67932839229933</ele><time>2025-10-04T21:53:52.50000Z</time><extensions><mytracks:speed>74.40817765420179</mytracks:speed><mytracks:gradient>0.007308508882792085</mytracks:gradient><mytracks:length>0.02071765766525075</mytracks:length></extensions></trkpt><trkpt lat="45.43482090825256" lon="-75.53907997180877"><ele>87.8418574390161</ele><time>2025-10-04T21:53:53.50000Z</time><extensions><mytracks:speed>74.46304085491936</mytracks:speed><mytracks:gradient>0.007365824402721274</mytracks:gradient><mytracks:length>0.02064859098851424</mytracks:length></extensions></trkpt><trkpt lat="45.43480586254685" lon="-75.5388176669218"><ele>87.94304662099704</ele><time>2025-10-04T21:53:54.50000Z</time><extensions><mytracks:speed>74.13497818156877</mytracks:speed><mytracks:gradient>0.006403452039983523</mytracks:gradient><mytracks:length>0.02053545077000743</mytracks:length></extensions></trkpt><trkpt lat="45.43478926965902" lon="-75.53855573715359"><ele>87.99093925341595</ele><time>2025-10-04T21:53:55.50000Z</time><extensions><mytracks:speed>73.9058328114574</mytracks:speed><mytracks:gradient>0.003631184209967919</mytracks:gradient><mytracks:length>0.02052096243879912</mytracks:length></extensions></trkpt><trkpt lat="45.43477011305659" lon="-75.53829372898122"><ele>87.94870940258737</ele><time>2025-10-04T21:53:56.50000Z</time><extensions><mytracks:speed>73.93855582948916</mytracks:speed><mytracks:gradient>0.0001378660368768647</mytracks:gradient><mytracks:length>0.02055453342129153</mytracks:length></extensions></trkpt><trkpt lat="45.43474724990886" lon="-75.53803100609916"><ele>87.87202686277048</ele><time>2025-10-04T21:53:57.50000Z</time><extensions><mytracks:speed>74.35944408475596</mytracks:speed><mytracks:length>0.02065666430260579</mytracks:length></extensions></trkpt><trkpt lat="45.43471911536653" lon="-75.53776631024779"><ele>87.85161748809951</ele><time>2025-10-04T21:53:58.50000Z</time><extensions><mytracks:speed>74.77607359818893</mytracks:speed><mytracks:length>0.02088921745992539</mytracks:length></extensions></trkpt><trkpt lat="45.43468392862857" lon="-75.53750165056493"><ele>87.84016012701674</ele><time>2025-10-04T21:53:59.50000Z</time><extensions><mytracks:speed>75.44170236863776</mytracks:speed><mytracks:length>0.02101804034293392</mytracks:length></extensions></trkpt><trkpt lat="45.4346416864584" lon="-75.53723803348589"><ele>87.86307392793469</ele><time>2025-10-04T21:54:00.49900Z</time><extensions><mytracks:speed>75.82967516497858</mytracks:speed><mytracks:gradient>0.0002720599352527122</mytracks:gradient><mytracks:length>0.02109892946430136</mytracks:length></extensions></trkpt><trkpt lat="45.43459113197127" lon="-75.53697577114428"><ele>87.92604738874425</ele><time>2025-10-04T21:54:01.49900Z</time><extensions><mytracks:speed>76.18525376442727</mytracks:speed><mytracks:gradient>0.002029918574729383</mytracks:gradient><mytracks:length>0.02122180856268175</mytracks:length></extensions></trkpt><trkpt lat="45.43453363195096" lon="-75.53671620805332"><ele>88.00463744684677</ele><time>2025-10-04T21:54:02.49900Z</time><extensions><mytracks:speed>76.4286931138143</mytracks:speed><mytracks:gradient>0.003334613868760241</mytracks:gradient><mytracks:length>0.02123836505274135</mytracks:length></extensions></trkpt><trkpt lat="45.43447403987727" lon="-75.53646097261159"><ele>88.23137713774135</ele><time>2025-10-04T21:54:03.49900Z</time><extensions><mytracks:speed>75.54778537953622</mytracks:speed><mytracks:gradient>0.01080274771542124</mytracks:gradient><mytracks:length>0.02098907582289439</mytracks:length></extensions></trkpt><trkpt lat="45.43441343509924" lon="-75.53620569774158"><ele>88.51814900299827</ele><time>2025-10-04T21:54:04.49300Z</time><extensions><mytracks:speed>75.86766927832271</mytracks:speed><mytracks:gradient>0.01222164523791133</mytracks:gradient><mytracks:length>0.02102790062165012</mytracks:length></extensions></trkpt><trkpt lat="45.43435552644083" lon="-75.53595009598395"><ele>88.8453715337983</ele><time>2025-10-04T21:54:05.49600Z</time><extensions><mytracks:speed>75.18385926145162</mytracks:speed><mytracks:gradient>0.015613310487665</mytracks:gradient><mytracks:length>0.02095792119541495</mytracks:length></extensions></trkpt><trkpt lat="45.43429770326629" lon="-75.53569401461027"><ele>89.12955299809217</ele><time>2025-10-04T21:54:06.49700Z</time><extensions><mytracks:speed>75.47461690738179</mytracks:speed><mytracks:gradient>0.01353852453380029</mytracks:gradient><mytracks:length>0.0209905786693652</mytracks:length></extensions></trkpt><trkpt lat="45.43423940062002" lon="-75.53543356199508"><ele>89.24866948732165</ele><time>2025-10-04T21:54:07.50500Z</time><extensions><mytracks:speed>76.23343113276651</mytracks:speed><mytracks:gradient>0.005584060093967635</mytracks:gradient><mytracks:length>0.02133151993800409</mytracks:length></extensions></trkpt><trkpt lat="45.43418289665646" lon="-75.5351799193902"><ele>89.36743201071933</ele><time>2025-10-04T21:54:08.50100Z</time><extensions><mytracks:speed>75.63010381240674</mytracks:speed><mytracks:gradient>0.005650802725111265</mytracks:gradient><mytracks:length>0.02076458727418639</mytracks:length></extensions></trkpt><trkpt lat="45.43412383283548" lon="-75.53492128433325"><ele>89.47941025902303</ele><time>2025-10-04T21:54:09.50400Z</time><extensions><mytracks:speed>76.18563406800297</mytracks:speed><mytracks:gradient>0.00527635363512954</mytracks:gradient><mytracks:length>0.02122265792765628</mytracks:length></extensions></trkpt><trkpt lat="45.43406672496288" lon="-75.53466333743505"><ele>89.52645294621348</ele><time>2025-10-04T21:54:10.50100Z</time><extensions><mytracks:speed>76.19697569277844</mytracks:speed><mytracks:gradient>0.003756916165691419</mytracks:gradient><mytracks:length>0.02110512243870576</mytracks:length></extensions></trkpt><trkpt lat="45.43401100619771" lon="-75.53440560076143"><ele>89.53264526111397</ele><time>2025-10-04T21:54:11.50000Z</time><extensions><mytracks:speed>76.00902520031411</mytracks:speed><mytracks:gradient>0.001263031340123805</mytracks:gradient><mytracks:length>0.02104353897143698</mytracks:length></extensions></trkpt><trkpt lat="45.43395880656247" lon="-75.53414803733206"><ele>89.55658292915258</ele><time>2025-10-04T21:54:12.49900Z</time><extensions><mytracks:speed>75.59940610224515</mytracks:speed><mytracks:gradient>0.0007180532946738318</mytracks:gradient><mytracks:length>0.02091853567429708</mytracks:length></extensions></trkpt><trkpt lat="45.43391308950364" lon="-75.53389563172374"><ele>89.49304547853176</ele><time>2025-10-04T21:54:13.50000Z</time><extensions><mytracks:speed>73.19135194962931</mytracks:speed><mytracks:length>0.02034053838963656</mytracks:length></extensions></trkpt><trkpt lat="45.43387507207273" lon="-75.53364739704094"><ele>89.32566759460411</ele><time>2025-10-04T21:54:14.50000Z</time><extensions><mytracks:speed>71.31544812850323</mytracks:speed><mytracks:length>0.01982534534336509</mytracks:length></extensions></trkpt><trkpt lat="45.43384489534246" lon="-75.53340464523116"><ele>89.22921876840691</ele><time>2025-10-04T21:54:15.50100Z</time><extensions><mytracks:speed>69.23309072751532</mytracks:speed><mytracks:length>0.01923629037292594</mytracks:length></extensions></trkpt><trkpt lat="45.43382077394845" lon="-75.53316779179916"><ele>89.11781116910726</ele><time>2025-10-04T21:54:16.50000Z</time><extensions><mytracks:speed>68.24039171627578</mytracks:speed><mytracks:length>0.01867500621453557</mytracks:length></extensions></trkpt><trkpt lat="45.43380151664501" lon="-75.53293988070583"><ele>89.04758807205141</ele><time>2025-10-04T21:54:17.50000Z</time><extensions><mytracks:speed>65.88203947122109</mytracks:speed><mytracks:length>0.01791185303241495</mytracks:length></extensions></trkpt><trkpt lat="45.433777060426" lon="-75.53265414628628"><ele>88.49920083913149</ele><time>2025-10-04T21:54:18.98900Z</time><extensions><mytracks:speed>54.30086271516791</mytracks:speed><mytracks:length>0.02246057600138031</mytracks:length></extensions></trkpt><trkpt lat="45.43376188388412" lon="-75.53248480166829"><ele>88.20665575576955</ele><time>2025-10-04T21:54:19.99100Z</time><extensions><mytracks:speed>47.85947506432656</mytracks:speed><mytracks:length>0.01332108339960285</mytracks:length></extensions></trkpt><trkpt lat="45.43374918662681" lon="-75.5323406923269"><ele>87.89925879115333</ele><time>2025-10-04T21:54:21.00100Z</time><extensions><mytracks:speed>40.37360316991933</mytracks:speed><mytracks:length>0.01133274586755219</mytracks:length></extensions></trkpt><trkpt lat="45.43373766312943" lon="-75.53221765486614"><ele>87.57656743953089</ele><time>2025-10-04T21:54:22.01200Z</time><extensions><mytracks:speed>34.49523638445181</mytracks:speed><mytracks:length>0.009685261690079071</mytracks:length></extensions></trkpt><trkpt lat="45.43372534486095" lon="-75.53210952351878"><ele>87.75134231526556</ele><time>2025-10-04T21:54:23.00600Z</time><extensions><mytracks:speed>32.73668845179962</mytracks:speed><mytracks:length>0.008547867947900835</mytracks:length></extensions></trkpt><trkpt lat="45.43371793180948" lon="-75.5320140451874"><ele>87.99655374616019</ele><time>2025-10-04T21:54:24.00900Z</time><extensions><mytracks:speed>26.90306325585641</mytracks:speed><mytracks:gradient>0.03271369458653399</mytracks:gradient><mytracks:length>0.00749568136506247</mytracks:length></extensions></trkpt><trkpt lat="45.43371102630442" lon="-75.53193007409557"><ele>88.31950442422146</ele><time>2025-10-04T21:54:25.00600Z</time><extensions><mytracks:speed>25.36933114116485</mytracks:speed><mytracks:gradient>0.04031698265085211</mytracks:gradient><mytracks:length>0.006596466307189889</mytracks:length></extensions></trkpt><trkpt lat="45.43370412053022" lon="-75.53185376639627"><ele>88.6317164164938</ele><time>2025-10-04T21:54:26.00600Z</time><extensions><mytracks:speed>22.72389001215993</mytracks:speed><mytracks:gradient>0.05040847944175706</mytracks:gradient><mytracks:length>0.006003484862042894</mytracks:length></extensions></trkpt><trkpt lat="45.43369975061053" lon="-75.53178960018779"><ele>88.92687442914682</ele><time>2025-10-04T21:54:27.00100Z</time><extensions><mytracks:speed>19.90861804046238</mytracks:speed><mytracks:gradient>0.0550506244840653</mytracks:gradient><mytracks:length>0.005030675096456066</mytracks:length></extensions></trkpt><trkpt lat="45.43369774321212" lon="-75.53173928018596"><ele>89.08661090891923</ele><time>2025-10-04T21:54:27.99800Z</time><extensions><mytracks:speed>16.1892464490785</mytracks:speed><mytracks:gradient>0.05076262931749426</mytracks:gradient><mytracks:length>0.003931513578994539</mytracks:length></extensions></trkpt><trkpt lat="45.43369647134986" lon="-75.531698253719"><ele>89.20382809383968</ele><time>2025-10-04T21:54:28.99700Z</time><extensions><mytracks:speed>12.87099606050897</mytracks:speed><mytracks:gradient>0.03880416313922063</mytracks:gradient><mytracks:length>0.003203978402093141</mytracks:length></extensions></trkpt><trkpt lat="45.43369570533579" lon="-75.53166797454077"><ele>89.23959480034389</ele><time>2025-10-04T21:54:29.99800Z</time><extensions><mytracks:speed>8.503010362405002</mytracks:speed><mytracks:gradient>0.01513057345944143</mytracks:gradient><mytracks:length>0.002363869855963787</mytracks:length></extensions></trkpt><trkpt lat="45.43369454701019" lon="-75.53164483971632"><ele>89.21379831025013</ele><time>2025-10-04T21:54:30.99900Z</time><extensions><mytracks:speed>6.515051158799682</mytracks:speed><mytracks:length>0.001811250046559388</mytracks:length></extensions></trkpt><trkpt lat="45.43369127507902" lon="-75.53162039768881"><ele>89.26409250465342</ele><time>2025-10-04T21:54:31.99900Z</time><extensions><mytracks:speed>6.737221602168075</mytracks:speed><mytracks:gradient>0.006543837012985295</mytracks:gradient><mytracks:length>0.001940956752314605</mytracks:length></extensions></trkpt><trkpt lat="45.43368805111358" lon="-75.53158610810239"><ele>89.26301014856263</ele><time>2025-10-04T21:54:32.99800Z</time><extensions><mytracks:speed>8.354286620308656</mytracks:speed><mytracks:gradient>0.01060778501432744</mytracks:gradient><mytracks:length>0.002698568199307615</mytracks:length></extensions></trkpt><trkpt lat="45.43368752378986" lon="-75.53154361588561"><ele>89.19460322424828</ele><time>2025-10-04T21:54:33.99800Z</time><extensions><mytracks:speed>11.93480134517716</mytracks:speed><mytracks:length>0.003315947402458421</mytracks:length></extensions></trkpt><trkpt lat="45.43373231394673" lon="-75.53140810395186"><ele>88.96664858193245</ele><time>2025-10-04T21:54:36.73300Z</time><extensions><mytracks:speed>15.38694189896068</mytracks:speed><mytracks:length>0.01168822785133954</mytracks:length></extensions></trkpt><trkpt lat="45.43379139359751" lon="-75.53135044333078"><ele>89.11218047258846</ele><time>2025-10-04T21:54:38.09700Z</time><extensions><mytracks:speed>21.02197541880115</mytracks:speed><mytracks:gradient>0.01827542722436403</mytracks:gradient><mytracks:length>0.00796325518792795</mytracks:length></extensions></trkpt><trkpt lat="45.43387381214654" lon="-75.53130576997897"><ele>89.39231867139561</ele><time>2025-10-04T21:54:39.45700Z</time><extensions><mytracks:speed>25.95989433498684</mytracks:speed><mytracks:gradient>0.02856819203889559</mytracks:gradient><mytracks:length>0.00980594776266356</mytracks:length></extensions></trkpt><trkpt lat="45.4339521247769" lon="-75.53127150395504"><ele>89.6246974374819</ele><time>2025-10-04T21:54:40.50200Z</time><extensions><mytracks:speed>31.35630092319481</mytracks:speed><mytracks:gradient>0.02550995261538449</mytracks:gradient><mytracks:length>0.009109337425665867</mytracks:length></extensions></trkpt><trkpt lat="45.43408554907867" lon="-75.5312130570605"><ele>90.0941293922188</ele><time>2025-10-04T21:54:42.00300Z</time><extensions><mytracks:speed>37.22943995475098</mytracks:speed><mytracks:gradient>0.03024499909463029</mytracks:gradient><mytracks:length>0.01552097764222608</mytracks:length></extensions></trkpt><trkpt lat="45.43417681424048" lon="-75.53116646197108"><ele>90.25532638554948</ele><time>2025-10-04T21:54:42.98900Z</time><extensions><mytracks:speed>38.0725188907394</mytracks:speed><mytracks:gradient>0.02398345248728932</mytracks:gradient><mytracks:length>0.01077965121620636</mytracks:length></extensions></trkpt><trkpt lat="45.43426603449455" lon="-75.53110761922426"><ele>90.26072375281657</ele><time>2025-10-04T21:54:43.96500Z</time><extensions><mytracks:speed>39.80451065337859</mytracks:speed><mytracks:gradient>0.007680712101159688</mytracks:gradient><mytracks:length>0.01093240860549137</mytracks:length></extensions></trkpt><trkpt lat="45.43435532992935" lon="-75.53103525086384"><ele>90.35662316340675</ele><time>2025-10-04T21:54:44.97000Z</time><extensions><mytracks:speed>40.9085745605419</mytracks:speed><mytracks:gradient>0.008395255810347217</mytracks:gradient><mytracks:length>0.01142304805911707</mytracks:length></extensions></trkpt><trkpt lat="45.43444371676134" lon="-75.53094701872473"><ele>90.39626668581312</ele><time>2025-10-04T21:54:45.99100Z</time><extensions><mytracks:speed>42.3072961493876</mytracks:speed><mytracks:gradient>0.003303671828986017</mytracks:gradient><mytracks:length>0.01199983668430311</mytracks:length></extensions></trkpt><trkpt lat="45.43453180308487" lon="-75.53084759727423"><ele>90.42900667812793</ele><time>2025-10-04T21:54:47.02100Z</time><extensions><mytracks:speed>43.68670373387671</mytracks:speed><mytracks:gradient>0.002620304955486572</mytracks:gradient><mytracks:length>0.0124947259464068</mytracks:length></extensions></trkpt><trkpt lat="45.434615567658" lon="-75.5307392658227"><ele>90.49411505204721</ele><time>2025-10-04T21:54:48.03400Z</time><extensions><mytracks:speed>44.70864576203923</mytracks:speed><mytracks:gradient>0.0051764670598727</mytracks:gradient><mytracks:length>0.01257776262578477</mytracks:length></extensions></trkpt><trkpt lat="45.43469538977685" lon="-75.53062668156052"><ele>90.656183120968</ele><time>2025-10-04T21:54:49.01800Z</time><extensions><mytracks:speed>45.17940513665619</mytracks:speed><mytracks:gradient>0.009065220868416714</mytracks:gradient><mytracks:length>0.01248787151481842</mytracks:length></extensions></trkpt><trkpt lat="45.43477591503652" lon="-75.53050831665668"><ele>90.76243189731288</ele><time>2025-10-04T21:54:50.00900Z</time><extensions><mytracks:speed>46.19130231119733</mytracks:speed><mytracks:gradient>0.01058440184683755</mytracks:gradient><mytracks:length>0.01286364529540936</mytracks:length></extensions></trkpt><trkpt lat="45.43485861144389" lon="-75.53038754054764"><ele>90.72907559785843</ele><time>2025-10-04T21:54:51.00500Z</time><extensions><mytracks:speed>47.15783771471661</mytracks:speed><mytracks:gradient>0.002800258038926318</mytracks:gradient><mytracks:length>0.01316694744224415</mytracks:length></extensions></trkpt><trkpt lat="45.43494132157787" lon="-75.53026531961953"><ele>90.74522955757615</ele><time>2025-10-04T21:54:52.00300Z</time><extensions><mytracks:speed>47.71029662024397</mytracks:speed><mytracks:length>0.01324883223302325</mytracks:length></extensions></trkpt><trkpt lat="45.43502326477741" lon="-75.53014515562658"><ele>90.67994737923271</ele><time>2025-10-04T21:54:53.00100Z</time><extensions><mytracks:speed>47.46522578924866</mytracks:speed><mytracks:length>0.01307421405021529</mytracks:length></extensions></trkpt><trkpt lat="45.43510241211612" lon="-75.53002731271954"><ele>90.54681596874345</ele><time>2025-10-04T21:54:54.00100Z</time><extensions><mytracks:speed>46.4862527924545</mytracks:speed><mytracks:length>0.01272805863547721</mytracks:length></extensions></trkpt><trkpt lat="45.43517716152363" lon="-75.5299155566228"><ele>90.42620921576686</ele><time>2025-10-04T21:54:55.00000Z</time><extensions><mytracks:speed>44.61504779298672</mytracks:speed><mytracks:length>0.01204668706740297</mytracks:length></extensions></trkpt><trkpt lat="45.43524525410565" lon="-75.5298141594496"><ele>90.42051306773315</ele><time>2025-10-04T21:54:55.99900Z</time><extensions><mytracks:speed>41.43303352588202</mytracks:speed><mytracks:length>0.01095135346038183</mytracks:length></extensions></trkpt><trkpt lat="45.43530323533474" lon="-75.52972399995268"><ele>90.25417655196631</ele><time>2025-10-04T21:54:56.99600Z</time><extensions><mytracks:speed>36.96399724198551</mytracks:speed><mytracks:length>0.009542768462146849</mytracks:length></extensions></trkpt><trkpt lat="45.43535439157512" lon="-75.52964248418452"><ele>89.91868157089689</ele><time>2025-10-04T21:54:57.99600Z</time><extensions><mytracks:speed>32.58077550841436</mytracks:speed><mytracks:length>0.00853309384410797</mytracks:length></extensions></trkpt><trkpt lat="45.43539941001129" lon="-75.52956997113135"><ele>89.56934937750007</ele><time>2025-10-04T21:54:58.99800Z</time><extensions><mytracks:speed>27.14661220190716</mytracks:speed><mytracks:length>0.007554368589427879</mytracks:length></extensions></trkpt><trkpt lat="45.43543808907448" lon="-75.5295044260197"><ele>89.36415361200228</ele><time>2025-10-04T21:55:00.00100Z</time><extensions><mytracks:speed>23.98469083079593</mytracks:speed><mytracks:length>0.006683337094915835</mytracks:length></extensions></trkpt><trkpt lat="45.43547028243258" lon="-75.52944908310265"><ele>89.1863531338882</ele><time>2025-10-04T21:55:01.00200Z</time><extensions><mytracks:speed>20.17281106296312</mytracks:speed><mytracks:length>0.005610025500230045</mytracks:length></extensions></trkpt><trkpt lat="45.43549711121797" lon="-75.52940539240907"><ele>89.03208518788531</ele><time>2025-10-04T21:55:01.99800Z</time><extensions><mytracks:speed>18.2759455393487</mytracks:speed><mytracks:length>0.004531109709790645</mytracks:length></extensions></trkpt><trkpt lat="45.43552090393006" lon="-75.52937018099577"><ele>89.16990482776777</ele><time>2025-10-04T21:55:02.99600Z</time><extensions><mytracks:speed>15.05951143778744</mytracks:speed><mytracks:length>0.003813989411499344</mytracks:length></extensions></trkpt><trkpt lat="45.43554251437585" lon="-75.52934215894012"><ele>89.32142427366585</ele><time>2025-10-04T21:55:03.99500Z</time><extensions><mytracks:speed>12.7279120301696</mytracks:speed><mytracks:gradient>0.04098423390001895</mytracks:gradient><mytracks:length>0.00325006108519145</mytracks:length></extensions></trkpt><trkpt lat="45.43556629743538" lon="-75.52932357846467"><ele>89.325896643387</ele><time>2025-10-04T21:55:04.99600Z</time><extensions><mytracks:speed>10.8441055219908</mytracks:speed><mytracks:gradient>0.001482345003480297</mytracks:gradient><mytracks:length>0.003017090967785519</mytracks:length></extensions></trkpt><trkpt lat="45.43559668983411" lon="-75.52931664714875"><ele>89.31744606556474</ele><time>2025-10-04T21:55:06.00000Z</time><extensions><mytracks:speed>12.28054656436553</mytracks:speed><mytracks:length>0.003421624077695034</mytracks:length></extensions></trkpt><trkpt lat="45.43563488243763" lon="-75.5293254646031"><ele>89.42984294360856</ele><time>2025-10-04T21:55:07.00000Z</time><extensions><mytracks:speed>15.47167752383629</mytracks:speed><mytracks:gradient>0.02612955754657205</mytracks:gradient><mytracks:length>0.004301522436554618</mytracks:length></extensions></trkpt><trkpt lat="45.4356794616249" lon="-75.52935449840518"><ele>89.50843302701176</ele><time>2025-10-04T21:55:08.00300Z</time><extensions><mytracks:speed>19.57806796109331</mytracks:speed><mytracks:gradient>0.01441937479422757</mytracks:gradient><mytracks:length>0.005450311440317144</mytracks:length></extensions></trkpt><trkpt lat="45.43573076879485" lon="-75.52940511021022"><ele>89.69437428983679</ele><time>2025-10-04T21:55:09.00200Z</time><extensions><mytracks:speed>22.19235854952786</mytracks:speed><mytracks:gradient>0.02143604313320131</mytracks:gradient><mytracks:length>0.006938075264959139</mytracks:length></extensions></trkpt><trkpt lat="45.43578636244918" lon="-75.5294742011997"><ele>89.89645546033994</ele><time>2025-10-04T21:55:10.00100Z</time><extensions><mytracks:speed>27.23901908447918</mytracks:speed><mytracks:gradient>0.02566729970611202</mytracks:gradient><mytracks:length>0.00820188230898353</mytracks:length></extensions></trkpt><trkpt lat="45.43584605158746" lon="-75.52955093164891"><ele>90.10261016902386</ele><time>2025-10-04T21:55:11.00100Z</time><extensions><mytracks:speed>32.16581287854262</mytracks:speed><mytracks:gradient>0.02306355080573094</mytracks:gradient><mytracks:length>0.008938550287438791</mytracks:length></extensions></trkpt><trkpt lat="45.43591134146114" lon="-75.52962437096684"><ele>90.3023219577651</ele><time>2025-10-04T21:55:12.00200Z</time><extensions><mytracks:speed>33.25969422856001</mytracks:speed><mytracks:gradient>0.02159221116864098</mytracks:gradient><mytracks:length>0.009249251370387091</mytracks:length></extensions></trkpt><trkpt lat="45.43598199511908" lon="-75.52969387142089"><ele>90.4932380452819</ele><time>2025-10-04T21:55:13.00400Z</time><extensions><mytracks:speed>34.31541781345537</mytracks:speed><mytracks:gradient>0.01999943619793229</mytracks:gradient><mytracks:length>0.009546073480638193</mytracks:length></extensions></trkpt><trkpt lat="45.43605573492443" lon="-75.52975697353099"><ele>90.51499000894707</ele><time>2025-10-04T21:55:14.00500Z</time><extensions><mytracks:speed>34.39888204491194</mytracks:speed><mytracks:gradient>0.002274135498404422</mytracks:gradient><mytracks:length>0.009564937392881341</mytracks:length></extensions></trkpt><trkpt lat="45.43613058923358" lon="-75.5298120992455"><ele>90.47415567519504</ele><time>2025-10-04T21:55:15.00300Z</time><extensions><mytracks:speed>34.07444668106719</mytracks:speed><mytracks:length>0.009369782062661961</mytracks:length></extensions></trkpt><trkpt lat="45.43620297165695" lon="-75.5298632686214"><ele>90.42829654988971</ele><time>2025-10-04T21:55:16.00200Z</time><extensions><mytracks:speed>33.08127191687455</mytracks:speed><mytracks:length>0.008984310653793239</mytracks:length></extensions></trkpt><trkpt lat="45.43632634352061" lon="-75.52996917308496"><ele>90.17845849581533</ele><time>2025-10-04T21:55:17.90200Z</time><extensions><mytracks:speed>30.34039542281928</mytracks:speed><mytracks:length>0.01601482785523199</mytracks:length></extensions></trkpt><trkpt lat="45.43637864104192" lon="-75.53002958271411"><ele>90.1670693301226</ele><time>2025-10-04T21:55:18.89600Z</time><extensions><mytracks:speed>29.1733185836641</mytracks:speed><mytracks:length>0.007486056088071103</mytracks:length></extensions></trkpt><trkpt lat="45.4364241914996" lon="-75.53009615681442"><ele>90.20659429130841</ele><time>2025-10-04T21:55:19.91600Z</time><extensions><mytracks:speed>25.6003870183788</mytracks:speed><mytracks:gradient>0.005447536278737609</mytracks:gradient><mytracks:length>0.007255566399819223</mytracks:length></extensions></trkpt><trkpt lat="45.43646579577198" lon="-75.53016897539118"><ele>90.33211272584053</ele><time>2025-10-04T21:55:20.99400Z</time><extensions><mytracks:speed>24.47141272248586</mytracks:speed><mytracks:gradient>0.01713034052716815</mytracks:gradient><mytracks:length>0.007327258575686653</mytracks:length></extensions></trkpt><trkpt lat="45.43649844156944" lon="-75.53023963525754"><ele>90.48402271926865</ele><time>2025-10-04T21:55:22.06600Z</time><extensions><mytracks:speed>22.16966906454805</mytracks:speed><mytracks:gradient>0.0230123191205029</mytracks:gradient><mytracks:length>0.00660124660329325</mytracks:length></extensions></trkpt><trkpt lat="45.43652014843114" lon="-75.53030876121258"><ele>90.55880841314108</ele><time>2025-10-04T21:55:23.10500Z</time><extensions><mytracks:speed>20.4752838615227</mytracks:speed><mytracks:gradient>0.01265479039529183</mytracks:gradient><mytracks:length>0.005909674639909645</mytracks:length></extensions></trkpt><trkpt lat="45.43653142001777" lon="-75.53037473371653"><ele>90.57141844037049</ele><time>2025-10-04T21:55:24.10600Z</time><extensions><mytracks:speed>19.05349111714809</mytracks:speed><mytracks:gradient>0.002380285233684333</mytracks:gradient><mytracks:length>0.005297695860548345</mytracks:length></extensions></trkpt><trkpt lat="45.4365321364577" lon="-75.53043544191031"><ele>90.55960876973074</ele><time>2025-10-04T21:55:25.06200Z</time><extensions><mytracks:speed>18.34748315858186</mytracks:speed><mytracks:gradient>8.024727355259925e-05</mytracks:gradient><mytracks:length>0.004737261855939222</mytracks:length></extensions></trkpt><trkpt lat="45.43651022522524" lon="-75.53054801260848"><ele>90.42106935598586</ele><time>2025-10-04T21:55:26.99700Z</time><extensions><mytracks:speed>16.95711848538929</mytracks:speed><mytracks:length>0.009115271848070995</mytracks:length></extensions></trkpt><trkpt lat="45.43649595359421" lon="-75.53059906391077"><ele>90.38156365167741</ele><time>2025-10-04T21:55:27.99500Z</time><extensions><mytracks:speed>16.43170539083795</mytracks:speed><mytracks:length>0.004288932587787321</mytracks:length></extensions></trkpt><trkpt lat="45.43647945303007" lon="-75.53064823378706"><ele>90.39147150716833</ele><time>2025-10-04T21:55:28.99400Z</time><extensions><mytracks:speed>15.39035329069747</mytracks:speed><mytracks:length>0.004253058966836415</mytracks:length></extensions></trkpt><trkpt lat="45.4364632371539" lon="-75.53070099783297"><ele>90.41397456700247</ele><time>2025-10-04T21:55:29.99600Z</time><extensions><mytracks:speed>16.13749104876852</mytracks:speed><mytracks:gradient>0.005007176829353816</mytracks:gradient><mytracks:length>0.004494161201221309</mytracks:length></extensions></trkpt><trkpt lat="45.43643921422699" lon="-75.53078920402164"><ele>90.43037653781049</ele><time>2025-10-04T21:55:31.49800Z</time><extensions><mytracks:speed>17.69455697190082</mytracks:speed><mytracks:gradient>0.002221949813149568</mytracks:gradient><mytracks:length>0.007381791753779317</mytracks:length></extensions></trkpt><trkpt lat="45.4364164791002" lon="-75.53086339958578"><ele>90.40898118763711</ele><time>2025-10-04T21:55:32.49900Z</time><extensions><mytracks:speed>22.72802165083436</mytracks:speed><mytracks:length>0.006317300327033158</mytracks:length></extensions></trkpt><trkpt lat="45.43639433876138" lon="-75.53094679622042"><ele>90.32717375990946</ele><time>2025-10-04T21:55:33.49600Z</time><extensions><mytracks:speed>23.9069617145105</mytracks:speed><mytracks:length>0.00695753330615346</mytracks:length></extensions></trkpt><trkpt lat="45.43636206328674" lon="-75.53107786886753"><ele>90.23323075072386</ele><time>2025-10-04T21:55:34.99900Z</time><extensions><mytracks:speed>25.95923643369405</mytracks:speed><mytracks:length>0.01083801918502846</mytracks:length></extensions></trkpt><trkpt lat="45.43634410218101" lon="-75.53115983725712"><ele>90.20766442834979</ele><time>2025-10-04T21:55:36.00200Z</time><extensions><mytracks:speed>24.06244587830881</mytracks:speed><mytracks:length>0.006700172571977189</mytracks:length></extensions></trkpt><trkpt lat="45.43633394357113" lon="-75.53123703338844"><ele>90.17922637647023</ele><time>2025-10-04T21:55:37.00600Z</time><extensions><mytracks:speed>21.97815879828185</mytracks:speed><mytracks:length>0.006128292250142822</mytracks:length></extensions></trkpt><trkpt lat="45.43633578195544" lon="-75.53130696076381"><ele>90.19283624246115</ele><time>2025-10-04T21:55:38.00500Z</time><extensions><mytracks:speed>20.69394964980149</mytracks:speed><mytracks:length>0.005459398741184856</mytracks:length></extensions></trkpt><trkpt lat="45.43635383477996" lon="-75.53136637774145"><ele>90.31892508116826</ele><time>2025-10-04T21:55:39.00700Z</time><extensions><mytracks:speed>18.15127822691319</mytracks:speed><mytracks:gradient>0.02496197778429798</mytracks:gradient><mytracks:length>0.005051235915545901</mytracks:length></extensions></trkpt><trkpt lat="45.43638885091404" lon="-75.53141814281719"><ele>90.40134530520476</ele><time>2025-10-04T21:55:40.00500Z</time><extensions><mytracks:speed>18.88467673162086</mytracks:speed><mytracks:gradient>0.0198724074309147</mytracks:gradient><mytracks:length>0.005610828710986574</mytracks:length></extensions></trkpt><trkpt lat="45.43644004679922" lon="-75.5314662995945"><ele>90.53975968147904</ele><time>2025-10-04T21:55:41.00500Z</time><extensions><mytracks:speed>22.26557394529364</mytracks:speed><mytracks:gradient>0.01787186521693747</mytracks:gradient><mytracks:length>0.006821482673133195</mytracks:length></extensions></trkpt><trkpt lat="45.43650442262203" lon="-75.53150827815105"><ele>90.64574121248928</ele><time>2025-10-04T21:55:42.00500Z</time><extensions><mytracks:speed>28.33321877611071</mytracks:speed><mytracks:gradient>0.01346277343833341</mytracks:gradient><mytracks:length>0.007872191528416849</mytracks:length></extensions></trkpt><trkpt lat="45.43657409949294" lon="-75.53154606983267"><ele>90.67331849233902</ele><time>2025-10-04T21:55:43.00500Z</time><extensions><mytracks:speed>29.83851832589976</mytracks:speed><mytracks:gradient>0.003326624521159761</mytracks:gradient><mytracks:length>0.008289868506146544</mytracks:length></extensions></trkpt><trkpt lat="45.43664265904215" lon="-75.53158245141937"><ele>90.54721065608109</ele><time>2025-10-04T21:55:44.00500Z</time><extensions><mytracks:speed>29.56968924326946</mytracks:speed><mytracks:length>0.008135129710313754</mytracks:length></extensions></trkpt><trkpt lat="45.43673767768629" lon="-75.5316320175625"><ele>90.23381810310252</ele><time>2025-10-04T21:55:45.50200Z</time><extensions><mytracks:speed>27.05740268544168</mytracks:speed><mytracks:length>0.01125133484948972</mytracks:length></extensions></trkpt><trkpt lat="45.43680166634741" lon="-75.53166435860274"><ele>90.03785877010563</ele><time>2025-10-04T21:55:47.00100Z</time><extensions><mytracks:speed>18.12561004280098</mytracks:speed><mytracks:length>0.00754899797242889</mytracks:length></extensions></trkpt><trkpt lat="45.43684008710333" lon="-75.53166955577343"><ele>90.00942963966213</ele><time>2025-10-04T21:55:48.00100Z</time><extensions><mytracks:speed>16.93965242358474</mytracks:speed><mytracks:length>0.004291033461088813</mytracks:length></extensions></trkpt><trkpt lat="45.43687363042138" lon="-75.53165460213418"><ele>90.14022593637739</ele><time>2025-10-04T21:55:49.00000Z</time><extensions><mytracks:speed>14.47349140602275</mytracks:speed><mytracks:gradient>0.01273513852461449</mytracks:gradient><mytracks:length>0.003908522074367824</mytracks:length></extensions></trkpt><trkpt lat="45.43690442170914" lon="-75.53161815132303"><ele>90.31182738479065</ele><time>2025-10-04T21:55:50.00100Z</time><extensions><mytracks:speed>16.0225558046244</mytracks:speed><mytracks:gradient>0.03855488280640118</mytracks:gradient><mytracks:length>0.004450835689864038</mytracks:length></extensions></trkpt><trkpt lat="45.43693420357702" lon="-75.53156205391382"><ele>90.44184756228326</ele><time>2025-10-04T21:55:51.00000Z</time><extensions><mytracks:speed>17.77729163053623</mytracks:speed><mytracks:gradient>0.03054507518689872</mytracks:gradient><mytracks:length>0.005489033813345206</mytracks:length></extensions></trkpt><trkpt lat="45.43697399117659" lon="-75.53145518300543"><ele>90.57716641592728</ele><time>2025-10-04T21:55:52.50000Z</time><extensions><mytracks:speed>22.65824204925921</mytracks:speed><mytracks:gradient>0.01433502072279552</mytracks:gradient><mytracks:length>0.009439738962416643</mytracks:length></extensions></trkpt><trkpt lat="45.43699602624402" lon="-75.5313821008444"><ele>90.4872573986158</ele><time>2025-10-04T21:55:53.50000Z</time><extensions><mytracks:speed>22.34331438398176</mytracks:speed><mytracks:length>0.006207200550131216</mytracks:length></extensions></trkpt><trkpt lat="45.43703779694708" lon="-75.53129903631235"><ele>90.3894446184003</ele><time>2025-10-04T21:55:54.99900Z</time><extensions><mytracks:speed>19.14512910667885</mytracks:speed><mytracks:length>0.00797343476692821</mytracks:length></extensions></trkpt><trkpt lat="45.43707242710155" lon="-75.53126142132477"><ele>90.3174650375603</ele><time>2025-10-04T21:55:55.99800Z</time><extensions><mytracks:speed>18.27966134246668</mytracks:speed><mytracks:length>0.004841700196266291</mytracks:length></extensions></trkpt><trkpt lat="45.43711475044574" lon="-75.53124347704906"><ele>90.29900002677441</ele><time>2025-10-04T21:55:56.99700Z</time><extensions><mytracks:speed>17.28366709219842</mytracks:speed><mytracks:length>0.004911009478764741</mytracks:length></extensions></trkpt><trkpt lat="45.43716315921763" lon="-75.53124446236015"><ele>90.31097668369372</ele><time>2025-10-04T21:55:57.99800Z</time><extensions><mytracks:speed>19.3674452817707</mytracks:speed><mytracks:gradient>0.00222458943924814</mytracks:gradient><mytracks:length>0.005383760575328397</mytracks:length></extensions></trkpt><trkpt lat="45.43724434564056" lon="-75.53127203901946"><ele>90.34154646393338</ele><time>2025-10-04T21:55:59.49900Z</time><extensions><mytracks:speed>22.25685263495871</mytracks:speed><mytracks:gradient>0.003294022249728171</mytracks:gradient><mytracks:length>0.009280380617399313</mytracks:length></extensions></trkpt><trkpt lat="45.43730150719485" lon="-75.53130114560057"><ele>90.47517954334342</ele><time>2025-10-04T21:56:00.49500Z</time><extensions><mytracks:speed>23.07563164746231</mytracks:speed><mytracks:gradient>0.01025822467370747</mytracks:gradient><mytracks:length>0.006749759484119986</mytracks:length></extensions></trkpt><trkpt lat="45.43737895380291" lon="-75.53134318577312"><ele>90.53350074811908</ele><time>2025-10-04T21:56:01.99200Z</time><extensions><mytracks:speed>22.16756827421804</mytracks:speed><mytracks:gradient>0.006328885215402633</mytracks:gradient><mytracks:length>0.009215083350497415</mytracks:length></extensions></trkpt><trkpt lat="45.43742771212897" lon="-75.53137036212483"><ele>90.5987410889588</ele><time>2025-10-04T21:56:02.99600Z</time><extensions><mytracks:speed>20.87632682405304</mytracks:speed><mytracks:gradient>0.01120713442132038</mytracks:gradient><mytracks:length>0.005821322238770436</mytracks:length></extensions></trkpt><trkpt lat="45.43747383279259" lon="-75.53139431847852"><ele>90.66341517589528</ele><time>2025-10-04T21:56:04.00100Z</time><extensions><mytracks:speed>19.55034333749941</mytracks:speed><mytracks:gradient>0.01184816691054705</mytracks:gradient><mytracks:length>0.005458573248061338</mytracks:length></extensions></trkpt><trkpt lat="45.43751246285835" lon="-75.53142024295337"><ele>90.66217454854599</ele><time>2025-10-04T21:56:05.00300Z</time><extensions><mytracks:speed>17.0550284575631</mytracks:speed><mytracks:length>0.004747714156363625</mytracks:length></extensions></trkpt><trkpt lat="45.43754852946505" lon="-75.53144354639905"><ele>90.7950001938144</ele><time>2025-10-04T21:56:06.00400Z</time><extensions><mytracks:speed>15.83162763363866</mytracks:speed><mytracks:gradient>0.03016713115086922</mytracks:gradient><mytracks:length>0.004402992270101374</mytracks:length></extensions></trkpt><trkpt lat="45.43758108858316" lon="-75.53146484121456"><ele>90.89565702969952</ele><time>2025-10-04T21:56:07.00300Z</time><extensions><mytracks:speed>15.09360043928242</mytracks:speed><mytracks:gradient>0.02783991799007023</mytracks:gradient><mytracks:length>0.003982759220416632</mytracks:length></extensions></trkpt><trkpt lat="45.43760941010064" lon="-75.53147984339492"><ele>91.03334367863923</ele><time>2025-10-04T21:56:08.00300Z</time><extensions><mytracks:speed>13.21804264080838</mytracks:speed><mytracks:gradient>0.03248201465292141</mytracks:gradient><mytracks:length>0.003359153750793102</mytracks:length></extensions></trkpt><trkpt lat="45.43762989068728" lon="-75.53149060916326"><ele>91.07813169427702</ele><time>2025-10-04T21:56:09.00200Z</time><extensions><mytracks:speed>10.42246087046821</mytracks:speed><mytracks:gradient>0.03153518964957078</mytracks:gradient><mytracks:length>0.002425963757423172</mytracks:length></extensions></trkpt><trkpt lat="45.43764464119823" lon="-75.53149669633935"><ele>91.12635644510577</ele><time>2025-10-04T21:56:09.99800Z</time><extensions><mytracks:speed>7.459265268187711</mytracks:speed><mytracks:gradient>0.02250068176950762</mytracks:gradient><mytracks:length>0.001708835363388067</mytracks:length></extensions></trkpt><trkpt lat="45.43765268000838" lon="-75.53149753850967"><ele>91.13677251118199</ele><time>2025-10-04T21:56:10.99100Z</time><extensions><mytracks:speed>4.685740114873045</mytracks:speed><mytracks:gradient>0.02264570398432983</mytracks:gradient><mytracks:length>0.0008956178097774487</mytracks:length></extensions></trkpt><trkpt lat="45.43765669528025" lon="-75.53149573758485"><ele>91.14022581228414</ele><time>2025-10-04T21:56:11.98900Z</time><extensions><mytracks:speed>2.426886756174048</mytracks:speed><mytracks:gradient>0.01033032369699353</mytracks:gradient><mytracks:length>0.0004552936946604452</mytracks:length></extensions></trkpt><trkpt lat="45.43765591195448" lon="-75.53149867109646"><ele>91.19339888746511</ele><time>2025-10-04T21:56:14.65300Z</time><extensions><mytracks:speed>0.314277145634901</mytracks:speed><mytracks:gradient>0.2286590710349793</mytracks:gradient><mytracks:length>0.0002325430385957901</mytracks:length></extensions></trkpt><trkpt lat="45.43765198695197" lon="-75.53151337001334"><ele>91.45983267575502</ele><time>2025-10-04T21:56:29.00000Z</time><extensions><mytracks:speed>0.3078370940118565</mytracks:speed><mytracks:gradient>0.2171717577424673</mytracks:gradient><mytracks:length>0.001226834423865861</mytracks:length></extensions></trkpt><trkpt lat="45.43766686925947" lon="-75.53152079614001"><ele>90.51697588130841</ele><time>2025-10-04T21:56:29.99600Z</time><extensions><mytracks:speed>0.4960977712630792</mytracks:speed><mytracks:length>0.001753092804948963</mytracks:length></extensions></trkpt><trkpt lat="45.43768383562492" lon="-75.53152705807877"><ele>90.22030182213777</ele><time>2025-10-04T21:56:30.99500Z</time><extensions><mytracks:speed>6.679103897052138</mytracks:speed><mytracks:length>0.001950221514996498</mytracks:length></extensions></trkpt><trkpt lat="45.43770925993862" lon="-75.53153704289512"><ele>89.90999167450548</ele><time>2025-10-04T21:56:31.99600Z</time><extensions><mytracks:speed>10.54140568924928</mytracks:speed><mytracks:length>0.002932256145547126</mytracks:length></extensions></trkpt><trkpt lat="45.43774299588961" lon="-75.53154964121779"><ele>89.91929806358992</ele><time>2025-10-04T21:56:32.99900Z</time><extensions><mytracks:speed>13.91988053760866</mytracks:speed><mytracks:gradient>0.002399525223494174</mytracks:gradient><mytracks:length>0.003878429363160209</mytracks:length></extensions></trkpt><trkpt lat="45.43778261126343" lon="-75.53156592442767"><ele>89.93975925130681</ele><time>2025-10-04T21:56:33.99900Z</time><extensions><mytracks:speed>16.50123358069971</mytracks:speed><mytracks:gradient>0.0044621663061065</mytracks:gradient><mytracks:length>0.004585482994860331</mytracks:length></extensions></trkpt><trkpt lat="45.43782368299428" lon="-75.53158690062048"><ele>89.9262822453706</ele><time>2025-10-04T21:56:35.00000Z</time><extensions><mytracks:speed>17.44488296883731</mytracks:speed><mytracks:length>0.004850998649610612</mytracks:length></extensions></trkpt><trkpt lat="45.43786444536972" lon="-75.53160821204402"><ele>89.91091518281296</ele><time>2025-10-04T21:56:36.00100Z</time><extensions><mytracks:speed>17.3665834076551</mytracks:speed><mytracks:length>0.004826785412438254</mytracks:length></extensions></trkpt><trkpt lat="45.43790193328349" lon="-75.53162921377546"><ele>89.89558596867124</ele><time>2025-10-04T21:56:37.00100Z</time><extensions><mytracks:speed>16.1193778425741</mytracks:speed><mytracks:length>0.00447909524798977</mytracks:length></extensions></trkpt><trkpt lat="45.43793108544005" lon="-75.53164912893648"><ele>89.88435613460743</ele><time>2025-10-04T21:56:38.68200Z</time><extensions><mytracks:speed>7.702231189788751</mytracks:speed><mytracks:length>0.003595028134388955</mytracks:length></extensions></trkpt><trkpt lat="45.43796791050148" lon="-75.53167466747291"><ele>89.98232562608113</ele><time>2025-10-04T21:56:41.03800Z</time><extensions><mytracks:speed>6.959743800956881</mytracks:speed><mytracks:gradient>0.02150851745820354</mytracks:gradient><mytracks:length>0.004554916054260115</mytracks:length></extensions></trkpt><trkpt lat="45.43821427257842" lon="-75.53183566470412"><ele>90.55487469770014</ele><time>2025-10-04T21:56:56.00000Z</time><extensions><mytracks:speed>7.251052668280439</mytracks:speed><mytracks:gradient>0.01899821959091132</mytracks:gradient><mytracks:length>0.03013698567274764</mytracks:length></extensions></trkpt><trkpt lat="45.43824872957181" lon="-75.53182052901967"><ele>90.75084473193954</ele><time>2025-10-04T21:56:56.99500Z</time><extensions><mytracks:speed>7.49806641064454</mytracks:speed><mytracks:gradient>0.02312382436138274</mytracks:gradient><mytracks:length>0.004009822448315033</mytracks:length></extensions></trkpt><trkpt lat="45.43827919623391" lon="-75.53180223868665"><ele>90.81550666137791</ele><time>2025-10-04T21:56:57.99400Z</time><extensions><mytracks:speed>13.85545419197724</mytracks:speed><mytracks:gradient>0.03395554581169806</mytracks:gradient><mytracks:length>0.003676828279895752</mytracks:length></extensions></trkpt><trkpt lat="45.43830792598563" lon="-75.53177091206611"><ele>90.84831250840573</ele><time>2025-10-04T21:56:58.99700Z</time><extensions><mytracks:speed>14.44424766981883</mytracks:speed><mytracks:gradient>0.008156264689599702</mytracks:gradient><mytracks:length>0.004022165571655399</mytracks:length></extensions></trkpt><trkpt lat="45.43833384717758" lon="-75.53172655163277"><ele>90.87136803228999</ele><time>2025-10-04T21:57:00.00100Z</time><extensions><mytracks:speed>16.14343491005824</mytracks:speed><mytracks:gradient>0.005118698265190664</mytracks:gradient><mytracks:length>0.004504177173531466</mytracks:length></extensions></trkpt><trkpt lat="45.43835584966715" lon="-75.53167161869503"><ele>90.85313198803811</ele><time>2025-10-04T21:57:01.00200Z</time><extensions><mytracks:speed>17.7554845674082</mytracks:speed><mytracks:length>0.004935722570416038</mytracks:length></extensions></trkpt><trkpt lat="45.43837358603181" lon="-75.53161178578674"><ele>90.83370837990056</ele><time>2025-10-04T21:57:02.00200Z</time><extensions><mytracks:speed>17.9688088893659</mytracks:speed><mytracks:length>0.005067268797774491</mytracks:length></extensions></trkpt><trkpt lat="45.43838888041324" lon="-75.53155076853774"><ele>90.81148095632976</ele><time>2025-10-04T21:57:03.00200Z</time><extensions><mytracks:speed>18.2175544893511</mytracks:speed><mytracks:length>0.005054803172993031</mytracks:length></extensions></trkpt><trkpt lat="45.43840215930565" lon="-75.53149390251627"><ele>90.81201701684743</ele><time>2025-10-04T21:57:04.00200Z</time><extensions><mytracks:speed>16.83180661970192</mytracks:speed><mytracks:gradient>0.000114641195242297</mytracks:gradient><mytracks:length>0.004675985072746005</mytracks:length></extensions></trkpt><trkpt lat="45.43841309026571" lon="-75.5314443531512"><ele>90.72693663081806</ele><time>2025-10-04T21:57:05.00200Z</time><extensions><mytracks:speed>14.58529478154717</mytracks:speed><mytracks:length>0.004052302935049051</mytracks:length></extensions></trkpt><trkpt lat="45.43842206647118" lon="-75.53140519546611"><ele>90.71043995920911</ele><time>2025-10-04T21:57:06.00200Z</time><extensions><mytracks:speed>13.07968529797927</mytracks:speed><mytracks:length>0.00321521061323803</mytracks:length></extensions></trkpt><trkpt lat="45.43842902140179" lon="-75.53137671945932"><ele>90.64344410586314</ele><time>2025-10-04T21:57:07.00200Z</time><extensions><mytracks:speed>10.02081499485344</mytracks:speed><mytracks:length>0.002352403968525578</mytracks:length></extensions></trkpt><trkpt lat="45.43843262856679" lon="-75.53135511643436"><ele>90.75675063644671</ele><time>2025-10-04T21:57:08.00200Z</time><extensions><mytracks:speed>7.344531767025234</mytracks:speed><mytracks:gradient>0.01135062998586372</mytracks:gradient><mytracks:length>0.001735005881017285</mytracks:length></extensions></trkpt><trkpt lat="45.43843570398046" lon="-75.53134025019901"><ele>90.82760670330487</ele><time>2025-10-04T21:57:09.00200Z</time><extensions><mytracks:speed>5.292020426961073</mytracks:speed><mytracks:gradient>0.06264182620037725</mytracks:gradient><mytracks:length>0.001212052746534862</mytracks:length></extensions></trkpt><trkpt lat="45.4384381935726" lon="-75.53133082660275"><ele>90.85992803210682</ele><time>2025-10-04T21:57:10.00200Z</time><extensions><mytracks:speed>3.592784865351867</mytracks:speed><mytracks:gradient>0.0516946630601777</mytracks:gradient><mytracks:length>0.0007885918115176423</mytracks:length></extensions></trkpt><trkpt lat="45.43843781383588" lon="-75.53133016419736"><ele>90.84835722098479</ele><time>2025-10-04T21:57:12.65800Z</time><extensions><mytracks:speed>0.8095092907846799</mytracks:speed><mytracks:gradient>0.0252389094994385</mytracks:gradient><mytracks:length>0</mytracks:length></extensions></trkpt><trkpt lat="45.43843590653942" lon="-75.5313268371463"><ele>90.79024072736502</ele><time>2025-10-04T21:57:27.00000Z</time><extensions><mytracks:speed>0.08591927189399581</mytracks:speed><mytracks:length>0.0003422940846678775</mytracks:length></extensions></trkpt><trkpt lat="45.43843670881881" lon="-75.53132125884767"><ele>90.83558928760138</ele><time>2025-10-04T21:57:27.99900Z</time><extensions><mytracks:speed>0.1652203381725444</mytracks:speed><mytracks:length>0.0004452860177432757</mytracks:length></extensions></trkpt><trkpt lat="45.43843981270457" lon="-75.53130777217322"><ele>90.86427653161306</ele><time>2025-10-04T21:57:28.99900Z</time><extensions><mytracks:speed>3.999019623174042</mytracks:speed><mytracks:gradient>0.0258167058252066</mytracks:gradient><mytracks:length>0.001111189173626823</mytracks:length></extensions></trkpt><trkpt lat="45.4384460657886" lon="-75.53128261928836"><ele>90.89065110609491</ele><time>2025-10-04T21:57:30.00000Z</time><extensions><mytracks:speed>7.478292587571389</mytracks:speed><mytracks:gradient>0.0126805218025808</mytracks:gradient><mytracks:length>0.002079928167978185</mytracks:length></extensions></trkpt><trkpt lat="45.43845648838627" lon="-75.53124316127676"><ele>90.91302287177167</ele><time>2025-10-04T21:57:31.00000Z</time><extensions><mytracks:speed>9.66656580713143</mytracks:speed><mytracks:gradient>0.009074101505925787</mytracks:gradient><mytracks:length>0.003288655190176201</mytracks:length></extensions></trkpt><trkpt lat="45.43847172452249" lon="-75.53118747935963"><ele>90.94158683166965</ele><time>2025-10-04T21:57:31.99700Z</time><extensions><mytracks:speed>14.33545364359211</mytracks:speed><mytracks:gradient>0.006405455066673223</mytracks:gradient><mytracks:length>0.00466343984202057</mytracks:length></extensions></trkpt><trkpt lat="45.43849140828236" lon="-75.53111961951844"><ele>90.9247251604201</ele><time>2025-10-04T21:57:32.99700Z</time><extensions><mytracks:speed>18.73577672667022</mytracks:speed><mytracks:gradient>0.001126103817561702</mytracks:gradient><mytracks:length>0.00572924888036954</mytracks:length></extensions></trkpt><trkpt lat="45.43851384526864" lon="-75.53104094026597"><ele>90.93472549916996</ele><time>2025-10-04T21:57:33.99400Z</time><extensions><mytracks:speed>22.28089919168784</mytracks:speed><mytracks:length>0.006627136616057247</mytracks:length></extensions></trkpt><trkpt lat="45.43853854762587" lon="-75.53095581053211"><ele>90.95807577477433</ele><time>2025-10-04T21:57:34.99700Z</time><extensions><mytracks:speed>25.78265941625729</mytracks:speed><mytracks:gradient>0.003248711922412709</mytracks:gradient><mytracks:length>0.007187548838442563</mytracks:length></extensions></trkpt><trkpt lat="45.43856300956269" lon="-75.53087020208795"><ele>90.97567658982743</ele><time>2025-10-04T21:57:35.99500Z</time><extensions><mytracks:speed>25.90389508746296</mytracks:speed><mytracks:gradient>0.002843857027548079</mytracks:gradient><mytracks:length>0.007211959097651136</mytracks:length></extensions></trkpt><trkpt lat="45.43858728587502" lon="-75.5307873539366"><ele>90.93071384239873</ele><time>2025-10-04T21:57:36.99600Z</time><extensions><mytracks:speed>25.19451651932764</mytracks:speed><mytracks:length>0.007005941979222129</mytracks:length></extensions></trkpt><trkpt lat="45.4386103018369" lon="-75.53070454617117"><ele>90.74929479015533</ele><time>2025-10-04T21:57:38.00200Z</time><extensions><mytracks:speed>24.86177221958532</mytracks:speed><mytracks:length>0.006949756627151481</mytracks:length></extensions></trkpt><trkpt lat="45.43862953685785" lon="-75.53063114404176"><ele>90.5222869929092</ele><time>2025-10-04T21:57:39.00500Z</time><extensions><mytracks:speed>21.94224658192339</mytracks:speed><mytracks:length>0.006112830684418045</mytracks:length></extensions></trkpt><trkpt lat="45.43864577198102" lon="-75.53057057856601"><ele>90.32512255874605</ele><time>2025-10-04T21:57:40.01000Z</time><extensions><mytracks:speed>18.1227729232304</mytracks:speed><mytracks:length>0.005058367914742856</mytracks:length></extensions></trkpt><trkpt lat="45.43867484931886" lon="-75.53045709584731"><ele>90.07997457513393</ele><time>2025-10-04T21:57:42.66200Z</time><extensions><mytracks:speed>12.79657515602537</mytracks:speed><mytracks:length>0.009425884736478046</mytracks:length></extensions></trkpt><trkpt lat="45.43869165473876" lon="-75.53040811052179"><ele>90.30926321539033</ele><time>2025-10-04T21:57:44.33000Z</time><extensions><mytracks:speed>9.179358113310389</mytracks:speed><mytracks:gradient>0.05389803930508998</mytracks:gradient><mytracks:length>0.004254118391181365</mytracks:length></extensions></trkpt><trkpt lat="45.43871881728955" lon="-75.53035779948368"><ele>90.44617442059673</ele><time>2025-10-04T21:57:46.00200Z</time><extensions><mytracks:speed>10.66626044493641</mytracks:speed><mytracks:gradient>0.02764693584795166</mytracks:gradient><mytracks:length>0.004952129449692567</mytracks:length></extensions></trkpt><trkpt lat="45.43876482331402" lon="-75.53034569218316"><ele>90.39482054595602</ele><time>2025-10-04T21:57:47.00400Z</time><extensions><mytracks:speed>18.68044666219104</mytracks:speed><mytracks:length>0.005201553404636239</mytracks:length></extensions></trkpt><trkpt lat="45.43881104278303" lon="-75.53034093982153"><ele>90.44259173996146</ele><time>2025-10-04T21:57:48.00300Z</time><extensions><mytracks:speed>18.59219799980979</mytracks:speed><mytracks:length>0.005151934908914207</mytracks:length></extensions></trkpt><trkpt lat="45.43886899560917" lon="-75.5303548038796"><ele>90.48207906521549</ele><time>2025-10-04T21:57:49.00300Z</time><extensions><mytracks:speed>20.9049850358713</mytracks:speed><mytracks:gradient>0.007518768125794318</mytracks:gradient><mytracks:length>0.006534693854336316</mytracks:length></extensions></trkpt><trkpt lat="45.43893602273642" lon="-75.53038401319856"><ele>90.48495523902605</ele><time>2025-10-04T21:57:50.00400Z</time><extensions><mytracks:speed>28.02389081957976</mytracks:speed><mytracks:gradient>0.0003690264210905732</mytracks:gradient><mytracks:length>0.007793950910243927</mytracks:length></extensions></trkpt><trkpt lat="45.43900944838357" lon="-75.53042768419192"><ele>90.52889262757678</ele><time>2025-10-04T21:57:51.00600Z</time><extensions><mytracks:speed>31.77912791126149</mytracks:speed><mytracks:gradient>0.004966456266754011</mytracks:gradient><mytracks:length>0.008846828843506061</mytracks:length></extensions></trkpt><trkpt lat="45.43909112628756" lon="-75.53048056575891"><ele>90.51856674136221</ele><time>2025-10-04T21:57:52.00800Z</time><extensions><mytracks:speed>35.84858569956286</mytracks:speed><mytracks:length>0.00997543682961545</mytracks:length></extensions></trkpt><trkpt lat="45.43917755225461" lon="-75.5305373462962"><ele>90.36705162333149</ele><time>2025-10-04T21:57:53.00800Z</time><extensions><mytracks:speed>36.97112770996647</mytracks:speed><mytracks:length>0.01058219881162261</mytracks:length></extensions></trkpt><trkpt lat="45.43926559330242" lon="-75.53059408984969"><ele>90.16853304534763</ele><time>2025-10-04T21:57:53.99900Z</time><extensions><mytracks:speed>38.54685313369644</mytracks:speed><mytracks:length>0.01074405881988124</mytracks:length></extensions></trkpt><trkpt lat="45.43935459615499" lon="-75.53065149819787"><ele>90.06509997423562</ele><time>2025-10-04T21:57:54.99700Z</time><extensions><mytracks:speed>39.10104035524726</mytracks:speed><mytracks:length>0.01086252317798397</mytracks:length></extensions></trkpt><trkpt lat="45.43944513510851" lon="-75.53070671876991"><ele>89.95191593661093</ele><time>2025-10-04T21:57:55.99900Z</time><extensions><mytracks:speed>39.36324306451305</mytracks:speed><mytracks:length>0.01095094196420642</mytracks:length></extensions></trkpt><trkpt lat="45.43953395540019" lon="-75.53075916165781"><ele>89.93222275390318</ele><time>2025-10-04T21:57:57.00300Z</time><extensions><mytracks:speed>38.33416540121255</mytracks:speed><mytracks:length>0.01069023727251556</mytracks:length></extensions></trkpt><trkpt lat="45.43962231558629" lon="-75.53081141001117"><ele>89.97771543648308</ele><time>2025-10-04T21:57:58.00700Z</time><extensions><mytracks:speed>38.11530644579429</mytracks:speed><mytracks:gradient>0.004276667343699315</mytracks:gradient><mytracks:length>0.01063741435183821</mytracks:length></extensions></trkpt><trkpt lat="45.43970878636748" lon="-75.53086270977295"><ele>89.9645758338274</ele><time>2025-10-04T21:57:59.00400Z</time><extensions><mytracks:speed>37.86636272163617</mytracks:speed><mytracks:gradient>0.001536809881591443</mytracks:gradient><mytracks:length>0.01041522861907249</mytracks:length></extensions></trkpt><trkpt lat="45.43979045004542" lon="-75.53091219175354"><ele>89.85628933308597</ele><time>2025-10-04T21:57:59.98400Z</time><extensions><mytracks:speed>36.93482179743388</mytracks:speed><mytracks:length>0.009866879043571622</mytracks:length></extensions></trkpt><trkpt lat="45.43986561797228" lon="-75.53095785030787"><ele>89.69979872654275</ele><time>2025-10-04T21:58:00.94900Z</time><extensions><mytracks:speed>35.07862409580311</mytracks:speed><mytracks:length>0.009085560974218476</mytracks:length></extensions></trkpt><trkpt lat="45.43993427770013" lon="-75.53099849235554"><ele>89.4709600286351</ele><time>2025-10-04T21:58:01.93900Z</time><extensions><mytracks:speed>31.95017883442769</mytracks:speed><mytracks:length>0.008267005866431006</mytracks:length></extensions></trkpt><trkpt lat="45.43999320770634" lon="-75.53103105261735"><ele>89.21922747240907</ele><time>2025-10-04T21:58:02.95600Z</time><extensions><mytracks:speed>24.89374728937782</mytracks:speed><mytracks:length>0.007028418591278071</mytracks:length></extensions></trkpt><trkpt lat="45.44003988080421" lon="-75.53105702806209"><ele>89.07675480998601</ele><time>2025-10-04T21:58:03.99600Z</time><extensions><mytracks:speed>19.28488339159303</mytracks:speed><mytracks:length>0.005571335207545531</mytracks:length></extensions></trkpt><trkpt lat="45.44007676154042" lon="-75.53107671934428"><ele>89.05132572307878</ele><time>2025-10-04T21:58:05.02500Z</time><extensions><mytracks:speed>15.31378034319273</mytracks:speed><mytracks:length>0.004378359952239534</mytracks:length></extensions></trkpt><trkpt lat="45.4401085710624" lon="-75.53109299553668"><ele>89.1469641035242</ele><time>2025-10-04T21:58:06.02200Z</time><extensions><mytracks:speed>14.45389804386626</mytracks:speed><mytracks:gradient>0.008628034347930085</mytracks:gradient><mytracks:length>0.00375804707573416</mytracks:length></extensions></trkpt><trkpt lat="45.44014169773696" lon="-75.53111143144953"><ele>89.24094798999074</ele><time>2025-10-04T21:58:07.01800Z</time><extensions><mytracks:speed>13.92994426608926</mytracks:speed><mytracks:gradient>0.02458796307296882</mytracks:gradient><mytracks:length>0.003954371408683855</mytracks:length></extensions></trkpt><trkpt lat="45.44018074081113" lon="-75.53113495185237"><ele>89.39045400371344</ele><time>2025-10-04T21:58:08.01500Z</time><extensions><mytracks:speed>15.66138138343509</mytracks:speed><mytracks:gradient>0.02809652070283053</mytracks:gradient><mytracks:length>0.004712464260972115</mytracks:length></extensions></trkpt><trkpt lat="45.44022983204776" lon="-75.53116308062968"><ele>89.53754866048297</ele><time>2025-10-04T21:58:09.01300Z</time><extensions><mytracks:speed>19.12019930014154</mytracks:speed><mytracks:gradient>0.02799224163489623</mytracks:gradient><mytracks:length>0.005882159192065015</mytracks:length></extensions></trkpt><trkpt lat="45.44028792556223" lon="-75.53119455704299"><ele>89.67070746355571</ele><time>2025-10-04T21:58:10.00300Z</time><extensions><mytracks:speed>23.16792409122862</mytracks:speed><mytracks:gradient>0.02190551085832058</mytracks:gradient><mytracks:length>0.006910741966579435</mytracks:length></extensions></trkpt><trkpt lat="45.44035348506646" lon="-75.5312273857007"><ele>89.74229088395992</ele><time>2025-10-04T21:58:11.00200Z</time><extensions><mytracks:speed>26.49135381249582</mytracks:speed><mytracks:gradient>0.01398889396139798</mytracks:gradient><mytracks:length>0.007727173419129669</mytracks:length></extensions></trkpt><trkpt lat="45.4404241766572" lon="-75.53125770895906"><ele>89.81945241994985</ele><time>2025-10-04T21:58:12.00600Z</time><extensions><mytracks:speed>29.43462629974653</mytracks:speed><mytracks:gradient>0.009398973301703585</mytracks:gradient><mytracks:length>0.008209570717255291</mytracks:length></extensions></trkpt><trkpt lat="45.44049974817333" lon="-75.53128616930658"><ele>89.93017174532909</ele><time>2025-10-04T21:58:13.01300Z</time><extensions><mytracks:speed>31.07513299062011</mytracks:speed><mytracks:gradient>0.01273860540165212</mytracks:gradient><mytracks:length>0.008691636320320932</mytracks:length></extensions></trkpt><trkpt lat="45.4405767804401" lon="-75.53130988192447"><ele>90.09539300796229</ele><time>2025-10-04T21:58:14.02100Z</time><extensions><mytracks:speed>31.3081057468544</mytracks:speed><mytracks:gradient>0.0188546476801932</mytracks:gradient><mytracks:length>0.008762893130416902</mytracks:length></extensions></trkpt><trkpt lat="45.44065186278713" lon="-75.5313256292673"><ele>90.20055306529525</ele><time>2025-10-04T21:58:15.01500Z</time><extensions><mytracks:speed>30.9209502733637</mytracks:speed><mytracks:gradient>0.01572697326261669</mytracks:gradient><mytracks:length>0.008439101891834914</mytracks:length></extensions></trkpt><trkpt lat="45.44072529815598" lon="-75.53133467289962"><ele>90.29571385415926</ele><time>2025-10-04T21:58:16.01000Z</time><extensions><mytracks:speed>30.08429276110865</mytracks:speed><mytracks:gradient>0.01204755905233771</mytracks:gradient><mytracks:length>0.008196386173333833</mytracks:length></extensions></trkpt><trkpt lat="45.44079955545728" lon="-75.5313360791491"><ele>90.40323214154111</ele><time>2025-10-04T21:58:17.00600Z</time><extensions><mytracks:speed>29.71945407516572</mytracks:speed><mytracks:gradient>0.01232616024448584</mytracks:gradient><mytracks:length>0.008257733945339147</mytracks:length></extensions></trkpt><trkpt lat="45.4408761804997" lon="-75.53132724425561"><ele>90.5322845312859</ele><time>2025-10-04T21:58:18.00400Z</time><extensions><mytracks:speed>30.31079158715007</mytracks:speed><mytracks:gradient>0.01409211565724924</mytracks:gradient><mytracks:length>0.008547867947900835</mytracks:length></extensions></trkpt><trkpt lat="45.44095558129231" lon="-75.53130878212109"><ele>90.62509689034844</ele><time>2025-10-04T21:58:19.00100Z</time><extensions><mytracks:speed>31.55588289951881</mytracks:speed><mytracks:gradient>0.0126928964632804</mytracks:gradient><mytracks:length>0.008945605579963309</mytracks:length></extensions></trkpt><trkpt lat="45.44103977904615" lon="-75.53128591357584"><ele>90.68396163442829</ele><time>2025-10-04T21:58:19.99900Z</time><extensions><mytracks:speed>33.33208015976952</mytracks:speed><mytracks:gradient>0.008210028319545672</mytracks:gradient><mytracks:length>0.009530955469004515</mytracks:length></extensions></trkpt><trkpt lat="45.44112376785984" lon="-75.53125145845954"><ele>90.7147634543303</ele><time>2025-10-04T21:58:20.99000Z</time><extensions><mytracks:speed>34.78752108712487</mytracks:speed><mytracks:gradient>0.004663083822196035</mytracks:gradient><mytracks:length>0.009718240399995567</mytracks:length></extensions></trkpt><trkpt lat="45.44120826910164" lon="-75.53120473709238"><ele>90.70773361761108</ele><time>2025-10-04T21:58:21.99100Z</time><extensions><mytracks:speed>36.25735693918108</mytracks:speed><mytracks:length>0.01007835555608279</mytracks:length></extensions></trkpt><trkpt lat="45.44129149401171" lon="-75.53114911647293"><ele>90.58291588205492</ele><time>2025-10-04T21:58:22.99700Z</time><extensions><mytracks:speed>36.56352726648799</mytracks:speed><mytracks:length>0.01022087720704989</mytracks:length></extensions></trkpt><trkpt lat="45.44137203564784" lon="-75.53108293834902"><ele>90.29241193056511</ele><time>2025-10-04T21:58:24.00200Z</time><extensions><mytracks:speed>37.03676036420245</mytracks:speed><mytracks:length>0.01033792651672301</mytracks:length></extensions></trkpt><trkpt lat="45.44144602933671" lon="-75.53100036420814"><ele>89.95684085743009</ele><time>2025-10-04T21:58:24.99800Z</time><extensions><mytracks:speed>37.31517619531965</mytracks:speed><mytracks:length>0.01044978488063455</mytracks:length></extensions></trkpt><trkpt lat="45.44155222566583" lon="-75.53086353775076"><ele>89.47198564154689</ele><time>2025-10-04T21:58:26.49200Z</time><extensions><mytracks:speed>38.3506220071481</mytracks:speed><mytracks:length>0.01591830280335022</mytracks:length></extensions></trkpt><trkpt lat="45.4416106989286" lon="-75.5307570048392"><ele>89.33247541475274</ele><time>2025-10-04T21:58:27.50100Z</time><extensions><mytracks:speed>37.67453349450261</mytracks:speed><mytracks:length>0.01055234769767913</mytracks:length></extensions></trkpt><trkpt lat="45.44166284548261" lon="-75.5306447654947"><ele>89.35342686963953</ele><time>2025-10-04T21:58:28.51200Z</time><extensions><mytracks:speed>37.37771058662084</mytracks:speed><mytracks:gradient>0.001994946456383379</mytracks:gradient><mytracks:length>0.01050226426867682</mytracks:length></extensions></trkpt><trkpt lat="45.44170979056865" lon="-75.53053349307075"><ele>89.50752463008024</ele><time>2025-10-04T21:58:29.50300Z</time><extensions><mytracks:speed>37.07726149390201</mytracks:speed><mytracks:gradient>0.008486332622301532</mytracks:gradient><mytracks:length>0.01013009008684587</mytracks:length></extensions></trkpt><trkpt lat="45.44177766856112" lon="-75.53036652675721"><ele>89.73619535967865</ele><time>2025-10-04T21:58:30.99600Z</time><extensions><mytracks:speed>36.30034222606434</mytracks:speed><mytracks:gradient>0.01518906825762603</mytracks:gradient><mytracks:length>0.01505495437375471</mytracks:length></extensions></trkpt><trkpt lat="45.44182127292181" lon="-75.53025488618502"><ele>89.78101822411213</ele><time>2025-10-04T21:58:32.00000Z</time><extensions><mytracks:speed>35.76309968308833</mytracks:speed><mytracks:gradient>0.004496378836962973</mytracks:gradient><mytracks:length>0.009968658349028213</mytracks:length></extensions></trkpt><trkpt lat="45.44186255643272" lon="-75.53014473663048"><ele>89.7655739769782</ele><time>2025-10-04T21:58:33.00700Z</time><extensions><mytracks:speed>34.83594103026605</mytracks:speed><mytracks:length>0.009743710564569351</mytracks:length></extensions></trkpt><trkpt lat="45.4419001709401" lon="-75.53003852856256"><ele>89.6622804042821</ele><time>2025-10-04T21:58:34.01000Z</time><extensions><mytracks:speed>33.31229822145855</mytracks:speed><mytracks:length>0.009282322729091057</mytracks:length></extensions></trkpt><trkpt lat="45.44193435985677" lon="-75.52993513065414"><ele>89.49870974362885</ele><time>2025-10-04T21:58:35.00000Z</time><extensions><mytracks:speed>32.86113263669296</mytracks:speed><mytracks:length>0.008917856250146463</mytracks:length></extensions></trkpt><trkpt lat="45.44196419930595" lon="-75.52983735347443"><ele>89.22339192191674</ele><time>2025-10-04T21:58:35.99700Z</time><extensions><mytracks:speed>31.21666345010263</mytracks:speed><mytracks:length>0.008319171006319964</mytracks:length></extensions></trkpt><trkpt lat="45.44198984283442" lon="-75.52974966923639"><ele>88.94973218352258</ele><time>2025-10-04T21:58:36.99800Z</time><extensions><mytracks:speed>26.66976534419977</mytracks:speed><mytracks:length>0.007411644373913202</mytracks:length></extensions></trkpt><trkpt lat="45.44200910145724" lon="-75.52967778622036"><ele>88.53979412473012</ele><time>2025-10-04T21:58:38.00100Z</time><extensions><mytracks:speed>21.55419306579574</mytracks:speed><mytracks:length>0.006003484862042894</mytracks:length></extensions></trkpt><trkpt lat="45.44202338446343" lon="-75.52962297216582"><ele>88.13833353435653</ele><time>2025-10-04T21:58:39.00400Z</time><extensions><mytracks:speed>16.3627698820105</mytracks:speed><mytracks:length>0.004561836169455868</mytracks:length></extensions></trkpt><trkpt lat="45.44203355901517" lon="-75.52958301803504"><ele>87.79846210121931</ele><time>2025-10-04T21:58:40.00200Z</time><extensions><mytracks:speed>14.17183586255358</mytracks:speed><mytracks:length>0.003315947402458421</mytracks:length></extensions></trkpt><trkpt lat="45.44204088066272" lon="-75.52954836748584"><ele>87.6696003234934</ele><time>2025-10-04T21:58:40.99800Z</time><extensions><mytracks:speed>11.07980905293534</mytracks:speed><mytracks:length>0.002824225390776414</mytracks:length></extensions></trkpt><trkpt lat="45.44204832468751" lon="-75.52951414108466"><ele>87.66369456471804</ele><time>2025-10-04T21:58:41.99700Z</time><extensions><mytracks:speed>10.13858215280932</mytracks:speed><mytracks:length>0.002795356911649762</mytracks:length></extensions></trkpt><trkpt lat="45.44206017814405" lon="-75.52947450179451"><ele>87.83158419750434</ele><time>2025-10-04T21:58:42.99800Z</time><extensions><mytracks:speed>12.092942688721</mytracks:speed><mytracks:gradient>0.04993986834983577</mytracks:gradient><mytracks:length>0.003361835710302804</mytracks:length></extensions></trkpt><trkpt lat="45.44208191482858" lon="-75.52943282143005"><ele>88.03885989349412</ele><time>2025-10-04T21:58:43.99900Z</time><extensions><mytracks:speed>14.56406718359378</mytracks:speed><mytracks:gradient>0.05116414150264065</mytracks:gradient><mytracks:length>0.004051190734414668</mytracks:length></extensions></trkpt><trkpt lat="45.44211537969168" lon="-75.52939939963753"><ele>88.25204895801717</ele><time>2025-10-04T21:58:45.00200Z</time><extensions><mytracks:speed>16.31456035867685</mytracks:speed><mytracks:gradient>0.04691639796404744</mytracks:gradient><mytracks:length>0.004544020295130479</mytracks:length></extensions></trkpt><trkpt lat="45.44215964399962" lon="-75.52938560475761"><ele>88.35685573208437</ele><time>2025-10-04T21:58:46.00200Z</time><extensions><mytracks:speed>16.88961954412512</mytracks:speed><mytracks:gradient>0.03384649245757569</mytracks:gradient><mytracks:length>0.005038730626189726</mytracks:length></extensions></trkpt><trkpt lat="45.44221463490894" lon="-75.52939890957566"><ele>88.45310441371156</ele><time>2025-10-04T21:58:47.00200Z</time><extensions><mytracks:speed>22.32225496167408</mytracks:speed><mytracks:gradient>0.0155186831557505</mytracks:gradient><mytracks:length>0.006202116549529684</mytracks:length></extensions></trkpt><trkpt lat="45.44227697974461" lon="-75.52943760934518"><ele>88.55347108545099</ele><time>2025-10-04T21:58:48.00300Z</time><extensions><mytracks:speed>27.21192146431675</mytracks:speed><mytracks:gradient>0.01327333995933742</mytracks:gradient><mytracks:length>0.007561523478409183</mytracks:length></extensions></trkpt><trkpt lat="45.44234330693819" lon="-75.52950132895694"><ele>88.74758993992819</ele><time>2025-10-04T21:58:49.00300Z</time><extensions><mytracks:speed>32.01261200271018</mytracks:speed><mytracks:gradient>0.02182439501989069</mytracks:gradient><mytracks:length>0.00889458123811802</mytracks:length></extensions></trkpt><trkpt lat="45.44241222796602" lon="-75.52958483751688"><ele>89.02010504296115</ele><time>2025-10-04T21:58:50.00300Z</time><extensions><mytracks:speed>34.06054953122359</mytracks:speed><mytracks:gradient>0.02465854676708721</mytracks:gradient><mytracks:length>0.01005866250749221</mytracks:length></extensions></trkpt><trkpt lat="45.44248538264677" lon="-75.52968295895043"><ele>89.3374239297335</ele><time>2025-10-04T21:58:51.00200Z</time><extensions><mytracks:speed>38.21143735323071</mytracks:speed><mytracks:gradient>0.02779321020899077</mytracks:gradient><mytracks:length>0.01116973390922821</mytracks:length></extensions></trkpt><trkpt lat="45.44256202939826" lon="-75.52978973292809"><ele>89.67446471603922</ele><time>2025-10-04T21:58:52.00200Z</time><extensions><mytracks:speed>41.57826609232315</mytracks:speed><mytracks:gradient>0.02834387110597306</mytracks:gradient><mytracks:length>0.01191731080339725</mytracks:length></extensions></trkpt><trkpt lat="45.44263886244843" lon="-75.52990305145499"><ele>90.0276985352064</ele><time>2025-10-04T21:58:52.96000Z</time><extensions><mytracks:speed>44.50617697569491</mytracks:speed><mytracks:gradient>0.02851285075153624</mytracks:gradient><mytracks:length>0.01229476252458203</mytracks:length></extensions></trkpt><trkpt lat="45.44271765800532" lon="-75.53002693721834"><ele>90.36064319030702</ele><time>2025-10-04T21:58:53.93900Z</time><extensions><mytracks:speed>47.07599982042777</mytracks:speed><mytracks:gradient>0.02708277384332648</mytracks:gradient><mytracks:length>0.01304522921698408</mytracks:length></extensions></trkpt><trkpt lat="45.44279684341898" lon="-75.53016163236559"><ele>90.63482831789672</ele><time>2025-10-04T21:58:54.93400Z</time><extensions><mytracks:speed>48.80627874964988</mytracks:speed><mytracks:gradient>0.02269627099470175</mytracks:gradient><mytracks:length>0.01370985352700235</mytracks:length></extensions></trkpt><trkpt lat="45.44287485015358" lon="-75.53030730383092"><ele>90.87476366028518</ele><time>2025-10-04T21:58:55.94900Z</time><extensions><mytracks:speed>50.7055814937253</mytracks:speed><mytracks:gradient>0.01678204885955124</mytracks:gradient><mytracks:length>0.01429714240474922</mytracks:length></extensions></trkpt><trkpt lat="45.44295081105336" lon="-75.53046410010762"><ele>91.01292436608954</ele><time>2025-10-04T21:58:56.99600Z</time><extensions><mytracks:speed>51.07320883032418</mytracks:speed><mytracks:gradient>0.009294059501600383</mytracks:gradient><mytracks:length>0.01486548539748022</mytracks:length></extensions></trkpt><trkpt lat="45.44301873886057" lon="-75.53061977097775"><ele>91.06974975790962</ele><time>2025-10-04T21:58:58.00700Z</time><extensions><mytracks:speed>50.93911852929494</mytracks:speed><mytracks:gradient>0.003973196641762274</mytracks:gradient><mytracks:length>0.01430218459937071</mytracks:length></extensions></trkpt><trkpt lat="45.44308395910713" lon="-75.53078247826237"><ele>91.10940850109407</ele><time>2025-10-04T21:58:59.04900Z</time><extensions><mytracks:speed>50.49883645162176</mytracks:speed><mytracks:gradient>0.002712744061173742</mytracks:gradient><mytracks:length>0.01461941941079661</mytracks:length></extensions></trkpt><trkpt lat="45.44314122583094" lon="-75.53093673834216"><ele>91.10093140555048</ele><time>2025-10-04T21:59:00.03100Z</time><extensions><mytracks:speed>50.20800459613535</mytracks:speed><mytracks:gradient>0.001104502283725932</mytracks:gradient><mytracks:length>0.01361585330245178</mytracks:length></extensions></trkpt><trkpt lat="45.44319646736643" lon="-75.53109183433277"><ele>91.00632629975277</ele><time>2025-10-04T21:59:01.02900Z</time><extensions><mytracks:speed>49.44656828807121</mytracks:speed><mytracks:length>0.01357010342862208</mytracks:length></extensions></trkpt><trkpt lat="45.44325116660555" lon="-75.5312455179006"><ele>90.87460755661162</ele><time>2025-10-04T21:59:02.02400Z</time><extensions><mytracks:speed>48.79511129770005</mytracks:speed><mytracks:length>0.01344432650198359</mytracks:length></extensions></trkpt><trkpt lat="45.44330681394308" lon="-75.53139450757979"><ele>90.73881936619192</ele><time>2025-10-04T21:59:03.00900Z</time><extensions><mytracks:speed>48.37259401793781</mytracks:speed><mytracks:length>0.0131679741448417</mytracks:length></extensions></trkpt><trkpt lat="45.44336682018115" lon="-75.53154343701375"><ele>90.58489192806071</ele><time>2025-10-04T21:59:04.03300Z</time><extensions><mytracks:speed>47.08889934599933</mytracks:speed><mytracks:length>0.01339832727292299</mytracks:length></extensions></trkpt><trkpt lat="45.44342720599657" lon="-75.53167699145705"><ele>90.48391867270948</ele><time>2025-10-04T21:59:05.00400Z</time><extensions><mytracks:speed>46.52902602647517</mytracks:speed><mytracks:length>0.01239551103087884</mytracks:length></extensions></trkpt><trkpt lat="45.44349274042708" lon="-75.5318059914394"><ele>90.51687036617429</ele><time>2025-10-04T21:59:06.00100Z</time><extensions><mytracks:speed>45.39819100854695</mytracks:speed><mytracks:length>0.01242492347225651</mytracks:length></extensions></trkpt><trkpt lat="45.44356074888704" lon="-75.53192455807356"><ele>90.61437881608062</ele><time>2025-10-04T21:59:06.99900Z</time><extensions><mytracks:speed>43.96555675342059</mytracks:speed><mytracks:gradient>0.005354954148954834</mytracks:gradient><mytracks:length>0.01194752332698123</mytracks:length></extensions></trkpt><trkpt lat="45.4436304539424" lon="-75.53203099465658"><ele>90.80163266424879</ele><time>2025-10-04T21:59:07.99300Z</time><extensions><mytracks:speed>42.09064614875779</mytracks:speed><mytracks:gradient>0.01222460637924153</mytracks:gradient><mytracks:length>0.01135935651884007</mytracks:length></extensions></trkpt><trkpt lat="45.4437034585394" lon="-75.53212720507089"><ele>91.06596837508658</ele><time>2025-10-04T21:59:09.00000Z</time><extensions><mytracks:speed>39.51632977927212</mytracks:speed><mytracks:gradient>0.02390838496457484</mytracks:gradient><mytracks:length>0.01105619268007712</mytracks:length></extensions></trkpt><trkpt lat="45.44377415057645" lon="-75.53220628773222"><ele>91.34019265635931</ele><time>2025-10-04T21:59:09.95200Z</time><extensions><mytracks:speed>38.6547897182001</mytracks:speed><mytracks:gradient>0.02560698915146504</mytracks:gradient><mytracks:length>0.009992588401012246</mytracks:length></extensions></trkpt><trkpt lat="45.44384819348077" lon="-75.5322751206655"><ele>91.56247869680355</ele><time>2025-10-04T21:59:10.91900Z</time><extensions><mytracks:speed>37.16203143563505</mytracks:speed><mytracks:gradient>0.02507183146363861</mytracks:gradient><mytracks:length>0.009829815485841083</mytracks:length></extensions></trkpt><trkpt lat="45.44392469159573" lon="-75.53233329732888"><ele>91.92746424758259</ele><time>2025-10-04T21:59:11.89100Z</time><extensions><mytracks:speed>36.11366283457615</mytracks:speed><mytracks:gradient>0.0301904348331983</mytracks:gradient><mytracks:length>0.009641893584816359</mytracks:length></extensions></trkpt><trkpt lat="45.4440025996315" lon="-75.53238172147203"><ele>92.27389177675134</ele><time>2025-10-04T21:59:12.87700Z</time><extensions><mytracks:speed>35.07662300689439</mytracks:speed><mytracks:gradient>0.03729067252249606</mytracks:gradient><mytracks:length>0.009450712355529845</mytracks:length></extensions></trkpt><trkpt lat="45.44408118769837" lon="-75.53242290131708"><ele>92.54567398028495</ele><time>2025-10-04T21:59:13.89700Z</time><extensions><mytracks:speed>32.84845680144072</mytracks:speed><mytracks:gradient>0.02919113028550167</mytracks:gradient><mytracks:length>0.00931043782393688</mytracks:length></extensions></trkpt><trkpt lat="45.4441507319889" lon="-75.5324543563345"><ele>92.79846296098339</ele><time>2025-10-04T21:59:14.87000Z</time><extensions><mytracks:speed>31.46540485114898</mytracks:speed><mytracks:gradient>0.0301148672344248</mytracks:gradient><mytracks:length>0.008112941943070572</mytracks:length></extensions></trkpt><trkpt lat="45.44431436342087" lon="-75.53248281997658"><ele>93.14019678051878</ele><time>2025-10-04T21:59:17.96700Z</time><extensions><mytracks:speed>21.30590208049709</mytracks:speed><mytracks:gradient>0.01864352871024694</mytracks:gradient><mytracks:length>0.01832988941345459</mytracks:length></extensions></trkpt><trkpt lat="45.44437565518312" lon="-75.53246354221773"><ele>93.29420295126424</ele><time>2025-10-04T21:59:19.64200Z</time><extensions><mytracks:speed>15.00424138989074</mytracks:speed><mytracks:gradient>0.02206543815100391</mytracks:gradient><mytracks:length>0.006979520175014264</mytracks:length></extensions></trkpt><trkpt lat="45.44442051124794" lon="-75.53243431640823"><ele>93.37873139427305</ele><time>2025-10-04T21:59:21.00100Z</time><extensions><mytracks:speed>14.52083603537012</mytracks:speed><mytracks:gradient>0.01541566026574882</mytracks:gradient><mytracks:length>0.005483283982108509</mytracks:length></extensions></trkpt><trkpt lat="45.44445561660646" lon="-75.53238468276608"><ele>93.41320266558557</ele><time>2025-10-04T21:59:22.00200Z</time><extensions><mytracks:speed>19.76678376452281</mytracks:speed><mytracks:gradient>0.006269718666280933</mytracks:gradient><mytracks:length>0.005498057113457976</mytracks:length></extensions></trkpt><trkpt lat="45.44449414858344" lon="-75.53232335569581"><ele>93.54526998054655</ele><time>2025-10-04T21:59:23.00200Z</time><extensions><mytracks:speed>21.43630362927205</mytracks:speed><mytracks:gradient>0.01397628458860467</mytracks:gradient><mytracks:length>0.006423409534033897</mytracks:length></extensions></trkpt><trkpt lat="45.44453834917178" lon="-75.53223835489271"><ele>93.65217788740939</ele><time>2025-10-04T21:59:24.00300Z</time><extensions><mytracks:speed>29.70310697744307</mytracks:speed><mytracks:gradient>0.01295153403212963</mytracks:gradient><mytracks:length>0.008254459016023221</mytracks:length></extensions></trkpt><trkpt lat="45.44458980646012" lon="-75.53212776722748"><ele>93.78362746347663</ele><time>2025-10-04T21:59:25.00300Z</time><extensions><mytracks:speed>37.2473626415913</mytracks:speed><mytracks:gradient>0.01269761873067417</mytracks:gradient><mytracks:length>0.01035230139251951</mytracks:length></extensions></trkpt><trkpt lat="45.44464836952969" lon="-75.53199223736959"><ele>93.97159508732709</ele><time>2025-10-04T21:59:26.00300Z</time><extensions><mytracks:speed>44.69837087668667</mytracks:speed><mytracks:gradient>0.01513711186594826</mytracks:gradient><mytracks:length>0.01241766761817342</mytracks:length></extensions></trkpt><trkpt lat="45.44471389371883" lon="-75.53183497682633"><ele>94.19499546921912</ele><time>2025-10-04T21:59:27.00300Z</time><extensions><mytracks:speed>48.04657755235433</mytracks:speed><mytracks:gradient>0.01541525699525187</mytracks:gradient><mytracks:length>0.01426906267701166</mytracks:length></extensions></trkpt><trkpt lat="45.44478371143022" lon="-75.53166199130571"><ele>94.33798159690969</ele><time>2025-10-04T21:59:28.00200Z</time><extensions><mytracks:speed>53.75079480049808</mytracks:speed><mytracks:gradient>0.01227958927133394</mytracks:gradient><mytracks:length>0.01556909942685401</mytracks:length></extensions></trkpt><trkpt lat="45.44485794467147" lon="-75.53147888819882"><ele>94.48943499518241</ele><time>2025-10-04T21:59:29.00100Z</time><extensions><mytracks:speed>57.77279353852714</mytracks:speed><mytracks:gradient>0.009182033906647815</mytracks:gradient><mytracks:length>0.01649799582243087</mytracks:length></extensions></trkpt><trkpt lat="45.44493595165245" lon="-75.53128907520474"><ele>94.64062380661112</ele><time>2025-10-04T21:59:30.00000Z</time><extensions><mytracks:speed>60.62986041189028</mytracks:speed><mytracks:gradient>0.008991362458394939</mytracks:gradient><mytracks:length>0.017160983016643</mytracks:length></extensions></trkpt><trkpt lat="45.44501581195909" lon="-75.53109425134878"><ele>94.79353424051463</ele><time>2025-10-04T21:59:30.99900Z</time><extensions><mytracks:speed>62.6183451451657</mytracks:speed><mytracks:gradient>0.008747447250567676</mytracks:gradient><mytracks:length>0.0176030113904226</mytracks:length></extensions></trkpt><trkpt lat="45.44509662386586" lon="-75.53089571820415"><ele>94.8506921706702</ele><time>2025-10-04T21:59:31.99900Z</time><extensions><mytracks:speed>64.45638848984817</mytracks:speed><mytracks:gradient>0.003192098772812868</mytracks:gradient><mytracks:length>0.01790606564006831</mytracks:length></extensions></trkpt><trkpt lat="45.44517836541611" lon="-75.53069484743152"><ele>94.92083510980781</ele><time>2025-10-04T21:59:33.00000Z</time><extensions><mytracks:speed>65.19045507961832</mytracks:speed><mytracks:gradient>0.003871934584626396</mytracks:gradient><mytracks:length>0.01811573455195113</mytracks:length></extensions></trkpt><trkpt lat="45.44526050247526" lon="-75.53049217462107"><ele>95.02208483885458</ele><time>2025-10-04T21:59:34.00000Z</time><extensions><mytracks:speed>65.69969367485778</mytracks:speed><mytracks:gradient>0.005545061606898901</mytracks:gradient><mytracks:length>0.01825944168425479</mytracks:length></extensions></trkpt><trkpt lat="45.44534144898664" lon="-75.53028817094524"><ele>95.13310135674247</ele><time>2025-10-04T21:59:35.00100Z</time><extensions><mytracks:speed>65.8055027574778</mytracks:speed><mytracks:gradient>0.00607175031012948</mytracks:gradient><mytracks:length>0.01828410461851201</mytracks:length></extensions></trkpt><trkpt lat="45.44542162831161" lon="-75.53008377515883"><ele>95.23125507190562</ele><time>2025-10-04T21:59:36.00000Z</time><extensions><mytracks:speed>65.80083818814396</mytracks:speed><mytracks:gradient>0.005722432393221158</mytracks:gradient><mytracks:length>0.01826906418900262</mytracks:length></extensions></trkpt><trkpt lat="45.44550086544701" lon="-75.52987967247637"><ele>95.40021347259616</ele><time>2025-10-04T21:59:37.00000Z</time><extensions><mytracks:speed>65.6601620579867</mytracks:speed><mytracks:gradient>0.00732483311562392</mytracks:gradient><mytracks:length>0.01819788574619384</mytracks:length></extensions></trkpt><trkpt lat="45.44557992240808" lon="-75.52967757483758"><ele>95.52429369997462</ele><time>2025-10-04T21:59:38.00000Z</time><extensions><mytracks:speed>65.25603923596749</mytracks:speed><mytracks:gradient>0.008084019061563629</mytracks:gradient><mytracks:length>0.0180514420191402</mytracks:length></extensions></trkpt><trkpt lat="45.44565894792105" lon="-75.52947774260991"><ele>95.6021087038722</ele><time>2025-10-04T21:59:39.00000Z</time><extensions><mytracks:speed>64.7070502638346</mytracks:speed><mytracks:gradient>0.005616505280245692</mytracks:gradient><mytracks:length>0.01789549252892579</mytracks:length></extensions></trkpt><trkpt lat="45.44573636527416" lon="-75.5292820819962"><ele>95.64352896621889</ele><time>2025-10-04T21:59:39.99600Z</time><extensions><mytracks:speed>63.89259841846964</mytracks:speed><mytracks:gradient>0.00336635963200206</mytracks:gradient><mytracks:length>0.01752450057795019</mytracks:length></extensions></trkpt><trkpt lat="45.44581306457616" lon="-75.52908821939752"><ele>95.70851931551844</ele><time>2025-10-04T21:59:40.99600Z</time><extensions><mytracks:speed>62.48262650475895</mytracks:speed><mytracks:gradient>0.003743028141166572</mytracks:gradient><mytracks:length>0.01736304052453475</mytracks:length></extensions></trkpt><trkpt lat="45.44588878350376" lon="-75.52889638850071"><ele>95.73922366514444</ele><time>2025-10-04T21:59:41.99800Z</time><extensions><mytracks:speed>61.67546726560868</mytracks:speed><mytracks:gradient>0.001788128488941337</mytracks:gradient><mytracks:length>0.01717122109282581</mytracks:length></extensions></trkpt><trkpt lat="45.44596369366013" lon="-75.52870489946312"><ele>95.83321182740778</ele><time>2025-10-04T21:59:43.00100Z</time><extensions><mytracks:speed>61.38563499763643</mytracks:speed><mytracks:gradient>0.005495128748543515</mytracks:gradient><mytracks:length>0.01710390539771342</mytracks:length></extensions></trkpt><trkpt lat="45.44603737444118" lon="-75.52851384052316"><ele>95.98115178747165</ele><time>2025-10-04T21:59:44.00500Z</time><extensions><mytracks:speed>61.02330640360977</mytracks:speed><mytracks:gradient>0.008698123269732782</mytracks:gradient><mytracks:length>0.01700826206713563</mytracks:length></extensions></trkpt><trkpt lat="45.44611098822238" lon="-75.52832351693527"><ele>96.16301425520209</ele><time>2025-10-04T21:59:45.00200Z</time><extensions><mytracks:speed>61.11796510918721</mytracks:speed><mytracks:gradient>0.009710725642413806</mytracks:gradient><mytracks:length>0.01695439170987813</mytracks:length></extensions></trkpt><trkpt lat="45.44618485775907" lon="-75.52813440254826"><ele>96.3269657715181</ele><time>2025-10-04T21:59:45.99700Z</time><extensions><mytracks:speed>61.14413507756599</mytracks:speed><mytracks:gradient>0.01021908748225967</mytracks:gradient><mytracks:length>0.01688567792141046</mytracks:length></extensions></trkpt><trkpt lat="45.44625977654313" lon="-75.52794556610571"><ele>96.45448053055453</ele><time>2025-10-04T21:59:46.99700Z</time><extensions><mytracks:speed>61.00517192461445</mytracks:speed><mytracks:gradient>0.008620874230223405</mytracks:gradient><mytracks:length>0.01692406420517232</mytracks:length></extensions></trkpt><trkpt lat="45.44633457054267" lon="-75.52775776296023"><ele>96.58885128545</ele><time>2025-10-04T21:59:47.99900Z</time><extensions><mytracks:speed>60.54644467064029</mytracks:speed><mytracks:gradient>0.007975975536493086</mytracks:gradient><mytracks:length>0.01684693668889459</mytracks:length></extensions></trkpt><trkpt lat="45.44640925185571" lon="-75.52757087898016"><ele>96.67835302141361</ele><time>2025-10-04T21:59:49.00100Z</time><extensions><mytracks:speed>60.25411455729144</mytracks:speed><mytracks:gradient>0.005334368160425066</mytracks:gradient><mytracks:length>0.01677831999441086</mytracks:length></extensions></trkpt><trkpt lat="45.44648359453427" lon="-75.52738413223626"><ele>96.76714317838098</ele><time>2025-10-04T21:59:50.00400Z</time><extensions><mytracks:speed>60.13589982034822</mytracks:speed><mytracks:gradient>0.005300704510917168</mytracks:gradient><mytracks:length>0.01675063320064221</mytracks:length></extensions></trkpt><trkpt lat="45.44655769573143" lon="-75.52719813426181"><ele>96.82465093797005</ele><time>2025-10-04T21:59:51.00200Z</time><extensions><mytracks:speed>60.17501090754561</mytracks:speed><mytracks:gradient>0.004375359975649811</mytracks:gradient><mytracks:length>0.01668648217726193</mytracks:length></extensions></trkpt><trkpt lat="45.44663225751919" lon="-75.52701143952346"><ele>96.92705870737387</ele><time>2025-10-04T21:59:52.00100Z</time><extensions><mytracks:speed>60.30273668989832</mytracks:speed><mytracks:gradient>0.004781429798291364</mytracks:gradient><mytracks:length>0.01675870203644823</mytracks:length></extensions></trkpt><trkpt lat="45.4467073147885" lon="-75.52682322982501"><ele>96.9705850758924</ele><time>2025-10-04T21:59:53.00000Z</time><extensions><mytracks:speed>60.6074036235873</mytracks:speed><mytracks:gradient>0.004337120746717901</mytracks:gradient><mytracks:length>0.01688888011074765</mytracks:length></extensions></trkpt><trkpt lat="45.44678344479102" lon="-75.52663273994075"><ele>97.0163581429359</ele><time>2025-10-04T21:59:54.00000Z</time><extensions><mytracks:speed>61.20148702351815</mytracks:speed><mytracks:gradient>0.00262713303148117</mytracks:gradient><mytracks:length>0.01710258800006393</mytracks:length></extensions></trkpt><trkpt lat="45.44686053948951" lon="-75.52644088626386"><ele>96.99434731593338</ele><time>2025-10-04T21:59:55.00000Z</time><extensions><mytracks:speed>61.83832877207414</mytracks:speed><mytracks:gradient>0.0006917566540733939</mytracks:gradient><mytracks:length>0.01724846612034467</mytracks:length></extensions></trkpt><trkpt lat="45.44693788307404" lon="-75.52624837654029"><ele>96.95748693708926</ele><time>2025-10-04T21:59:55.99500Z</time><extensions><mytracks:speed>62.35095128274688</mytracks:speed><mytracks:length>0.01730636892309466</mytracks:length></extensions></trkpt><trkpt lat="45.44701552792365" lon="-75.52605402470356"><ele>96.89916663869103</ele><time>2025-10-04T21:59:56.99600Z</time><extensions><mytracks:speed>62.77864236370418</mytracks:speed><mytracks:length>0.017447444511372</mytracks:length></extensions></trkpt><trkpt lat="45.44709225945806" lon="-75.52586166354973"><ele>96.87359711393601</ele><time>2025-10-04T21:59:57.99800Z</time><extensions><mytracks:speed>61.98234122615413</mytracks:speed><mytracks:length>0.0172620463580154</mytracks:length></extensions></trkpt><trkpt lat="45.4471666291045" lon="-75.52567585379327"><ele>96.84536408365929</ele><time>2025-10-04T21:59:58.99500Z</time><extensions><mytracks:speed>61.1452102141352</mytracks:speed><mytracks:length>0.01668810246004258</mytracks:length></extensions></trkpt><trkpt lat="45.44723944217" lon="-75.52549509453655"><ele>96.86019228229559</ele><time>2025-10-04T21:59:59.99900Z</time><extensions><mytracks:speed>58.29417380434214</mytracks:speed><mytracks:gradient>0.000911927324446737</mytracks:gradient><mytracks:length>0.01626028548414294</mytracks:length></extensions></trkpt><trkpt lat="45.44730997077028" lon="-75.52532030276741"><ele>96.94629874293803</ele><time>2025-10-04T22:00:00.99900Z</time><extensions><mytracks:speed>56.60561807010838</mytracks:speed><mytracks:gradient>0.00547410489743668</mytracks:gradient><mytracks:length>0.01572977906995555</mytracks:length></extensions></trkpt><trkpt lat="45.44737622585331" lon="-75.52515051838657"><ele>96.93671063085219</ele><time>2025-10-04T22:00:02.00200Z</time><extensions><mytracks:speed>54.38075932029897</mytracks:speed><mytracks:length>0.01515608657130867</mytracks:length></extensions></trkpt><trkpt lat="45.44744212938654" lon="-75.52498131301311"><ele>96.90778196915664</ele><time>2025-10-04T22:00:03.00800Z</time><extensions><mytracks:speed>54.0574195991321</mytracks:speed><mytracks:length>0.01509769746816455</mytracks:length></extensions></trkpt><trkpt lat="45.44750637954343" lon="-75.52481548929568"><ele>96.91519913735061</ele><time>2025-10-04T22:00:03.98900Z</time><extensions><mytracks:speed>54.14589482731995</mytracks:speed><mytracks:length>0.0147779225668673</mytracks:length></extensions></trkpt><trkpt lat="45.44757183570519" lon="-75.52464628370397"><ele>96.88397571325334</ele><time>2025-10-04T22:00:04.97400Z</time><extensions><mytracks:speed>54.65392101758216</mytracks:speed><mytracks:length>0.0150738001836375</mytracks:length></extensions></trkpt><trkpt lat="45.44763772682118" lon="-75.52447353400019"><ele>96.64742889555563</ele><time>2025-10-04T22:00:05.98200Z</time><extensions><mytracks:speed>54.78736581756249</mytracks:speed><mytracks:length>0.01533932335055698</mytracks:length></extensions></trkpt><trkpt lat="45.44770716893286" lon="-75.52429863721146"><ele>96.44257959338742</ele><time>2025-10-04T22:00:06.99400Z</time><extensions><mytracks:speed>55.75155669369764</mytracks:speed><mytracks:length>0.01567726454178883</mytracks:length></extensions></trkpt><trkpt lat="45.44777714547494" lon="-75.52412453237011"><ele>96.16839436513794</ele><time>2025-10-04T22:00:08.01600Z</time><extensions><mytracks:speed>55.16256961239215</mytracks:speed><mytracks:length>0.0156531005173428</mytracks:length></extensions></trkpt><trkpt lat="45.44784890277003" lon="-75.5239535009395"><ele>96.07837729811284</ele><time>2025-10-04T22:00:09.01800Z</time><extensions><mytracks:speed>55.84832011424252</mytracks:speed><mytracks:length>0.01554621667191325</mytracks:length></extensions></trkpt><trkpt lat="45.44791846096598" lon="-75.52378696043974"><ele>95.93147524035597</ele><time>2025-10-04T22:00:10.00900Z</time><extensions><mytracks:speed>55.37973192171858</mytracks:speed><mytracks:length>0.01511976882890128</mytracks:length></extensions></trkpt><trkpt lat="45.44799091025709" lon="-75.52362523014484"><ele>95.91514919931069</ele><time>2025-10-04T22:00:11.00900Z</time><extensions><mytracks:speed>53.88296063887275</mytracks:speed><mytracks:length>0.01496910204077266</mytracks:length></extensions></trkpt><trkpt lat="45.44806039219714" lon="-75.52347186941017"><ele>95.98932063693556</ele><time>2025-10-04T22:00:11.99600Z</time><extensions><mytracks:speed>52.93574846669447</mytracks:speed><mytracks:gradient>0.001980286448088691</mytracks:gradient><mytracks:length>0.0142415604426234</mytracks:length></extensions></trkpt><trkpt lat="45.44812859490614" lon="-75.52332298890828"><ele>96.06549223244289</ele><time>2025-10-04T22:00:12.99500Z</time><extensions><mytracks:speed>50.98124312384838</mytracks:speed><mytracks:gradient>0.005347957951705035</mytracks:gradient><mytracks:length>0.01387095346961448</mytracks:length></extensions></trkpt><trkpt lat="45.44819098466347" lon="-75.52318314315139"><ele>95.95744032277801</ele><time>2025-10-04T22:00:13.99700Z</time><extensions><mytracks:speed>46.4347053579359</mytracks:speed><mytracks:length>0.01292829152611005</mytracks:length></extensions></trkpt><trkpt lat="45.44825066991356" lon="-75.52305337090016"><ele>95.85562718509712</ele><time>2025-10-04T22:00:15.00300Z</time><extensions><mytracks:speed>43.29775992488192</mytracks:speed><mytracks:length>0.01210490198988486</mytracks:length></extensions></trkpt><trkpt lat="45.44830185284992" lon="-75.52293263053224"><ele>95.66219588175699</ele><time>2025-10-04T22:00:16.01200Z</time><extensions><mytracks:speed>39.28711009438143</mytracks:speed><mytracks:length>0.01100512642948747</mytracks:length></extensions></trkpt><trkpt lat="45.4483502184918" lon="-75.522823852656"><ele>95.55494394307712</ele><time>2025-10-04T22:00:17.00600Z</time><extensions><mytracks:speed>37.84404261147376</mytracks:speed><mytracks:length>0.01004655902525995</mytracks:length></extensions></trkpt><trkpt lat="45.44839385440216" lon="-75.52272677547339"><ele>95.56355059910091</ele><time>2025-10-04T22:00:18.00300Z</time><extensions><mytracks:speed>34.42597577430623</mytracks:speed><mytracks:length>0.008993835634981372</mytracks:length></extensions></trkpt><trkpt lat="45.44843211279186" lon="-75.52264325250216"><ele>95.62428663830623</ele><time>2025-10-04T22:00:19.00100Z</time><extensions><mytracks:speed>30.26085172688706</mytracks:speed><mytracks:gradient>0.004133668882383721</mytracks:gradient><mytracks:length>0.007781220415442196</mytracks:length></extensions></trkpt><trkpt lat="45.44846103198137" lon="-75.52257336527168"><ele>95.62776778560581</ele><time>2025-10-04T22:00:20.00100Z</time><extensions><mytracks:speed>25.41917470583646</mytracks:speed><mytracks:gradient>0.004552228169614595</mytracks:gradient><mytracks:length>0.006329415415781419</mytracks:length></extensions></trkpt><trkpt lat="45.44848647789752" lon="-75.52251255765331"><ele>95.61947068877868</ele><time>2025-10-04T22:00:21.00000Z</time><extensions><mytracks:speed>21.34629485832867</mytracks:speed><mytracks:length>0.005522591180491519</mytracks:length></extensions></trkpt><trkpt lat="45.44850461499937" lon="-75.52246425856684"><ele>95.49329338867346</ele><time>2025-10-04T22:00:21.99900Z</time><extensions><mytracks:speed>17.64093147870836</mytracks:speed><mytracks:length>0.004273143114919699</mytracks:length></extensions></trkpt><trkpt lat="45.44851843372634" lon="-75.52242699374206"><ele>95.35069760946419</ele><time>2025-10-04T22:00:22.99900Z</time><extensions><mytracks:speed>13.61752968637445</mytracks:speed><mytracks:length>0.003288655190176201</mytracks:length></extensions></trkpt><trkpt lat="45.44852824489873" lon="-75.52239817989776"><ele>95.15211426865794</ele><time>2025-10-04T22:00:23.99900Z</time><extensions><mytracks:speed>10.41750189860106</mytracks:speed><mytracks:length>0.002497357778438369</mytracks:length></extensions></trkpt><trkpt lat="45.44853911870264" lon="-75.52237464778733"><ele>95.1126498017653</ele><time>2025-10-04T22:00:24.99900Z</time><extensions><mytracks:speed>7.917312857969665</mytracks:speed><mytracks:length>0.002199960385903129</mytracks:length></extensions></trkpt><trkpt lat="45.44854810127611" lon="-75.52235820733081"><ele>95.22945001410098</ele><time>2025-10-04T22:00:26.00000Z</time><extensions><mytracks:speed>5.846251762598524</mytracks:speed><mytracks:gradient>0.07187570280931897</mytracks:gradient><mytracks:length>0.001625030542595712</mytracks:length></extensions></trkpt><trkpt lat="45.44855443221137" lon="-75.52234639403058"><ele>95.37555461084328</ele><time>2025-10-04T22:00:27.00000Z</time><extensions><mytracks:speed>4.185741762090316</mytracks:speed><mytracks:gradient>0.125658112687059</mytracks:gradient><mytracks:length>0.001162715192978952</mytracks:length></extensions></trkpt><trkpt lat="45.44855901392962" lon="-75.52233674666171"><ele>95.45369897949618</ele><time>2025-10-04T22:00:28.00000Z</time><extensions><mytracks:speed>3.721265627427242</mytracks:speed><mytracks:gradient>0.1084959581180471</mytracks:gradient><mytracks:length>0.000910587389320891</mytracks:length></extensions></trkpt><trkpt lat="45.44856236369755" lon="-75.52233036357751"><ele>95.54002005405569</ele><time>2025-10-04T22:00:28.99700Z</time><extensions><mytracks:speed>2.764295278086507</mytracks:speed><mytracks:gradient>0.1072325634760326</mytracks:gradient><mytracks:length>0.0006225323801983604</mytracks:length></extensions></trkpt><trkpt lat="45.44856264893313" lon="-75.52232684568473"><ele>95.54443849648545</ele><time>2025-10-04T22:00:29.99700Z</time><extensions><mytracks:speed>1.559085550698344</mytracks:speed><mytracks:gradient>0.1049130949977767</mytracks:gradient><mytracks:length>0.0002848058938980103</mytracks:length></extensions></trkpt><trkpt lat="45.44856280615938" lon="-75.52232279821479"><ele>95.59513006717482</ele><time>2025-10-04T22:00:30.99600Z</time><extensions><mytracks:speed>1.067698352728096</mytracks:speed><mytracks:gradient>0.09295451582298804</mytracks:gradient><mytracks:length>0.0003148647627138236</mytracks:length></extensions></trkpt><trkpt lat="45.44856620916249" lon="-75.52231024788954"><ele>95.64037682117538</ele><time>2025-10-04T22:00:32.49900Z</time><extensions><mytracks:speed>2.523293284948582</mytracks:speed><mytracks:gradient>0.04297413609443824</mytracks:gradient><mytracks:length>0.001052883387838818</mytracks:length></extensions></trkpt><trkpt lat="45.44857559105253" lon="-75.52228468926921"><ele>95.83048558723209</ele><time>2025-10-04T22:00:33.49800Z</time><extensions><mytracks:speed>4.743426753574177</mytracks:speed><mytracks:gradient>0.07141725399494819</mytracks:gradient><mytracks:length>0.002250587361010542</mytracks:length></extensions></trkpt><trkpt lat="45.44859415368175" lon="-75.52224234663562"><ele>96.12105998168693</ele><time>2025-10-04T22:00:34.49800Z</time><extensions><mytracks:speed>11.05961150340036</mytracks:speed><mytracks:gradient>0.0782772125900634</mytracks:gradient><mytracks:length>0.003894662023362467</mytracks:length></extensions></trkpt><trkpt lat="45.44862089651537" lon="-75.52218383392578"><ele>96.41528668288584</ele><time>2025-10-04T22:00:35.49800Z</time><extensions><mytracks:speed>19.60651005135075</mytracks:speed><mytracks:gradient>0.05400805029470628</mytracks:gradient><mytracks:length>0.005447830454782185</mytracks:length></extensions></trkpt><trkpt lat="45.44865408971372" lon="-75.52211074644845"><ele>96.80269242617568</ele><time>2025-10-04T22:00:36.49800Z</time><extensions><mytracks:speed>24.45108237889426</mytracks:speed><mytracks:gradient>0.05703556817599068</mytracks:gradient><mytracks:length>0.006792353537961713</mytracks:length></extensions></trkpt><trkpt lat="45.44869216325216" lon="-75.52202467294642"><ele>97.13096248156475</ele><time>2025-10-04T22:00:37.49800Z</time><extensions><mytracks:speed>28.57481689326997</mytracks:speed><mytracks:gradient>0.04135260192927463</mytracks:gradient><mytracks:length>0.00793831681862509</mytracks:length></extensions></trkpt><trkpt lat="45.44873444998967" lon="-75.52192663837474"><ele>97.52463154537371</ele><time>2025-10-04T22:00:38.49800Z</time><extensions><mytracks:speed>32.30651031844958</mytracks:speed><mytracks:gradient>0.04384922825768603</mytracks:gradient><mytracks:length>0.008977787738828761</mytracks:length></extensions></trkpt><trkpt lat="45.44880547970836" lon="-75.52175581077476"><ele>98.02341643024508</ele><time>2025-10-04T22:00:39.99800Z</time><extensions><mytracks:speed>37.19166338413383</mytracks:speed><mytracks:gradient>0.03219887945195635</mytracks:gradient><mytracks:length>0.01549075288832961</mytracks:length></extensions></trkpt><trkpt lat="45.44885586647217" lon="-75.52163138318389"><ele>98.33582724049747</ele><time>2025-10-04T22:00:40.99800Z</time><extensions><mytracks:speed>40.33108067456245</mytracks:speed><mytracks:gradient>0.02787592366405139</mytracks:gradient><mytracks:length>0.01120719133892846</mytracks:length></extensions></trkpt><trkpt lat="45.44890820581273" lon="-75.52149941037946"><ele>98.5600548718068</ele><time>2025-10-04T22:00:41.99900Z</time><extensions><mytracks:speed>42.56137286491685</mytracks:speed><mytracks:gradient>0.01896022721743918</mytracks:gradient><mytracks:length>0.01182621013650582</mytracks:length></extensions></trkpt><trkpt lat="45.44896313399661" lon="-75.52135953021994"><ele>98.70367134899297</ele><time>2025-10-04T22:00:42.99900Z</time><extensions><mytracks:speed>45.0005785656392</mytracks:speed><mytracks:gradient>0.01148488926559893</mytracks:gradient><mytracks:length>0.01250482036569133</mytracks:length></extensions></trkpt><trkpt lat="45.44901981594231" lon="-75.52121269732346"><ele>98.89421072977861</ele><time>2025-10-04T22:00:43.99900Z</time><extensions><mytracks:speed>47.05517648729123</mytracks:speed><mytracks:gradient>0.01457406184689414</mytracks:gradient><mytracks:length>0.01307386937062042</mytracks:length></extensions></trkpt><trkpt lat="45.44908073638339" lon="-75.52105772085875"><ele>99.11167081383955</ele><time>2025-10-04T22:00:44.99900Z</time><extensions><mytracks:speed>49.87618983560698</mytracks:speed><mytracks:gradient>0.01569207913843496</mytracks:gradient><mytracks:length>0.01385795229188692</mytracks:length></extensions></trkpt><trkpt lat="45.44914259352605" lon="-75.52089805816405"><ele>99.26885171990628</ele><time>2025-10-04T22:00:46.00000Z</time><extensions><mytracks:speed>51.20637674147551</mytracks:speed><mytracks:gradient>0.01104733506123499</mytracks:gradient><mytracks:length>0.01422794775350612</mytracks:length></extensions></trkpt><trkpt lat="45.44920673650635" lon="-75.5207324547127"><ele>99.46856627673138</ele><time>2025-10-04T22:00:47.00000Z</time><extensions><mytracks:speed>53.12093621282202</mytracks:speed><mytracks:gradient>0.01353394946305883</mytracks:gradient><mytracks:length>0.01475656144351836</mytracks:length></extensions></trkpt><trkpt lat="45.4492729493365" lon="-75.52056282656464"><ele>99.71275750222561</ele><time>2025-10-04T22:00:47.99900Z</time><extensions><mytracks:speed>53.82243325656922</mytracks:speed><mytracks:gradient>0.01484674770318293</mytracks:gradient><mytracks:length>0.0151427008215512</mytracks:length></extensions></trkpt><trkpt lat="45.44934387295962" lon="-75.52039122807801"><ele>99.88024749439943</ele><time>2025-10-04T22:00:49.00700Z</time><extensions><mytracks:speed>55.50564645319917</mytracks:speed><mytracks:gradient>0.01078031705317525</mytracks:gradient><mytracks:length>0.01553664807330322</mytracks:length></extensions></trkpt><trkpt lat="45.44941369766933" lon="-75.52021761301432"><ele>99.90536674773551</ele><time>2025-10-04T22:00:50.01300Z</time><extensions><mytracks:speed>55.89435922030774</mytracks:speed><mytracks:gradient>0.001609072692476582</mytracks:gradient><mytracks:length>0.01561101213980861</mytracks:length></extensions></trkpt><trkpt lat="45.44948650203165" lon="-75.52004164250779"><ele>100.0117094506308</ele><time>2025-10-04T22:00:51.01400Z</time><extensions><mytracks:speed>57.2940422070272</mytracks:speed><mytracks:gradient>0.0066729395124978</mytracks:gradient><mytracks:length>0.01593641043743356</mytracks:length></extensions></trkpt><trkpt lat="45.44956032087342" lon="-75.51986622802598"><ele>100.0453323695743</ele><time>2025-10-04T22:00:52.01000Z</time><extensions><mytracks:speed>57.47342622056632</mytracks:speed><mytracks:gradient>0.004388615021553653</mytracks:gradient><mytracks:length>0.01595647455101328</mytracks:length></extensions></trkpt><trkpt lat="45.44963541198872" lon="-75.51969166707234"><ele>100.0254640482731</ele><time>2025-10-04T22:00:53.00200Z</time><extensions><mytracks:speed>57.8187928304672</mytracks:speed><mytracks:gradient>0.0004307806959531568</mytracks:gradient><mytracks:length>0.01597312837343796</mytracks:length></extensions></trkpt><trkpt lat="45.44970969806197" lon="-75.5195132055924"><ele>100.0563232108676</ele><time>2025-10-04T22:00:54.00000Z</time><extensions><mytracks:speed>58.18068789805798</mytracks:speed><mytracks:gradient>0.0003417584824338165</mytracks:gradient><mytracks:length>0.01618751227941634</mytracks:length></extensions></trkpt><trkpt lat="45.4497848365973" lon="-75.51933506896242"><ele>100.1511468361861</ele><time>2025-10-04T22:00:55.00000Z</time><extensions><mytracks:speed>58.38897937109201</mytracks:speed><mytracks:gradient>0.003878906914593439</mytracks:gradient><mytracks:length>0.01621421518399967</mytracks:length></extensions></trkpt><trkpt lat="45.44985849033897" lon="-75.51916108236267"><ele>100.2531452077982</ele><time>2025-10-04T22:00:55.98900Z</time><extensions><mytracks:speed>58.04123369908791</mytracks:speed><mytracks:gradient>0.006138040352491658</mytracks:gradient><mytracks:length>0.01585163641713909</mytracks:length></extensions></trkpt><trkpt lat="45.44993240274101" lon="-75.51898525929154"><ele>100.4223989357815</ele><time>2025-10-04T22:00:56.99000Z</time><extensions><mytracks:speed>57.49117762596196</mytracks:speed><mytracks:gradient>0.01058550242878429</mytracks:gradient><mytracks:length>0.01598920118548526</mytracks:length></extensions></trkpt><trkpt lat="45.45000619081517" lon="-75.51880622221063"><ele>100.6488102673147</ele><time>2025-10-04T22:00:57.99700Z</time><extensions><mytracks:speed>57.93866118814223</mytracks:speed><mytracks:gradient>0.01397765830885317</mytracks:gradient><mytracks:length>0.01619808744286347</mytracks:length></extensions></trkpt><trkpt lat="45.45007831242371" lon="-75.518624807197"><ele>100.6155406693284</ele><time>2025-10-04T22:00:59.00500Z</time><extensions><mytracks:speed>58.10544695119954</mytracks:speed><mytracks:length>0.01626582731501314</mytracks:length></extensions></trkpt><trkpt lat="45.45015118614648" lon="-75.51844167246698"><ele>100.4445395609758</ele><time>2025-10-04T22:01:00.01200Z</time><extensions><mytracks:speed>58.67200766550291</mytracks:speed><mytracks:length>0.01642380654812314</mytracks:length></extensions></trkpt><trkpt lat="45.45022368212646" lon="-75.51825977510077"><ele>100.1086841448503</ele><time>2025-10-04T22:01:01.00400Z</time><extensions><mytracks:speed>58.94280758629649</mytracks:speed><mytracks:length>0.01631920927699039</mytracks:length></extensions></trkpt><trkpt lat="45.45029758779131" lon="-75.51807574369531"><ele>99.62492367308397</ele><time>2025-10-04T22:01:02.00100Z</time><extensions><mytracks:speed>59.47815540673488</mytracks:speed><mytracks:length>0.01654136896312186</mytracks:length></extensions></trkpt><trkpt lat="45.45037125008999" lon="-75.51789139964529"><ele>99.0534980262271</ele><time>2025-10-04T22:01:03.00100Z</time><extensions><mytracks:speed>59.6781842121923</mytracks:speed><mytracks:length>0.01654926753023615</mytracks:length></extensions></trkpt><trkpt lat="45.45044629706433" lon="-75.51770801266863"><ele>98.63294693481323</ele><time>2025-10-04T22:01:04.00100Z</time><extensions><mytracks:speed>59.61863777371865</mytracks:speed><mytracks:length>0.01656151646961486</mytracks:length></extensions></trkpt><trkpt lat="45.45051981601507" lon="-75.51752547150178"><ele>98.30104368599328</ele><time>2025-10-04T22:01:05.00000Z</time><extensions><mytracks:speed>59.36756677790328</mytracks:speed><mytracks:length>0.01641941588965253</mytracks:length></extensions></trkpt><trkpt lat="45.45059172063898" lon="-75.51734452766392"><ele>97.95972121916044</ele><time>2025-10-04T22:01:06.00000Z</time><extensions><mytracks:speed>58.75913931203262</mytracks:speed><mytracks:length>0.01622199525136914</mytracks:length></extensions></trkpt><trkpt lat="45.45066227148767" lon="-75.51716623671834"><ele>97.76483566355915</ele><time>2025-10-04T22:01:07.00000Z</time><extensions><mytracks:speed>57.9443130195168</mytracks:speed><mytracks:length>0.01596748495594503</mytracks:length></extensions></trkpt><trkpt lat="45.45073104532426" lon="-75.51699272041691"><ele>97.65352464473624</ele><time>2025-10-04T22:01:08.00000Z</time><extensions><mytracks:speed>56.72849292238434</mytracks:speed><mytracks:length>0.01554621667191325</mytracks:length></extensions></trkpt><trkpt lat="45.45079763939598" lon="-75.51682451463"><ele>97.61575115620566</ele><time>2025-10-04T22:01:09.00000Z</time><extensions><mytracks:speed>55.10636091060034</mytracks:speed><mytracks:length>0.01506632450885857</mytracks:length></extensions></trkpt><trkpt lat="45.45086180510828" lon="-75.51666353987689"><ele>97.60815298438634</ele><time>2025-10-04T22:01:10.00000Z</time><extensions><mytracks:speed>51.99131226294826</mytracks:speed><mytracks:length>0.0144423393548979</mytracks:length></extensions></trkpt><trkpt lat="45.45092222919975" lon="-75.51651196188909"><ele>97.7385224844801</ele><time>2025-10-04T22:01:11.00000Z</time><extensions><mytracks:speed>50.47639998251532</mytracks:speed><mytracks:gradient>0.004378133576404515</mytracks:gradient><mytracks:length>0.01359962640386463</mytracks:length></extensions></trkpt><trkpt lat="45.4509775930715" lon="-75.51637373231526"><ele>97.85331342407444</ele><time>2025-10-04T22:01:12.00000Z</time><extensions><mytracks:speed>46.8310886038771</mytracks:speed><mytracks:gradient>0.009423544187519936</mytracks:gradient><mytracks:length>0.01241621593853108</mytracks:length></extensions></trkpt><trkpt lat="45.45102703450186" lon="-75.51625046118336"><ele>97.90378330928867</ele><time>2025-10-04T22:01:13.00000Z</time><extensions><mytracks:speed>42.28850384279926</mytracks:speed><mytracks:gradient>0.007034590010057057</mytracks:gradient><mytracks:length>0.01107655325988125</mytracks:length></extensions></trkpt><trkpt lat="45.45106976478331" lon="-75.51614353033766"><ele>97.93903307039565</ele><time>2025-10-04T22:01:14.00000Z</time><extensions><mytracks:speed>37.21977629024457</mytracks:speed><mytracks:gradient>0.004145838268010388</mytracks:gradient><mytracks:length>0.009599737909387531</mytracks:length></extensions></trkpt><trkpt lat="45.45110436461975" lon="-75.51605702115299"><ele>97.91518019531567</ele><time>2025-10-04T22:01:15.00000Z</time><extensions><mytracks:speed>31.26339901472932</mytracks:speed><mytracks:gradient>0.0006562307607180029</mytracks:gradient><mytracks:length>0.007767308806433341</mytracks:length></extensions></trkpt><trkpt lat="45.45113180205148" lon="-75.5159892228302"><ele>97.88131151847911</ele><time>2025-10-04T22:01:16.00000Z</time><extensions><mytracks:speed>21.97870787604216</mytracks:speed><mytracks:length>0.00610545427207213</mytracks:length></extensions></trkpt><trkpt lat="45.45115260801646" lon="-75.51593689024935"><ele>97.88962998795684</ele><time>2025-10-04T22:01:17.00000Z</time><extensions><mytracks:speed>19.43658750315593</mytracks:speed><mytracks:length>0.004692339766485551</mytracks:length></extensions></trkpt><trkpt lat="45.45116776821285" lon="-75.51589811983308"><ele>97.87968176559417</ele><time>2025-10-04T22:01:17.99900Z</time><extensions><mytracks:speed>14.68760901063774</mytracks:speed><mytracks:length>0.003463512389852101</mytracks:length></extensions></trkpt><trkpt lat="45.45117849067567" lon="-75.51587175441126"><ele>97.808870582116</ele><time>2025-10-04T22:01:18.99700Z</time><extensions><mytracks:speed>10.52404788370728</mytracks:speed><mytracks:length>0.002377176827990192</mytracks:length></extensions></trkpt><trkpt lat="45.45118632016359" lon="-75.51585403313902"><ele>97.76353270002417</ele><time>2025-10-04T22:01:19.99600Z</time><extensions><mytracks:speed>7.231622949680259</mytracks:speed><mytracks:length>0.001633328624854348</mytracks:length></extensions></trkpt><trkpt lat="45.45119078452255" lon="-75.51584297800214"><ele>97.73479000380034</ele><time>2025-10-04T22:01:20.99400Z</time><extensions><mytracks:speed>4.739668001603734</mytracks:speed><mytracks:length>0.0009956898051041428</mytracks:length></extensions></trkpt><trkpt lat="45.45119326644814" lon="-75.51583682009579"><ele>97.68803308429212</ele><time>2025-10-04T22:01:21.99400Z</time><extensions><mytracks:speed>2.789410162727374</mytracks:speed><mytracks:length>0.000553563155562571</mytracks:length></extensions></trkpt><trkpt lat="45.45119437193879" lon="-75.51583412618444"><ele>97.76014006468034</ele><time>2025-10-04T22:01:22.99400Z</time><extensions><mytracks:speed>0.9038192076328608</mytracks:speed><mytracks:gradient>0.2870784358045907</mytracks:gradient><mytracks:length>0.0002511751890598611</mytracks:length></extensions></trkpt><trkpt lat="45.4511922639868" lon="-75.51583320541994"><ele>97.89392420271209</ele><time>2025-10-04T22:01:23.99500Z</time><extensions><mytracks:speed>0.8363404932716723</mytracks:speed><mytracks:gradient>0.5753091506828054</mytracks:gradient><mytracks:length>0.0002325430385957901</mytracks:length></extensions></trkpt><trkpt lat="45.45119119114376" lon="-75.51583223545677"><ele>98.14148306761314</ele><time>2025-10-04T22:01:24.99600Z</time><extensions><mytracks:speed>0.4829801295941321</mytracks:speed><mytracks:gradient>1.843893218485122</mytracks:gradient><mytracks:length>0.0001342587859314529</mytracks:length></extensions></trkpt><trkpt lat="45.45119154074001" lon="-75.51583045622888"><ele>98.31866121220358</ele><time>2025-10-04T22:01:25.99600Z</time><extensions><mytracks:speed>0.5919489723730209</mytracks:speed><mytracks:gradient>1.077511227809513</mytracks:gradient><mytracks:length>0.0001644327595088082</mytracks:length></extensions></trkpt><trkpt lat="45.45119160155964" lon="-75.51582921774622"><ele>98.42752853287152</ele><time>2025-10-04T22:01:26.99600Z</time><extensions><mytracks:speed>0.341753791363718</mytracks:speed><mytracks:gradient>1.146752820083063</mytracks:gradient><mytracks:length>9.493529796600342e-05</mytracks:length></extensions></trkpt><trkpt lat="45.45119153532365" lon="-75.51582837020543"><ele>98.43075623971889</ele><time>2025-10-04T22:01:27.99600Z</time><extensions><mytracks:speed>0.2959706757391689</mytracks:speed><mytracks:gradient>0.6817073912166788</mytracks:gradient><mytracks:length>0</mytracks:length></extensions></trkpt><trkpt lat="45.45119045953865" lon="-75.51582868993948"><ele>98.36023786888344</ele><time>2025-10-04T22:01:30.75600Z</time><extensions><mytracks:speed>0.175095683294019</mytracks:speed><mytracks:length>0.0001342587859314529</mytracks:length></extensions></trkpt><trkpt lat="45.45118490849435" lon="-75.51583033976543"><ele>97.99636348709464</ele><time>2025-10-04T22:01:46.00000Z</time><extensions><mytracks:speed>0.1487201357408176</mytracks:speed><mytracks:length>0.0006297295254276472</mytracks:length></extensions></trkpt><trkpt lat="45.45118490849435" lon="-75.51583033976543"><ele>97.99636348709463</ele><time>2025-10-04T22:01:46.99600Z</time><extensions><mytracks:speed>0.1395960090574238</mytracks:speed><mytracks:length>0</mytracks:length></extensions></trkpt><trkpt lat="45.45118490849435" lon="-75.51583033976544"><ele>97.99636348709465</ele><time>2025-10-04T22:01:47.99700Z</time><extensions><mytracks:speed>0.1314955978841992</mytracks:speed><mytracks:length>0</mytracks:length></extensions></trkpt><trkpt lat="45.45118490849435" lon="-75.51583033976543"><ele>97.99636348709467</ele><time>2025-10-04T22:01:48.99700Z</time><extensions><mytracks:speed>0.1256876323034492</mytracks:speed><mytracks:length>0</mytracks:length></extensions></trkpt><trkpt lat="45.45118490849435" lon="-75.51583033976543"><ele>97.99636348709464</ele><time>2025-10-04T22:01:49.99700Z</time><extensions><mytracks:speed>0.1178226041190219</mytracks:speed><mytracks:length>0</mytracks:length></extensions></trkpt><trkpt lat="45.45118490849434" lon="-75.51583033976542"><ele>97.99636348709464</ele><time>2025-10-04T22:01:50.99700Z</time><extensions><mytracks:speed>0.1120012644311908</mytracks:speed><mytracks:length>0</mytracks:length></extensions></trkpt><trkpt lat="45.45118490849435" lon="-75.51583033976543"><ele>97.99636348709465</ele><time>2025-10-04T22:01:51.99700Z</time><extensions><mytracks:speed>0.1067297157358264</mytracks:speed><mytracks:length>0</mytracks:length></extensions></trkpt><trkpt lat="45.45118490849435" lon="-75.51583033976543"><ele>97.99636348709464</ele><time>2025-10-04T22:01:52.99700Z</time><extensions><mytracks:speed>0.1019310583239917</mytracks:speed><mytracks:length>0</mytracks:length></extensions></trkpt><trkpt lat="45.45118490849434" lon="-75.51583033976543"><ele>97.99636348709464</ele><time>2025-10-04T22:01:53.99700Z</time><extensions><mytracks:speed>0.09754534622328333</mytracks:speed><mytracks:length>0</mytracks:length></extensions></trkpt><trkpt lat="45.45118490849435" lon="-75.51583033976543"><ele>97.99636348709464</ele><time>2025-10-04T22:01:54.99700Z</time><extensions><mytracks:speed>0.09352146230118918</mytracks:speed><mytracks:length>0</mytracks:length></extensions></trkpt><trkpt lat="45.45118490849435" lon="-75.51583033976544"><ele>97.99636348709464</ele><time>2025-10-04T22:01:55.99700Z</time><extensions><mytracks:speed>0.04882477966007653</mytracks:speed><mytracks:length>0</mytracks:length></extensions></trkpt><trkpt lat="45.45118490849435" lon="-75.51583033976543"><ele>97.99636348709465</ele><time>2025-10-04T22:01:56.99700Z</time><extensions><mytracks:speed>0.04272165564666158</mytracks:speed><mytracks:length>0</mytracks:length></extensions></trkpt><trkpt lat="45.45118490849435" lon="-75.51583033976543"><ele>97.99636348709465</ele><time>2025-10-04T22:01:57.99700Z</time><extensions><mytracks:speed>0.08322263557840763</mytracks:speed><mytracks:length>0</mytracks:length></extensions></trkpt><trkpt lat="45.45118490849435" lon="-75.51583033976543"><ele>97.99636348709464</ele><time>2025-10-04T22:01:58.99700Z</time><extensions><mytracks:speed>0.08027657749981584</mytracks:speed><mytracks:length>0</mytracks:length></extensions></trkpt><trkpt lat="45.45118490849434" lon="-75.51583033976543"><ele>97.99636348709463</ele><time>2025-10-04T22:01:59.99600Z</time><extensions><mytracks:speed>0.07753236133807813</mytracks:speed><mytracks:length>0</mytracks:length></extensions></trkpt><trkpt lat="45.45118490849435" lon="-75.51583033976543"><ele>97.99636348709465</ele><time>2025-10-04T22:02:00.99600Z</time><extensions><mytracks:speed>0.07496936608304354</mytracks:speed><mytracks:length>0</mytracks:length></extensions></trkpt><trkpt lat="45.45118490849433" lon="-75.51583033976543"><ele>97.99636348709463</ele><time>2025-10-04T22:02:01.99600Z</time><extensions><mytracks:speed>0.07256820708277077</mytracks:speed><mytracks:length>0</mytracks:length></extensions></trkpt><trkpt lat="45.45118490849435" lon="-75.51583033976543"><ele>97.99636348709464</ele><time>2025-10-04T22:02:02.99700Z</time><extensions><mytracks:speed>0.05696247688851736</mytracks:speed><mytracks:length>0</mytracks:length></extensions></trkpt><trkpt lat="45.45118490849434" lon="-75.51583033976542"><ele>97.99636348709463</ele><time>2025-10-04T22:02:03.99700Z</time><extensions><mytracks:speed>0.0682001229720532</mytracks:speed><mytracks:length>0</mytracks:length></extensions></trkpt><trkpt lat="45.45118490849435" lon="-75.51583033976543"><ele>97.99636348709464</ele><time>2025-10-04T22:02:04.99700Z</time><extensions><mytracks:speed>0.06620836807827783</mytracks:speed><mytracks:length>0</mytracks:length></extensions></trkpt><trkpt lat="45.45118490849435" lon="-75.51583033976543"><ele>97.99636348709464</ele><time>2025-10-04T22:02:05.99700Z</time><extensions><mytracks:speed>0.06433065189115797</mytracks:speed><mytracks:length>0</mytracks:length></extensions></trkpt><trkpt lat="45.45118490849435" lon="-75.51583033976543"><ele>97.99636348709463</ele><time>2025-10-04T22:02:06.99700Z</time><extensions><mytracks:speed>0.08544181909669583</mytracks:speed><mytracks:length>0</mytracks:length></extensions></trkpt><trkpt lat="45.45118490849435" lon="-75.51583033976543"><ele>97.99636348709464</ele><time>2025-10-04T22:02:07.99700Z</time><extensions><mytracks:speed>0.06087505142785995</mytracks:speed><mytracks:length>0</mytracks:length></extensions></trkpt><trkpt lat="45.45118490849435" lon="-75.51583033976543"><ele>97.99636348709463</ele><time>2025-10-04T22:02:08.99700Z</time><extensions><mytracks:speed>0.05928345694152579</mytracks:speed><mytracks:length>0</mytracks:length></extensions></trkpt><trkpt lat="45.45118490849435" lon="-75.51583033976543"><ele>97.99636348709465</ele><time>2025-10-04T22:02:10.01500Z</time><extensions><mytracks:speed>0.05774554819140253</mytracks:speed><mytracks:length>0</mytracks:length></extensions></trkpt><trkpt lat="45.45118617197365" lon="-75.51582630411114"><ele>98.59086010672507</ele><time>2025-10-04T22:02:11.03100Z</time><extensions><mytracks:speed>1.212947089054423</mytracks:speed><mytracks:gradient>1.73680074023847</mytracks:gradient><mytracks:length>0.0003422940846678775</mytracks:length></extensions></trkpt><trkpt lat="45.45119056099414" lon="-75.51581273333427"><ele>99.16748267070507</ele><time>2025-10-04T22:02:12.04000Z</time><extensions><mytracks:speed>4.165067234045277</mytracks:speed><mytracks:gradient>0.4942827353867825</mytracks:gradient><mytracks:length>0.001166584472202496</mytracks:length></extensions></trkpt><trkpt lat="45.45119997397887" lon="-75.51578582580754"><ele>99.71207042218008</ele><time>2025-10-04T22:02:13.03500Z</time><extensions><mytracks:speed>6.30795906158906</mytracks:speed><mytracks:gradient>0.3193127927765286</mytracks:gradient><mytracks:length>0.002344728894336254</mytracks:length></extensions></trkpt><trkpt lat="45.45121585198541" lon="-75.51574160772338"><ele>100.1999600287888</ele><time>2025-10-04T22:02:14.01600Z</time><extensions><mytracks:speed>11.32869699298965</mytracks:speed><mytracks:gradient>0.1660056853659694</mytracks:gradient><mytracks:length>0.003874942088938055</mytracks:length></extensions></trkpt><trkpt lat="45.45123886332327" lon="-75.51567716969903"><ele>100.7107226149556</ele><time>2025-10-04T22:02:15.00900Z</time><extensions><mytracks:speed>17.35694451979453</mytracks:speed><mytracks:gradient>0.1049465922354832</mytracks:gradient><mytracks:length>0.005640467101546412</mytracks:length></extensions></trkpt><trkpt lat="45.4512701790933" lon="-75.51559361279139"><ele>100.719803150984</ele><time>2025-10-04T22:02:16.00300Z</time><extensions><mytracks:speed>23.61119120084367</mytracks:speed><mytracks:gradient>0.03989791894426893</mytracks:gradient><mytracks:length>0.007390333378634747</mytracks:length></extensions></trkpt><trkpt lat="45.45130802112942" lon="-75.51549347821243"><ele>100.7188453224536</ele><time>2025-10-04T22:02:17.00300Z</time><extensions><mytracks:speed>31.93031548418195</mytracks:speed><mytracks:length>0.008872261049263915</mytracks:length></extensions></trkpt><trkpt lat="45.45135214244856" lon="-75.51537918777481"><ele>100.7300862990387</ele><time>2025-10-04T22:02:18.00300Z</time><extensions><mytracks:speed>34.28541758230346</mytracks:speed><mytracks:gradient>0.0005398489650925357</mytracks:gradient><mytracks:length>0.01017624916611235</mytracks:length></extensions></trkpt><trkpt lat="45.45140027642427" lon="-75.5152539932411"><ele>100.7675984421949</ele><time>2025-10-04T22:02:18.99800Z</time><extensions><mytracks:speed>38.45439304172756</mytracks:speed><mytracks:gradient>0.00228755924962885</mytracks:gradient><mytracks:length>0.01113660241354476</mytracks:length></extensions></trkpt><trkpt lat="45.45145249115641" lon="-75.51511686063148"><ele>100.7221081779349</ele><time>2025-10-04T22:02:19.99800Z</time><extensions><mytracks:speed>43.81049624933802</mytracks:speed><mytracks:length>0.01217098659546959</mytracks:length></extensions></trkpt><trkpt lat="45.45150689530138" lon="-75.51497109529873"><ele>100.5661327492227</ele><time>2025-10-04T22:02:20.99700Z</time><extensions><mytracks:speed>45.10426740519111</mytracks:speed><mytracks:length>0.01287974980280684</mytracks:length></extensions></trkpt><trkpt lat="45.4515653702255" lon="-75.51481676418857"><ele>100.4271938726126</ele><time>2025-10-04T22:02:22.00400Z</time><extensions><mytracks:speed>48.91699815547001</mytracks:speed><mytracks:length>0.01368221531860492</mytracks:length></extensions></trkpt><trkpt lat="45.45162506538072" lon="-75.51465700779494"><ele>100.3251508779377</ele><time>2025-10-04T22:02:23.01000Z</time><extensions><mytracks:speed>50.53358039045389</mytracks:speed><mytracks:length>0.01411921209497661</mytracks:length></extensions></trkpt><trkpt lat="45.45168502186536" lon="-75.51449537823892"><ele>100.2521415010493</ele><time>2025-10-04T22:02:23.99500Z</time><extensions><mytracks:speed>51.32100653987246</mytracks:speed><mytracks:length>0.01426211309879743</mytracks:length></extensions></trkpt><trkpt lat="45.45174674505581" lon="-75.51433218937805"><ele>100.2344919503685</ele><time>2025-10-04T22:02:24.98200Z</time><extensions><mytracks:speed>52.45474265586629</mytracks:speed><mytracks:length>0.01446198350235633</mytracks:length></extensions></trkpt><trkpt lat="45.45181252834989" lon="-75.51416714420117"><ele>100.2388111808126</ele><time>2025-10-04T22:02:25.97800Z</time><extensions><mytracks:speed>53.14197715997656</mytracks:speed><mytracks:length>0.01480716771125108</mytracks:length></extensions></trkpt><trkpt lat="45.45187875109495" lon="-75.51400173647775"><ele>100.1680005938678</ele><time>2025-10-04T22:02:26.97600Z</time><extensions><mytracks:speed>53.53568438121489</mytracks:speed><mytracks:length>0.01485608501819711</mytracks:length></extensions></trkpt><trkpt lat="45.45194755237629" lon="-75.51383120341401"><ele>100.097465871161</ele><time>2025-10-04T22:02:28.00100Z</time><extensions><mytracks:speed>53.89749603667415</mytracks:speed><mytracks:length>0.01534549144797065</mytracks:length></extensions></trkpt><trkpt lat="45.45201918494783" lon="-75.5136654591193"><ele>100.0227211925457</ele><time>2025-10-04T22:02:29.01700Z</time><extensions><mytracks:speed>53.81525100216103</mytracks:speed><mytracks:length>0.01518549368727251</mytracks:length></extensions></trkpt><trkpt lat="45.45209036682568" lon="-75.5135016767999"><ele>100.0223159011724</ele><time>2025-10-04T22:02:30.02400Z</time><extensions><mytracks:speed>53.72871633681664</mytracks:speed><mytracks:length>0.01502919019997566</mytracks:length></extensions></trkpt><trkpt lat="45.45215869862319" lon="-75.5133388909308"><ele>100.075119239957</ele><time>2025-10-04T22:02:31.02800Z</time><extensions><mytracks:speed>53.07106816089586</mytracks:speed><mytracks:gradient>0.003568340398617991</mytracks:gradient><mytracks:length>0.01479773028522684</mytracks:length></extensions></trkpt><trkpt lat="45.45222233209029" lon="-75.51318034421426"><ele>100.0050848997616</ele><time>2025-10-04T22:02:32.01000Z</time><extensions><mytracks:speed>52.64508278334662</mytracks:speed><mytracks:length>0.01424820377337767</mytracks:length></extensions></trkpt><trkpt lat="45.45228430789801" lon="-75.51302217794785"><ele>99.83690048166734</ele><time>2025-10-04T22:02:33.00300Z</time><extensions><mytracks:speed>51.71737341213787</mytracks:speed><mytracks:length>0.01413133515253707</mytracks:length></extensions></trkpt><trkpt lat="45.4523423378524" lon="-75.51286323327216"><ele>99.55032935992435</ele><time>2025-10-04T22:02:33.99500Z</time><extensions><mytracks:speed>50.96944545666177</mytracks:speed><mytracks:length>0.01397710697170833</mytracks:length></extensions></trkpt><trkpt lat="45.45240025414211" lon="-75.51270168684977"><ele>99.13964864312966</ele><time>2025-10-04T22:02:34.99300Z</time><extensions><mytracks:speed>50.8952065136581</mytracks:speed><mytracks:length>0.0141514110241249</mytracks:length></extensions></trkpt><trkpt lat="45.45246167492335" lon="-75.51253695880673"><ele>98.71658043467463</ele><time>2025-10-04T22:02:35.99800Z</time><extensions><mytracks:speed>52.14603548485202</mytracks:speed><mytracks:length>0.01455175729056797</mytracks:length></extensions></trkpt><trkpt lat="45.45252651363457" lon="-75.51237007639644"><ele>98.53834134803182</ele><time>2025-10-04T22:02:37.00200Z</time><extensions><mytracks:speed>53.33427508297247</mytracks:speed><mytracks:length>0.01488093761674622</mytracks:length></extensions></trkpt><trkpt lat="45.45262789815816" lon="-75.51211660433682"><ele>98.52429560919744</ele><time>2025-10-04T22:02:38.50600Z</time><extensions><mytracks:speed>54.49574282385559</mytracks:speed><mytracks:length>0.02276013134070298</mytracks:length></extensions></trkpt><trkpt lat="45.45269798788663" lon="-75.51194778976215"><ele>98.70266673615815</ele><time>2025-10-04T22:02:39.50300Z</time><extensions><mytracks:speed>54.79517185451171</mytracks:speed><mytracks:gradient>0.004317515254233318</mytracks:gradient><mytracks:length>0.0153016735643705</mytracks:length></extensions></trkpt><trkpt lat="45.45276543634544" lon="-75.511777224718"><ele>98.71872550589802</ele><time>2025-10-04T22:02:40.50100Z</time><extensions><mytracks:speed>55.15023417594733</mytracks:speed><mytracks:gradient>0.006359560515577871</mytracks:gradient><mytracks:length>0.0152730802696432</mytracks:length></extensions></trkpt><trkpt lat="45.4528333479813" lon="-75.5116069731471"><ele>98.66310481209671</ele><time>2025-10-04T22:02:41.50100Z</time><extensions><mytracks:speed>55.04029551248556</mytracks:speed><mytracks:length>0.01527691546626357</mytracks:length></extensions></trkpt><trkpt lat="45.45293724724742" lon="-75.51135123985715"><ele>98.46910198219204</ele><time>2025-10-04T22:02:43.00000Z</time><extensions><mytracks:speed>55.33360050398559</mytracks:speed><mytracks:length>0.02305208106599318</mytracks:length></extensions></trkpt><trkpt lat="45.45300863317878" lon="-75.51117889264097"><ele>98.47042148906762</ele><time>2025-10-04T22:02:44.00000Z</time><extensions><mytracks:speed>55.68437345243279</mytracks:speed><mytracks:length>0.01561216675777105</mytracks:length></extensions></trkpt><trkpt lat="45.45308535902354" lon="-75.51100070650375"><ele>98.70157695141665</ele><time>2025-10-04T22:02:45.00000Z</time><extensions><mytracks:speed>57.46158952513174</mytracks:speed><mytracks:gradient>0.007283145064196173</mytracks:gradient><mytracks:length>0.01630843633537602</mytracks:length></extensions></trkpt><trkpt lat="45.4531670671295" lon="-75.51081494385156"><ele>98.82961250749125</ele><time>2025-10-04T22:02:46.00000Z</time><extensions><mytracks:speed>60.14261009040084</mytracks:speed><mytracks:gradient>0.01075071805904993</mytracks:gradient><mytracks:length>0.01710285148771194</mytracks:length></extensions></trkpt><trkpt lat="45.45325292294876" lon="-75.51062215291937"><ele>98.99749707125261</ele><time>2025-10-04T22:02:46.99700Z</time><extensions><mytracks:speed>62.94034922930923</mytracks:speed><mytracks:gradient>0.008475405373536258</mytracks:gradient><mytracks:length>0.01781219970382294</mytracks:length></extensions></trkpt><trkpt lat="45.45334430989809" lon="-75.51042192575038"><ele>99.09128073924329</ele><time>2025-10-04T22:02:47.99800Z</time><extensions><mytracks:speed>67.05050830588722</mytracks:speed><mytracks:gradient>0.005033275706343741</mytracks:gradient><mytracks:length>0.01863273014678629</mytracks:length></extensions></trkpt><trkpt lat="45.45343515743559" lon="-75.51022069966487"><ele>99.13735022084985</ele><time>2025-10-04T22:02:48.98600Z</time><extensions><mytracks:speed>67.53022568056734</mytracks:speed><mytracks:gradient>0.003749532727731912</mytracks:gradient><mytracks:length>0.01866583440681251</mytracks:length></extensions></trkpt><trkpt lat="45.45352551233408" lon="-75.51001899369165"><ele>99.12107800232621</ele><time>2025-10-04T22:02:49.98700Z</time><extensions><mytracks:speed>67.09961086687312</mytracks:speed><mytracks:length>0.01866776568818414</mytracks:length></extensions></trkpt><trkpt lat="45.45361493972015" lon="-75.50982028736355"><ele>99.09891585062103</ele><time>2025-10-04T22:02:50.99300Z</time><extensions><mytracks:speed>65.89155020251482</mytracks:speed><mytracks:length>0.0184150008568298</mytracks:length></extensions></trkpt><trkpt lat="45.45369805867632" lon="-75.50962523060421"><ele>99.04993066720706</ele><time>2025-10-04T22:02:52.00100Z</time><extensions><mytracks:speed>63.59533936656096</mytracks:speed><mytracks:length>0.0178020771219786</mytracks:length></extensions></trkpt><trkpt lat="45.45377703496541" lon="-75.50943670659697"><ele>98.92556081746075</ele><time>2025-10-04T22:02:53.01000Z</time><extensions><mytracks:speed>61.11668352681767</mytracks:speed><mytracks:length>0.01712760122801561</mytracks:length></extensions></trkpt><trkpt lat="45.45385355930213" lon="-75.50925411144163"><ele>98.74612113015145</ele><time>2025-10-04T22:02:54.00500Z</time><extensions><mytracks:speed>60.56688612365338</mytracks:speed><mytracks:length>0.01659087702744233</mytracks:length></extensions></trkpt><trkpt lat="45.45392849047882" lon="-75.50907538808858"><ele>98.45598651105455</ele><time>2025-10-04T22:02:55.00600Z</time><extensions><mytracks:speed>58.40940655252111</mytracks:speed><mytracks:length>0.01624115165191915</mytracks:length></extensions></trkpt><trkpt lat="45.45399964572255" lon="-75.5089027310423"><ele>98.23798125558478</ele><time>2025-10-04T22:02:55.99900Z</time><extensions><mytracks:speed>57.53983829964942</mytracks:speed><mytracks:length>0.01561966969411482</mytracks:length></extensions></trkpt><trkpt lat="45.45407380934932" lon="-75.50873325380829"><ele>98.00458644525301</ele><time>2025-10-04T22:02:56.99900Z</time><extensions><mytracks:speed>56.08897120430953</mytracks:speed><mytracks:length>0.0155806728158723</mytracks:length></extensions></trkpt><trkpt lat="45.45414807634015" lon="-75.50856376024262"><ele>97.76900047800169</ele><time>2025-10-04T22:02:57.99800Z</time><extensions><mytracks:speed>56.12335256663882</mytracks:speed><mytracks:length>0.01558847999603744</mytracks:length></extensions></trkpt><trkpt lat="45.45422231082005" lon="-75.50839470344982"><ele>97.54660750839702</ele><time>2025-10-04T22:02:59.00200Z</time><extensions><mytracks:speed>55.75296912311547</mytracks:speed><mytracks:length>0.01555751742828108</mytracks:length></extensions></trkpt><trkpt lat="45.4542966330423" lon="-75.50822429508013"><ele>97.38812735154259</ele><time>2025-10-04T22:03:00.00900Z</time><extensions><mytracks:speed>55.9667105474721</mytracks:speed><mytracks:length>0.01565166100616922</mytracks:length></extensions></trkpt><trkpt lat="45.45437051168722" lon="-75.50805465947688"><ele>97.23338374035961</ele><time>2025-10-04T22:03:01.00200Z</time><extensions><mytracks:speed>56.21103706482715</mytracks:speed><mytracks:length>0.01557459785896458</mytracks:length></extensions></trkpt><trkpt lat="45.45444489137016" lon="-75.50788218918012"><ele>97.16600108625283</ele><time>2025-10-04T22:03:02.00000Z</time><extensions><mytracks:speed>56.72041708316272</mytracks:speed><mytracks:length>0.01579153871927592</mytracks:length></extensions></trkpt><trkpt lat="45.45452256391731" lon="-75.50770947745373"><ele>97.1160677079345</ele><time>2025-10-04T22:03:02.99500Z</time><extensions><mytracks:speed>57.44771042153317</mytracks:speed><mytracks:length>0.01600244206230782</mytracks:length></extensions></trkpt><trkpt lat="45.45459891567376" lon="-75.50753915567317"><ele>97.14376522705099</ele><time>2025-10-04T22:03:03.99700Z</time><extensions><mytracks:speed>56.64087872557972</mytracks:speed><mytracks:gradient>0.00175677451262463</mytracks:gradient><mytracks:length>0.01576612076134137</mytracks:length></extensions></trkpt><trkpt lat="45.45466888590501" lon="-75.50737519477482"><ele>97.11749504659498</ele><time>2025-10-04T22:03:04.98800Z</time><extensions><mytracks:speed>55.50225275445004</mytracks:speed><mytracks:gradient>4.644149997909015e-05</mytracks:gradient><mytracks:length>0.01497000514493779</mytracks:length></extensions></trkpt><trkpt lat="45.45473632984005" lon="-75.50721638892696"><ele>97.1346053034172</ele><time>2025-10-04T22:03:05.99000Z</time><extensions><mytracks:speed>52.05128220022399</mytracks:speed><mytracks:gradient>0.001181643895973363</mytracks:gradient><mytracks:length>0.0144800450292401</mytracks:length></extensions></trkpt><trkpt lat="45.45480016085033" lon="-75.50706652141044"><ele>97.08395373034357</ele><time>2025-10-04T22:03:06.98600Z</time><extensions><mytracks:speed>50.73629947755312</mytracks:speed><mytracks:length>0.01367595607332332</mytracks:length></extensions></trkpt><trkpt lat="45.45485556593808" lon="-75.50692427498572"><ele>96.87459966655211</ele><time>2025-10-04T22:03:07.99200Z</time><extensions><mytracks:speed>45.40677988497686</mytracks:speed><mytracks:length>0.01269082905070257</mytracks:length></extensions></trkpt><trkpt lat="45.45491015664594" lon="-75.50678582626105"><ele>96.60670206337964</ele><time>2025-10-04T22:03:09.01000Z</time><extensions><mytracks:speed>43.83021511033989</mytracks:speed><mytracks:length>0.01238787418364592</mytracks:length></extensions></trkpt><trkpt lat="45.45496583444906" lon="-75.50665328823004"><ele>96.30437477177408</ele><time>2025-10-04T22:03:10.00700Z</time><extensions><mytracks:speed>43.66979969228346</mytracks:speed><mytracks:length>0.01205005326532348</mytracks:length></extensions></trkpt><trkpt lat="45.45502160775575" lon="-75.50652118470937"><ele>95.9926120873665</ele><time>2025-10-04T22:03:11.01500Z</time><extensions><mytracks:speed>42.94034861242839</mytracks:speed><mytracks:length>0.01202647009378643</mytracks:length></extensions></trkpt><trkpt lat="45.4550778734325" lon="-75.50639109695425"><ele>95.76600084758097</ele><time>2025-10-04T22:03:12.00800Z</time><extensions><mytracks:speed>43.07686434467929</mytracks:speed><mytracks:length>0.01192071353493438</mytracks:length></extensions></trkpt><trkpt lat="45.45513657807263" lon="-75.50625812427808"><ele>95.6470222814432</ele><time>2025-10-04T22:03:13.00700Z</time><extensions><mytracks:speed>43.69393983960192</mytracks:speed><mytracks:length>0.01225474602179407</mytracks:length></extensions></trkpt><trkpt lat="45.45519570445476" lon="-75.50612156228853"><ele>95.47060999723628</ele><time>2025-10-04T22:03:14.00500Z</time><extensions><mytracks:speed>44.65821059597501</mytracks:speed><mytracks:length>0.01251742694231546</mytracks:length></extensions></trkpt><trkpt lat="45.45525443035197" lon="-75.50598475661241"><ele>95.29872518775367</ele><time>2025-10-04T22:03:15.00100Z</time><extensions><mytracks:speed>45.18382182701858</mytracks:speed><mytracks:length>0.01251058494839498</mytracks:length></extensions></trkpt><trkpt lat="45.45531084599214" lon="-75.50585308068486"><ele>95.18360249135733</ele><time>2025-10-04T22:03:15.96000Z</time><extensions><mytracks:speed>45.18262129299386</mytracks:speed><mytracks:length>0.01203471073829102</mytracks:length></extensions></trkpt><trkpt lat="45.45536429074137" lon="-75.50572406690108"><ele>94.98244321453102</ele><time>2025-10-04T22:03:16.93800Z</time><extensions><mytracks:speed>44.08759159591405</mytracks:speed><mytracks:length>0.01168668556356462</mytracks:length></extensions></trkpt><trkpt lat="45.45541482056981" lon="-75.50560036396058"><ele>94.82950340072891</ele><time>2025-10-04T22:03:17.94000Z</time><extensions><mytracks:speed>40.12132454431205</mytracks:speed><mytracks:length>0.01116569874638231</mytracks:length></extensions></trkpt><trkpt lat="45.45546142231269" lon="-75.50548410453563"><ele>94.75019516270956</ele><time>2025-10-04T22:03:19.00000Z</time><extensions><mytracks:speed>35.47176331666447</mytracks:speed><mytracks:length>0.01044460872995919</mytracks:length></extensions></trkpt><trkpt lat="45.45549960006291" lon="-75.50538659889229"><ele>94.72236005472065</ele><time>2025-10-04T22:03:20.02000Z</time><extensions><mytracks:speed>30.72862686845131</mytracks:speed><mytracks:length>0.008710281253410723</mytracks:length></extensions></trkpt><trkpt lat="45.45552818345931" lon="-75.50531092138891"><ele>94.67280266525403</ele><time>2025-10-04T22:03:20.99400Z</time><extensions><mytracks:speed>27.81593678294179</mytracks:speed><mytracks:length>0.006704878930292081</mytracks:length></extensions></trkpt><trkpt lat="45.4555504350675" lon="-75.50525017889098"><ele>94.67738264967149</ele><time>2025-10-04T22:03:21.96800Z</time><extensions><mytracks:speed>22.26302752107425</mytracks:speed><mytracks:length>0.005345118636257308</mytracks:length></extensions></trkpt><trkpt lat="45.45556701730031" lon="-75.50520365453281"><ele>94.70074642070031</ele><time>2025-10-04T22:03:22.94900Z</time><extensions><mytracks:speed>17.3450804312012</mytracks:speed><mytracks:gradient>0.002967889955689549</mytracks:gradient><mytracks:length>0.004070056811668046</mytracks:length></extensions></trkpt><trkpt lat="45.45557976491073" lon="-75.50516723657324"><ele>94.73867597292548</ele><time>2025-10-04T22:03:23.99700Z</time><extensions><mytracks:speed>10.90205684241384</mytracks:speed><mytracks:gradient>0.01194893217851744</mytracks:gradient><mytracks:length>0.003174304754474834</mytracks:length></extensions></trkpt><trkpt lat="45.45558779988959" lon="-75.50514351245602"><ele>94.80215944270246</ele><time>2025-10-04T22:03:25.00700Z</time><extensions><mytracks:speed>7.328708742754773</mytracks:speed><mytracks:gradient>0.03087781184715632</mytracks:gradient><mytracks:length>0.00205595752999673</mytracks:length></extensions></trkpt><trkpt lat="45.45559259435726" lon="-75.50512780231213"><ele>94.89397430534059</ele><time>2025-10-04T22:03:26.01000Z</time><extensions><mytracks:speed>4.794664886569969</mytracks:speed><mytracks:gradient>0.06873100208225087</mytracks:gradient><mytracks:length>0.001335858053229829</mytracks:length></extensions></trkpt><trkpt lat="45.45559529972792" lon="-75.50511827926827"><ele>94.96183218301786</ele><time>2025-10-04T22:03:27.00900Z</time><extensions><mytracks:speed>3.847344083839489</mytracks:speed><mytracks:gradient>0.07462274229439778</mytracks:gradient><mytracks:length>0.0008055527155887182</mytracks:length></extensions></trkpt><trkpt lat="45.45559663616063" lon="-75.50511315518899"><ele>95.06515959371119</ele><time>2025-10-04T22:03:28.00400Z</time><extensions><mytracks:speed>2.214625120060486</mytracks:speed><mytracks:gradient>0.1395341417231959</mytracks:gradient><mytracks:length>0.0004350481890523979</mytracks:length></extensions></trkpt><trkpt lat="45.45559663086159" lon="-75.50510816114007"><ele>95.14232622394553</ele><time>2025-10-04T22:03:29.04200Z</time><extensions><mytracks:speed>1.357077766307257</mytracks:speed><mytracks:gradient>0.1971411824349729</mytracks:gradient><mytracks:length>0.0003914282611133176</mytracks:length></extensions></trkpt><trkpt lat="45.45559669277471" lon="-75.50509565068712"><ele>95.24408689151227</ele><time>2025-10-04T22:03:30.06100Z</time><extensions><mytracks:speed>3.453220728164386</mytracks:speed><mytracks:gradient>0.1041116422123655</mytracks:gradient><mytracks:length>0.0009774187151823676</mytracks:length></extensions></trkpt><trkpt lat="45.4556005891308" lon="-75.50506891761555"><ele>95.22589023013086</ele><time>2025-10-04T22:03:31.06000Z</time><extensions><mytracks:speed>5.520729935909801</mytracks:speed><mytracks:gradient>0.02701029182059603</mytracks:gradient><mytracks:length>0.002131292153400501</mytracks:length></extensions></trkpt><trkpt lat="45.45561037531567" lon="-75.50502281840741"><ele>95.14654484914021</ele><time>2025-10-04T22:03:32.03900Z</time><extensions><mytracks:speed>10.7064737176292</mytracks:speed><mytracks:length>0.00375804707573416</mytracks:length></extensions></trkpt><trkpt lat="45.45562890268145" lon="-75.5049526391365"><ele>95.0321293894511</ele><time>2025-10-04T22:03:32.99900Z</time><extensions><mytracks:speed>17.82063672447111</mytracks:speed><mytracks:length>0.005849894264617042</mytracks:length></extensions></trkpt><trkpt lat="45.45565519467591" lon="-75.50485276932245"><ele>94.98978379188492</ele><time>2025-10-04T22:03:34.00100Z</time><extensions><mytracks:speed>29.89549876522828</mytracks:speed><mytracks:length>0.008320254302243082</mytracks:length></extensions></trkpt><trkpt lat="45.45569087042807" lon="-75.50472690592781"><ele>94.90529286385217</ele><time>2025-10-04T22:03:35.00400Z</time><extensions><mytracks:speed>38.02171302312183</mytracks:speed><mytracks:length>0.01058858453008264</mytracks:length></extensions></trkpt><trkpt lat="45.45573175445245" lon="-75.5045790808273"><ele>94.85910755666058</ele><time>2025-10-04T22:03:36.00200Z</time><extensions><mytracks:speed>41.34220304576164</mytracks:speed><mytracks:length>0.01239405675610045</mytracks:length></extensions></trkpt><trkpt lat="45.45577416429121" lon="-75.50441170367448"><ele>94.77639105194326</ele><time>2025-10-04T22:03:37.00000Z</time><extensions><mytracks:speed>47.38404683062944</mytracks:speed><mytracks:length>0.01388102100679222</mytracks:length></extensions></trkpt><trkpt lat="45.45581602967631" lon="-75.50423315490715"><ele>94.73970158438495</ele><time>2025-10-04T22:03:37.99700Z</time><extensions><mytracks:speed>51.5552202748348</mytracks:speed><mytracks:length>0.01468400807602461</mytracks:length></extensions></trkpt><trkpt lat="45.45586110120912" lon="-75.50404817730289"><ele>94.61923230718673</ele><time>2025-10-04T22:03:38.99500Z</time><extensions><mytracks:speed>54.04435381715599</mytracks:speed><mytracks:length>0.01527337531895829</mytracks:length></extensions></trkpt><trkpt lat="45.45590789019139" lon="-75.50386183060446"><ele>94.48948812781275</ele><time>2025-10-04T22:03:39.99600Z</time><extensions><mytracks:speed>55.54197629413914</mytracks:speed><mytracks:length>0.01543742527013199</mytracks:length></extensions></trkpt><trkpt lat="45.45595547625599" lon="-75.50367662695331"><ele>94.38244488371147</ele><time>2025-10-04T22:03:40.99300Z</time><extensions><mytracks:speed>55.55357288452139</mytracks:speed><mytracks:length>0.0153842057190265</mytracks:length></extensions></trkpt><trkpt lat="45.4560058748456" lon="-75.50349462648531"><ele>94.3229214875301</ele><time>2025-10-04T22:03:41.99500Z</time><extensions><mytracks:speed>54.8185743651008</mytracks:speed><mytracks:length>0.01526186416898565</mytracks:length></extensions></trkpt><trkpt lat="45.45605722939167" lon="-75.50331369320878"><ele>94.12145116324319</ele><time>2025-10-04T22:03:42.99700Z</time><extensions><mytracks:speed>54.6801233941982</mytracks:speed><mytracks:length>0.01522402282349119</mytracks:length></extensions></trkpt><trkpt lat="45.45610947926755" lon="-75.50313290170918"><ele>93.9343623969048</ele><time>2025-10-04T22:03:43.99900Z</time><extensions><mytracks:speed>54.7844654051187</mytracks:speed><mytracks:length>0.01525152625262703</mytracks:length></extensions></trkpt><trkpt lat="45.45616110652667" lon="-75.50295169276974"><ele>93.6713148553291</ele><time>2025-10-04T22:03:45.00200Z</time><extensions><mytracks:speed>54.7975194362707</mytracks:speed><mytracks:length>0.01525507147030686</mytracks:length></extensions></trkpt><trkpt lat="45.45621267417143" lon="-75.50277356288591"><ele>93.38980788153962</ele><time>2025-10-04T22:03:45.99800Z</time><extensions><mytracks:speed>54.55678733739592</mytracks:speed><mytracks:length>0.01503068932621003</mytracks:length></extensions></trkpt><trkpt lat="45.45626374510454" lon="-75.50259728262003"><ele>93.1482701818953</ele><time>2025-10-04T22:03:46.99800Z</time><extensions><mytracks:speed>53.93943777758354</mytracks:speed><mytracks:length>0.01487609158955047</mytracks:length></extensions></trkpt><trkpt lat="45.45631424764382" lon="-75.50242589795879"><ele>92.92385903863769</ele><time>2025-10-04T22:03:47.99700Z</time><extensions><mytracks:speed>52.89223627182335</mytracks:speed><mytracks:length>0.01449932729882372</mytracks:length></extensions></trkpt><trkpt lat="45.4563595583512" lon="-75.50225709526104"><ele>92.74818001251035</ele><time>2025-10-04T22:03:48.99800Z</time><extensions><mytracks:speed>50.69622766744068</mytracks:speed><mytracks:length>0.01409717252280544</mytracks:length></extensions></trkpt><trkpt lat="45.45640413633747" lon="-75.50209370560744"><ele>92.63675220834591</ele><time>2025-10-04T22:03:49.99900Z</time><extensions><mytracks:speed>49.19304422739564</mytracks:speed><mytracks:length>0.01367397887429513</mytracks:length></extensions></trkpt><trkpt lat="45.45644886092732" lon="-75.50194003873231"><ele>92.5333445254946</ele><time>2025-10-04T22:03:51.00000Z</time><extensions><mytracks:speed>46.68400394333793</mytracks:speed><mytracks:length>0.01297630439973088</mytracks:length></extensions></trkpt><trkpt lat="45.45649339297783" lon="-75.50179236059157"><ele>92.49861724224178</ele><time>2025-10-04T22:03:52.00000Z</time><extensions><mytracks:speed>45.11865002376146</mytracks:speed><mytracks:length>0.01253793052189233</mytracks:length></extensions></trkpt><trkpt lat="45.45653684415306" lon="-75.50165152271633"><ele>92.6068367561291</ele><time>2025-10-04T22:03:52.99900Z</time><extensions><mytracks:speed>44.174841302053</mytracks:speed><mytracks:gradient>0.002994995856049752</mytracks:gradient><mytracks:length>0.01200096323560515</mytracks:length></extensions></trkpt><trkpt lat="45.45658040921461" lon="-75.50151978923785"><ele>92.64151376265899</ele><time>2025-10-04T22:03:54.00700Z</time><extensions><mytracks:speed>40.5919611139678</mytracks:speed><mytracks:gradient>0.003052726311774458</mytracks:gradient><mytracks:length>0.01135935651884007</mytracks:length></extensions></trkpt><trkpt lat="45.45661930403747" lon="-75.50140170103009"><ele>92.69779357952481</ele><time>2025-10-04T22:03:55.01000Z</time><extensions><mytracks:speed>36.49721463716094</mytracks:speed><mytracks:gradient>0.005531229102261909</mytracks:gradient><mytracks:length>0.0101749205873266</mytracks:length></extensions></trkpt><trkpt lat="45.45665164132621" lon="-75.50129711807567"><ele>92.76591090035039</ele><time>2025-10-04T22:03:56.00200Z</time><extensions><mytracks:speed>34.43439309859224</mytracks:speed><mytracks:gradient>0.006516907267926372</mytracks:gradient><mytracks:length>0.008914318320694918</mytracks:length></extensions></trkpt><trkpt lat="45.45667698030394" lon="-75.50120903878832"><ele>92.79986753983923</ele><time>2025-10-04T22:03:56.99200Z</time><extensions><mytracks:speed>29.68110473015042</mytracks:speed><mytracks:gradient>0.006247544854594247</mytracks:gradient><mytracks:length>0.007425008549689148</mytracks:length></extensions></trkpt><trkpt lat="45.45669686699522" lon="-75.50113778388967"><ele>92.79011018733219</ele><time>2025-10-04T22:03:57.98600Z</time><extensions><mytracks:speed>24.33227481028489</mytracks:speed><mytracks:gradient>0.001805009979989586</mytracks:gradient><mytracks:length>0.005981677179151447</mytracks:length></extensions></trkpt><trkpt lat="45.45671349951478" lon="-75.50108424990876"><ele>92.86071808312852</ele><time>2025-10-04T22:03:58.99300Z</time><extensions><mytracks:speed>16.32590428170612</mytracks:speed><mytracks:gradient>0.01546122406526978</mytracks:gradient><mytracks:length>0.004566772688776536</mytracks:length></extensions></trkpt><trkpt lat="45.45672479787207" lon="-75.50104657847555"><ele>92.91509232328761</ele><time>2025-10-04T22:04:00.00500Z</time><extensions><mytracks:speed>11.37383164594123</mytracks:speed><mytracks:gradient>0.0170082235706437</mytracks:gradient><mytracks:length>0.00319693823010077</mytracks:length></extensions></trkpt><trkpt lat="45.45673242701185" lon="-75.50102061058688"><ele>92.96602886261385</ele><time>2025-10-04T22:04:01.00800Z</time><extensions><mytracks:speed>7.880534758637849</mytracks:speed><mytracks:gradient>0.02319662632291186</mytracks:gradient><mytracks:length>0.002195859803799701</mytracks:length></extensions></trkpt><trkpt lat="45.45673790828266" lon="-75.5010059968205"><ele>93.01014166186387</ele><time>2025-10-04T22:04:02.00600Z</time><extensions><mytracks:speed>6.271471295616715</mytracks:speed><mytracks:gradient>0.02726945354423191</mytracks:gradient><mytracks:length>0.00129125965552261</mytracks:length></extensions></trkpt><trkpt lat="45.45674153533822" lon="-75.50099826180811"><ele>93.08332487059276</ele><time>2025-10-04T22:04:03.00400Z</time><extensions><mytracks:speed>3.635802729160485</mytracks:speed><mytracks:gradient>0.05817913272572649</mytracks:gradient><mytracks:length>0.0007292118602942069</mytracks:length></extensions></trkpt><trkpt lat="45.45674291877589" lon="-75.50099562068763"><ele>93.11550350839556</ele><time>2025-10-04T22:04:04.00200Z</time><extensions><mytracks:speed>1.770920769332989</mytracks:speed><mytracks:gradient>0.1072911169793686</mytracks:gradient><mytracks:length>0.0002685175718629059</mytracks:length></extensions></trkpt><trkpt lat="45.45674434373796" lon="-75.50099357267064"><ele>93.23053099519583</ele><time>2025-10-04T22:04:04.99900Z</time><extensions><mytracks:speed>0.8564671627989348</mytracks:speed><mytracks:gradient>0.310118844638352</mytracks:gradient><mytracks:length>0.0002122817797161812</mytracks:length></extensions></trkpt><trkpt lat="45.45674488085025" lon="-75.50099382259235"><ele>93.37177786404699</ele><time>2025-10-04T22:04:05.99700Z</time><extensions><mytracks:speed>0.4531839297722828</mytracks:speed><mytracks:gradient>1.020301235208193</mytracks:gradient><mytracks:length>0</mytracks:length></extensions></trkpt><trkpt lat="45.45674531980102" lon="-75.50099316994161"><ele>93.50471860661068</ele><time>2025-10-04T22:04:06.99600Z</time><extensions><mytracks:speed>0.3786055228779719</mytracks:speed><mytracks:gradient>1.236134189359482</mytracks:gradient><mytracks:length>0</mytracks:length></extensions></trkpt><trkpt lat="45.45674510251705" lon="-75.5009937549403"><ele>93.60509313323523</ele><time>2025-10-04T22:04:07.99600Z</time><extensions><mytracks:speed>0.3417507359927734</mytracks:speed><mytracks:gradient>1.05729406000804</mytracks:gradient><mytracks:length>9.493529796600342e-05</mytracks:length></extensions></trkpt><trkpt lat="45.45674502098372" lon="-75.50099510243888"><ele>93.67690868618234</ele><time>2025-10-04T22:04:08.99600Z</time><extensions><mytracks:speed>0.2416748897925684</mytracks:speed><mytracks:gradient>1.282523734868098</mytracks:gradient><mytracks:length>0.0001342587859314529</mytracks:length></extensions></trkpt><trkpt lat="45.45674519714032" lon="-75.50098613250947"><ele>93.66338625380901</ele><time>2025-10-04T22:04:10.79800Z</time><extensions><mytracks:speed>1.393748539064407</mytracks:speed><mytracks:length>0.0006976291157873706</mytracks:length></extensions></trkpt><trkpt lat="45.4567558698771" lon="-75.5009316542988"><ele>93.70091053377837</ele><time>2025-10-04T22:04:21.00000Z</time><extensions><mytracks:speed>1.556917856588007</mytracks:speed><mytracks:gradient>0.008504676021662662</mytracks:gradient><mytracks:length>0.00441219393587493</mytracks:length></extensions></trkpt><trkpt lat="45.45676781920167" lon="-75.50091849688597"><ele>93.50959939405703</ele><time>2025-10-04T22:04:21.99700Z</time><extensions><mytracks:speed>1.878668047995995</mytracks:speed><mytracks:length>0.001679576875396536</mytracks:length></extensions></trkpt><trkpt lat="45.45682126866753" lon="-75.50090886152778"><ele>92.8983196725103</ele><time>2025-10-04T22:04:24.74300Z</time><extensions><mytracks:speed>7.852791893163854</mytracks:speed><mytracks:length>0.005989958405062598</mytracks:length></extensions></trkpt><trkpt lat="45.45686317564699" lon="-75.50092659738452"><ele>92.56017232478351</ele><time>2025-10-04T22:04:26.07600Z</time><extensions><mytracks:speed>13.12664984675156</mytracks:speed><mytracks:length>0.004859352044843329</mytracks:length></extensions></trkpt><trkpt lat="45.45691301825151" lon="-75.50095523479268"><ele>92.068591081112</ele><time>2025-10-04T22:04:27.40100Z</time><extensions><mytracks:speed>16.24028922019933</mytracks:speed><mytracks:length>0.005975647261107542</mytracks:length></extensions></trkpt><trkpt lat="45.4569618591965" lon="-75.50098595824977"><ele>91.8251264112951</ele><time>2025-10-04T22:04:28.49900Z</time><extensions><mytracks:speed>19.44593711371537</mytracks:speed><mytracks:length>0.005935544331970541</mytracks:length></extensions></trkpt><trkpt lat="45.45704058683496" lon="-75.50103241020069"><ele>91.72246796895145</ele><time>2025-10-04T22:04:29.99800Z</time><extensions><mytracks:speed>22.76241906234888</mytracks:speed><mytracks:length>0.009474523711879099</mytracks:length></extensions></trkpt><trkpt lat="45.45709460685975" lon="-75.5010639539444"><ele>91.65979389079621</ele><time>2025-10-04T22:04:30.99700Z</time><extensions><mytracks:speed>23.00809948158511</mytracks:speed><mytracks:length>0.006491103372270959</mytracks:length></extensions></trkpt><trkpt lat="45.45715048633401" lon="-75.50109785842689"><ele>91.73867195490551</ele><time>2025-10-04T22:04:31.99800Z</time><extensions><mytracks:speed>24.30411050127961</mytracks:speed><mytracks:gradient>0.01168143470375653</mytracks:gradient><mytracks:length>0.006752429484020345</mytracks:length></extensions></trkpt><trkpt lat="45.45720223770661" lon="-75.50113106940717"><ele>91.70131836226739</ele><time>2025-10-04T22:04:32.99800Z</time><extensions><mytracks:speed>22.70425820567864</mytracks:speed><mytracks:length>0.006310162938778546</mytracks:length></extensions></trkpt><trkpt lat="45.45724581559318" lon="-75.50116153634103"><ele>91.53530429854618</ele><time>2025-10-04T22:04:33.99800Z</time><extensions><mytracks:speed>19.42336755240818</mytracks:speed><mytracks:length>0.00539713639861535</mytracks:length></extensions></trkpt><trkpt lat="45.45728305276702" lon="-75.50119060696395"><ele>91.18013332217424</ele><time>2025-10-04T22:04:35.00000Z</time><extensions><mytracks:speed>16.97814274995925</mytracks:speed><mytracks:length>0.004721062783753094</mytracks:length></extensions></trkpt><trkpt lat="45.45731177682558" lon="-75.50122630956753"><ele>90.83612220590581</ele><time>2025-10-04T22:04:36.00200Z</time><extensions><mytracks:speed>15.21509467513076</mytracks:speed><mytracks:length>0.004238199219502206</mytracks:length></extensions></trkpt><trkpt lat="45.45732658468474" lon="-75.50126810007083"><ele>90.44329977773891</ele><time>2025-10-04T22:04:37.00400Z</time><extensions><mytracks:speed>13.13014803158304</mytracks:speed><mytracks:length>0.003652233834770615</mytracks:length></extensions></trkpt><trkpt lat="45.45732817490741" lon="-75.50131988129924"><ele>90.16451052527549</ele><time>2025-10-04T22:04:38.00300Z</time><extensions><mytracks:speed>13.53327425204157</mytracks:speed><mytracks:length>0.004042282112892185</mytracks:length></extensions></trkpt><trkpt lat="45.45731902087513" lon="-75.50138035522184"><ele>90.01406586358232</ele><time>2025-10-04T22:04:39.00300Z</time><extensions><mytracks:speed>15.84054184011867</mytracks:speed><mytracks:length>0.004823983756743698</mytracks:length></extensions></trkpt><trkpt lat="45.45730084798905" lon="-75.50145025878291"><ele>90.13383173260291</ele><time>2025-10-04T22:04:40.00300Z</time><extensions><mytracks:speed>20.92457221524346</mytracks:speed><mytracks:gradient>0.02059832092230545</mytracks:gradient><mytracks:length>0.005814351056687598</mytracks:length></extensions></trkpt><trkpt lat="45.4572740136098" lon="-75.50152252813805"><ele>90.27488760941118</ele><time>2025-10-04T22:04:41.00600Z</time><extensions><mytracks:speed>22.88598505984859</mytracks:speed><mytracks:gradient>0.02211723336336919</mytracks:gradient><mytracks:length>0.006377645634552327</mytracks:length></extensions></trkpt><trkpt lat="45.45724535460544" lon="-75.50160044743977"><ele>90.46349693366226</ele><time>2025-10-04T22:04:42.00900Z</time><extensions><mytracks:speed>24.64139600057789</mytracks:speed><mytracks:gradient>0.02748478182502536</mytracks:gradient><mytracks:length>0.006862318407757683</mytracks:length></extensions></trkpt><trkpt lat="45.45721574621151" lon="-75.50168509117391"><ele>90.67973234240721</ele><time>2025-10-04T22:04:43.00500Z</time><extensions><mytracks:speed>25.65047969344145</mytracks:speed><mytracks:gradient>0.02843267867114837</mytracks:gradient><mytracks:length>0.007377517232820609</mytracks:length></extensions></trkpt><trkpt lat="45.45717413353654" lon="-75.50183149828916"><ele>90.84007622749706</ele><time>2025-10-04T22:04:44.49400Z</time><extensions><mytracks:speed>29.78657941725493</mytracks:speed><mytracks:gradient>0.01301373827013328</mytracks:gradient><mytracks:length>0.0123211241659785</mytracks:length></extensions></trkpt><trkpt lat="45.45714859127987" lon="-75.50194897558505"><ele>90.91349484482878</ele><time>2025-10-04T22:04:45.49000Z</time><extensions><mytracks:speed>31.71870154829127</mytracks:speed><mytracks:gradient>0.01067647905256254</mytracks:gradient><mytracks:length>0.009592693952531458</mytracks:length></extensions></trkpt><trkpt lat="45.45712208475455" lon="-75.50207291710505"><ele>90.87906330343553</ele><time>2025-10-04T22:04:46.49900Z</time><extensions><mytracks:speed>36.03818771748912</mytracks:speed><mytracks:length>0.01010648561544608</mytracks:length></extensions></trkpt><trkpt lat="45.45709915398211" lon="-75.50219586420893"><ele>90.91981948158599</ele><time>2025-10-04T22:04:47.50500Z</time><extensions><mytracks:speed>35.52026111175178</mytracks:speed><mytracks:gradient>0.004107286628302364</mytracks:gradient><mytracks:length>0.009922896023281724</mytracks:length></extensions></trkpt><trkpt lat="45.45707377412769" lon="-75.50231136185641"><ele>91.0988469300521</ele><time>2025-10-04T22:04:48.50800Z</time><extensions><mytracks:speed>33.88179577871912</mytracks:speed><mytracks:gradient>0.01896433748714786</mytracks:gradient><mytracks:length>0.009440216331703777</mytracks:length></extensions></trkpt><trkpt lat="45.45703493219538" lon="-75.50246998052394"><ele>91.38441921066756</ele><time>2025-10-04T22:04:49.99700Z</time><extensions><mytracks:speed>31.67998123352744</mytracks:speed><mytracks:gradient>0.02179247961110323</mytracks:gradient><mytracks:length>0.01310416646988423</mytracks:length></extensions></trkpt><trkpt lat="45.45700913875078" lon="-75.50257509858857"><ele>91.55755250582695</ele><time>2025-10-04T22:04:50.99600Z</time><extensions><mytracks:speed>31.52234800876239</mytracks:speed><mytracks:gradient>0.02105131822082221</mytracks:gradient><mytracks:length>0.008685931274533728</mytracks:length></extensions></trkpt><trkpt lat="45.45697929011509" lon="-75.50267924679311"><ele>91.72286128064036</ele><time>2025-10-04T22:04:51.99900Z</time><extensions><mytracks:speed>31.50731590930474</mytracks:speed><mytracks:gradient>0.01883922296633941</mytracks:gradient><mytracks:length>0.008774713007472401</mytracks:length></extensions></trkpt><trkpt lat="45.45694808810422" lon="-75.50278529840827"><ele>91.88406101097414</ele><time>2025-10-04T22:04:53.00600Z</time><extensions><mytracks:speed>32.06445448457139</mytracks:speed><mytracks:gradient>0.01797248591303629</mytracks:gradient><mytracks:length>0.008969250615289207</mytracks:length></extensions></trkpt><trkpt lat="45.45691690159649" lon="-75.5028901084127"><ele>91.88785801517091</ele><time>2025-10-04T22:04:53.99800Z</time><extensions><mytracks:speed>32.13804211720082</mytracks:speed><mytracks:gradient>0.009243719950739623</mytracks:gradient><mytracks:length>0.008879369013476362</mytracks:length></extensions></trkpt><trkpt lat="45.45688522015696" lon="-75.50299417644818"><ele>92.09623246282642</ele><time>2025-10-04T22:04:54.99400Z</time><extensions><mytracks:speed>32.10688508791924</mytracks:speed><mytracks:gradient>0.01196797855626704</mytracks:gradient><mytracks:length>0.008848356837215059</mytracks:length></extensions></trkpt><trkpt lat="45.45685201715877" lon="-75.50309581549689"><ele>92.37446128903517</ele><time>2025-10-04T22:04:55.99400Z</time><extensions><mytracks:speed>31.7408408962102</mytracks:speed><mytracks:gradient>0.02766048626074635</mytracks:gradient><mytracks:length>0.008745391006004891</mytracks:length></extensions></trkpt><trkpt lat="45.45682186600244" lon="-75.50319431053299"><ele>92.58628896418477</ele><time>2025-10-04T22:04:56.99800Z</time><extensions><mytracks:speed>30.06072372851405</mytracks:speed><mytracks:gradient>0.02527080442781071</mytracks:gradient><mytracks:length>0.008382308357247579</mytracks:length></extensions></trkpt><trkpt lat="45.45679370705133" lon="-75.50328604906862"><ele>92.75130244804876</ele><time>2025-10-04T22:04:58.00600Z</time><extensions><mytracks:speed>27.87051544485789</mytracks:speed><mytracks:gradient>0.02112659265079516</mytracks:gradient><mytracks:length>0.007810700314599781</mytracks:length></extensions></trkpt><trkpt lat="45.45676809922542" lon="-75.5033691680473"><ele>92.95711132187716</ele><time>2025-10-04T22:04:59.00000Z</time><extensions><mytracks:speed>26.77797937556779</mytracks:speed><mytracks:gradient>0.0249020633623642</mytracks:gradient><mytracks:length>0.00708016224877755</mytracks:length></extensions></trkpt><trkpt lat="45.45674455004851" lon="-75.50344702604608"><ele>93.09965071308888</ele><time>2025-10-04T22:04:59.99500Z</time><extensions><mytracks:speed>24.78928394594094</mytracks:speed><mytracks:gradient>0.02543850806733466</mytracks:gradient><mytracks:length>0.006613522927448638</mytracks:length></extensions></trkpt><trkpt lat="45.45672329146709" lon="-75.50351589200618"><ele>93.16664784206394</ele><time>2025-10-04T22:05:00.99900Z</time><extensions><mytracks:speed>21.05373777132163</mytracks:speed><mytracks:gradient>0.01141369664104471</mytracks:gradient><mytracks:length>0.005869888703203549</mytracks:length></extensions></trkpt><trkpt lat="45.45670649071432" lon="-75.50357393996113"><ele>93.22954489381443</ele><time>2025-10-04T22:05:01.99800Z</time><extensions><mytracks:speed>19.35510535823211</mytracks:speed><mytracks:gradient>0.01206539356732809</mytracks:gradient><mytracks:length>0.004899066121223362</mytracks:length></extensions></trkpt><trkpt lat="45.45669278415451" lon="-75.50362259938427"><ele>93.37877445406082</ele><time>2025-10-04T22:05:03.00400Z</time><extensions><mytracks:speed>14.62383635757082</mytracks:speed><mytracks:gradient>0.03648699989582346</mytracks:gradient><mytracks:length>0.004089937804490866</mytracks:length></extensions></trkpt><trkpt lat="45.45668224657258" lon="-75.50366258946974"><ele>93.45854256860245</ele><time>2025-10-04T22:05:03.99600Z</time><extensions><mytracks:speed>13.36946562773698</mytracks:speed><mytracks:gradient>0.03085653905424875</mytracks:gradient><mytracks:length>0.003330862800337112</mytracks:length></extensions></trkpt><trkpt lat="45.45667499543766" lon="-75.5036946461356"><ele>93.47611584399071</ele><time>2025-10-04T22:05:04.99400Z</time><extensions><mytracks:speed>10.77783658681387</mytracks:speed><mytracks:gradient>0.01633924442082918</mytracks:gradient><mytracks:length>0.002627496236480424</mytracks:length></extensions></trkpt><trkpt lat="45.45667238426559" lon="-75.50372124120194"><ele>93.44755346659689</ele><time>2025-10-04T22:05:05.99600Z</time><extensions><mytracks:speed>7.534939267841552</mytracks:speed><mytracks:length>0.002097189278617512</mytracks:length></extensions></trkpt><trkpt lat="45.45667311536471" lon="-75.50374383284004"><ele>93.30024106093208</ele><time>2025-10-04T22:05:06.99600Z</time><extensions><mytracks:speed>6.909454518939403</mytracks:speed><mytracks:length>0.001763344897053154</mytracks:length></extensions></trkpt><trkpt lat="45.45668425885071" lon="-75.50377217826825"><ele>93.06551278830926</ele><time>2025-10-04T22:05:08.88600Z</time><extensions><mytracks:speed>4.824474524981394</mytracks:speed><mytracks:length>0.002533189706580324</mytracks:length></extensions></trkpt><trkpt lat="45.45670296344817" lon="-75.50378867226114"><ele>93.37395127021935</ele><time>2025-10-04T22:05:10.78800Z</time><extensions><mytracks:speed>4.628595750783453</mytracks:speed><mytracks:gradient>0.1261781265620154</mytracks:gradient><mytracks:length>0.002444468707169248</mytracks:length></extensions></trkpt><trkpt lat="45.45671277445346" lon="-75.50379364036488"><ele>93.85058737009078</ele><time>2025-10-04T22:05:11.82600Z</time><extensions><mytracks:speed>4.018167695909848</mytracks:speed><mytracks:gradient>0.4113069804933931</mytracks:gradient><mytracks:length>0.001158832994518273</mytracks:length></extensions></trkpt><trkpt lat="45.45671952426922" lon="-75.5037995158025"><ele>94.39578045443437</ele><time>2025-10-04T22:05:12.85600Z</time><extensions><mytracks:speed>3.075580541775229</mytracks:speed><mytracks:gradient>0.6192605224366452</mytracks:gradient><mytracks:length>0.0008803937350929257</mytracks:length></extensions></trkpt></trkseg></trk></gpx>

