<?xml version="1.0" encoding="utf-8"?>
<gpx xmlns="http://www.topografix.com/GPX/1/1" xmlns:xsd="http://www.w3.org/2001/XMLSchema" xmlns:xsi="http://www.w3.org/2001/XMLSchema-instance" xmlns:mytracks="http://mytracks.stichling.info/myTracksGPX/1/0" creator="myTracks" version="1.1" xsi:schemaLocation="http://www.topografix.com/GPX/1/1 http://www.topografix.com/GPX/1/1/gpx.xsd"><trk><name>2025-10-02 PM 02:02:44</name><extensions><mytracks:color red="0.000000" green="0.000000" blue="1.000000" alpha="1.000000"/><mytracks:area showArea="no" areaDistance="0.000000"/><mytracks:directionArrows showDirectionArrows="yes"/><mytracks:sync syncPhotosOniPhone="no"/><mytracks:timezone offset="-240"/></extensions><trkseg><trkpt lat="45.45512810920844" lon="-75.59888003209967"><ele>56.01041215937585</ele><time>2025-10-02T18:02:44.99900Z</time><extensions><mytracks:speed>0</mytracks:speed><mytracks:gradient>0</mytracks:gradient><mytracks:length>0</mytracks:length></extensions></trkpt><trkpt lat="45.45516966957461" lon="-75.59892080353156"><ele>54.91431288979948</ele><time>2025-10-02T18:02:53.99900Z</time><extensions><mytracks:speed>2.244331870848819</mytracks:speed><mytracks:length>0.005610828710986574</mytracks:length></extensions></trkpt><trkpt lat="45.45517438577837" lon="-75.59895403977916"><ele>55.05306718777865</ele><time>2025-10-02T18:02:54.99900Z</time><extensions><mytracks:speed>2.783881993708385</mytracks:speed><mytracks:length>0.002646294823242041</mytracks:length></extensions></trkpt><trkpt lat="45.45516089963054" lon="-75.59899586169661"><ele>54.78957315945755</ele><time>2025-10-02T18:02:56.07500Z</time><extensions><mytracks:speed>12.02027996888797</mytracks:speed><mytracks:length>0.003592520266532722</mytracks:length></extensions></trkpt><trkpt lat="45.45515240474837" lon="-75.59903576816284"><ele>54.84743756792042</ele><time>2025-10-02T18:02:57.04900Z</time><extensions><mytracks:speed>11.99402237081621</mytracks:speed><mytracks:length>0.003252832992804213</mytracks:length></extensions></trkpt><trkpt lat="45.45514075247669" lon="-75.5990725679018"><ele>54.95142126403779</ele><time>2025-10-02T18:02:58.03500Z</time><extensions><mytracks:speed>11.74024776151738</mytracks:speed><mytracks:gradient>0.02532974390349444</mytracks:gradient><mytracks:length>0.003150078505479401</mytracks:length></extensions></trkpt><trkpt lat="45.45512641650235" lon="-75.59910404116739"><ele>55.09188250476211</ele><time>2025-10-02T18:02:59.01500Z</time><extensions><mytracks:speed>11.09617211475746</mytracks:speed><mytracks:gradient>0.0403406429803903</mytracks:gradient><mytracks:length>0.002929180889173473</mytracks:length></extensions></trkpt><trkpt lat="45.45511027450435" lon="-75.59913149473378"><ele>55.27854145112416</ele><time>2025-10-02T18:03:00.01800Z</time><extensions><mytracks:speed>10.02646170077756</mytracks:speed><mytracks:gradient>0.06677463818095486</mytracks:gradient><mytracks:length>0.002795356911649762</mytracks:length></extensions></trkpt><trkpt lat="45.45509089883356" lon="-75.59914155506232"><ele>55.47497224288082</ele><time>2025-10-02T18:03:01.02100Z</time><extensions><mytracks:speed>8.235351940602056</mytracks:speed><mytracks:gradient>0.08569343898639681</mytracks:gradient><mytracks:length>0.002292250072818882</mytracks:length></extensions></trkpt><trkpt lat="45.45506763293751" lon="-75.59913639034018"><ele>55.44176595883402</ele><time>2025-10-02T18:03:02.01800Z</time><extensions><mytracks:speed>8.564777903340438</mytracks:speed><mytracks:gradient>0.03431107248070629</mytracks:gradient><mytracks:length>0.002618906817494528</mytracks:length></extensions></trkpt><trkpt lat="45.45503667751367" lon="-75.5991223269681"><ele>55.24048232254611</ele><time>2025-10-02T18:03:03.01900Z</time><extensions><mytracks:speed>12.98645235919043</mytracks:speed><mytracks:length>0.003612534461876682</mytracks:length></extensions></trkpt><trkpt lat="45.45499823599607" lon="-75.59910167317659"><ele>55.42092752359394</ele><time>2025-10-02T18:03:04.01500Z</time><extensions><mytracks:speed>14.74422595775804</mytracks:speed><mytracks:length>0.004567759352434753</mytracks:length></extensions></trkpt><trkpt lat="45.454953897843" lon="-75.59907174354561"><ele>55.58342480757334</ele><time>2025-10-02T18:03:05.01700Z</time><extensions><mytracks:speed>19.59607782936014</mytracks:speed><mytracks:gradient>0.02978721185058874</mytracks:gradient><mytracks:length>0.005455270026428693</mytracks:length></extensions></trkpt><trkpt lat="45.45490944568662" lon="-75.59904368365737"><ele>55.6718632567347</ele><time>2025-10-02T18:03:06.01100Z</time><extensions><mytracks:speed>19.58087882243216</mytracks:speed><mytracks:gradient>0.02310723216030396</mytracks:gradient><mytracks:length>0.005405479480421476</mytracks:length></extensions></trkpt><trkpt lat="45.45486333064978" lon="-75.59901824457486"><ele>55.85057220575138</ele><time>2025-10-02T18:03:06.99900Z</time><extensions><mytracks:speed>19.79801000277608</mytracks:speed><mytracks:gradient>0.02450753512926503</mytracks:gradient><mytracks:length>0.005497237425475269</mytracks:length></extensions></trkpt><trkpt lat="45.4548179884839" lon="-75.5989945541117"><ele>56.12019008328763</ele><time>2025-10-02T18:03:08.00300Z</time><extensions><mytracks:speed>19.2524023886497</mytracks:speed><mytracks:gradient>0.0502127315793626</mytracks:gradient><mytracks:length>0.005369512254279912</mytracks:length></extensions></trkpt><trkpt lat="45.45477646022761" lon="-75.59897487436345"><ele>56.01948919097909</ele><time>2025-10-02T18:03:09.04700Z</time><extensions><mytracks:speed>16.78416605008047</mytracks:speed><mytracks:length>0.004866765248306332</mytracks:length></extensions></trkpt><trkpt lat="45.45473955797203" lon="-75.59896460895372"><ele>55.82084635657595</ele><time>2025-10-02T18:03:10.08600Z</time><extensions><mytracks:speed>14.49126734580876</mytracks:speed><mytracks:length>0.004181466124673821</mytracks:length></extensions></trkpt><trkpt lat="45.45470678235696" lon="-75.59896147044947"><ele>55.70883359972562</ele><time>2025-10-02T18:03:11.10900Z</time><extensions><mytracks:speed>12.85981311163356</mytracks:speed><mytracks:length>0.003653467489200247</mytracks:length></extensions></trkpt><trkpt lat="45.45467795729817" lon="-75.59896564674889"><ele>55.69298739547416</ele><time>2025-10-02T18:03:12.10300Z</time><extensions><mytracks:speed>12.2286002157533</mytracks:speed><mytracks:length>0.003222210862354905</mytracks:length></extensions></trkpt><trkpt lat="45.45465255464232" lon="-75.59897822045903"><ele>55.70985391846324</ele><time>2025-10-02T18:03:13.07300Z</time><extensions><mytracks:speed>11.31024653885287</mytracks:speed><mytracks:gradient>0.0001653659879136688</mytracks:gradient><mytracks:length>0.002990085134823901</mytracks:length></extensions></trkpt><trkpt lat="45.45462793866357" lon="-75.59899871266568"><ele>55.78155428110905</ele><time>2025-10-02T18:03:14.05500Z</time><extensions><mytracks:speed>11.30653815274893</mytracks:speed><mytracks:gradient>0.01444520004864062</mytracks:gradient><mytracks:length>0.003171464212738612</mytracks:length></extensions></trkpt><trkpt lat="45.45460635336766" lon="-75.59902321775679"><ele>55.87247938321322</ele><time>2025-10-02T18:03:15.04000Z</time><extensions><mytracks:speed>11.38456979468654</mytracks:speed><mytracks:gradient>0.02613537263106624</mytracks:gradient><mytracks:length>0.003068922088598741</mytracks:length></extensions></trkpt><trkpt lat="45.45458794850109" lon="-75.59905108091152"><ele>55.9639261065054</ele><time>2025-10-02T18:03:16.03100Z</time><extensions><mytracks:speed>10.99924593191917</mytracks:speed><mytracks:gradient>0.03020070547708583</mytracks:gradient><mytracks:length>0.002985560413238222</mytracks:length></extensions></trkpt><trkpt lat="45.45457433978526" lon="-75.59908144933607"><ele>56.02782483093017</ele><time>2025-10-02T18:03:17.02500Z</time><extensions><mytracks:speed>10.4657842341965</mytracks:speed><mytracks:gradient>0.02692293283301214</mytracks:gradient><mytracks:length>0.002809828226192331</mytracks:length></extensions></trkpt><trkpt lat="45.45456800702586" lon="-75.59911241745355"><ele>55.99753070116071</ele><time>2025-10-02T18:03:18.02100Z</time><extensions><mytracks:speed>9.543163645017728</mytracks:speed><mytracks:gradient>0.006371959144554314</mytracks:gradient><mytracks:length>0.002515337548227984</mytracks:length></extensions></trkpt><trkpt lat="45.45456953893501" lon="-75.59913926564522"><ele>55.88319198404642</ele><time>2025-10-02T18:03:19.01600Z</time><extensions><mytracks:speed>8.210941105295529</mytracks:speed><mytracks:length>0.002101482403435258</mytracks:length></extensions></trkpt><trkpt lat="45.45457753730896" lon="-75.59916267032538"><ele>55.81191896839622</ele><time>2025-10-02T18:03:20.01200Z</time><extensions><mytracks:speed>7.338332476568917</mytracks:speed><mytracks:length>0.002031704099112718</mytracks:length></extensions></trkpt><trkpt lat="45.4545935505168" lon="-75.59918333633149"><ele>55.66230628493093</ele><time>2025-10-02T18:03:21.01000Z</time><extensions><mytracks:speed>7.859440552998938</mytracks:speed><mytracks:length>0.002401694175354584</mytracks:length></extensions></trkpt><trkpt lat="45.4546175185551" lon="-75.59920401265828"><ele>55.50823857511803</ele><time>2025-10-02T18:03:22.00700Z</time><extensions><mytracks:speed>9.912590544485246</mytracks:speed><mytracks:length>0.003115556054942018</mytracks:length></extensions></trkpt><trkpt lat="45.45464914098359" lon="-75.59922524166238"><ele>55.38287950527699</ele><time>2025-10-02T18:03:23.00600Z</time><extensions><mytracks:speed>12.61204900001272</mytracks:speed><mytracks:length>0.003886554167977408</mytracks:length></extensions></trkpt><trkpt lat="45.45468386796239" lon="-75.59925512514826"><ele>55.34958238802533</ele><time>2025-10-02T18:03:24.00400Z</time><extensions><mytracks:speed>15.11861377739288</mytracks:speed><mytracks:length>0.004510176080305654</mytracks:length></extensions></trkpt><trkpt lat="45.45472858915256" lon="-75.59928797724174"><ele>55.48663978262424</ele><time>2025-10-02T18:03:25.00500Z</time><extensions><mytracks:speed>20.11718768073996</mytracks:speed><mytracks:gradient>0.02449753361882562</mytracks:gradient><mytracks:length>0.005594742586396032</mytracks:length></extensions></trkpt><trkpt lat="45.45477965985565" lon="-75.5993240364194"><ele>55.67947604784258</ele><time>2025-10-02T18:03:26.00800Z</time><extensions><mytracks:speed>22.74138248161009</mytracks:speed><mytracks:gradient>0.03042905062440996</mytracks:gradient><mytracks:length>0.006337242249143575</mytracks:length></extensions></trkpt><trkpt lat="45.45483493000101" lon="-75.59935935592632"><ele>55.69146534458702</ele><time>2025-10-02T18:03:27.01200Z</time><extensions><mytracks:speed>24.14977490861528</mytracks:speed><mytracks:gradient>0.001780133308443197</mytracks:gradient><mytracks:length>0.006735055564423354</mytracks:length></extensions></trkpt><trkpt lat="45.45489052020337" lon="-75.5993944965865"><ele>55.86845991943083</ele><time>2025-10-02T18:03:28.01300Z</time><extensions><mytracks:speed>24.33425612376926</mytracks:speed><mytracks:gradient>0.026175790481861</mytracks:gradient><mytracks:length>0.006761766181099861</mytracks:length></extensions></trkpt><trkpt lat="45.45499635141216" lon="-75.59944939461569"><ele>56.26418294389791</ele><time>2025-10-02T18:03:29.92200Z</time><extensions><mytracks:speed>23.61139505316177</mytracks:speed><mytracks:gradient>0.03160013789128333</mytracks:gradient><mytracks:length>0.01252282587590371</mytracks:length></extensions></trkpt><trkpt lat="45.45503783235397" lon="-75.59947139252162"><ele>56.32197689794588</ele><time>2025-10-02T18:03:30.90900Z</time><extensions><mytracks:speed>21.68501732167465</mytracks:speed><mytracks:gradient>0.02599870702106338</mytracks:gradient><mytracks:length>0.004921092756625909</mytracks:length></extensions></trkpt><trkpt lat="45.45507521251749" lon="-75.59948947427432"><ele>56.6285501063139</ele><time>2025-10-02T18:03:31.99500Z</time><extensions><mytracks:speed>14.55169080748644</mytracks:speed><mytracks:gradient>0.06983974269189777</mytracks:gradient><mytracks:length>0.004389666922463915</mytracks:length></extensions></trkpt><trkpt lat="45.45510780738132" lon="-75.59949895686664"><ele>56.80401911306362</ele><time>2025-10-02T18:03:33.07900Z</time><extensions><mytracks:speed>12.27611250760456</mytracks:speed><mytracks:gradient>0.04743914074539028</mytracks:gradient><mytracks:length>0.003698823460810107</mytracks:length></extensions></trkpt><trkpt lat="45.45513652380568" lon="-75.59948520424338"><ele>56.88174725247959</ele><time>2025-10-02T18:03:34.08400Z</time><extensions><mytracks:speed>12.07021814323111</mytracks:speed><mytracks:gradient>0.02308395578121398</mytracks:gradient><mytracks:length>0.00336719322080969</mytracks:length></extensions></trkpt><trkpt lat="45.45516381566382" lon="-75.59945098654427"><ele>56.90053094270066</ele><time>2025-10-02T18:03:35.05800Z</time><extensions><mytracks:speed>13.21523347967849</mytracks:speed><mytracks:gradient>0.0132847166893911</mytracks:gradient><mytracks:length>0.004041167154351352</mytracks:length></extensions></trkpt><trkpt lat="45.45522032867837" lon="-75.59933600558271"><ele>56.93251195881863</ele><time>2025-10-02T18:03:37.00100Z</time><extensions><mytracks:speed>20.29826015360043</mytracks:speed><mytracks:gradient>0.002920389517404599</mytracks:gradient><mytracks:length>0.01095094196420642</mytracks:length></extensions></trkpt><trkpt lat="45.45525193553508" lon="-75.59924786892417"><ele>56.79800360760999</ele><time>2025-10-02T18:03:38.00000Z</time><extensions><mytracks:speed>22.7951663977704</mytracks:speed><mytracks:length>0.007721339387781445</mytracks:length></extensions></trkpt><trkpt lat="45.45528051921772" lon="-75.59915536349055"><ele>56.64385938562801</ele><time>2025-10-02T18:03:39.00400Z</time><extensions><mytracks:speed>28.26480876051977</mytracks:speed><mytracks:length>0.007884203598771143</mytracks:length></extensions></trkpt><trkpt lat="45.45530807428295" lon="-75.59906007341412"><ele>56.5392792194114</ele><time>2025-10-02T18:03:40.00800Z</time><extensions><mytracks:speed>28.83298356914783</mytracks:speed><mytracks:length>0.008039287850677285</mytracks:length></extensions></trkpt><trkpt lat="45.45533489621545" lon="-75.59896665993742"><ele>56.63255508590007</ele><time>2025-10-02T18:03:41.00200Z</time><extensions><mytracks:speed>28.67450374884487</mytracks:speed><mytracks:length>0.007873336324689667</mytracks:length></extensions></trkpt><trkpt lat="45.45535891520715" lon="-75.59887774464305"><ele>56.55450310061585</ele><time>2025-10-02T18:03:42.00000Z</time><extensions><mytracks:speed>27.66114074520715</mytracks:speed><mytracks:gradient>0.0009947629357546727</mytracks:gradient><mytracks:length>0.007432287971584233</mytracks:length></extensions></trkpt><trkpt lat="45.45537636427696" lon="-75.59880634916317"><ele>56.6567116136427</ele><time>2025-10-02T18:03:42.99400Z</time><extensions><mytracks:speed>24.09409501700269</mytracks:speed><mytracks:gradient>0.001812531297354769</mytracks:gradient><mytracks:length>0.005897461401043067</mytracks:length></extensions></trkpt><trkpt lat="45.45539067342395" lon="-75.59874920612536"><ele>56.67929601429125</ele><time>2025-10-02T18:03:43.99400Z</time><extensions><mytracks:speed>17.03738442334173</mytracks:speed><mytracks:gradient>0.004771229309578949</mytracks:gradient><mytracks:length>0.004733455296983076</mytracks:length></extensions></trkpt><trkpt lat="45.45540052015165" lon="-75.59870749006532"><ele>56.52678452195637</ele><time>2025-10-02T18:03:44.99400Z</time><extensions><mytracks:speed>12.35349657750614</mytracks:speed><mytracks:length>0.003433456818755909</mytracks:length></extensions></trkpt><trkpt lat="45.45540846713852" lon="-75.59867159361902"><ele>55.99216899492995</ele><time>2025-10-02T18:03:45.99100Z</time><extensions><mytracks:speed>11.4778392026277</mytracks:speed><mytracks:length>0.002938397002839893</mytracks:length></extensions></trkpt><trkpt lat="45.4554108703453" lon="-75.59864571611092"><ele>55.99565292725448</ele><time>2025-10-02T18:03:46.99400Z</time><extensions><mytracks:speed>7.313668272345127</mytracks:speed><mytracks:gradient>0.001711051481278086</mytracks:gradient><mytracks:length>0.002036135301975585</mytracks:length></extensions></trkpt><trkpt lat="45.455407399862" lon="-75.59861384743617"><ele>55.80726544306594</ele><time>2025-10-02T18:03:47.99100Z</time><extensions><mytracks:speed>8.112472932986</mytracks:speed><mytracks:length>0.002515337548227984</mytracks:length></extensions></trkpt><trkpt lat="45.4553935672984" lon="-75.59858101228281"><ele>55.92330509391662</ele><time>2025-10-02T18:03:48.99400Z</time><extensions><mytracks:speed>10.72122464889836</mytracks:speed><mytracks:gradient>0.03884732315085578</mytracks:gradient><mytracks:length>0.002987069415312453</mytracks:length></extensions></trkpt><trkpt lat="45.45536303188669" lon="-75.59854708406074"><ele>56.31219660144144</ele><time>2025-10-02T18:03:49.99300Z</time><extensions><mytracks:speed>12.90190997438401</mytracks:speed><mytracks:gradient>0.0703860184634918</mytracks:gradient><mytracks:length>0.004305710872246575</mytracks:length></extensions></trkpt><trkpt lat="45.45531254108765" lon="-75.59851063815063"><ele>57.24211844662787</ele><time>2025-10-02T18:03:50.98800Z</time><extensions><mytracks:speed>19.05664040911662</mytracks:speed><mytracks:gradient>0.1250034901950478</mytracks:gradient><mytracks:length>0.006293000179146415</mytracks:length></extensions></trkpt><trkpt lat="45.45524385337926" lon="-75.59846605470096"><ele>57.81809365477193</ele><time>2025-10-02T18:03:51.98100Z</time><extensions><mytracks:speed>26.58523464634204</mytracks:speed><mytracks:gradient>0.1025642612558272</mytracks:gradient><mytracks:length>0.008391979634769184</mytracks:length></extensions></trkpt><trkpt lat="45.45515703001681" lon="-75.59841688962278"><ele>58.91516955463555</ele><time>2025-10-02T18:03:52.98100Z</time><extensions><mytracks:speed>33.90414345993339</mytracks:speed><mytracks:gradient>0.08911342472505952</mytracks:gradient><mytracks:length>0.01038836845312838</mytracks:length></extensions></trkpt><trkpt lat="45.45505480270977" lon="-75.59835804959393"><ele>59.88123607190679</ele><time>2025-10-02T18:03:53.99100Z</time><extensions><mytracks:speed>43.67553748829053</mytracks:speed><mytracks:gradient>0.07880602349822678</mytracks:gradient><mytracks:length>0.01225879031052724</mytracks:length></extensions></trkpt><trkpt lat="45.45494357368451" lon="-75.59828836231472"><ele>60.68558363570629</ele><time>2025-10-02T18:03:54.99500Z</time><extensions><mytracks:speed>48.48354962985745</mytracks:speed><mytracks:gradient>0.0595392718692446</mytracks:gradient><mytracks:length>0.01350952973637198</mytracks:length></extensions></trkpt><trkpt lat="45.45482815006949" lon="-75.59821543595827"><ele>61.35045061809168</ele><time>2025-10-02T18:03:56.00500Z</time><extensions><mytracks:speed>50.03862705362113</mytracks:speed><mytracks:gradient>0.04735899915341557</mytracks:gradient><mytracks:length>0.01403887316604002</mytracks:length></extensions></trkpt><trkpt lat="45.4547069195717" lon="-75.59814066360389"><ele>61.76177939511712</ele><time>2025-10-02T18:03:57.00800Z</time><extensions><mytracks:speed>52.71184612431527</mytracks:speed><mytracks:gradient>0.02800383081267681</mytracks:gradient><mytracks:length>0.01468830388873932</mytracks:length></extensions></trkpt><trkpt lat="45.45458118228868" lon="-75.59806638598742"><ele>61.98484243833403</ele><time>2025-10-02T18:03:58.01900Z</time><extensions><mytracks:speed>53.85882591753913</mytracks:speed><mytracks:gradient>0.01473913296952578</mytracks:gradient><mytracks:length>0.01513406817606588</mytracks:length></extensions></trkpt><trkpt lat="45.45445321272224" lon="-75.59799229346849"><ele>62.16291132235555</ele><time>2025-10-02T18:03:59.02900Z</time><extensions><mytracks:speed>54.74749000991109</mytracks:speed><mytracks:gradient>0.01159422871551181</mytracks:gradient><mytracks:length>0.01535840704809376</mytracks:length></extensions></trkpt><trkpt lat="45.45432812262658" lon="-75.59792217349866"><ele>62.36356971254091</ele><time>2025-10-02T18:04:00.01600Z</time><extensions><mytracks:speed>54.62794193853771</mytracks:speed><mytracks:gradient>0.01249766332076014</mytracks:gradient><mytracks:length>0.01494590369216501</mytracks:length></extensions></trkpt><trkpt lat="45.45419849273142" lon="-75.5978518646927"><ele>62.43899153493185</ele><time>2025-10-02T18:04:01.01100Z</time><extensions><mytracks:speed>55.15572965506698</mytracks:speed><mytracks:gradient>0.009091194106627166</mytracks:gradient><mytracks:length>0.01542223842408471</mytracks:length></extensions></trkpt><trkpt lat="45.45407146435588" lon="-75.59778235258806"><ele>62.61191488218897</ele><time>2025-10-02T18:04:01.99700Z</time><extensions><mytracks:speed>55.5357492154556</mytracks:speed><mytracks:gradient>0.008128628981878569</mytracks:gradient><mytracks:length>0.01512960108184653</mytracks:length></extensions></trkpt><trkpt lat="45.45394177422597" lon="-75.59771151827849"><ele>62.6587352873639</ele><time>2025-10-02T18:04:03.00100Z</time><extensions><mytracks:speed>55.34806732105898</mytracks:speed><mytracks:gradient>0.003031826352223582</mytracks:gradient><mytracks:length>0.01544297058457692</mytracks:length></extensions></trkpt><trkpt lat="45.45381331818206" lon="-75.59764084669729"><ele>62.62884483523548</ele><time>2025-10-02T18:04:04.00400Z</time><extensions><mytracks:speed>54.96375167896349</mytracks:speed><mytracks:length>0.01531080036788906</mytracks:length></extensions></trkpt><trkpt lat="45.45368662231754" lon="-75.59757147848154"><ele>62.66039192273481</ele><time>2025-10-02T18:04:04.99700Z</time><extensions><mytracks:speed>54.85003121486502</mytracks:speed><mytracks:gradient>5.449156262725441e-05</mytracks:gradient><mytracks:length>0.01509112948730559</mytracks:length></extensions></trkpt><trkpt lat="45.45356097387254" lon="-75.59750283466779"><ele>62.67100738267254</ele><time>2025-10-02T18:04:05.99200Z</time><extensions><mytracks:speed>54.4268236662884</mytracks:speed><mytracks:gradient>0.001402912525767573</mytracks:gradient><mytracks:length>0.01496217643121034</mytracks:length></extensions></trkpt><trkpt lat="45.45343768829806" lon="-75.5974349700041"><ele>62.68942501069318</ele><time>2025-10-02T18:04:06.98800Z</time><extensions><mytracks:speed>53.61092301662913</mytracks:speed><mytracks:gradient>0.0009789402332039555</mytracks:gradient><mytracks:length>0.01469535856916572</mytracks:length></extensions></trkpt><trkpt lat="45.45331444185703" lon="-75.59736821550526"><ele>62.60784441416126</ele><time>2025-10-02T18:04:07.99900Z</time><extensions><mytracks:speed>52.19994099255237</mytracks:speed><mytracks:length>0.01466035860561274</mytracks:length></extensions></trkpt><trkpt lat="45.45319078500226" lon="-75.59730301546193"><ele>62.55731181382869</ele><time>2025-10-02T18:04:09.01500Z</time><extensions><mytracks:speed>51.96446431341359</mytracks:speed><mytracks:length>0.01466066598609911</mytracks:length></extensions></trkpt><trkpt lat="45.45306988444779" lon="-75.59723837422415"><ele>62.58087652139078</ele><time>2025-10-02T18:04:10.02700Z</time><extensions><mytracks:speed>51.09256122649681</mytracks:speed><mytracks:gradient>0.001641242565103116</mytracks:gradient><mytracks:length>0.01435784573416428</mytracks:length></extensions></trkpt><trkpt lat="45.45295238586143" lon="-75.59717428311839"><ele>62.49492077252921</ele><time>2025-10-02T18:04:11.02300Z</time><extensions><mytracks:speed>50.83142226869031</mytracks:speed><mytracks:length>0.013989031045722</mytracks:length></extensions></trkpt><trkpt lat="45.45283759067731" lon="-75.59711188044017"><ele>62.37655155291333</ele><time>2025-10-02T18:04:12.00000Z</time><extensions><mytracks:speed>50.45053136737901</mytracks:speed><mytracks:length>0.01366144996858948</mytracks:length></extensions></trkpt><trkpt lat="45.45272093888024" lon="-75.59704927743327"><ele>62.50352193500376</ele><time>2025-10-02T18:04:12.97900Z</time><extensions><mytracks:speed>50.62690198382191</mytracks:speed><mytracks:gradient>0.0003125317642179873</mytracks:gradient><mytracks:length>0.0138595781060685</mytracks:length></extensions></trkpt><trkpt lat="45.45260480818747" lon="-75.5969826135036"><ele>62.54584618469472</ele><time>2025-10-02T18:04:13.98300Z</time><extensions><mytracks:speed>49.9547613049624</mytracks:speed><mytracks:gradient>0.0030403397756363</mytracks:gradient><mytracks:length>0.01392089464148748</mytracks:length></extensions></trkpt><trkpt lat="45.45248572666186" lon="-75.59691822019126"><ele>62.40724410088634</ele><time>2025-10-02T18:04:14.99900Z</time><extensions><mytracks:speed>50.17026338367209</mytracks:speed><mytracks:length>0.01416223379770721</mytracks:length></extensions></trkpt><trkpt lat="45.45236747183567" lon="-75.59685668684217"><ele>62.46892227018783</ele><time>2025-10-02T18:04:16.01500Z</time><extensions><mytracks:speed>49.61873267737792</mytracks:speed><mytracks:gradient>0.004406197897378267</mytracks:gradient><mytracks:length>0.01399804791749804</mytracks:length></extensions></trkpt><trkpt lat="45.45219857483061" lon="-75.59676640898523"><ele>62.44603549696653</ele><time>2025-10-02T18:04:17.49500Z</time><extensions><mytracks:speed>48.77346104529639</mytracks:speed><mytracks:length>0.02005720217937672</mytracks:length></extensions></trkpt><trkpt lat="45.45208085023199" lon="-75.59671344745955"><ele>62.49816956028414</ele><time>2025-10-02T18:04:18.49200Z</time><extensions><mytracks:speed>49.07732124308828</mytracks:speed><mytracks:gradient>0.0008660075784995443</mytracks:gradient><mytracks:length>0.013726606717709</mytracks:length></extensions></trkpt><trkpt lat="45.45196085863903" lon="-75.59666217859684"><ele>62.8164908134533</ele><time>2025-10-02T18:04:19.50000Z</time><extensions><mytracks:speed>49.7279728770783</mytracks:speed><mytracks:gradient>0.02285315486489951</mytracks:gradient><mytracks:length>0.0139289850810959</mytracks:length></extensions></trkpt><trkpt lat="45.45183937665354" lon="-75.59661365497931"><ele>62.96785444515203</ele><time>2025-10-02T18:04:20.48400Z</time><extensions><mytracks:speed>50.52552152359822</mytracks:speed><mytracks:gradient>0.01680077238254474</mytracks:gradient><mytracks:length>0.01402859768567627</mytracks:length></extensions></trkpt><trkpt lat="45.45171046599238" lon="-75.59656988767425"><ele>63.38258354248007</ele><time>2025-10-02T18:04:21.47600Z</time><extensions><mytracks:speed>52.39917989216161</mytracks:speed><mytracks:gradient>0.01968457566337055</mytracks:gradient><mytracks:length>0.0147351693536362</mytracks:length></extensions></trkpt><trkpt lat="45.45158200564824" lon="-75.59652552641388"><ele>63.66807257739664</ele><time>2025-10-02T18:04:22.47200Z</time><extensions><mytracks:speed>53.30310858037191</mytracks:speed><mytracks:gradient>0.02379073121994422</mytracks:gradient><mytracks:length>0.01469750497370052</mytracks:length></extensions></trkpt><trkpt lat="45.45144867632128" lon="-75.59648062646667"><ele>64.01914787588582</ele><time>2025-10-02T18:04:23.47900Z</time><extensions><mytracks:speed>54.41341765263606</mytracks:speed><mytracks:gradient>0.02304583097534404</mytracks:gradient><mytracks:length>0.01523378778855007</mytracks:length></extensions></trkpt><trkpt lat="45.45131267087903" lon="-75.5964329477921"><ele>64.47516750395219</ele><time>2025-10-02T18:04:24.48700Z</time><extensions><mytracks:speed>55.64795199967089</mytracks:speed><mytracks:gradient>0.02928133680865809</mytracks:gradient><mytracks:length>0.01557372981453268</mytracks:length></extensions></trkpt><trkpt lat="45.45117357632648" lon="-75.59638465376682"><ele>64.90162669733749</ele><time>2025-10-02T18:04:25.50500Z</time><extensions><mytracks:speed>56.27801730274462</mytracks:speed><mytracks:gradient>0.0267895410130043</mytracks:gradient><mytracks:length>0.01591886897869152</mytracks:length></extensions></trkpt><trkpt lat="45.45103248237373" lon="-75.59633427555509"><ele>65.26595631238223</ele><time>2025-10-02T18:04:26.52400Z</time><extensions><mytracks:speed>57.17952216162139</mytracks:speed><mytracks:gradient>0.02252543370444082</mytracks:gradient><mytracks:length>0.01617414429507353</mytracks:length></extensions></trkpt><trkpt lat="45.45089507591217" lon="-75.59628531776086"><ele>65.50060013896359</ele><time>2025-10-02T18:04:27.51800Z</time><extensions><mytracks:speed>57.08718833487702</mytracks:speed><mytracks:gradient>0.01876333330749847</mytracks:gradient><mytracks:length>0.01574924804312908</mytracks:length></extensions></trkpt><trkpt lat="45.45076131073822" lon="-75.59623745626948"><ele>65.84714634056644</ele><time>2025-10-02T18:04:28.51000Z</time><extensions><mytracks:speed>56.33472617256744</mytracks:speed><mytracks:gradient>0.01869712423968586</mytracks:gradient><mytracks:length>0.01533550376129013</mytracks:length></extensions></trkpt><trkpt lat="45.45062652124278" lon="-75.59619316896872"><ele>66.39966117892698</ele><time>2025-10-02T18:04:29.50100Z</time><extensions><mytracks:speed>55.78077694108822</mytracks:speed><mytracks:gradient>0.02927116283536001</mytracks:gradient><mytracks:length>0.01538098325161719</mytracks:length></extensions></trkpt><trkpt lat="45.4504898523606" lon="-75.5961475527271"><ele>67.14722572914361</ele><time>2025-10-02T18:04:30.49700Z</time><extensions><mytracks:speed>56.13113917700263</mytracks:speed><mytracks:gradient>0.04195323243511076</mytracks:gradient><mytracks:length>0.015608125221219</mytracks:length></extensions></trkpt><trkpt lat="45.45035445454172" lon="-75.59610253328351"><ele>67.75384334383385</ele><time>2025-10-02T18:04:31.50700Z</time><extensions><mytracks:speed>55.13296881421986</mytracks:speed><mytracks:gradient>0.03923816847222881</mytracks:gradient><mytracks:length>0.01545988608310237</mytracks:length></extensions></trkpt><trkpt lat="45.45022169079449" lon="-75.59605765995605"><ele>68.32249112994455</ele><time>2025-10-02T18:04:32.50700Z</time><extensions><mytracks:speed>54.61122527120395</mytracks:speed><mytracks:gradient>0.03747975008161891</mytracks:gradient><mytracks:length>0.01517213388222625</mytracks:length></extensions></trkpt><trkpt lat="45.45009464720702" lon="-75.59600037628994"><ele>68.63610828000439</ele><time>2025-10-02T18:04:33.50500Z</time><extensions><mytracks:speed>53.99824839007827</mytracks:speed><mytracks:gradient>0.0294399459496424</mytracks:gradient><mytracks:length>0.01481659912611236</mytracks:length></extensions></trkpt><trkpt lat="45.44997660151055" lon="-75.59593529161276"><ele>69.34830978201575</ele><time>2025-10-02T18:04:34.49900Z</time><extensions><mytracks:speed>52.1879536577138</mytracks:speed><mytracks:gradient>0.03552483772280246</mytracks:gradient><mytracks:length>0.01407349752330769</mytracks:length></extensions></trkpt><trkpt lat="45.44986250733864" lon="-75.59585915574635"><ele>69.95717881188958</ele><time>2025-10-02T18:04:35.49900Z</time><extensions><mytracks:speed>50.67657012049972</mytracks:speed><mytracks:gradient>0.04707143938681415</mytracks:gradient><mytracks:length>0.01400802411246383</mytracks:length></extensions></trkpt><trkpt lat="45.44975034448522" lon="-75.59577192551528"><ele>70.50350939277615</ele><time>2025-10-02T18:04:36.50900Z</time><extensions><mytracks:speed>50.60364257859725</mytracks:speed><mytracks:gradient>0.03845323375730416</mytracks:gradient><mytracks:length>0.0142076628544355</mytracks:length></extensions></trkpt><trkpt lat="45.44964374018652" lon="-75.59568654392866"><ele>71.20224339450101</ele><time>2025-10-02T18:04:37.50900Z</time><extensions><mytracks:speed>49.78745748597869</mytracks:speed><mytracks:gradient>0.04478023101167868</mytracks:gradient><mytracks:length>0.01359664384793148</mytracks:length></extensions></trkpt><trkpt lat="45.44953992883934" lon="-75.59560292330771"><ele>71.42616521468946</ele><time>2025-10-02T18:04:38.49500Z</time><extensions><mytracks:speed>48.70200492964591</mytracks:speed><mytracks:gradient>0.03435594357088074</mytracks:gradient><mytracks:length>0.01325903227474739</mytracks:length></extensions></trkpt><trkpt lat="45.44943719206111" lon="-75.59551876596308"><ele>71.99306755334932</ele><time>2025-10-02T18:04:39.47500Z</time><extensions><mytracks:speed>48.39705545001004</mytracks:speed><mytracks:gradient>0.02991637138736981</mytracks:gradient><mytracks:length>0.01317584287351732</mytracks:length></extensions></trkpt><trkpt lat="45.44933462170884" lon="-75.59543905936329"><ele>72.36586505302355</ele><time>2025-10-02T18:04:40.48300Z</time><extensions><mytracks:speed>46.39238213883999</mytracks:speed><mytracks:gradient>0.02869915782907779</mytracks:gradient><mytracks:length>0.01298984109200998</mytracks:length></extensions></trkpt><trkpt lat="45.44923384892475" lon="-75.59535726437031"><ele>72.70419852681555</ele><time>2025-10-02T18:04:41.49900Z</time><extensions><mytracks:speed>45.70847199735064</mytracks:speed><mytracks:gradient>0.02623729538857574</mytracks:gradient><mytracks:length>0.01289513529429212</mytracks:length></extensions></trkpt><trkpt lat="45.44913275593965" lon="-75.59528041090785"><ele>73.05878943366901</ele><time>2025-10-02T18:04:42.51300Z</time><extensions><mytracks:speed>45.21338655666466</mytracks:speed><mytracks:gradient>0.02783345604792745</mytracks:gradient><mytracks:length>0.01273973689228088</mytracks:length></extensions></trkpt><trkpt lat="45.44903722621972" lon="-75.59520864476231"><ele>73.47645880828588</ele><time>2025-10-02T18:04:43.50700Z</time><extensions><mytracks:speed>44.366403321485</mytracks:speed><mytracks:gradient>0.03120599646493807</mytracks:gradient><mytracks:length>0.01200734502985338</mytracks:length></extensions></trkpt><trkpt lat="45.44894278445271" lon="-75.59513800853472"><ele>73.96410935280498</ele><time>2025-10-02T18:04:44.50200Z</time><extensions><mytracks:speed>43.21424993347216</mytracks:speed><mytracks:gradient>0.03793258006365885</mytracks:gradient><mytracks:length>0.01185969496838701</mytracks:length></extensions></trkpt><trkpt lat="45.44884995876629" lon="-75.59507364739679"><ele>74.27992867359613</ele><time>2025-10-02T18:04:45.49400Z</time><extensions><mytracks:speed>42.27276033297518</mytracks:speed><mytracks:gradient>0.03443228869152103</mytracks:gradient><mytracks:length>0.01147814473130932</mytracks:length></extensions></trkpt><trkpt lat="45.44875988645441" lon="-75.59501209832841"><ele>74.48014711505921</ele><time>2025-10-02T18:04:46.50100Z</time><extensions><mytracks:speed>39.73558075026754</mytracks:speed><mytracks:gradient>0.01802563184734786</mytracks:gradient><mytracks:length>0.01110742986202381</mytracks:length></extensions></trkpt><trkpt lat="45.44867130143293" lon="-75.59495690740384"><ele>74.489307253513</ele><time>2025-10-02T18:04:47.50600Z</time><extensions><mytracks:speed>38.49800779640229</mytracks:speed><mytracks:gradient>0.0008521115144618621</mytracks:gradient><mytracks:length>0.01074992920331415</mytracks:length></extensions></trkpt><trkpt lat="45.44858943389357" lon="-75.59490899070911"><ele>74.53369525848309</ele><time>2025-10-02T18:04:48.51100Z</time><extensions><mytracks:speed>35.24842280493802</mytracks:speed><mytracks:gradient>0.00451081388241349</mytracks:gradient><mytracks:length>0.009840353897806664</mytracks:length></extensions></trkpt><trkpt lat="45.44851626930532" lon="-75.59486768723856"><ele>74.48302667817251</ele><time>2025-10-02T18:04:49.50600Z</time><extensions><mytracks:speed>33.4607885662104</mytracks:speed><mytracks:length>0.008750542323531165</mytracks:length></extensions></trkpt><trkpt lat="45.44845237694528" lon="-75.59483388657095"><ele>74.39664902542145</ele><time>2025-10-02T18:04:50.49500Z</time><extensions><mytracks:speed>29.62232237540554</mytracks:speed><mytracks:length>0.007577597277906137</mytracks:length></extensions></trkpt><trkpt lat="45.44839858271134" lon="-75.59480559478186"><ele>74.2146029544767</ele><time>2025-10-02T18:04:51.49300Z</time><extensions><mytracks:speed>25.27863898124577</mytracks:speed><mytracks:length>0.006375525524027386</mytracks:length></extensions></trkpt><trkpt lat="45.44835317482854" lon="-75.59478168267094"><ele>73.96504737010805</ele><time>2025-10-02T18:04:52.49800Z</time><extensions><mytracks:speed>19.28695744544865</mytracks:speed><mytracks:length>0.005382086260072441</mytracks:length></extensions></trkpt><trkpt lat="45.44831734529894" lon="-75.59476279845777"><ele>73.72300110514637</ele><time>2025-10-02T18:04:53.50100Z</time><extensions><mytracks:speed>15.24464215102728</mytracks:speed><mytracks:length>0.004247757881681601</mytracks:length></extensions></trkpt><trkpt lat="45.44829037164541" lon="-75.59474741017362"><ele>73.48663970062454</ele><time>2025-10-02T18:04:54.49800Z</time><extensions><mytracks:speed>13.45836289957318</mytracks:speed><mytracks:length>0.003230591138828512</mytracks:length></extensions></trkpt><trkpt lat="45.44827033032833" lon="-75.59473517798334"><ele>73.27286285114975</ele><time>2025-10-02T18:04:55.49400Z</time><extensions><mytracks:speed>10.21478034878162</mytracks:speed><mytracks:length>0.002422245803119693</mytracks:length></extensions></trkpt><trkpt lat="45.44825651397308" lon="-75.59472603646188"><ele>73.09037262354481</ele><time>2025-10-02T18:04:56.49600Z</time><extensions><mytracks:speed>6.093108691776215</mytracks:speed><mytracks:length>0.001695598639173244</mytracks:length></extensions></trkpt><trkpt lat="45.44824593194382" lon="-75.59472164128481"><ele>73.00747450772755</ele><time>2025-10-02T18:04:57.50100Z</time><extensions><mytracks:speed>4.391547013648192</mytracks:speed><mytracks:length>0.001226834423865861</mytracks:length></extensions></trkpt><trkpt lat="45.44823703216417" lon="-75.59471892928238"><ele>72.97586032132345</ele><time>2025-10-02T18:04:58.50500Z</time><extensions><mytracks:speed>3.635572687898609</mytracks:speed><mytracks:length>0.001013631605262928</mytracks:length></extensions></trkpt><trkpt lat="45.44822638904311" lon="-75.59471466031835"><ele>73.15555826352309</ele><time>2025-10-02T18:04:59.50400Z</time><extensions><mytracks:speed>4.024295184229188</mytracks:speed><mytracks:gradient>0.06615189767255332</mytracks:gradient><mytracks:length>0.001230502098487512</mytracks:length></extensions></trkpt><trkpt lat="45.44820765274483" lon="-75.59470728365957"><ele>73.4522609914447</ele><time>2025-10-02T18:05:00.50100Z</time><extensions><mytracks:speed>6.114090964155331</mytracks:speed><mytracks:gradient>0.1405366359364597</mytracks:gradient><mytracks:length>0.002160690675303863</mytracks:length></extensions></trkpt><trkpt lat="45.44817945271056" lon="-75.59468884510977"><ele>73.61776675707523</ele><time>2025-10-02T18:05:01.50000Z</time><extensions><mytracks:speed>10.08977961169803</mytracks:speed><mytracks:gradient>0.08262668816383929</mytracks:gradient><mytracks:length>0.003449170662037496</mytracks:length></extensions></trkpt><trkpt lat="45.44814261073538" lon="-75.59466598899526"><ele>73.79330230256129</ele><time>2025-10-02T18:05:02.49900Z</time><extensions><mytracks:speed>14.26864750743716</mytracks:speed><mytracks:gradient>0.04307553739767878</mytracks:gradient><mytracks:length>0.004468014595070802</mytracks:length></extensions></trkpt><trkpt lat="45.44810078933006" lon="-75.59464237701096"><ele>73.88622616504375</ele><time>2025-10-02T18:05:03.49800Z</time><extensions><mytracks:speed>17.05785151911801</mytracks:speed><mytracks:gradient>0.02835338083926538</mytracks:gradient><mytracks:length>0.005001928146275856</mytracks:length></extensions></trkpt><trkpt lat="45.44805980035252" lon="-75.59461716296339"><ele>73.98070842027522</ele><time>2025-10-02T18:05:04.49600Z</time><extensions><mytracks:speed>17.95687615823562</mytracks:speed><mytracks:gradient>0.01880635639736014</mytracks:gradient><mytracks:length>0.004964852871708379</mytracks:length></extensions></trkpt><trkpt lat="45.44802104259229" lon="-75.59459810343375"><ele>74.15194337085838</ele><time>2025-10-02T18:05:05.49500Z</time><extensions><mytracks:speed>17.15076285950013</mytracks:speed><mytracks:gradient>0.02792375108202258</mytracks:gradient><mytracks:length>0.004559860065326129</mytracks:length></extensions></trkpt><trkpt lat="45.44798609548526" lon="-75.59458074745802"><ele>74.42504857251328</ele><time>2025-10-02T18:05:06.49800Z</time><extensions><mytracks:speed>14.77593882041044</mytracks:speed><mytracks:gradient>0.06636496414150353</mytracks:gradient><mytracks:length>0.004115201525199117</mytracks:length></extensions></trkpt><trkpt lat="45.44795530271529" lon="-75.59456460147499"><ele>74.66007466504877</ele><time>2025-10-02T18:05:07.50000Z</time><extensions><mytracks:speed>13.1133413380838</mytracks:speed><mytracks:gradient>0.06439485140276589</mytracks:gradient><mytracks:length>0.00364976527495173</mytracks:length></extensions></trkpt><trkpt lat="45.44792804632589" lon="-75.59455128106946"><ele>74.86910382095887</ele><time>2025-10-02T18:05:08.50100Z</time><extensions><mytracks:speed>11.52664948377572</mytracks:speed><mytracks:gradient>0.06521188039385387</mytracks:gradient><mytracks:length>0.003205384580963603</mytracks:length></extensions></trkpt><trkpt lat="45.4479048133383" lon="-75.5945384692057"><ele>75.11617981724378</ele><time>2025-10-02T18:05:09.50100Z</time><extensions><mytracks:speed>10.74865293594421</mytracks:speed><mytracks:gradient>0.07635623561345288</mytracks:gradient><mytracks:length>0.002769443426161616</mytracks:length></extensions></trkpt><trkpt lat="45.44788315784626" lon="-75.59452480226082"><ele>75.22838494190469</ele><time>2025-10-02T18:05:10.50200Z</time><extensions><mytracks:speed>9.466127675184495</mytracks:speed><mytracks:gradient>0.04262082037563834</mytracks:gradient><mytracks:length>0.002632636436183027</mytracks:length></extensions></trkpt><trkpt lat="45.44786473817429" lon="-75.59451494265615"><ele>75.64409005255091</ele><time>2025-10-02T18:05:11.50300Z</time><extensions><mytracks:speed>7.869158886736301</mytracks:speed><mytracks:gradient>0.1900248443017613</mytracks:gradient><mytracks:length>0.00218763558088263</mytracks:length></extensions></trkpt><trkpt lat="45.4478518247804" lon="-75.59450687004511"><ele>75.8012595495092</ele><time>2025-10-02T18:05:12.50200Z</time><extensions><mytracks:speed>6.756891990025591</mytracks:speed><mytracks:gradient>0.152585575697927</mytracks:gradient><mytracks:length>0.001568588552926176</mytracks:length></extensions></trkpt><trkpt lat="45.44784425755251" lon="-75.59450094809878"><ele>76.03039701292643</ele><time>2025-10-02T18:05:13.50100Z</time><extensions><mytracks:speed>4.554346068995185</mytracks:speed><mytracks:gradient>0.1528205286880675</mytracks:gradient><mytracks:length>0.0009634880447566896</mytracks:length></extensions></trkpt><trkpt lat="45.44784372461093" lon="-75.59450052775833"><ele>76.61581970885658</ele><time>2025-10-02T18:05:14.49900Z</time><extensions><mytracks:speed>1.858946985696552</mytracks:speed><mytracks:gradient>0.7898678610720102</mytracks:gradient><mytracks:length>0.0001342587859314529</mytracks:length></extensions></trkpt><trkpt lat="45.44784517074785" lon="-75.59449845944482"><ele>76.61249671334683</ele><time>2025-10-02T18:05:15.49900Z</time><extensions><mytracks:speed>0.4189377957859888</mytracks:speed><mytracks:gradient>2.503191254123994</mytracks:gradient><mytracks:length>0.0002511751890598611</mytracks:length></extensions></trkpt><trkpt lat="45.44784700067487" lon="-75.59449677145032"><ele>76.7582819944659</ele><time>2025-10-02T18:05:16.49900Z</time><extensions><mytracks:speed>0.8370089619113156</mytracks:speed><mytracks:gradient>0.62691741709147</mytracks:gradient><mytracks:length>0.0002325430385957901</mytracks:length></extensions></trkpt><trkpt lat="45.44784768900588" lon="-75.59449531597282"><ele>76.82414512122436</ele><time>2025-10-02T18:05:19.42900Z</time><extensions><mytracks:speed>0.16499622281661</mytracks:speed><mytracks:gradient>0.490568466722805</mytracks:gradient><mytracks:length>0.0001342587859314529</mytracks:length></extensions></trkpt><trkpt lat="45.44785339674817" lon="-75.59447377784997"><ele>77.39553977549076</ele><time>2025-10-02T18:05:32.00000Z</time><extensions><mytracks:speed>0.515113058675752</mytracks:speed><mytracks:gradient>0.3176590486288268</mytracks:gradient><mytracks:length>0.001798767126996131</mytracks:length></extensions></trkpt><trkpt lat="45.44785622458522" lon="-75.5944731195294"><ele>77.52338104071299</ele><time>2025-10-02T18:05:33.48800Z</time><extensions><mytracks:speed>0.7952535390994093</mytracks:speed><mytracks:gradient>0.3887341719621932</mytracks:gradient><mytracks:length>0.0003288655190176164</mytracks:length></extensions></trkpt><trkpt lat="45.44785703521524" lon="-75.59447308188722"><ele>77.51732896368279</ele><time>2025-10-02T18:05:34.49700Z</time><extensions><mytracks:speed>0.479160357520255</mytracks:speed><mytracks:length>0.0001342587859314529</mytracks:length></extensions></trkpt><trkpt lat="45.44785728512192" lon="-75.59447169371217"><ele>77.46783751671862</ele><time>2025-10-02T18:05:35.49700Z</time><extensions><mytracks:speed>0.3403342872237622</mytracks:speed><mytracks:length>0.0001644327595088082</mytracks:length></extensions></trkpt><trkpt lat="45.44785729348519" lon="-75.59447138106803"><ele>77.40020222746224</ele><time>2025-10-02T18:05:36.49200Z</time><extensions><mytracks:speed>0.2423356126152352</mytracks:speed><mytracks:length>0</mytracks:length></extensions></trkpt><trkpt lat="45.447857773052" lon="-75.59447088589918"><ele>77.40174635773543</ele><time>2025-10-02T18:05:37.48900Z</time><extensions><mytracks:speed>0.1715453634703963</mytracks:speed><mytracks:length>0</mytracks:length></extensions></trkpt><trkpt lat="45.44785805306338" lon="-75.59446944185926"><ele>77.39747619474683</ele><time>2025-10-02T18:05:38.49500Z</time><extensions><mytracks:speed>0.480379468238226</mytracks:speed><mytracks:length>0.0001342587859314529</mytracks:length></extensions></trkpt><trkpt lat="45.447855289144" lon="-75.59445756134853"><ele>77.43083716326429</ele><time>2025-10-02T18:05:40.44400Z</time><extensions><mytracks:speed>1.814071354144204</mytracks:speed><mytracks:gradient>0.03397183794301468</mytracks:gradient><mytracks:length>0.0009820183580710924</mytracks:length></extensions></trkpt><trkpt lat="45.44785406412682" lon="-75.59445653031827"><ele>77.33170435744955</ele><time>2025-10-02T18:05:43.13700Z</time><extensions><mytracks:speed>0.2198149222425541</mytracks:speed><mytracks:length>0.0001644327595088082</mytracks:length></extensions></trkpt><trkpt lat="45.44784912278715" lon="-75.5944523714617"><ele>76.9318333407864</ele><time>2025-10-02T18:05:55.00000Z</time><extensions><mytracks:speed>0.1954010967941533</mytracks:speed><mytracks:length>0.0006438825178517565</mytracks:length></extensions></trkpt><trkpt lat="45.44784912278714" lon="-75.5944523714617"><ele>76.9318333407864</ele><time>2025-10-02T18:05:56.50000Z</time><extensions><mytracks:speed>0.1734666957415215</mytracks:speed><mytracks:length>0</mytracks:length></extensions></trkpt><trkpt lat="45.44784912278714" lon="-75.59445237146171"><ele>76.9318333407864</ele><time>2025-10-02T18:05:57.50000Z</time><extensions><mytracks:speed>0.1596252036777202</mytracks:speed><mytracks:length>0</mytracks:length></extensions></trkpt><trkpt lat="45.44784912278715" lon="-75.59445237146171"><ele>76.93183334078641</ele><time>2025-10-02T18:05:58.50000Z</time><extensions><mytracks:speed>0.1492347343505399</mytracks:speed><mytracks:length>0</mytracks:length></extensions></trkpt><trkpt lat="45.44784912278715" lon="-75.5944523714617"><ele>76.9318333407864</ele><time>2025-10-02T18:05:59.50000Z</time><extensions><mytracks:speed>0.1139222670219207</mytracks:speed><mytracks:gradient>0</mytracks:gradient><mytracks:length>0</mytracks:length></extensions></trkpt><trkpt lat="45.44784912278715" lon="-75.59445237146171"><ele>76.93183334078638</ele><time>2025-10-02T18:06:00.50000Z</time><extensions><mytracks:speed>0.1320444197070608</mytracks:speed><mytracks:length>0</mytracks:length></extensions></trkpt><trkpt lat="45.44784912278715" lon="-75.5944523714617"><ele>76.9318333407864</ele><time>2025-10-02T18:06:01.50000Z</time><extensions><mytracks:speed>0.1708833937425904</mytracks:speed><mytracks:gradient>0</mytracks:gradient><mytracks:length>0</mytracks:length></extensions></trkpt><trkpt lat="45.44784912278715" lon="-75.5944523714617"><ele>76.9318333407864</ele><time>2025-10-02T18:06:02.50000Z</time><extensions><mytracks:speed>0.1139222534413406</mytracks:speed><mytracks:gradient>0</mytracks:gradient><mytracks:length>0</mytracks:length></extensions></trkpt><trkpt lat="45.44784912278715" lon="-75.5944523714617"><ele>76.9318333407864</ele><time>2025-10-02T18:06:03.50000Z</time><extensions><mytracks:speed>0.0854416943249364</mytracks:speed><mytracks:gradient>0</mytracks:gradient><mytracks:length>0</mytracks:length></extensions></trkpt><trkpt lat="45.44784912278715" lon="-75.5944523714617"><ele>76.9318333407864</ele><time>2025-10-02T18:06:04.50000Z</time><extensions><mytracks:speed>0.06835335586736653</mytracks:speed><mytracks:gradient>0</mytracks:gradient><mytracks:length>0</mytracks:length></extensions></trkpt><trkpt lat="45.44784912278715" lon="-75.5944523714617"><ele>76.9318333407864</ele><time>2025-10-02T18:06:05.50000Z</time><extensions><mytracks:speed>0.05696113124753014</mytracks:speed><mytracks:gradient>0</mytracks:gradient><mytracks:length>0</mytracks:length></extensions></trkpt><trkpt lat="45.44784912278715" lon="-75.5944523714617"><ele>76.9318333407864</ele><time>2025-10-02T18:06:06.50000Z</time><extensions><mytracks:speed>0.04882382761506139</mytracks:speed><mytracks:gradient>0</mytracks:gradient><mytracks:length>0</mytracks:length></extensions></trkpt><trkpt lat="45.44784912278715" lon="-75.5944523714617"><ele>76.9318333407864</ele><time>2025-10-02T18:06:07.50000Z</time><extensions><mytracks:speed>0.0427208484356476</mytracks:speed><mytracks:gradient>0</mytracks:gradient><mytracks:length>0</mytracks:length></extensions></trkpt><trkpt lat="45.44784912278715" lon="-75.5944523714617"><ele>76.9318333407864</ele><time>2025-10-02T18:06:08.50000Z</time><extensions><mytracks:speed>0.03797408749835342</mytracks:speed><mytracks:gradient>0</mytracks:gradient><mytracks:length>0</mytracks:length></extensions></trkpt><trkpt lat="45.44784912278715" lon="-75.59445237146168"><ele>76.9318333407864</ele><time>2025-10-02T18:06:09.50000Z</time><extensions><mytracks:speed>0.0869655036176986</mytracks:speed><mytracks:length>0</mytracks:length></extensions></trkpt><trkpt lat="45.44784912278715" lon="-75.5944523714617"><ele>76.93183334078641</ele><time>2025-10-02T18:06:10.50000Z</time><extensions><mytracks:speed>0.03106970761648965</mytracks:speed><mytracks:gradient>1.496898942718961e-13</mytracks:gradient><mytracks:length>0</mytracks:length></extensions></trkpt><trkpt lat="45.44784912278715" lon="-75.5944523714617"><ele>76.9318333407864</ele><time>2025-10-02T18:06:11.50000Z</time><extensions><mytracks:speed>0.02848056307740643</mytracks:speed><mytracks:gradient>0</mytracks:gradient><mytracks:length>0</mytracks:length></extensions></trkpt><trkpt lat="45.44784912278715" lon="-75.5944523714617"><ele>76.9318333407864</ele><time>2025-10-02T18:06:12.50000Z</time><extensions><mytracks:speed>0.02628975047272171</mytracks:speed><mytracks:gradient>0</mytracks:gradient><mytracks:length>0</mytracks:length></extensions></trkpt><trkpt lat="45.44784912278715" lon="-75.59445237146171"><ele>76.9318333407864</ele><time>2025-10-02T18:06:13.50000Z</time><extensions><mytracks:speed>0.07550859492943689</mytracks:speed><mytracks:length>0</mytracks:length></extensions></trkpt><trkpt lat="45.44784912278714" lon="-75.5944523714617"><ele>76.9318333407864</ele><time>2025-10-02T18:06:14.50000Z</time><extensions><mytracks:speed>0.02278445068826811</mytracks:speed><mytracks:gradient>0</mytracks:gradient><mytracks:length>0</mytracks:length></extensions></trkpt><trkpt lat="45.44784912278715" lon="-75.5944523714617"><ele>76.93183334078638</ele><time>2025-10-02T18:06:16.50000Z</time><extensions><mytracks:speed>0.1708835057824542</mytracks:speed><mytracks:length>9.493529796600342e-05</mytracks:length></extensions></trkpt><trkpt lat="45.44784912278715" lon="-75.5944523714617"><ele>76.9318333407864</ele><time>2025-10-02T18:06:17.50000Z</time><extensions><mytracks:speed>0.3417668282269276</mytracks:speed><mytracks:gradient>1.496898942718961e-13</mytracks:gradient><mytracks:length>9.493529796600342e-05</mytracks:length></extensions></trkpt><trkpt lat="45.44784912278714" lon="-75.59445237146168"><ele>76.93183334078638</ele><time>2025-10-02T18:06:18.50000Z</time><extensions><mytracks:speed>0.06483227929414127</mytracks:speed><mytracks:length>0</mytracks:length></extensions></trkpt><trkpt lat="45.44784912278714" lon="-75.59445237146168"><ele>76.93183334078638</ele><time>2025-10-02T18:06:20.00000Z</time><extensions><mytracks:speed>0.06219456784561656</mytracks:speed><mytracks:length>0</mytracks:length></extensions></trkpt><trkpt lat="45.44784912278715" lon="-75.5944523714617"><ele>76.9318333407864</ele><time>2025-10-02T18:06:20.99900Z</time><extensions><mytracks:speed>0.07595439943660828</mytracks:speed><mytracks:gradient>1.496898942718961e-13</mytracks:gradient><mytracks:length>0</mytracks:length></extensions></trkpt><trkpt lat="45.44784912278715" lon="-75.5944523714617"><ele>76.93183334078641</ele><time>2025-10-02T18:06:21.99900Z</time><extensions><mytracks:speed>0.07595642584421264</mytracks:speed><mytracks:gradient>1.496898942718961e-13</mytracks:gradient><mytracks:length>9.493529796600342e-05</mytracks:length></extensions></trkpt><trkpt lat="45.44784912278714" lon="-75.59445237146168"><ele>76.9318333407864</ele><time>2025-10-02T18:06:23.49900Z</time><extensions><mytracks:speed>0.05680190681631519</mytracks:speed><mytracks:length>0</mytracks:length></extensions></trkpt><trkpt lat="45.44784912278715" lon="-75.5944523714617"><ele>76.93183334078641</ele><time>2025-10-02T18:06:24.49900Z</time><extensions><mytracks:speed>0.1367122723935818</mytracks:speed><mytracks:gradient>0</mytracks:gradient><mytracks:length>0</mytracks:length></extensions></trkpt><trkpt lat="45.44784912278715" lon="-75.5944523714617"><ele>76.9318333407864</ele><time>2025-10-02T18:06:25.49900Z</time><extensions><mytracks:speed>0.09765013305616152</mytracks:speed><mytracks:length>0</mytracks:length></extensions></trkpt><trkpt lat="45.44784912278715" lon="-75.5944523714617"><ele>76.9318333407864</ele><time>2025-10-02T18:06:26.49900Z</time><extensions><mytracks:speed>0.07594940330464346</mytracks:speed><mytracks:length>0</mytracks:length></extensions></trkpt><trkpt lat="45.44784912278715" lon="-75.5944523714617"><ele>76.9318333407864</ele><time>2025-10-02T18:06:27.49900Z</time><extensions><mytracks:speed>0.06214002266123807</mytracks:speed><mytracks:length>0</mytracks:length></extensions></trkpt><trkpt lat="45.44784912278715" lon="-75.59445237146173"><ele>76.9318333407864</ele><time>2025-10-02T18:06:28.49900Z</time><extensions><mytracks:speed>0.3417607578137563</mytracks:speed><mytracks:gradient>0</mytracks:gradient><mytracks:length>9.493529796600342e-05</mytracks:length></extensions></trkpt><trkpt lat="45.44784912278715" lon="-75.59445237146171"><ele>76.93183334078641</ele><time>2025-10-02T18:06:29.49900Z</time><extensions><mytracks:speed>0.04945071551021264</mytracks:speed><mytracks:length>0</mytracks:length></extensions></trkpt><trkpt lat="45.44784912278715" lon="-75.5944523714617"><ele>76.9318333407864</ele><time>2025-10-02T18:06:30.49900Z</time><extensions><mytracks:speed>0.170879900209643</mytracks:speed><mytracks:gradient>0</mytracks:gradient><mytracks:length>0</mytracks:length></extensions></trkpt><trkpt lat="45.44784912278715" lon="-75.5944523714617"><ele>76.9318333407864</ele><time>2025-10-02T18:06:31.49900Z</time><extensions><mytracks:speed>0.1139199945832422</mytracks:speed><mytracks:gradient>0</mytracks:gradient><mytracks:length>0</mytracks:length></extensions></trkpt><trkpt lat="45.44784912278715" lon="-75.5944523714617"><ele>76.9318333407864</ele><time>2025-10-02T18:06:32.49900Z</time><extensions><mytracks:speed>0.085439990844917</mytracks:speed><mytracks:gradient>0</mytracks:gradient><mytracks:length>0</mytracks:length></extensions></trkpt><trkpt lat="45.44784912278715" lon="-75.5944523714617"><ele>76.9318333407864</ele><time>2025-10-02T18:06:33.49900Z</time><extensions><mytracks:speed>0.06835197393548587</mytracks:speed><mytracks:gradient>0</mytracks:gradient><mytracks:length>0</mytracks:length></extensions></trkpt><trkpt lat="45.44784912278715" lon="-75.5944523714617"><ele>76.9318333407864</ele><time>2025-10-02T18:06:34.49900Z</time><extensions><mytracks:speed>0.05695997692156849</mytracks:speed><mytracks:gradient>0</mytracks:gradient><mytracks:length>0</mytracks:length></extensions></trkpt><trkpt lat="45.44784912278715" lon="-75.5944523714617"><ele>76.9318333407864</ele><time>2025-10-02T18:06:35.49900Z</time><extensions><mytracks:speed>0.04882282322703135</mytracks:speed><mytracks:gradient>0</mytracks:gradient><mytracks:length>0</mytracks:length></extensions></trkpt><trkpt lat="45.44784912278715" lon="-75.5944523714617"><ele>76.9318333407864</ele><time>2025-10-02T18:06:36.49900Z</time><extensions><mytracks:speed>0.04271995595550861</mytracks:speed><mytracks:gradient>0</mytracks:gradient><mytracks:length>0</mytracks:length></extensions></trkpt><trkpt lat="45.44784912278715" lon="-75.5944523714617"><ele>76.9318333407864</ele><time>2025-10-02T18:06:37.49900Z</time><extensions><mytracks:speed>0.03797328877581796</mytracks:speed><mytracks:gradient>0</mytracks:gradient><mytracks:length>0</mytracks:length></extensions></trkpt><trkpt lat="45.44784912278715" lon="-75.5944523714617"><ele>76.9318333407864</ele><time>2025-10-02T18:06:38.49900Z</time><extensions><mytracks:speed>0.03417596130150387</mytracks:speed><mytracks:gradient>0</mytracks:gradient><mytracks:length>0</mytracks:length></extensions></trkpt><trkpt lat="45.44784912278715" lon="-75.5944523714617"><ele>76.9318333407864</ele><time>2025-10-02T18:06:39.50000Z</time><extensions><mytracks:speed>0.03106906013933811</mytracks:speed><mytracks:gradient>0</mytracks:gradient><mytracks:length>0</mytracks:length></extensions></trkpt><trkpt lat="45.44785027531683" lon="-75.59444835959873"><ele>76.81946067210814</ele><time>2025-10-02T18:06:40.45200Z</time><extensions><mytracks:speed>0.6312321885361657</mytracks:speed><mytracks:length>0.0003422940846678775</mytracks:length></extensions></trkpt><trkpt lat="45.44774391927002" lon="-75.59438379256775"><ele>76.4330954477191</ele><time>2025-10-02T18:06:45.00000Z</time><extensions><mytracks:speed>10.17488836386675</mytracks:speed><mytracks:length>0.01285418325272011</mytracks:length></extensions></trkpt><trkpt lat="45.44769401232667" lon="-75.59435764348692"><ele>76.25416594743729</ele><time>2025-10-02T18:06:46.00000Z</time><extensions><mytracks:speed>21.28549686186159</mytracks:speed><mytracks:length>0.005912724007831819</mytracks:length></extensions></trkpt><trkpt lat="45.44760899053958" lon="-75.5943147743159"><ele>76.23366716817586</ele><time>2025-10-02T18:06:47.51200Z</time><extensions><mytracks:speed>23.87378913551089</mytracks:speed><mytracks:length>0.01002815172926878</mytracks:length></extensions></trkpt><trkpt lat="45.44754776866016" lon="-75.59428205959188"><ele>76.14755068610376</ele><time>2025-10-02T18:06:48.51200Z</time><extensions><mytracks:speed>24.78979991406956</mytracks:speed><mytracks:length>0.007269837421193358</mytracks:length></extensions></trkpt><trkpt lat="45.44748584358546" lon="-75.59424746292454"><ele>76.06391430934585</ele><time>2025-10-02T18:06:49.49700Z</time><extensions><mytracks:speed>26.597922396729</mytracks:speed><mytracks:length>0.007395819213891179</mytracks:length></extensions></trkpt><trkpt lat="45.44745853234296" lon="-75.59413711716789"><ele>75.9451247401153</ele><time>2025-10-02T18:06:51.00200Z</time><extensions><mytracks:speed>21.82430114571084</mytracks:speed><mytracks:length>0.009128116527796571</mytracks:length></extensions></trkpt><trkpt lat="45.4474393665974" lon="-75.59376579776506"><ele>75.43900466710329</ele><time>2025-10-02T18:06:56.00000Z</time><extensions><mytracks:speed>20.92385787096342</mytracks:speed><mytracks:length>0.02904492651554012</mytracks:length></extensions></trkpt><trkpt lat="45.44751939140666" lon="-75.5936088929556"><ele>75.70956972369905</ele><time>2025-10-02T18:06:57.48400Z</time><extensions><mytracks:speed>36.70144201954346</mytracks:speed><mytracks:gradient>0.01787963911436291</mytracks:gradient><mytracks:length>0.01513257929117871</mytracks:length></extensions></trkpt><trkpt lat="45.44757313495136" lon="-75.5935003007076"><ele>75.59000905374229</ele><time>2025-10-02T18:06:58.49900Z</time><extensions><mytracks:speed>36.76099417840878</mytracks:speed><mytracks:length>0.01036752569321908</mytracks:length></extensions></trkpt><trkpt lat="45.4476262818122" lon="-75.59338746250249"><ele>75.24680197321238</ele><time>2025-10-02T18:06:59.50700Z</time><extensions><mytracks:speed>37.8731536590257</mytracks:speed><mytracks:length>0.01060261957287452</mytracks:length></extensions></trkpt><trkpt lat="45.44767310821601" lon="-75.59328984931912"><ele>74.73680024757397</ele><time>2025-10-02T18:07:00.50100Z</time><extensions><mytracks:speed>35.66329697038451</mytracks:speed><mytracks:length>0.00922485855569681</mytracks:length></extensions></trkpt><trkpt lat="45.44771382338545" lon="-75.59320505495592"><ele>74.28133767879169</ele><time>2025-10-02T18:07:01.49800Z</time><extensions><mytracks:speed>31.18231814922194</mytracks:speed><mytracks:length>0.008015710529482196</mytracks:length></extensions></trkpt><trkpt lat="45.4477498950472" lon="-75.59312995112806"><ele>73.98430451302825</ele><time>2025-10-02T18:07:02.49700Z</time><extensions><mytracks:speed>27.25589098016739</mytracks:speed><mytracks:length>0.007100500279178323</mytracks:length></extensions></trkpt><trkpt lat="45.44778124478096" lon="-75.59306599325591"><ele>73.63420187723443</ele><time>2025-10-02T18:07:03.49800Z</time><extensions><mytracks:speed>21.90494926133193</mytracks:speed><mytracks:length>0.006086974133209903</mytracks:length></extensions></trkpt><trkpt lat="45.44781005068491" lon="-75.59300886258023"><ele>73.56925810203317</ele><time>2025-10-02T18:07:04.50400Z</time><extensions><mytracks:speed>19.63106624241297</mytracks:speed><mytracks:length>0.005489033813345206</mytracks:length></extensions></trkpt><trkpt lat="45.44783898001762" lon="-75.59294935448749"><ele>73.65171823821267</ele><time>2025-10-02T18:07:05.51000Z</time><extensions><mytracks:speed>20.21191595784865</mytracks:speed><mytracks:gradient>0.01460284298618024</mytracks:gradient><mytracks:length>0.005646854948555571</mytracks:length></extensions></trkpt><trkpt lat="45.44787361198797" lon="-75.59288289909944"><ele>73.58993615613269</ele><time>2025-10-02T18:07:06.50300Z</time><extensions><mytracks:speed>21.80167108171133</mytracks:speed><mytracks:gradient>0.001708343124433657</mytracks:gradient><mytracks:length>0.00645769408311608</mytracks:length></extensions></trkpt><trkpt lat="45.44791182954188" lon="-75.59280310314257"><ele>73.64919743473511</ele><time>2025-10-02T18:07:07.50300Z</time><extensions><mytracks:speed>27.1293908253459</mytracks:speed><mytracks:gradient>0.007862662714042167</mytracks:gradient><mytracks:length>0.007537049566756051</mytracks:length></extensions></trkpt><trkpt lat="45.44795318725676" lon="-75.59271326149855"><ele>73.55652692653814</ele><time>2025-10-02T18:07:08.50800Z</time><extensions><mytracks:speed>30.04004744925195</mytracks:speed><mytracks:length>0.008382308357247579</mytracks:length></extensions></trkpt><trkpt lat="45.44798841032391" lon="-75.59262422907577"><ele>73.38339029215652</ele><time>2025-10-02T18:07:09.50600Z</time><extensions><mytracks:speed>29.38537945997101</mytracks:speed><mytracks:length>0.00797343476692821</mytracks:length></extensions></trkpt><trkpt lat="45.4480240827971" lon="-75.5925286815323"><ele>73.38213929551456</ele><time>2025-10-02T18:07:10.49900Z</time><extensions><mytracks:speed>29.67141546255058</mytracks:speed><mytracks:length>0.008443906390881575</mytracks:length></extensions></trkpt><trkpt lat="45.44806246468635" lon="-75.59242910449048"><ele>73.31378584727938</ele><time>2025-10-02T18:07:11.49500Z</time><extensions><mytracks:speed>31.31635748746535</mytracks:speed><mytracks:length>0.008863622286779112</mytracks:length></extensions></trkpt><trkpt lat="45.44810431611102" lon="-75.59232195940447"><ele>73.28569818708124</ele><time>2025-10-02T18:07:12.49600Z</time><extensions><mytracks:speed>34.42615674318846</mytracks:speed><mytracks:length>0.009566350686763442</mytracks:length></extensions></trkpt><trkpt lat="45.4481567178253" lon="-75.59220064517253"><ele>72.85946484392019</ele><time>2025-10-02T18:07:13.49800Z</time><extensions><mytracks:speed>39.9013832135273</mytracks:speed><mytracks:length>0.01111351379185614</mytracks:length></extensions></trkpt><trkpt lat="45.44820487226531" lon="-75.59208261999709"><ele>72.28967396761185</ele><time>2025-10-02T18:07:14.49500Z</time><extensions><mytracks:speed>39.18973050280055</mytracks:speed><mytracks:length>0.01065096196774218</mytracks:length></extensions></trkpt><trkpt lat="45.44824929106493" lon="-75.59196742890056"><ele>71.7639293138495</ele><time>2025-10-02T18:07:15.49500Z</time><extensions><mytracks:speed>37.69526969736521</mytracks:speed><mytracks:length>0.01025433064136242</mytracks:length></extensions></trkpt><trkpt lat="45.4482933656613" lon="-75.59185544798592"><ele>71.22489067659455</ele><time>2025-10-02T18:07:16.48800Z</time><extensions><mytracks:speed>36.60972361460499</mytracks:speed><mytracks:length>0.01001646128253082</mytracks:length></extensions></trkpt><trkpt lat="45.44833756048377" lon="-75.59174665178423"><ele>71.13873276474565</ele><time>2025-10-02T18:07:17.49500Z</time><extensions><mytracks:speed>35.05615598258834</mytracks:speed><mytracks:length>0.009807326325583654</mytracks:length></extensions></trkpt><trkpt lat="45.44838185206151" lon="-75.59163959428321"><ele>71.00933087999059</ele><time>2025-10-02T18:07:18.49800Z</time><extensions><mytracks:speed>34.81283768288093</mytracks:speed><mytracks:length>0.009695492439423126</mytracks:length></extensions></trkpt><trkpt lat="45.44842669678172" lon="-75.59153441320363"><ele>70.79904188804805</ele><time>2025-10-02T18:07:19.51100Z</time><extensions><mytracks:speed>34.1281030277053</mytracks:speed><mytracks:length>0.009602084746706393</mytracks:length></extensions></trkpt><trkpt lat="45.44846900647876" lon="-75.59143353323215"><ele>70.5677862443282</ele><time>2025-10-02T18:07:20.51200Z</time><extensions><mytracks:speed>32.94975544567871</mytracks:speed><mytracks:length>0.009168508800815128</mytracks:length></extensions></trkpt><trkpt lat="45.44851280475918" lon="-75.59133299023686"><ele>70.34119720868283</ele><time>2025-10-02T18:07:21.50500Z</time><extensions><mytracks:speed>33.20795041539676</mytracks:speed><mytracks:length>0.009231695040663505</mytracks:length></extensions></trkpt><trkpt lat="45.44855871620429" lon="-75.59122757029391"><ele>70.18459841137103</ele><time>2025-10-02T18:07:22.50000Z</time><extensions><mytracks:speed>34.26141878080627</mytracks:speed><mytracks:length>0.009679211164393233</mytracks:length></extensions></trkpt><trkpt lat="45.44860829768365" lon="-75.59111452023474"><ele>70.15988154388194</ele><time>2025-10-02T18:07:23.50000Z</time><extensions><mytracks:speed>37.4065767194829</mytracks:speed><mytracks:length>0.01040050744052183</mytracks:length></extensions></trkpt><trkpt lat="45.44866091983616" lon="-75.59099413527309"><ele>70.07509541368158</ele><time>2025-10-02T18:07:24.50200Z</time><extensions><mytracks:speed>39.79102078893218</mytracks:speed><mytracks:length>0.0110647486869693</mytracks:length></extensions></trkpt><trkpt lat="45.44871494259156" lon="-75.59086847797936"><ele>69.92952641805368</ele><time>2025-10-02T18:07:25.49300Z</time><extensions><mytracks:speed>40.75573964007331</mytracks:speed><mytracks:length>0.01149619028938193</mytracks:length></extensions></trkpt><trkpt lat="45.44877089779798" lon="-75.5907373420184"><ele>69.69624329375729</ele><time>2025-10-02T18:07:26.48600Z</time><extensions><mytracks:speed>42.57094773689885</mytracks:speed><mytracks:length>0.01197314403083642</mytracks:length></extensions></trkpt><trkpt lat="45.44882908668927" lon="-75.59060302268939"><ele>69.41184064775224</ele><time>2025-10-02T18:07:27.48500Z</time><extensions><mytracks:speed>43.90095391538536</mytracks:speed><mytracks:length>0.01231490497851531</mytracks:length></extensions></trkpt><trkpt lat="45.448888040279" lon="-75.5904658029667"><ele>69.18636698229378</ele><time>2025-10-02T18:07:28.49700Z</time><extensions><mytracks:speed>44.65786691699473</mytracks:speed><mytracks:length>0.01255229900073271</mytracks:length></extensions></trkpt><trkpt lat="45.44894639069575" lon="-75.59032774926025"><ele>68.93422640544031</ele><time>2025-10-02T18:07:29.50400Z</time><extensions><mytracks:speed>44.92416905097059</mytracks:speed><mytracks:length>0.01257274571123546</mytracks:length></extensions></trkpt><trkpt lat="45.44900504329027" lon="-75.59019261376785"><ele>68.77721179341003</ele><time>2025-10-02T18:07:30.49000Z</time><extensions><mytracks:speed>45.09434709960814</mytracks:speed><mytracks:length>0.01239623810428949</mytracks:length></extensions></trkpt><trkpt lat="45.44906531375919" lon="-75.59005395633213"><ele>68.52998850631215</ele><time>2025-10-02T18:07:31.49600Z</time><extensions><mytracks:speed>45.54996488462325</mytracks:speed><mytracks:length>0.01272451765373238</mytracks:length></extensions></trkpt><trkpt lat="45.44912590336784" lon="-75.58991389983605"><ele>68.26408932074793</ele><time>2025-10-02T18:07:32.51100Z</time><extensions><mytracks:speed>45.50647850632336</mytracks:speed><mytracks:length>0.0128359404070335</mytracks:length></extensions></trkpt><trkpt lat="45.44918600854012" lon="-75.58977643386649"><ele>68.13643651629876</ele><time>2025-10-02T18:07:33.52000Z</time><extensions><mytracks:speed>45.10781507856075</mytracks:speed><mytracks:length>0.01263602724478591</mytracks:length></extensions></trkpt><trkpt lat="45.4492435541539" lon="-75.58964327537318"><ele>67.96914660594256</ele><time>2025-10-02T18:07:34.50500Z</time><extensions><mytracks:speed>44.8560143692658</mytracks:speed><mytracks:length>0.01220020159096941</mytracks:length></extensions></trkpt><trkpt lat="45.44930154048269" lon="-75.58950886866253"><ele>67.80955502696463</ele><time>2025-10-02T18:07:35.48800Z</time><extensions><mytracks:speed>44.82264245400931</mytracks:speed><mytracks:length>0.01230831653133209</mytracks:length></extensions></trkpt><trkpt lat="45.44936305401162" lon="-75.5893671595117"><ele>67.72490770277815</ele><time>2025-10-02T18:07:36.48600Z</time><extensions><mytracks:speed>45.98610689958812</mytracks:speed><mytracks:length>0.01299955104986585</mytracks:length></extensions></trkpt><trkpt lat="45.44942865070076" lon="-75.58921600247525"><ele>67.5404243575227</ele><time>2025-10-02T18:07:37.49000Z</time><extensions><mytracks:speed>49.68633180661892</mytracks:speed><mytracks:length>0.01386510444828353</mytracks:length></extensions></trkpt><trkpt lat="45.44949878273862" lon="-75.58905436678361"><ele>67.3305086091672</ele><time>2025-10-02T18:07:38.51900Z</time><extensions><mytracks:speed>51.89625709371028</mytracks:speed><mytracks:length>0.01482541663081043</mytracks:length></extensions></trkpt><trkpt lat="45.44956608962259" lon="-75.5888990901431"><ele>67.1685994809317</ele><time>2025-10-02T18:07:39.52000Z</time><extensions><mytracks:speed>51.21605722805549</mytracks:speed><mytracks:length>0.01423807936563415</mytracks:length></extensions></trkpt><trkpt lat="45.44962765753632" lon="-75.58875565027721"><ele>66.85641910776363</ele><time>2025-10-02T18:07:40.51000Z</time><extensions><mytracks:speed>49.45433834612435</mytracks:speed><mytracks:length>0.01311791474672839</mytracks:length></extensions></trkpt><trkpt lat="45.44968058819223" lon="-75.58863136045716"><ele>66.61810409633864</ele><time>2025-10-02T18:07:41.49700Z</time><extensions><mytracks:speed>44.5402146895149</mytracks:speed><mytracks:length>0.01134228521761461</mytracks:length></extensions></trkpt><trkpt lat="45.44972339596048" lon="-75.58852839617224"><ele>66.34788218347769</ele><time>2025-10-02T18:07:42.49800Z</time><extensions><mytracks:speed>33.547828767197</mytracks:speed><mytracks:length>0.009336537841008782</mytracks:length></extensions></trkpt><trkpt lat="45.44975518113576" lon="-75.58845020831373"><ele>66.07732887572432</ele><time>2025-10-02T18:07:43.49800Z</time><extensions><mytracks:speed>25.37596147788458</mytracks:speed><mytracks:length>0.007048905917929383</mytracks:length></extensions></trkpt><trkpt lat="45.44977765576211" lon="-75.58839470968105"><ele>65.98676157504129</ele><time>2025-10-02T18:07:44.50000Z</time><extensions><mytracks:speed>17.96682283142349</mytracks:speed><mytracks:length>0.004999224644693109</mytracks:length></extensions></trkpt><trkpt lat="45.4497927924202" lon="-75.58835802104994"><ele>65.88235163111278</ele><time>2025-10-02T18:07:45.50200Z</time><extensions><mytracks:speed>11.92604753391412</mytracks:speed><mytracks:length>0.003320021883703544</mytracks:length></extensions></trkpt><trkpt lat="45.44980293475151" lon="-75.5883350894907"><ele>65.89042049312582</ele><time>2025-10-02T18:07:46.50200Z</time><extensions><mytracks:speed>9.774356309946601</mytracks:speed><mytracks:length>0.002114309475159063</mytracks:length></extensions></trkpt><trkpt lat="45.44980913050655" lon="-75.58832208056981"><ele>65.95497531748681</ele><time>2025-10-02T18:07:47.49800Z</time><extensions><mytracks:speed>6.026970816438916</mytracks:speed><mytracks:gradient>0.02174153734106127</mytracks:gradient><mytracks:length>0.001226834423865861</mytracks:length></extensions></trkpt><trkpt lat="45.44981240546843" lon="-75.58831552878608"><ele>66.01522614825495</ele><time>2025-10-02T18:07:48.49600Z</time><extensions><mytracks:speed>3.345057529701957</mytracks:speed><mytracks:gradient>0.06735100160187331</mytracks:gradient><mytracks:length>0.0006297295254276472</mytracks:length></extensions></trkpt><trkpt lat="45.44981366475221" lon="-75.58831309974069"><ele>66.09529182820428</ele><time>2025-10-02T18:07:49.49800Z</time><extensions><mytracks:speed>0.7628836407396887</mytracks:speed><mytracks:gradient>0.3771669902917496</mytracks:gradient><mytracks:length>0.0002122817797161812</mytracks:length></extensions></trkpt><trkpt lat="45.44981380385794" lon="-75.58831367370871"><ele>66.20516503233299</ele><time>2025-10-02T18:07:50.50000Z</time><extensions><mytracks:speed>0.3409870218099911</mytracks:speed><mytracks:gradient>1.15734828333345</mytracks:gradient><mytracks:length>9.493529796600342e-05</mytracks:length></extensions></trkpt><trkpt lat="45.44981422622043" lon="-75.5883140171901"><ele>66.31323000259215</ele><time>2025-10-02T18:07:51.50000Z</time><extensions><mytracks:speed>0.3416387027274374</mytracks:speed><mytracks:gradient>1.138301270175216</mytracks:gradient><mytracks:length>9.493529796600342e-05</mytracks:length></extensions></trkpt><trkpt lat="45.44981501482511" lon="-75.58831410433093"><ele>66.42907028066747</ele><time>2025-10-02T18:07:52.50100Z</time><extensions><mytracks:speed>0.4833176862913923</mytracks:speed><mytracks:gradient>0.8628133888717587</mytracks:gradient><mytracks:length>0.0001342587859314529</mytracks:length></extensions></trkpt><trkpt lat="45.44981569326453" lon="-75.58831401811297"><ele>66.54531827710858</ele><time>2025-10-02T18:07:53.50200Z</time><extensions><mytracks:speed>0.3413802194159308</mytracks:speed><mytracks:gradient>1.22449709361772</mytracks:gradient><mytracks:length>9.493529796600342e-05</mytracks:length></extensions></trkpt><trkpt lat="45.44981647228033" lon="-75.58831407274219"><ele>66.61363821263022</ele><time>2025-10-02T18:07:54.50200Z</time><extensions><mytracks:speed>0.2414574906509145</mytracks:speed><mytracks:gradient>1.374717719084539</mytracks:gradient><mytracks:length>0</mytracks:length></extensions></trkpt><trkpt lat="45.44981679314252" lon="-75.58831409460119"><ele>66.58408125869029</ele><time>2025-10-02T18:07:57.42300Z</time><extensions><mytracks:speed>0.1232714830151151</mytracks:speed><mytracks:gradient>0.2887183979266942</mytracks:gradient><mytracks:length>0</mytracks:length></extensions></trkpt><trkpt lat="45.44981806521135" lon="-75.58831418126192"><ele>66.46690173260868</ele><time>2025-10-02T18:08:10.00000Z</time><extensions><mytracks:speed>0.04706465796633311</mytracks:speed><mytracks:length>0.0001644327595088082</mytracks:length></extensions></trkpt><trkpt lat="45.44981806521135" lon="-75.58831418126192"><ele>66.46690173260868</ele><time>2025-10-02T18:08:11.50000Z</time><extensions><mytracks:speed>0.2278819863897951</mytracks:speed><mytracks:gradient>0</mytracks:gradient><mytracks:length>9.493529796600342e-05</mytracks:length></extensions></trkpt><trkpt lat="45.44981806521135" lon="-75.58831418126192"><ele>66.46690173260868</ele><time>2025-10-02T18:08:12.50000Z</time><extensions><mytracks:speed>0.341593437860127</mytracks:speed><mytracks:gradient>0</mytracks:gradient><mytracks:length>9.493529796600342e-05</mytracks:length></extensions></trkpt><trkpt lat="45.44981806521134" lon="-75.58831418126192"><ele>66.46690173260868</ele><time>2025-10-02T18:08:13.50000Z</time><extensions><mytracks:speed>0.3417148496583388</mytracks:speed><mytracks:gradient>0</mytracks:gradient><mytracks:length>9.493529796600342e-05</mytracks:length></extensions></trkpt><trkpt lat="45.44981806521134" lon="-75.58831418126192"><ele>66.46690173260868</ele><time>2025-10-02T18:08:14.50000Z</time><extensions><mytracks:speed>0.3417577430578279</mytracks:speed><mytracks:gradient>0</mytracks:gradient><mytracks:length>9.493529796600342e-05</mytracks:length></extensions></trkpt><trkpt lat="45.44981806521134" lon="-75.58831418126192"><ele>66.46690173260866</ele><time>2025-10-02T18:08:15.50000Z</time><extensions><mytracks:speed>0.1708850641703382</mytracks:speed><mytracks:length>9.493529796600342e-05</mytracks:length></extensions></trkpt><trkpt lat="45.44981806521135" lon="-75.58831418126192"><ele>66.46690173260866</ele><time>2025-10-02T18:08:16.50000Z</time><extensions><mytracks:speed>0.1709127022663706</mytracks:speed><mytracks:length>9.493529796600342e-05</mytracks:length></extensions></trkpt><trkpt lat="45.44981806521135" lon="-75.58831418126194"><ele>66.46690173260868</ele><time>2025-10-02T18:08:17.50000Z</time><extensions><mytracks:speed>0.3417073556204629</mytracks:speed><mytracks:gradient>1.496898942718961e-13</mytracks:gradient><mytracks:length>9.493529796600342e-05</mytracks:length></extensions></trkpt><trkpt lat="45.44981806521135" lon="-75.58831418126194"><ele>66.46690173260869</ele><time>2025-10-02T18:08:18.50000Z</time><extensions><mytracks:speed>0.170884473405573</mytracks:speed><mytracks:gradient>2.993797885437922e-13</mytracks:gradient><mytracks:length>9.493529796600342e-05</mytracks:length></extensions></trkpt><trkpt lat="45.44981806521135" lon="-75.58831418126192"><ele>66.46690173260868</ele><time>2025-10-02T18:08:19.50100Z</time><extensions><mytracks:speed>0.3415142125160769</mytracks:speed><mytracks:length>9.493529796600342e-05</mytracks:length></extensions></trkpt><trkpt lat="45.44981806521134" lon="-75.58831418126192"><ele>66.46690173260868</ele><time>2025-10-02T18:08:20.50000Z</time><extensions><mytracks:speed>0.1708745023200775</mytracks:speed><mytracks:length>9.493529796600342e-05</mytracks:length></extensions></trkpt><trkpt lat="45.44981806521135" lon="-75.58831418126194"><ele>66.46690173260869</ele><time>2025-10-02T18:08:21.50000Z</time><extensions><mytracks:speed>0.3417159493545961</mytracks:speed><mytracks:gradient>1.496898942718961e-13</mytracks:gradient><mytracks:length>9.493529796600342e-05</mytracks:length></extensions></trkpt><trkpt lat="45.44981806521135" lon="-75.58831418126192"><ele>66.46690173260868</ele><time>2025-10-02T18:08:22.49900Z</time><extensions><mytracks:speed>0.1709539672029797</mytracks:speed><mytracks:gradient>0</mytracks:gradient><mytracks:length>9.493529796600342e-05</mytracks:length></extensions></trkpt><trkpt lat="45.44981806521135" lon="-75.58831418126192"><ele>66.46690173260868</ele><time>2025-10-02T18:08:23.49900Z</time><extensions><mytracks:speed>0.170992314873734</mytracks:speed><mytracks:length>9.493529796600342e-05</mytracks:length></extensions></trkpt><trkpt lat="45.44981806521135" lon="-75.58831418126192"><ele>66.46690173260868</ele><time>2025-10-02T18:08:24.49900Z</time><extensions><mytracks:speed>0.1709485544398952</mytracks:speed><mytracks:gradient>0</mytracks:gradient><mytracks:length>9.493529796600342e-05</mytracks:length></extensions></trkpt><trkpt lat="45.44981806521135" lon="-75.58831418126192"><ele>66.46690173260868</ele><time>2025-10-02T18:08:25.99800Z</time><extensions><mytracks:speed>0.2279789342836677</mytracks:speed><mytracks:gradient>0</mytracks:gradient><mytracks:length>9.493529796600342e-05</mytracks:length></extensions></trkpt><trkpt lat="45.44981806521135" lon="-75.58831418126194"><ele>66.46690173260869</ele><time>2025-10-02T18:08:26.99800Z</time><extensions><mytracks:speed>0.1367570022762066</mytracks:speed><mytracks:gradient>1.496898942718961e-13</mytracks:gradient><mytracks:length>9.493529796600342e-05</mytracks:length></extensions></trkpt><trkpt lat="45.44981806521135" lon="-75.58831418126194"><ele>66.46690173260868</ele><time>2025-10-02T18:08:27.99700Z</time><extensions><mytracks:speed>0.1709276813055931</mytracks:speed><mytracks:gradient>0</mytracks:gradient><mytracks:length>9.493529796600342e-05</mytracks:length></extensions></trkpt><trkpt lat="45.44981806521134" lon="-75.58831418126191"><ele>66.46690173260868</ele><time>2025-10-02T18:08:29.49800Z</time><extensions><mytracks:speed>0.01845529345804939</mytracks:speed><mytracks:length>0</mytracks:length></extensions></trkpt><trkpt lat="45.44981806521135" lon="-75.58831418126192"><ele>66.46690173260868</ele><time>2025-10-02T18:08:30.49900Z</time><extensions><mytracks:speed>0.3413966020026171</mytracks:speed><mytracks:gradient>0</mytracks:gradient><mytracks:length>9.493529796600342e-05</mytracks:length></extensions></trkpt><trkpt lat="45.44981806521135" lon="-75.58831418126192"><ele>66.46690173260868</ele><time>2025-10-02T18:08:31.49900Z</time><extensions><mytracks:speed>0.1708055819069945</mytracks:speed><mytracks:gradient>0</mytracks:gradient><mytracks:length>9.493529796600342e-05</mytracks:length></extensions></trkpt><trkpt lat="45.44981806521135" lon="-75.58831418126194"><ele>66.46690173260869</ele><time>2025-10-02T18:08:32.49800Z</time><extensions><mytracks:speed>0.1709889800541186</mytracks:speed><mytracks:gradient>1.496898942718961e-13</mytracks:gradient><mytracks:length>9.493529796600342e-05</mytracks:length></extensions></trkpt><trkpt lat="45.44981806521134" lon="-75.58831418126191"><ele>66.46690173260868</ele><time>2025-10-02T18:08:33.49600Z</time><extensions><mytracks:speed>0.01640956267959039</mytracks:speed><mytracks:length>0</mytracks:length></extensions></trkpt><trkpt lat="45.44981806521135" lon="-75.58831418126192"><ele>66.46690173260869</ele><time>2025-10-02T18:08:34.49800Z</time><extensions><mytracks:speed>0.3413710328469674</mytracks:speed><mytracks:gradient>1.496898942718961e-13</mytracks:gradient><mytracks:length>9.493529796600342e-05</mytracks:length></extensions></trkpt><trkpt lat="45.44981806521135" lon="-75.58831418126192"><ele>66.46690173260866</ele><time>2025-10-02T18:08:35.49900Z</time><extensions><mytracks:speed>0.3414066437200564</mytracks:speed><mytracks:length>9.493529796600342e-05</mytracks:length></extensions></trkpt><trkpt lat="45.44981806521135" lon="-75.58831418126192"><ele>66.46690173260868</ele><time>2025-10-02T18:08:36.49900Z</time><extensions><mytracks:speed>0.3416563315909391</mytracks:speed><mytracks:gradient>1.496898942718961e-13</mytracks:gradient><mytracks:length>9.493529796600342e-05</mytracks:length></extensions></trkpt><trkpt lat="45.44981806521135" lon="-75.58831418126194"><ele>66.46690173260868</ele><time>2025-10-02T18:08:37.49900Z</time><extensions><mytracks:speed>0.3416255942208382</mytracks:speed><mytracks:gradient>0</mytracks:gradient><mytracks:length>9.493529796600342e-05</mytracks:length></extensions></trkpt><trkpt lat="45.44981806521135" lon="-75.58831418126192"><ele>66.46690173260868</ele><time>2025-10-02T18:08:38.49800Z</time><extensions><mytracks:speed>0.1709293525993013</mytracks:speed><mytracks:gradient>0</mytracks:gradient><mytracks:length>9.493529796600342e-05</mytracks:length></extensions></trkpt><trkpt lat="45.44981806521135" lon="-75.58831418126192"><ele>66.46690173260868</ele><time>2025-10-02T18:08:39.49800Z</time><extensions><mytracks:speed>0.1710158152720204</mytracks:speed><mytracks:gradient>0</mytracks:gradient><mytracks:length>9.493529796600342e-05</mytracks:length></extensions></trkpt><trkpt lat="45.44981806521135" lon="-75.58831418126192"><ele>66.46690173260869</ele><time>2025-10-02T18:08:40.49800Z</time><extensions><mytracks:speed>0.341678889418174</mytracks:speed><mytracks:gradient>1.496898942718961e-13</mytracks:gradient><mytracks:length>9.493529796600342e-05</mytracks:length></extensions></trkpt><trkpt lat="45.44981806521135" lon="-75.58831418126194"><ele>66.46690173260869</ele><time>2025-10-02T18:08:41.50000Z</time><extensions><mytracks:speed>0.3411457103123828</mytracks:speed><mytracks:gradient>0</mytracks:gradient><mytracks:length>9.493529796600342e-05</mytracks:length></extensions></trkpt><trkpt lat="45.44981806521134" lon="-75.58831418126191"><ele>66.46690173260868</ele><time>2025-10-02T18:08:42.50000Z</time><extensions><mytracks:speed>0.01313192334099913</mytracks:speed><mytracks:length>0</mytracks:length></extensions></trkpt><trkpt lat="45.44981806521135" lon="-75.58831418126194"><ele>66.46690173260869</ele><time>2025-10-02T18:08:43.49900Z</time><extensions><mytracks:speed>0.1709436924195316</mytracks:speed><mytracks:gradient>0</mytracks:gradient><mytracks:length>9.493529796600342e-05</mytracks:length></extensions></trkpt><trkpt lat="45.44981884487734" lon="-75.5883097816177"><ele>66.7546017074751</ele><time>2025-10-02T18:08:44.49900Z</time><extensions><mytracks:speed>0.639766268986244</mytracks:speed><mytracks:gradient>0.8099311239167289</mytracks:gradient><mytracks:length>0.0003552153589000818</mytracks:length></extensions></trkpt><trkpt lat="45.44982511229002" lon="-75.58829052376615"><ele>67.04583566864953</ele><time>2025-10-02T18:08:45.50000Z</time><extensions><mytracks:speed>5.960818542136654</mytracks:speed><mytracks:gradient>0.1756565625609808</mytracks:gradient><mytracks:length>0.001657973701229196</mytracks:length></extensions></trkpt><trkpt lat="45.44984118966157" lon="-75.58824637830921"><ele>67.34529622835917</ele><time>2025-10-02T18:08:46.50100Z</time><extensions><mytracks:speed>13.96200449134113</mytracks:speed><mytracks:gradient>0.07714251215348601</mytracks:gradient><mytracks:length>0.003881913504629255</mytracks:length></extensions></trkpt><trkpt lat="45.44986810419677" lon="-75.58817159253076"><ele>67.5534147487672</ele><time>2025-10-02T18:08:47.50200Z</time><extensions><mytracks:speed>23.59548580544491</mytracks:speed><mytracks:gradient>0.03173790848794413</mytracks:gradient><mytracks:length>0.006557411320505781</mytracks:length></extensions></trkpt><trkpt lat="45.44990446252871" lon="-75.58807078094"><ele>67.45000605795025</ele><time>2025-10-02T18:08:48.50100Z</time><extensions><mytracks:speed>27.71691758486188</mytracks:speed><mytracks:gradient>0.006799720439398798</mytracks:gradient><mytracks:length>0.008842752902795126</mytracks:length></extensions></trkpt><trkpt lat="45.44994469615649" lon="-75.58795659571817"><ele>67.26836108263298</ele><time>2025-10-02T18:08:49.50300Z</time><extensions><mytracks:speed>35.8336499915286</mytracks:speed><mytracks:length>0.009967754203332369</mytracks:length></extensions></trkpt><trkpt lat="45.44998362863709" lon="-75.58784164257641"><ele>66.98698647041749</ele><time>2025-10-02T18:08:50.49800Z</time><extensions><mytracks:speed>35.91931389543044</mytracks:speed><mytracks:length>0.009956898051042431</mytracks:length></extensions></trkpt><trkpt lat="45.45002123301633" lon="-75.58772875789538"><ele>66.7655147082002</ele><time>2025-10-02T18:08:51.50100Z</time><extensions><mytracks:speed>34.99673082757582</mytracks:speed><mytracks:length>0.009748334353831906</mytracks:length></extensions></trkpt><trkpt lat="45.45005804603477" lon="-75.58761455814636"><ele>66.46721449407809</ele><time>2025-10-02T18:08:52.50400Z</time><extensions><mytracks:speed>35.19402559337178</mytracks:speed><mytracks:length>0.009803649727019373</mytracks:length></extensions></trkpt><trkpt lat="45.45009422018808" lon="-75.58749515458153"><ele>66.1614310608921</ele><time>2025-10-02T18:08:53.50500Z</time><extensions><mytracks:speed>36.47073094091422</mytracks:speed><mytracks:length>0.01014520366157376</mytracks:length></extensions></trkpt><trkpt lat="45.45013038442458" lon="-75.5873684654984"><ele>65.85929992900124</ele><time>2025-10-02T18:08:54.49700Z</time><extensions><mytracks:speed>37.58838741236428</mytracks:speed><mytracks:length>0.01066913948745099</mytracks:length></extensions></trkpt><trkpt lat="45.45016625418418" lon="-75.58723227523373"><ele>65.45987980017163</ele><time>2025-10-02T18:08:55.49600Z</time><extensions><mytracks:speed>39.82373272272409</mytracks:speed><mytracks:length>0.01134824323936165</mytracks:length></extensions></trkpt><trkpt lat="45.45023027156296" lon="-75.58695105159333"><ele>64.44779578420891</ele><time>2025-10-02T18:08:57.46800Z</time><extensions><mytracks:speed>42.08648025620334</mytracks:speed><mytracks:length>0.02306341645766117</mytracks:length></extensions></trkpt><trkpt lat="45.45025547517739" lon="-75.58679590827775"><ele>63.9261027236258</ele><time>2025-10-02T18:08:58.51200Z</time><extensions><mytracks:speed>42.85961409101964</mytracks:speed><mytracks:length>0.01242274716102003</mytracks:length></extensions></trkpt><trkpt lat="45.45026838952068" lon="-75.58663123267488"><ele>63.491761695023</ele><time>2025-10-02T18:08:59.57000Z</time><extensions><mytracks:speed>43.97461744978087</mytracks:speed><mytracks:length>0.01292585133786125</mytracks:length></extensions></trkpt><trkpt lat="45.45023560560266" lon="-75.58630454936662"><ele>63.17435906425658</ele><time>2025-10-02T18:09:01.52300Z</time><extensions><mytracks:speed>47.46143848007525</mytracks:speed><mytracks:length>0.02574269993018403</mytracks:length></extensions></trkpt><trkpt lat="45.45018510234552" lon="-75.58613712001723"><ele>63.05057391519048</ele><time>2025-10-02T18:09:02.50800Z</time><extensions><mytracks:speed>48.57666508602807</mytracks:speed><mytracks:length>0.01421685803539247</mytracks:length></extensions></trkpt><trkpt lat="45.45011229404201" lon="-75.58597952950463"><ele>63.10570393344384</ele><time>2025-10-02T18:09:03.49200Z</time><extensions><mytracks:speed>52.69954617133754</mytracks:speed><mytracks:length>0.01471956411139761</mytracks:length></extensions></trkpt><trkpt lat="45.45001662328333" lon="-75.58583843914352"><ele>63.25796804782775</ele><time>2025-10-02T18:09:04.48900Z</time><extensions><mytracks:speed>54.33454941211531</mytracks:speed><mytracks:gradient>0.006937040211736696</mytracks:gradient><mytracks:length>0.01530697366120923</mytracks:length></extensions></trkpt><trkpt lat="45.44990320257424" lon="-75.58571753150068"><ele>63.54756323284821</ele><time>2025-10-02T18:09:05.49600Z</time><extensions><mytracks:speed>56.29417255967638</mytracks:speed><mytracks:gradient>0.01838887606352086</mytracks:gradient><mytracks:length>0.01574838962534282</mytracks:length></extensions></trkpt><trkpt lat="45.44977508134529" lon="-75.58562777533956"><ele>64.06911231971856</ele><time>2025-10-02T18:09:06.50700Z</time><extensions><mytracks:speed>56.48773520116335</mytracks:speed><mytracks:gradient>0.03285539210264761</mytracks:gradient><mytracks:length>0.01587407891042383</mytracks:length></extensions></trkpt><trkpt lat="45.44963557051287" lon="-75.58557236801809"><ele>64.55657884705552</ele><time>2025-10-02T18:09:07.50700Z</time><extensions><mytracks:speed>57.96826053280304</mytracks:speed><mytracks:gradient>0.03027031651492254</mytracks:gradient><mytracks:length>0.01610378031880353</mytracks:length></extensions></trkpt><trkpt lat="45.44948774892205" lon="-75.58554958658631"><ele>65.05629325875728</ele><time>2025-10-02T18:09:08.51100Z</time><extensions><mytracks:speed>59.28470324491357</mytracks:speed><mytracks:gradient>0.0302254149015118</mytracks:gradient><mytracks:length>0.01653292149438006</mytracks:length></extensions></trkpt><trkpt lat="45.44933488672271" lon="-75.5855629472523"><ele>65.58292022612414</ele><time>2025-10-02T18:09:09.51000Z</time><extensions><mytracks:speed>60.11867250740139</mytracks:speed><mytracks:gradient>0.03068967072466601</mytracks:gradient><mytracks:length>0.0170294449530323</mytracks:length></extensions></trkpt><trkpt lat="45.44918093881141" lon="-75.58560135914571"><ele>66.05972172415026</ele><time>2025-10-02T18:09:10.51200Z</time><extensions><mytracks:speed>62.41970082217282</mytracks:speed><mytracks:gradient>0.02743652848221001</mytracks:gradient><mytracks:length>0.01737834647467447</mytracks:length></extensions></trkpt><trkpt lat="45.44902930104115" lon="-75.58565863818455"><ele>66.63704766923397</ele><time>2025-10-02T18:09:11.49400Z</time><extensions><mytracks:speed>63.13043163723655</mytracks:speed><mytracks:gradient>0.03029983971944252</mytracks:gradient><mytracks:length>0.01744331151486456</mytracks:length></extensions></trkpt><trkpt lat="45.44886962926429" lon="-75.58573612766891"><ele>67.1304597701052</ele><time>2025-10-02T18:09:12.49300Z</time><extensions><mytracks:speed>65.754434601751</mytracks:speed><mytracks:gradient>0.02959704015724795</mytracks:gradient><mytracks:length>0.01875542861467343</mytracks:length></extensions></trkpt><trkpt lat="45.44870437831069" lon="-75.58582576101628"><ele>67.48655382945886</ele><time>2025-10-02T18:09:13.49600Z</time><extensions><mytracks:speed>70.5428872672105</mytracks:speed><mytracks:gradient>0.01811232393086491</mytracks:gradient><mytracks:length>0.01966031861581481</mytracks:length></extensions></trkpt><trkpt lat="45.44853460108656" lon="-75.58592379980762"><ele>67.72989140691014</ele><time>2025-10-02T18:09:14.50200Z</time><extensions><mytracks:speed>72.93497485254522</mytracks:speed><mytracks:gradient>0.01194666877091731</mytracks:gradient><mytracks:length>0.02036865523916263</mytracks:length></extensions></trkpt><trkpt lat="45.44836223037851" lon="-75.58602618886661"><ele>67.7772347024061</ele><time>2025-10-02T18:09:15.50200Z</time><extensions><mytracks:speed>74.74695686176095</mytracks:speed><mytracks:gradient>0.002280025588144814</mytracks:gradient><mytracks:length>0.02076437025186422</mytracks:length></extensions></trkpt><trkpt lat="45.44818722894301" lon="-75.58612906583824"><ele>67.8808473369314</ele><time>2025-10-02T18:09:16.50500Z</time><extensions><mytracks:speed>75.53832359972894</mytracks:speed><mytracks:gradient>0.004922424476410272</mytracks:gradient><mytracks:length>0.02104910598869189</mytracks:length></extensions></trkpt><trkpt lat="45.44800616222625" lon="-75.58623461952459"><ele>68.08079485589013</ele><time>2025-10-02T18:09:17.50400Z</time><extensions><mytracks:speed>76.95533883434463</mytracks:speed><mytracks:gradient>0.00709227788902999</mytracks:gradient><mytracks:length>0.02175240945263046</mytracks:length></extensions></trkpt><trkpt lat="45.44781474913137" lon="-75.5863450929279"><ele>68.30641081042907</ele><time>2025-10-02T18:09:18.50000Z</time><extensions><mytracks:speed>80.66795578253733</mytracks:speed><mytracks:gradient>0.009517235719417623</mytracks:gradient><mytracks:length>0.0229627665003231</mytracks:length></extensions></trkpt><trkpt lat="45.44761210752866" lon="-75.5864630735505"><ele>68.48446882540932</ele><time>2025-10-02T18:09:19.49600Z</time><extensions><mytracks:speed>85.49863823963645</mytracks:speed><mytracks:gradient>0.008533855377116923</mytracks:gradient><mytracks:length>0.02433993670924687</mytracks:length></extensions></trkpt><trkpt lat="45.44739897204244" lon="-75.58658899949494"><ele>68.76316933559195</ele><time>2025-10-02T18:09:20.49800Z</time><extensions><mytracks:speed>92.17102586815319</mytracks:speed><mytracks:gradient>0.01086346366112542</mytracks:gradient><mytracks:length>0.02565484811073216</mytracks:length></extensions></trkpt><trkpt lat="45.44718400662295" lon="-75.5867173742834"><ele>68.47705012212896</ele><time>2025-10-02T18:09:21.50200Z</time><extensions><mytracks:speed>92.86545226822291</mytracks:speed><mytracks:length>0.02591611919695184</mytracks:length></extensions></trkpt><trkpt lat="45.44676252675872" lon="-75.58696987664955"><ele>67.98167189974454</ele><time>2025-10-02T18:09:23.47700Z</time><extensions><mytracks:speed>92.66899724518682</mytracks:speed><mytracks:length>0.05083765261663519</mytracks:length></extensions></trkpt><trkpt lat="45.44655022875008" lon="-75.58710368625641"><ele>67.65913412462068</ele><time>2025-10-02T18:09:24.51800Z</time><extensions><mytracks:speed>89.2741087095137</mytracks:speed><mytracks:length>0.02581140436008597</mytracks:length></extensions></trkpt><trkpt lat="45.44634184163384" lon="-75.58724230643838"><ele>68.03311812967885</ele><time>2025-10-02T18:09:25.55900Z</time><extensions><mytracks:speed>88.45353244210187</mytracks:speed><mytracks:gradient>0.01462536124870441</mytracks:gradient><mytracks:length>0.0255709242799938</mytracks:length></extensions></trkpt><trkpt lat="45.44595267504737" lon="-75.58748653131711"><ele>68.74499141004839</ele><time>2025-10-02T18:09:27.49600Z</time><extensions><mytracks:speed>87.86226368651391</mytracks:speed><mytracks:gradient>0.0150559134549681</mytracks:gradient><mytracks:length>0.04728197213000248</mytracks:length></extensions></trkpt><trkpt lat="45.44573785754237" lon="-75.58761564913488"><ele>68.98132015840201</ele><time>2025-10-02T18:09:28.50000Z</time><extensions><mytracks:speed>92.96768315022433</mytracks:speed><mytracks:gradient>0.009116357041284308</mytracks:gradient><mytracks:length>0.02592359505923151</mytracks:length></extensions></trkpt><trkpt lat="45.44551121536779" lon="-75.58774473754266"><ele>68.76150243640959</ele><time>2025-10-02T18:09:29.50600Z</time><extensions><mytracks:speed>97.1215968198791</mytracks:speed><mytracks:length>0.02713921059997949</mytracks:length></extensions></trkpt><trkpt lat="45.44527783560299" lon="-75.58788501069577"><ele>68.36548204270731</ele><time>2025-10-02T18:09:30.50900Z</time><extensions><mytracks:speed>101.1252542411464</mytracks:speed><mytracks:length>0.02816380060981028</mytracks:length></extensions></trkpt><trkpt lat="45.44504341531392" lon="-75.58803236963178"><ele>67.87530432170409</ele><time>2025-10-02T18:09:31.50800Z</time><extensions><mytracks:speed>101.8913309537224</mytracks:speed><mytracks:length>0.02848897410691009</mytracks:length></extensions></trkpt><trkpt lat="45.44480682769418" lon="-75.58817552026029"><ele>67.28135310534157</ele><time>2025-10-02T18:09:32.50100Z</time><extensions><mytracks:speed>103.1312248233753</mytracks:speed><mytracks:length>0.02857978226603817</mytracks:length></extensions></trkpt><trkpt lat="45.44456218166165" lon="-75.58832542344236"><ele>67.04943791599187</ele><time>2025-10-02T18:09:33.50000Z</time><extensions><mytracks:speed>105.1243318583821</mytracks:speed><mytracks:length>0.02961068316433196</mytracks:length></extensions></trkpt><trkpt lat="45.44431397466909" lon="-75.58847463217808"><ele>66.82712199843405</ele><time>2025-10-02T18:09:34.50000Z</time><extensions><mytracks:speed>107.241535562666</mytracks:speed><mytracks:length>0.0299535533807107</mytracks:length></extensions></trkpt><trkpt lat="45.44406873619626" lon="-75.58862289113711"><ele>66.56910644439007</ele><time>2025-10-02T18:09:35.47800Z</time><extensions><mytracks:speed>108.4269610554938</mytracks:speed><mytracks:length>0.02962072579075751</mytracks:length></extensions></trkpt><trkpt lat="45.44381939203765" lon="-75.58877716651941"><ele>66.29717298436587</ele><time>2025-10-02T18:09:36.48100Z</time><extensions><mytracks:speed>108.4816756290502</mytracks:speed><mytracks:length>0.03022552634684389</mytracks:length></extensions></trkpt><trkpt lat="45.44358047039906" lon="-75.58892578452708"><ele>65.83044899065978</ele><time>2025-10-02T18:09:37.46900Z</time><extensions><mytracks:speed>107.1057303827855</mytracks:speed><mytracks:length>0.02898668642227244</mytracks:length></extensions></trkpt><trkpt lat="45.44333637736212" lon="-75.589084623872"><ele>65.43306057046</ele><time>2025-10-02T18:09:38.49600Z</time><extensions><mytracks:speed>104.5201304419887</mytracks:speed><mytracks:length>0.02983718397224413</mytracks:length></extensions></trkpt><trkpt lat="45.44309796547442" lon="-75.58923842497319"><ele>64.83784606401929</ele><time>2025-10-02T18:09:39.50700Z</time><extensions><mytracks:speed>103.6753425622774</mytracks:speed><mytracks:length>0.02909933363126893</mytracks:length></extensions></trkpt><trkpt lat="45.4428575334182" lon="-75.58939625597918"><ele>64.47049132630875</ele><time>2025-10-02T18:09:40.52600Z</time><extensions><mytracks:speed>103.9492742870045</mytracks:speed><mytracks:length>0.02943422945778838</mytracks:length></extensions></trkpt><trkpt lat="45.44262715840713" lon="-75.58954915819982"><ele>64.3908412422097</ele><time>2025-10-02T18:09:41.49700Z</time><extensions><mytracks:speed>104.3447959811849</mytracks:speed><mytracks:length>0.02825804600748439</mytracks:length></extensions></trkpt><trkpt lat="45.44239047327665" lon="-75.58970805814806"><ele>64.30587247448273</ele><time>2025-10-02T18:09:42.49000Z</time><extensions><mytracks:speed>105.1238733537703</mytracks:speed><mytracks:length>0.02909189934785116</mytracks:length></extensions></trkpt><trkpt lat="45.44215018324704" lon="-75.58987906228239"><ele>64.63326557032543</ele><time>2025-10-02T18:09:43.50200Z</time><extensions><mytracks:speed>106.2430399343565</mytracks:speed><mytracks:gradient>0.01096255929749467</mytracks:gradient><mytracks:length>0.02986465905981732</mytracks:length></extensions></trkpt><trkpt lat="45.44191077048734" lon="-75.59005738820265"><ele>64.99554606110541</ele><time>2025-10-02T18:09:44.51600Z</time><extensions><mytracks:speed>106.6397640084878</mytracks:speed><mytracks:gradient>0.01206086618219798</mytracks:gradient><mytracks:length>0.03003768430120813</mytracks:length></extensions></trkpt><trkpt lat="45.44167914200547" lon="-75.59023731742155"><ele>65.25966517066733</ele><time>2025-10-02T18:09:45.50300Z</time><extensions><mytracks:speed>106.8310104694827</mytracks:speed><mytracks:gradient>0.01055104299889567</mytracks:gradient><mytracks:length>0.02933285635486231</mytracks:length></extensions></trkpt><trkpt lat="45.44144730966418" lon="-75.59041815020699"><ele>65.6646896657881</ele><time>2025-10-02T18:09:46.48900Z</time><extensions><mytracks:speed>107.1321440499392</mytracks:speed><mytracks:gradient>0.01139557275626767</mytracks:gradient><mytracks:length>0.02938657704998934</mytracks:length></extensions></trkpt><trkpt lat="45.44121539196664" lon="-75.59060928872786"><ele>66.06258278317685</ele><time>2025-10-02T18:09:47.50400Z</time><extensions><mytracks:speed>105.7014107036473</mytracks:speed><mytracks:gradient>0.01335692809376631</mytracks:gradient><mytracks:length>0.02978926850511716</mytracks:length></extensions></trkpt><trkpt lat="45.44098758859795" lon="-75.59080513109129"><ele>66.50103912194784</ele><time>2025-10-02T18:09:48.52100Z</time><extensions><mytracks:speed>104.7330666251647</mytracks:speed><mytracks:gradient>0.01482162187141411</mytracks:gradient><mytracks:length>0.02958221054179126</mytracks:length></extensions></trkpt><trkpt lat="45.44077107900056" lon="-75.59100007506444"><ele>67.01700805708246</ele><time>2025-10-02T18:09:49.50500Z</time><extensions><mytracks:speed>104.4444518240985</mytracks:speed><mytracks:gradient>0.016439839498986</mytracks:gradient><mytracks:length>0.02847663347767428</mytracks:length></extensions></trkpt><trkpt lat="45.44055998525469" lon="-75.59120305974319"><ele>67.70475547934477</ele><time>2025-10-02T18:09:50.48200Z</time><extensions><mytracks:speed>104.2172742212316</mytracks:speed><mytracks:gradient>0.02119750629935681</mytracks:gradient><mytracks:length>0.02831539757886294</mytracks:length></extensions></trkpt><trkpt lat="45.44034698800987" lon="-75.59141181105601"><ele>68.3839418534487</ele><time>2025-10-02T18:09:51.46700Z</time><extensions><mytracks:speed>104.6733978297388</mytracks:speed><mytracks:gradient>0.02395664815021891</mytracks:gradient><mytracks:length>0.02874376822440772</mytracks:length></extensions></trkpt><trkpt lat="45.44012844588969" lon="-75.59163113383349"><ele>69.06724698654428</ele><time>2025-10-02T18:09:52.48000Z</time><extensions><mytracks:speed>105.5922377544142</mytracks:speed><mytracks:gradient>0.02299067757182764</mytracks:gradient><mytracks:length>0.02972096542003975</mytracks:length></extensions></trkpt><trkpt lat="45.43991155171858" lon="-75.59185512076358"><ele>69.6376423602573</ele><time>2025-10-02T18:09:53.49600Z</time><extensions><mytracks:speed>105.5890797561328</mytracks:speed><mytracks:gradient>0.01915137575699457</mytracks:gradient><mytracks:length>0.02978351952102988</mytracks:length></extensions></trkpt><trkpt lat="45.43969468800181" lon="-75.59208706322387"><ele>70.03587722843386</ele><time>2025-10-02T18:09:54.52400Z</time><extensions><mytracks:speed>105.5969679718351</mytracks:speed><mytracks:gradient>0.01320878429783609</mytracks:gradient><mytracks:length>0.03014924456308965</mytracks:length></extensions></trkpt><trkpt lat="45.4394881786435" lon="-75.59231565601438"><ele>70.39716429234255</ele><time>2025-10-02T18:09:55.51200Z</time><extensions><mytracks:speed>105.7375760472359</mytracks:speed><mytracks:gradient>0.0128248863707422</mytracks:gradient><mytracks:length>0.02907547523808873</mytracks:length></extensions></trkpt><trkpt lat="45.43928350313296" lon="-75.59255106411027"><ele>70.66098903125891</ele><time>2025-10-02T18:09:56.50600Z</time><extensions><mytracks:speed>105.9324280815747</mytracks:speed><mytracks:gradient>0.01071891676776168</mytracks:gradient><mytracks:length>0.02924546532713454</mytracks:length></extensions></trkpt><trkpt lat="45.43907881385022" lon="-75.59279663595804"><ele>70.87796342270126</ele><time>2025-10-02T18:09:57.51300Z</time><extensions><mytracks:speed>106.3493818847682</mytracks:speed><mytracks:gradient>0.007292944450678751</mytracks:gradient><mytracks:length>0.02975127438714489</mytracks:length></extensions></trkpt><trkpt lat="45.43887611176628" lon="-75.59304764343347"><ele>71.07762383127348</ele><time>2025-10-02T18:09:58.51400Z</time><extensions><mytracks:speed>107.3866939476771</mytracks:speed><mytracks:gradient>0.006686724085803228</mytracks:gradient><mytracks:length>0.02985922643288555</mytracks:length></extensions></trkpt><trkpt lat="45.43868135272842" lon="-75.59329528240669"><ele>71.21833689229854</ele><time>2025-10-02T18:09:59.48800Z</time><extensions><mytracks:speed>107.3298106898316</mytracks:speed><mytracks:gradient>0.005780767713380847</mytracks:gradient><mytracks:length>0.02902273141261408</mytracks:length></extensions></trkpt><trkpt lat="45.43848719014404" lon="-75.59355296422355"><ele>71.4235596154453</ele><time>2025-10-02T18:10:00.47600Z</time><extensions><mytracks:speed>107.3851749488193</mytracks:speed><mytracks:gradient>0.005911336567960108</mytracks:gradient><mytracks:length>0.02950151617333768</mytracks:length></extensions></trkpt><trkpt lat="45.43828655160519" lon="-75.59383050834546"><ele>71.68318198102797</ele><time>2025-10-02T18:10:01.50900Z</time><extensions><mytracks:speed>108.3216635872595</mytracks:speed><mytracks:gradient>0.008350328997239769</mytracks:gradient><mytracks:length>0.0310912738490293</mytracks:length></extensions></trkpt><trkpt lat="45.43809594797919" lon="-75.59410694812465"><ele>71.85624090229949</ele><time>2025-10-02T18:10:02.51400Z</time><extensions><mytracks:speed>108.3283183691606</mytracks:speed><mytracks:gradient>0.005723020034758173</mytracks:gradient><mytracks:length>0.03023909058861637</mytracks:length></extensions></trkpt><trkpt lat="45.43791344098261" lon="-75.59438341202713"><ele>72.04184199306673</ele><time>2025-10-02T18:10:03.48500Z</time><extensions><mytracks:speed>109.0293297425696</mytracks:speed><mytracks:gradient>0.005992453910870401</mytracks:gradient><mytracks:length>0.02961661785517801</mytracks:length></extensions></trkpt><trkpt lat="45.43772966168694" lon="-75.59466762144066"><ele>72.33219201303896</ele><time>2025-10-02T18:10:04.46300Z</time><extensions><mytracks:speed>110.4071307044483</mytracks:speed><mytracks:gradient>0.007962937041337326</mytracks:gradient><mytracks:length>0.03015507326215919</mytracks:length></extensions></trkpt><trkpt lat="45.437539322601" lon="-75.59496964167789"><ele>72.56846101119487</ele><time>2025-10-02T18:10:05.48800Z</time><extensions><mytracks:speed>111.1755276896343</mytracks:speed><mytracks:gradient>0.007459403970560073</mytracks:gradient><mytracks:length>0.03167397812055585</mytracks:length></extensions></trkpt><trkpt lat="45.43735226897827" lon="-75.59527608792787"><ele>72.83295214982745</ele><time>2025-10-02T18:10:06.51000Z</time><extensions><mytracks:speed>111.6953337280856</mytracks:speed><mytracks:gradient>0.008346001256143784</mytracks:gradient><mytracks:length>0.03169076190084175</mytracks:length></extensions></trkpt><trkpt lat="45.43717008805233" lon="-75.59558545976488"><ele>73.08795249587951</ele><time>2025-10-02T18:10:07.52400Z</time><extensions><mytracks:speed>111.8299242093879</mytracks:speed><mytracks:gradient>0.008092034511559345</mytracks:gradient><mytracks:length>0.03151251340905592</mytracks:length></extensions></trkpt><trkpt lat="45.4369961509336" lon="-75.59589188089072"><ele>73.19319195358875</ele><time>2025-10-02T18:10:08.51400Z</time><extensions><mytracks:speed>111.8625130615802</mytracks:speed><mytracks:gradient>0.005785869795830423</mytracks:gradient><mytracks:length>0.03075200349266854</mytracks:length></extensions></trkpt><trkpt lat="45.43682367226354" lon="-75.59620482174459"><ele>73.35674750432017</ele><time>2025-10-02T18:10:09.51400Z</time><extensions><mytracks:speed>111.6893983099347</mytracks:speed><mytracks:gradient>0.005267721577464894</mytracks:gradient><mytracks:length>0.03104863237857916</mytracks:length></extensions></trkpt><trkpt lat="45.43665767827422" lon="-75.59651351064933"><ele>73.55908325313786</ele><time>2025-10-02T18:10:10.49500Z</time><extensions><mytracks:speed>111.5136218705141</mytracks:speed><mytracks:gradient>0.005959894630041924</mytracks:gradient><mytracks:length>0.03034441627174423</mytracks:length></extensions></trkpt><trkpt lat="45.43649109472014" lon="-75.5968294523221"><ele>73.73619038108936</ele><time>2025-10-02T18:10:11.49700Z</time><extensions><mytracks:speed>110.8928422661728</mytracks:speed><mytracks:gradient>0.005743681191697571</mytracks:gradient><mytracks:length>0.03083512507753873</mytracks:length></extensions></trkpt><trkpt lat="45.43632749037391" lon="-75.59714654280987"><ele>73.98334866970333</ele><time>2025-10-02T18:10:12.49900Z</time><extensions><mytracks:speed>110.2342304208064</mytracks:speed><mytracks:gradient>0.008048273873175256</mytracks:gradient><mytracks:length>0.0307094778965895</mytracks:length></extensions></trkpt><trkpt lat="45.4361610842709" lon="-75.59747102344036"><ele>74.15846159243951</ele><time>2025-10-02T18:10:13.52000Z</time><extensions><mytracks:speed>110.6503942575202</mytracks:speed><mytracks:gradient>0.005584164469520828</mytracks:gradient><mytracks:length>0.03135884046610148</mytracks:length></extensions></trkpt><trkpt lat="45.43600171866398" lon="-75.59777898382184"><ele>74.26527039965235</ele><time>2025-10-02T18:10:14.49700Z</time><extensions><mytracks:speed>110.338986588055</mytracks:speed><mytracks:gradient>0.004605428889667281</mytracks:gradient><mytracks:length>0.02985650974872871</mytracks:length></extensions></trkpt><trkpt lat="45.43584119583934" lon="-75.59808710678621"><ele>74.37202175529553</ele><time>2025-10-02T18:10:15.48700Z</time><extensions><mytracks:speed>109.4279979553702</mytracks:speed><mytracks:gradient>0.003571255503572855</mytracks:gradient><mytracks:length>0.02994332138886217</mytracks:length></extensions></trkpt><trkpt lat="45.4356789973001" lon="-75.59839495985459"><ele>74.43314156844548</ele><time>2025-10-02T18:10:16.49200Z</time><extensions><mytracks:speed>107.5456428339661</mytracks:speed><mytracks:gradient>0.002034760978112287</mytracks:gradient><mytracks:length>0.03003783432422925</mytracks:length></extensions></trkpt><trkpt lat="45.43551907032501" lon="-75.59869608002936"><ele>74.49204502370837</ele><time>2025-10-02T18:10:17.50600Z</time><extensions><mytracks:speed>104.6861754238036</mytracks:speed><mytracks:gradient>0.001998996281807119</mytracks:gradient><mytracks:length>0.02946651567037612</mytracks:length></extensions></trkpt><trkpt lat="45.43536699019267" lon="-75.59898449024739"><ele>74.5539545337444</ele><time>2025-10-02T18:10:18.50100Z</time><extensions><mytracks:speed>103.2858044355519</mytracks:speed><mytracks:gradient>0.002096875211537657</mytracks:gradient><mytracks:length>0.02814955654229666</mytracks:length></extensions></trkpt><trkpt lat="45.4352167139595" lon="-75.59927276326025"><ele>74.56014347555771</ele><time>2025-10-02T18:10:19.51200Z</time><extensions><mytracks:speed>99.71255684660665</mytracks:speed><mytracks:gradient>0.0002208689840283723</mytracks:gradient><mytracks:length>0.02802087328165235</mytracks:length></extensions></trkpt><trkpt lat="45.43507088753633" lon="-75.59955511253013"><ele>74.54540602754601</ele><time>2025-10-02T18:10:20.51400Z</time><extensions><mytracks:speed>98.29135601953101</mytracks:speed><mytracks:length>0.02735504230638177</mytracks:length></extensions></trkpt><trkpt lat="45.43493384126003" lon="-75.59982535878038"><ele>74.50172331988735</ele><time>2025-10-02T18:10:21.47900Z</time><extensions><mytracks:speed>97.70847246459863</mytracks:speed><mytracks:length>0.02601677548226468</mytracks:length></extensions></trkpt><trkpt lat="45.43479587524538" lon="-75.60010124630769"><ele>74.49228888160005</ele><time>2025-10-02T18:10:22.46500Z</time><extensions><mytracks:speed>96.79408702186929</mytracks:speed><mytracks:length>0.02643398320943654</mytracks:length></extensions></trkpt><trkpt lat="45.43465514610838" lon="-75.6003845751144"><ele>74.5295916366603</ele><time>2025-10-02T18:10:23.48300Z</time><extensions><mytracks:speed>95.75626951339223</mytracks:speed><mytracks:gradient>0.001377246442359515</mytracks:gradient><mytracks:length>0.02708502553569527</mytracks:length></extensions></trkpt><trkpt lat="45.43451783716269" lon="-75.60066380035113"><ele>74.55704202133772</ele><time>2025-10-02T18:10:24.50300Z</time><extensions><mytracks:speed>93.88451133788621</mytracks:speed><mytracks:gradient>0.001031791291363815</mytracks:gradient><mytracks:length>0.02660459039263511</mytracks:length></extensions></trkpt><trkpt lat="45.43438557835786" lon="-75.60093706843789"><ele>74.69517683649156</ele><time>2025-10-02T18:10:25.51300Z</time><extensions><mytracks:speed>92.32814390068215</mytracks:speed><mytracks:gradient>0.005332864914653058</mytracks:gradient><mytracks:length>0.02590255282377052</mytracks:length></extensions></trkpt><trkpt lat="45.43426018018437" lon="-75.60120121091262"><ele>74.74213992624009</ele><time>2025-10-02T18:10:26.50400Z</time><extensions><mytracks:speed>91.36558149089917</mytracks:speed><mytracks:gradient>0.003644661344951315</mytracks:gradient><mytracks:length>0.02488409724115975</mytracks:length></extensions></trkpt><trkpt lat="45.43414077431913" lon="-75.60145793187705"><ele>74.81658533878586</ele><time>2025-10-02T18:10:27.48700Z</time><extensions><mytracks:speed>89.24422006192491</mytracks:speed><mytracks:gradient>0.002481983762238224</mytracks:gradient><mytracks:length>0.02403213516874193</mytracks:length></extensions></trkpt><trkpt lat="45.43402478780114" lon="-75.60171283903745"><ele>74.9047516842558</ele><time>2025-10-02T18:10:28.48200Z</time><extensions><mytracks:speed>86.89473278729488</mytracks:speed><mytracks:gradient>0.003406404230601724</mytracks:gradient><mytracks:length>0.02370532679323426</mytracks:length></extensions></trkpt><trkpt lat="45.43390970601047" lon="-75.60196765005048"><ele>74.89040449291228</ele><time>2025-10-02T18:10:29.50800Z</time><extensions><mytracks:speed>82.97633982281769</mytracks:speed><mytracks:length>0.02364479808202339</mytracks:length></extensions></trkpt><trkpt lat="45.43379957615508" lon="-75.60221186438261"><ele>74.94004353687831</ele><time>2025-10-02T18:10:30.52100Z</time><extensions><mytracks:speed>80.47804269404095</mytracks:speed><mytracks:gradient>0.002191417365383865</mytracks:gradient><mytracks:length>0.02265157005239367</mytracks:length></extensions></trkpt><trkpt lat="45.43365059867612" lon="-75.60255492240974"><ele>75.13247245652443</ele><time>2025-10-02T18:10:31.98700Z</time><extensions><mytracks:speed>77.3099834122922</mytracks:speed><mytracks:gradient>0.006112812250692976</mytracks:gradient><mytracks:length>0.03147960574517961</mytracks:length></extensions></trkpt><trkpt lat="45.43356158777453" lon="-75.60278581157425"><ele>75.26820528175701</ele><time>2025-10-02T18:10:32.99200Z</time><extensions><mytracks:speed>73.6732825644271</mytracks:speed><mytracks:gradient>0.006603124320768194</mytracks:gradient><mytracks:length>0.02055584881321591</mytracks:length></extensions></trkpt><trkpt lat="45.43348682849488" lon="-75.60301717418432"><ele>75.52230501245558</ele><time>2025-10-02T18:10:34.00800Z</time><extensions><mytracks:speed>70.40857053755585</mytracks:speed><mytracks:gradient>0.01278470618503842</mytracks:gradient><mytracks:length>0.01987528903839307</mytracks:length></extensions></trkpt><trkpt lat="45.43340276581535" lon="-75.60336000726636"><ele>76.07179878382651</ele><time>2025-10-02T18:10:35.52700Z</time><extensions><mytracks:speed>67.13931832840244</mytracks:speed><mytracks:gradient>0.01939114775657296</mytracks:gradient><mytracks:length>0.02833735157242939</mytracks:length></extensions></trkpt><trkpt lat="45.43338064983416" lon="-75.60357593867191"><ele>76.48738247713921</ele><time>2025-10-02T18:10:36.52000Z</time><extensions><mytracks:speed>64.71951028435437</mytracks:speed><mytracks:gradient>0.02136523900253676</mytracks:gradient><mytracks:length>0.01702759250254592</mytracks:length></extensions></trkpt><trkpt lat="45.43337462199693" lon="-75.60378787791954"><ele>76.99026347046012</ele><time>2025-10-02T18:10:37.51600Z</time><extensions><mytracks:speed>60.68782054774676</mytracks:speed><mytracks:gradient>0.02738987815415908</mytracks:gradient><mytracks:length>0.01655117351618693</mytracks:length></extensions></trkpt><trkpt lat="45.433384689571" lon="-75.60398848725379"><ele>77.3372594551208</ele><time>2025-10-02T18:10:38.51000Z</time><extensions><mytracks:speed>58.24910514160283</mytracks:speed><mytracks:gradient>0.02639851073503943</mytracks:gradient><mytracks:length>0.01569306606776458</mytracks:length></extensions></trkpt><trkpt lat="45.43340709973732" lon="-75.60417800113923"><ele>77.6593506047704</ele><time>2025-10-02T18:10:39.50400Z</time><extensions><mytracks:speed>55.53483246825826</mytracks:speed><mytracks:gradient>0.02182668446133719</mytracks:gradient><mytracks:length>0.01499587100398824</mytracks:length></extensions></trkpt><trkpt lat="45.4334400551821" lon="-75.60436040669387"><ele>77.89194111500288</ele><time>2025-10-02T18:10:40.50000Z</time><extensions><mytracks:speed>53.68394564439716</mytracks:speed><mytracks:gradient>0.01869715453055982</mytracks:gradient><mytracks:length>0.01469750497370052</mytracks:length></extensions></trkpt><trkpt lat="45.43348099872353" lon="-75.60453742664112"><ele>78.14492676510487</ele><time>2025-10-02T18:10:41.48700Z</time><extensions><mytracks:speed>53.04301584069358</mytracks:speed><mytracks:gradient>0.01661520313784067</mytracks:gradient><mytracks:length>0.01454401328635259</mytracks:length></extensions></trkpt><trkpt lat="45.43352643481109" lon="-75.60472105458615"><ele>78.53281391920954</ele><time>2025-10-02T18:10:42.48900Z</time><extensions><mytracks:speed>54.59922327868606</mytracks:speed><mytracks:gradient>0.02553079927388593</mytracks:gradient><mytracks:length>0.01519291072494638</mytracks:length></extensions></trkpt><trkpt lat="45.4335764713944" lon="-75.60491202094322"><ele>78.83122056712804</ele><time>2025-10-02T18:10:43.50000Z</time><extensions><mytracks:speed>56.63919211738082</mytracks:speed><mytracks:gradient>0.01876115493552424</mytracks:gradient><mytracks:length>0.0159055585300596</mytracks:length></extensions></trkpt><trkpt lat="45.43362513133954" lon="-75.6051081305324"><ele>79.08491319330042</ele><time>2025-10-02T18:10:44.50900Z</time><extensions><mytracks:speed>57.87293106940386</mytracks:speed><mytracks:gradient>0.01563050996858092</mytracks:gradient><mytracks:length>0.01623060454728165</mytracks:length></extensions></trkpt><trkpt lat="45.43366778768768" lon="-75.60529970752145"><ele>79.08452730545153</ele><time>2025-10-02T18:10:45.50100Z</time><extensions><mytracks:speed>57.4150227070465</mytracks:speed><mytracks:gradient>0.007938235994852097</mytracks:gradient><mytracks:length>0.01568301239332634</mytracks:length></extensions></trkpt><trkpt lat="45.4337031923556" lon="-75.60548949613823"><ele>78.94455428840659</ele><time>2025-10-02T18:10:46.49800Z</time><extensions><mytracks:speed>56.10444098601934</mytracks:speed><mytracks:length>0.01532345112791984</mytracks:length></extensions></trkpt><trkpt lat="45.43373079821934" lon="-75.60567455884672"><ele>78.68587565254715</ele><time>2025-10-02T18:10:47.50000Z</time><extensions><mytracks:speed>53.04329872125863</mytracks:speed><mytracks:length>0.01476297302588915</mytracks:length></extensions></trkpt><trkpt lat="45.4337507714831" lon="-75.6058504525554"><ele>78.32960427700952</ele><time>2025-10-02T18:10:48.49200Z</time><extensions><mytracks:speed>51.74057558150501</mytracks:speed><mytracks:length>0.01390340322497337</mytracks:length></extensions></trkpt><trkpt lat="45.43376163971377" lon="-75.60602285803134"><ele>78.07268832423181</ele><time>2025-10-02T18:10:49.49400Z</time><extensions><mytracks:speed>48.56259372850931</mytracks:speed><mytracks:length>0.01350686092367578</mytracks:length></extensions></trkpt><trkpt lat="45.43376209749756" lon="-75.60619146282653"><ele>77.78000917823069</ele><time>2025-10-02T18:10:50.50200Z</time><extensions><mytracks:speed>46.96630335524703</mytracks:speed><mytracks:length>0.01315633349045329</mytracks:length></extensions></trkpt><trkpt lat="45.43374931732703" lon="-75.60635513790831"><ele>77.55634420175222</ele><time>2025-10-02T18:10:51.51100Z</time><extensions><mytracks:speed>45.83512186916223</mytracks:speed><mytracks:length>0.01285067702444159</mytracks:length></extensions></trkpt><trkpt lat="45.43372552984859" lon="-75.6065093491174"><ele>77.450902153746</ele><time>2025-10-02T18:10:52.49200Z</time><extensions><mytracks:speed>45.4779993872905</mytracks:speed><mytracks:length>0.01232075841832229</mytracks:length></extensions></trkpt><trkpt lat="45.43369554429329" lon="-75.60665863727417"><ele>77.54561009231291</ele><time>2025-10-02T18:10:53.48400Z</time><extensions><mytracks:speed>44.58362105992205</mytracks:speed><mytracks:length>0.01211680894172699</mytracks:length></extensions></trkpt><trkpt lat="45.43366278690441" lon="-75.60679766921629"><ele>77.71754930170221</ele><time>2025-10-02T18:10:54.48700Z</time><extensions><mytracks:speed>41.07798774096386</mytracks:speed><mytracks:gradient>0.01502499722509639</mytracks:gradient><mytracks:length>0.01144354350376198</mytracks:length></extensions></trkpt><trkpt lat="45.43362972749427" lon="-75.6069220472871"><ele>77.96189522692914</ele><time>2025-10-02T18:10:55.49900Z</time><extensions><mytracks:speed>36.9020736445451</mytracks:speed><mytracks:gradient>0.02354471460554371</mytracks:gradient><mytracks:length>0.01037795230566971</mytracks:length></extensions></trkpt><trkpt lat="45.43359971873598" lon="-75.60702556342297"><ele>78.23917551654073</ele><time>2025-10-02T18:10:56.50500Z</time><extensions><mytracks:speed>31.2843517179758</mytracks:speed><mytracks:gradient>0.03172831812331723</mytracks:gradient><mytracks:length>0.008739205416873577</mytracks:length></extensions></trkpt><trkpt lat="45.43357408715076" lon="-75.60710435920684"><ele>78.29812973832959</ele><time>2025-10-02T18:10:57.50900Z</time><extensions><mytracks:speed>24.29770550852129</mytracks:speed><mytracks:gradient>0.008698209754528377</mytracks:gradient><mytracks:length>0.006777742024233683</mytracks:length></extensions></trkpt><trkpt lat="45.43355428595093" lon="-75.60715990561346"><ele>78.3368785229831</ele><time>2025-10-02T18:10:58.50800Z</time><extensions><mytracks:speed>20.90610349844895</mytracks:speed><mytracks:gradient>0.008396289847824673</mytracks:gradient><mytracks:length>0.004862133320685759</mytracks:length></extensions></trkpt><trkpt lat="45.43354187415806" lon="-75.60719332046861"><ele>78.38662324165104</ele><time>2025-10-02T18:10:59.50000Z</time><extensions><mytracks:speed>14.12123663941209</mytracks:speed><mytracks:gradient>0.01132894155539714</mytracks:gradient><mytracks:length>0.002949112734687795</mytracks:length></extensions></trkpt><trkpt lat="45.43353493373067" lon="-75.60721017770143"><ele>78.36839432670347</ele><time>2025-10-02T18:11:00.49700Z</time><extensions><mytracks:speed>8.09728944643353</mytracks:speed><mytracks:gradient>0.007045700562183538</mytracks:gradient><mytracks:length>0.001518964767456058</mytracks:length></extensions></trkpt><trkpt lat="45.43353144056258" lon="-75.60721714579741"><ele>78.38587748941812</ele><time>2025-10-02T18:11:01.49900Z</time><extensions><mytracks:speed>2.388469876833784</mytracks:speed><mytracks:gradient>0.0263083882078979</mytracks:gradient><mytracks:length>0.0006645470857620243</mytracks:length></extensions></trkpt><trkpt lat="45.43353018327564" lon="-75.60721790217613"><ele>78.46375298572737</ele><time>2025-10-02T18:11:02.50200Z</time><extensions><mytracks:speed>0.481865401063371</mytracks:speed><mytracks:gradient>0.5800402243247363</mytracks:gradient><mytracks:length>0.0001342587859314529</mytracks:length></extensions></trkpt><trkpt lat="45.43352899289133" lon="-75.60721764801187"><ele>78.48442254269493</ele><time>2025-10-02T18:11:03.50200Z</time><extensions><mytracks:speed>0.591741937273462</mytracks:speed><mytracks:gradient>0.1257021838550028</mytracks:gradient><mytracks:length>0.0001644327595088082</mytracks:length></extensions></trkpt><trkpt lat="45.43352786932768" lon="-75.60721830069549"><ele>78.57303249788716</ele><time>2025-10-02T18:11:04.50100Z</time><extensions><mytracks:speed>0.4834149299772772</mytracks:speed><mytracks:gradient>0.4069734110942319</mytracks:gradient><mytracks:length>0.0001644327595088082</mytracks:length></extensions></trkpt><trkpt lat="45.43352694823864" lon="-75.60721910734004"><ele>78.67458178675918</ele><time>2025-10-02T18:11:05.50100Z</time><extensions><mytracks:speed>0.4835539627408787</mytracks:speed><mytracks:gradient>0.7081817504343253</mytracks:gradient><mytracks:length>0.0001644327595088082</mytracks:length></extensions></trkpt><trkpt lat="45.43352481940764" lon="-75.60722777303107"><ele>78.78712064021029</ele><time>2025-10-02T18:11:10.57800Z</time><extensions><mytracks:speed>0.5082351080159846</mytracks:speed><mytracks:gradient>0.1570136250864032</mytracks:gradient><mytracks:length>0.0007167457817064221</mytracks:length></extensions></trkpt><trkpt lat="45.43351625628855" lon="-75.60726263035156"><ele>79.23980270233005</ele><time>2025-10-02T18:11:32.00000Z</time><extensions><mytracks:speed>0.4841769730859303</mytracks:speed><mytracks:gradient>0.1571215492378893</mytracks:gradient><mytracks:length>0.002881094695892931</mytracks:length></extensions></trkpt><trkpt lat="45.43351598443608" lon="-75.60726213601724"><ele>79.34808742814596</ele><time>2025-10-02T18:11:33.50000Z</time><extensions><mytracks:speed>0.4485412927753531</mytracks:speed><mytracks:gradient>0.1964197446757471</mytracks:gradient><mytracks:length>0</mytracks:length></extensions></trkpt><trkpt lat="45.43351548376474" lon="-75.60726340321818"><ele>79.45767256010028</ele><time>2025-10-02T18:11:34.50100Z</time><extensions><mytracks:speed>0.4830175870330176</mytracks:speed><mytracks:gradient>0.8162231707522538</mytracks:gradient><mytracks:length>0.0001342587859314529</mytracks:length></extensions></trkpt><trkpt lat="45.43351509606331" lon="-75.60726447859126"><ele>79.58129990126982</ele><time>2025-10-02T18:11:35.50100Z</time><extensions><mytracks:speed>0.3416875224433742</mytracks:speed><mytracks:gradient>1.302227346606203</mytracks:gradient><mytracks:length>9.493529796600342e-05</mytracks:length></extensions></trkpt><trkpt lat="45.43351489756517" lon="-75.60728324718167"><ele>79.6853406912838</ele><time>2025-10-02T18:11:38.00100Z</time><extensions><mytracks:speed>2.1132232696104</mytracks:speed><mytracks:gradient>0.07088869361897995</mytracks:gradient><mytracks:length>0.001467664090033765</mytracks:length></extensions></trkpt><trkpt lat="45.43354363158131" lon="-75.6074500366045"><ele>80.12661845143884</ele><time>2025-10-02T18:11:49.00000Z</time><extensions><mytracks:speed>4.386257016901174</mytracks:speed><mytracks:gradient>0.03292867527152909</mytracks:gradient><mytracks:length>0.01340101770011335</mytracks:length></extensions></trkpt><trkpt lat="45.4336555158626" lon="-75.60758801261248"><ele>79.99913017417302</ele><time>2025-10-02T18:11:50.49600Z</time><extensions><mytracks:speed>39.60754206575572</mytracks:speed><mytracks:length>0.01645231726697982</mytracks:length></extensions></trkpt><trkpt lat="45.43374083614305" lon="-75.60768898723927"><ele>79.8626457538286</ele><time>2025-10-02T18:11:51.49800Z</time><extensions><mytracks:speed>44.28397773674638</mytracks:speed><mytracks:length>0.01233209155161671</mytracks:length></extensions></trkpt><trkpt lat="45.43383533593851" lon="-75.60779712505459"><ele>79.69936229478805</ele><time>2025-10-02T18:11:52.50000Z</time><extensions><mytracks:speed>48.44354406330299</mytracks:speed><mytracks:length>0.0134768003635703</mytracks:length></extensions></trkpt><trkpt lat="45.43393643668016" lon="-75.60790903460965"><ele>79.53478491219066</ele><time>2025-10-02T18:11:53.50400Z</time><extensions><mytracks:speed>51.01370074100968</mytracks:speed><mytracks:length>0.01423491401147537</mytracks:length></extensions></trkpt><trkpt lat="45.43404150232226" lon="-75.60802309571633"><ele>79.43041737755803</ele><time>2025-10-02T18:11:54.50900Z</time><extensions><mytracks:speed>52.59462687372516</mytracks:speed><mytracks:length>0.01468676981415434</mytracks:length></extensions></trkpt><trkpt lat="45.4341486647441" lon="-75.60813516450315"><ele>79.3546208332023</ele><time>2025-10-02T18:11:55.49700Z</time><extensions><mytracks:speed>53.23020906924075</mytracks:speed><mytracks:length>0.01478036187238746</mytracks:length></extensions></trkpt><trkpt lat="45.43426052196172" lon="-75.60824594652541"><ele>79.33038150542458</ele><time>2025-10-02T18:11:56.48600Z</time><extensions><mytracks:speed>54.50963411667524</mytracks:speed><mytracks:length>0.01514656903101841</mytracks:length></extensions></trkpt><trkpt lat="45.4343767536805" lon="-75.60835343767081"><ele>79.25908017158353</ele><time>2025-10-02T18:11:57.49700Z</time><extensions><mytracks:speed>54.85522629152775</mytracks:speed><mytracks:length>0.01540762157081098</mytracks:length></extensions></trkpt><trkpt lat="45.43448976597115" lon="-75.60844972781886"><ele>79.17269679815871</ele><time>2025-10-02T18:11:58.50700Z</time><extensions><mytracks:speed>52.15418141653542</mytracks:speed><mytracks:length>0.01464098062510738</mytracks:length></extensions></trkpt><trkpt lat="45.43459198796369" lon="-75.60852888076842"><ele>79.09827244903997</ele><time>2025-10-02T18:11:59.50500Z</time><extensions><mytracks:speed>49.42978517332187</mytracks:speed><mytracks:length>0.01293595769248209</mytracks:length></extensions></trkpt><trkpt lat="45.43468003983513" lon="-75.60859137500063"><ele>78.99104420951979</ele><time>2025-10-02T18:12:00.50400Z</time><extensions><mytracks:speed>43.04863873640503</mytracks:speed><mytracks:length>0.01093817790441444</mytracks:length></extensions></trkpt><trkpt lat="45.43475144223558" lon="-75.60863865809635"><ele>78.9213771817697</ele><time>2025-10-02T18:12:01.50900Z</time><extensions><mytracks:speed>31.34747162383143</mytracks:speed><mytracks:length>0.008755175917884762</mytracks:length></extensions></trkpt><trkpt lat="45.43480557437213" lon="-75.60867285548746"><ele>78.87101885006828</ele><time>2025-10-02T18:12:02.50400Z</time><extensions><mytracks:speed>27.6006195470742</mytracks:speed><mytracks:length>0.006584158180625166</mytracks:length></extensions></trkpt><trkpt lat="45.43484685631673" lon="-75.60869819189105"><ele>78.83919602618819</ele><time>2025-10-02T18:12:03.50200Z</time><extensions><mytracks:speed>20.92424244509279</mytracks:speed><mytracks:length>0.004998323152548966</mytracks:length></extensions></trkpt><trkpt lat="45.4348773649712" lon="-75.60871647386575"><ele>78.84665759126456</ele><time>2025-10-02T18:12:04.50300Z</time><extensions><mytracks:speed>13.22874866745155</mytracks:speed><mytracks:gradient>0.002027996713710785</mytracks:gradient><mytracks:length>0.003679278682220326</mytracks:length></extensions></trkpt><trkpt lat="45.43490039469651" lon="-75.60873024800499"><ele>78.86540267114512</ele><time>2025-10-02T18:12:05.50000Z</time><extensions><mytracks:speed>11.63059315183419</mytracks:speed><mytracks:gradient>0.00405864338026783</mytracks:gradient><mytracks:length>0.002777567360967014</mytracks:length></extensions></trkpt><trkpt lat="45.43491816874344" lon="-75.60874077558518"><ele>78.89287976442574</ele><time>2025-10-02T18:12:06.49900Z</time><extensions><mytracks:speed>8.871241317672034</mytracks:speed><mytracks:gradient>0.009399663490525441</mytracks:gradient><mytracks:length>0.002139732947436693</mytracks:length></extensions></trkpt><trkpt lat="45.43493062373251" lon="-75.608748305161"><ele>78.91693008867298</ele><time>2025-10-02T18:12:07.49900Z</time><extensions><mytracks:speed>5.414156939812843</mytracks:speed><mytracks:gradient>0.01599029063244977</mytracks:gradient><mytracks:length>0.00150405798118735</mytracks:length></extensions></trkpt><trkpt lat="45.434939154184" lon="-75.60875370708123"><ele>78.95503991091337</ele><time>2025-10-02T18:12:08.50000Z</time><extensions><mytracks:speed>3.738463514681473</mytracks:speed><mytracks:gradient>0.03664532537912745</mytracks:gradient><mytracks:length>0.001039964083989089</mytracks:length></extensions></trkpt><trkpt lat="45.43494471189616" lon="-75.60875681750586"><ele>79.01113794277832</ele><time>2025-10-02T18:12:09.50100Z</time><extensions><mytracks:speed>2.390156750997515</mytracks:speed><mytracks:gradient>0.0844154358161421</mytracks:gradient><mytracks:length>0.0006645470857620243</mytracks:length></extensions></trkpt><trkpt lat="45.4349473261646" lon="-75.60875829422136"><ele>79.07433816910485</ele><time>2025-10-02T18:12:10.49900Z</time><extensions><mytracks:speed>1.759959704871044</mytracks:speed><mytracks:gradient>0.1220544034387748</mytracks:gradient><mytracks:length>0.0003148647627138236</mytracks:length></extensions></trkpt><trkpt lat="45.43494810003121" lon="-75.60875897752483"><ele>79.14215480780271</ele><time>2025-10-02T18:12:11.49800Z</time><extensions><mytracks:speed>0.7260939932730314</mytracks:speed><mytracks:gradient>0.3252843978774053</mytracks:gradient><mytracks:length>0.0001342587859314529</mytracks:length></extensions></trkpt><trkpt lat="45.43494788892091" lon="-75.60875903925994"><ele>79.18509872210667</ele><time>2025-10-02T18:12:12.49700Z</time><extensions><mytracks:speed>0.456314069564439</mytracks:speed><mytracks:gradient>0.4581035269690988</mytracks:gradient><mytracks:length>0</mytracks:length></extensions></trkpt><trkpt lat="45.43494691179475" lon="-75.608759308766"><ele>79.21669199296808</ele><time>2025-10-02T18:12:13.49900Z</time><extensions><mytracks:speed>0.3411262264011079</mytracks:speed><mytracks:gradient>0.3327873987683769</mytracks:gradient><mytracks:length>9.493529796600342e-05</mytracks:length></extensions></trkpt><trkpt lat="45.43494604107709" lon="-75.60875931678683"><ele>79.25875686355728</ele><time>2025-10-02T18:12:14.50000Z</time><extensions><mytracks:speed>0.3413784308416202</mytracks:speed><mytracks:gradient>0.4430898884866212</mytracks:gradient><mytracks:length>9.493529796600342e-05</mytracks:length></extensions></trkpt><trkpt lat="45.43494571384056" lon="-75.60875841937209"><ele>79.33131859508602</ele><time>2025-10-02T18:12:15.50100Z</time><extensions><mytracks:speed>0.3414690619703906</mytracks:speed><mytracks:gradient>0.7643282644430223</mytracks:gradient><mytracks:length>9.493529796600342e-05</mytracks:length></extensions></trkpt><trkpt lat="45.43494537052722" lon="-75.60875824109874"><ele>79.35481895963557</ele><time>2025-10-02T18:12:18.38300Z</time><extensions><mytracks:speed>0.08800545735441159</mytracks:speed><mytracks:gradient>1.011869116508012</mytracks:gradient><mytracks:length>0</mytracks:length></extensions></trkpt><trkpt lat="45.4349439869595" lon="-75.60875752264928"><ele>79.44952645339072</ele><time>2025-10-02T18:12:31.00000Z</time><extensions><mytracks:speed>0.03830789506826092</mytracks:speed><mytracks:gradient>0.7054100265997172</mytracks:gradient><mytracks:length>0.0001342587859314529</mytracks:length></extensions></trkpt><trkpt lat="45.43494398695951" lon="-75.60875752264928"><ele>79.44952645339073</ele><time>2025-10-02T18:12:32.49900Z</time><extensions><mytracks:speed>0.03424032383499863</mytracks:speed><mytracks:gradient>0.7054100265998231</mytracks:gradient><mytracks:length>0</mytracks:length></extensions></trkpt><trkpt lat="45.4349439869595" lon="-75.6087575226493"><ele>79.44952645339072</ele><time>2025-10-02T18:12:33.50000Z</time><extensions><mytracks:speed>0.03197348943660649</mytracks:speed><mytracks:gradient>0.7054100265997172</mytracks:gradient><mytracks:length>0</mytracks:length></extensions></trkpt><trkpt lat="45.43494398695951" lon="-75.60875752264928"><ele>79.44952645339072</ele><time>2025-10-02T18:12:34.50100Z</time><extensions><mytracks:speed>0.02998791980836706</mytracks:speed><mytracks:gradient>0.7054100265997172</mytracks:gradient><mytracks:length>0</mytracks:length></extensions></trkpt><trkpt lat="45.4349439869595" lon="-75.6087575226493"><ele>79.44952645339072</ele><time>2025-10-02T18:12:35.50000Z</time><extensions><mytracks:speed>0.02823680796007702</mytracks:speed><mytracks:gradient>0.7054100265997172</mytracks:gradient><mytracks:length>0</mytracks:length></extensions></trkpt><trkpt lat="45.4349439869595" lon="-75.6087575226493"><ele>79.44952645339072</ele><time>2025-10-02T18:12:36.49900Z</time><extensions><mytracks:speed>0.02668003607396962</mytracks:speed><mytracks:gradient>0.7054100265997172</mytracks:gradient><mytracks:length>0</mytracks:length></extensions></trkpt><trkpt lat="45.4349439869595" lon="-75.60875752264928"><ele>79.44952645339072</ele><time>2025-10-02T18:12:37.99600Z</time><extensions><mytracks:speed>0.02464348605225176</mytracks:speed><mytracks:gradient>0.7054100265997172</mytracks:gradient><mytracks:length>0</mytracks:length></extensions></trkpt><trkpt lat="45.4349439869595" lon="-75.60875752264928"><ele>79.44952645339072</ele><time>2025-10-02T18:12:38.99600Z</time><extensions><mytracks:speed>0.02344848874665843</mytracks:speed><mytracks:gradient>0.7054100265997172</mytracks:gradient><mytracks:length>0</mytracks:length></extensions></trkpt><trkpt lat="45.4349439869595" lon="-75.60875752264928"><ele>79.44952645339072</ele><time>2025-10-02T18:12:39.99600Z</time><extensions><mytracks:speed>0.02236379611549161</mytracks:speed><mytracks:gradient>0.7054100265997172</mytracks:gradient><mytracks:length>0</mytracks:length></extensions></trkpt><trkpt lat="45.4349439869595" lon="-75.60875752264928"><ele>79.44952645339072</ele><time>2025-10-02T18:12:41.49700Z</time><extensions><mytracks:speed>0.02091138873722528</mytracks:speed><mytracks:gradient>0.7054100265997172</mytracks:gradient><mytracks:length>0</mytracks:length></extensions></trkpt><trkpt lat="45.4349439869595" lon="-75.60875752264928"><ele>79.44952645339072</ele><time>2025-10-02T18:12:42.49700Z</time><extensions><mytracks:speed>0.02004416507779029</mytracks:speed><mytracks:gradient>0.7054100265997172</mytracks:gradient><mytracks:length>0</mytracks:length></extensions></trkpt><trkpt lat="45.4349439869595" lon="-75.60875752264928"><ele>79.44952645339072</ele><time>2025-10-02T18:12:43.49700Z</time><extensions><mytracks:speed>0.01924599773744128</mytracks:speed><mytracks:gradient>0.7054100265997172</mytracks:gradient><mytracks:length>0</mytracks:length></extensions></trkpt><trkpt lat="45.4349439869595" lon="-75.60875752264928"><ele>79.44952645339072</ele><time>2025-10-02T18:12:44.49700Z</time><extensions><mytracks:speed>0.02266874134768244</mytracks:speed><mytracks:gradient>0.5759648748708054</mytracks:gradient><mytracks:length>0</mytracks:length></extensions></trkpt><trkpt lat="45.4349439869595" lon="-75.60875752264928"><ele>79.44952645339072</ele><time>2025-10-02T18:12:45.49700Z</time><extensions><mytracks:speed>0.02183263847851262</mytracks:speed><mytracks:gradient>0.5759648748708054</mytracks:gradient><mytracks:length>0</mytracks:length></extensions></trkpt><trkpt lat="45.4349439869595" lon="-75.60875752264927"><ele>79.44952645339072</ele><time>2025-10-02T18:12:46.49700Z</time><extensions><mytracks:speed>0.02105602769354455</mytracks:speed><mytracks:gradient>0.5759648748708054</mytracks:gradient><mytracks:length>0</mytracks:length></extensions></trkpt><trkpt lat="45.4349439869595" lon="-75.60875752264928"><ele>79.44952645339072</ele><time>2025-10-02T18:12:47.49700Z</time><extensions><mytracks:speed>0.0166016769438391</mytracks:speed><mytracks:gradient>0.7054100265997172</mytracks:gradient><mytracks:length>0</mytracks:length></extensions></trkpt><trkpt lat="45.4349439869595" lon="-75.60875752264928"><ele>79.44952645339072</ele><time>2025-10-02T18:12:48.49700Z</time><extensions><mytracks:speed>0.01605038342536521</mytracks:speed><mytracks:gradient>0.7054100265997172</mytracks:gradient><mytracks:length>0</mytracks:length></extensions></trkpt><trkpt lat="45.4349439869595" lon="-75.60875752264928"><ele>79.44952645339072</ele><time>2025-10-02T18:12:49.49700Z</time><extensions><mytracks:speed>0.01553451644854783</mytracks:speed><mytracks:gradient>0.7054100265997172</mytracks:gradient><mytracks:length>0</mytracks:length></extensions></trkpt><trkpt lat="45.4349439869595" lon="-75.6087575226493"><ele>79.44952645339072</ele><time>2025-10-02T18:12:50.49700Z</time><extensions><mytracks:speed>0.01843328346815755</mytracks:speed><mytracks:gradient>0.5759648748708054</mytracks:gradient><mytracks:length>0</mytracks:length></extensions></trkpt><trkpt lat="45.4349439869595" lon="-75.60875752264928"><ele>79.44952645339072</ele><time>2025-10-02T18:12:51.49700Z</time><extensions><mytracks:speed>0.01459617410927472</mytracks:speed><mytracks:gradient>0.7054100265997172</mytracks:gradient><mytracks:length>0</mytracks:length></extensions></trkpt><trkpt lat="45.4349439869595" lon="-75.60875752264927"><ele>79.44952645339072</ele><time>2025-10-02T18:12:52.49700Z</time><extensions><mytracks:speed>0.01735252746694257</mytracks:speed><mytracks:gradient>0.5759648748708054</mytracks:gradient><mytracks:length>0</mytracks:length></extensions></trkpt><trkpt lat="45.4349439869595" lon="-75.60875752264928"><ele>79.44952645339072</ele><time>2025-10-02T18:12:53.49700Z</time><extensions><mytracks:speed>0.01376479529061203</mytracks:speed><mytracks:gradient>0.7054100265997172</mytracks:gradient><mytracks:length>0</mytracks:length></extensions></trkpt><trkpt lat="45.4349439869595" lon="-75.60875752264928"><ele>79.44952645339072</ele><time>2025-10-02T18:12:54.49700Z</time><extensions><mytracks:speed>0.01338358831746036</mytracks:speed><mytracks:gradient>0.7054100265997172</mytracks:gradient><mytracks:length>0</mytracks:length></extensions></trkpt><trkpt lat="45.4349439869595" lon="-75.60875752264928"><ele>79.44952645339072</ele><time>2025-10-02T18:12:55.49700Z</time><extensions><mytracks:speed>0.01302294639505521</mytracks:speed><mytracks:gradient>0.7054100265997172</mytracks:gradient><mytracks:length>0</mytracks:length></extensions></trkpt><trkpt lat="45.4349439869595" lon="-75.60875752264928"><ele>79.44952645339072</ele><time>2025-10-02T18:12:56.49700Z</time><extensions><mytracks:speed>0.01268121946487807</mytracks:speed><mytracks:gradient>0.7054100265997172</mytracks:gradient><mytracks:length>0</mytracks:length></extensions></trkpt><trkpt lat="45.4349439869595" lon="-75.60875752264927"><ele>79.4495264533907</ele><time>2025-10-02T18:12:57.49700Z</time><extensions><mytracks:speed>0.01513416489019701</mytracks:speed><mytracks:gradient>0.575964874870719</mytracks:gradient><mytracks:length>0</mytracks:length></extensions></trkpt><trkpt lat="45.4349439869595" lon="-75.60875752264928"><ele>79.44952645339072</ele><time>2025-10-02T18:12:58.49800Z</time><extensions><mytracks:speed>0.01475685864607548</mytracks:speed><mytracks:gradient>0.5759648748708054</mytracks:gradient><mytracks:length>0</mytracks:length></extensions></trkpt><trkpt lat="45.4349439869595" lon="-75.60875752264928"><ele>79.44952645339072</ele><time>2025-10-02T18:12:59.49800Z</time><extensions><mytracks:speed>0.01439792208558002</mytracks:speed><mytracks:gradient>0.5759648748708054</mytracks:gradient><mytracks:length>0</mytracks:length></extensions></trkpt><trkpt lat="45.43494398695951" lon="-75.60875752264928"><ele>79.44952645339073</ele><time>2025-10-02T18:13:00.49800Z</time><extensions><mytracks:speed>0.01147666187789876</mytracks:speed><mytracks:gradient>0.7054100265998231</mytracks:gradient><mytracks:length>0</mytracks:length></extensions></trkpt><trkpt lat="45.4349439869595" lon="-75.60875752264928"><ele>79.44952645339072</ele><time>2025-10-02T18:13:01.49800Z</time><extensions><mytracks:speed>0.01372998411722321</mytracks:speed><mytracks:gradient>0.5759648748708054</mytracks:gradient><mytracks:length>0</mytracks:length></extensions></trkpt><trkpt lat="45.43494398695951" lon="-75.60875752264928"><ele>79.44952645339072</ele><time>2025-10-02T18:13:02.49800Z</time><extensions><mytracks:speed>0.01095638507072758</mytracks:speed><mytracks:gradient>0.7054100265997172</mytracks:gradient><mytracks:length>0</mytracks:length></extensions></trkpt><trkpt lat="45.4349439869595" lon="-75.60875752264927"><ele>79.4495264533907</ele><time>2025-10-02T18:13:03.49700Z</time><extensions><mytracks:speed>0.01312136392394074</mytracks:speed><mytracks:gradient>0.575964874870719</mytracks:gradient><mytracks:length>0</mytracks:length></extensions></trkpt><trkpt lat="45.4349439869595" lon="-75.60875752264927"><ele>79.4495264533907</ele><time>2025-10-02T18:13:04.49800Z</time><extensions><mytracks:speed>0.01283674888762401</mytracks:speed><mytracks:gradient>0.575964874870719</mytracks:gradient><mytracks:length>0</mytracks:length></extensions></trkpt><trkpt lat="45.43494398695951" lon="-75.60875752264928"><ele>79.44952645339072</ele><time>2025-10-02T18:13:05.49800Z</time><extensions><mytracks:speed>0.01025870108190293</mytracks:speed><mytracks:gradient>0.7054100265997172</mytracks:gradient><mytracks:length>0</mytracks:length></extensions></trkpt><trkpt lat="45.43494398695951" lon="-75.60875752264928"><ele>79.44952645339072</ele><time>2025-10-02T18:13:06.49800Z</time><extensions><mytracks:speed>0.01004547436004696</mytracks:speed><mytracks:gradient>0.7054100265997172</mytracks:gradient><mytracks:length>0</mytracks:length></extensions></trkpt><trkpt lat="45.4349439869595" lon="-75.60875752264928"><ele>79.44952645339072</ele><time>2025-10-02T18:13:07.49800Z</time><extensions><mytracks:speed>0.01205266475755764</mytracks:speed><mytracks:gradient>0.5759648748708054</mytracks:gradient><mytracks:length>0</mytracks:length></extensions></trkpt><trkpt lat="45.4349439869595" lon="-75.60875752264927"><ele>79.4495264533907</ele><time>2025-10-02T18:13:08.49800Z</time><extensions><mytracks:speed>0.009644578134691715</mytracks:speed><mytracks:gradient>0.7054100265996114</mytracks:gradient><mytracks:length>0</mytracks:length></extensions></trkpt><trkpt lat="45.4349439869595" lon="-75.60875752264928"><ele>79.44952645339072</ele><time>2025-10-02T18:13:09.49800Z</time><extensions><mytracks:speed>0.01158104269013976</mytracks:speed><mytracks:gradient>0.5759648748708054</mytracks:gradient><mytracks:length>0</mytracks:length></extensions></trkpt><trkpt lat="45.43494398695949" lon="-75.60875752264927"><ele>79.44952645339072</ele><time>2025-10-02T18:13:10.49800Z</time><extensions><mytracks:speed>0.0113587909630469</mytracks:speed><mytracks:gradient>0.5759648748708054</mytracks:gradient><mytracks:length>0</mytracks:length></extensions></trkpt><trkpt lat="45.4349439869595" lon="-75.60875752264928"><ele>79.44952645339072</ele><time>2025-10-02T18:13:11.49800Z</time><extensions><mytracks:speed>0.01114494036562737</mytracks:speed><mytracks:gradient>0.5759648748708054</mytracks:gradient><mytracks:length>0</mytracks:length></extensions></trkpt><trkpt lat="45.4349439869595" lon="-75.60875752264928"><ele>79.44952645339072</ele><time>2025-10-02T18:13:12.49800Z</time><extensions><mytracks:speed>0.01093901884121766</mytracks:speed><mytracks:gradient>0.5759648748708054</mytracks:gradient><mytracks:length>0</mytracks:length></extensions></trkpt><trkpt lat="45.4349439869595" lon="-75.60875752264928"><ele>79.44952645339072</ele><time>2025-10-02T18:13:13.49800Z</time><extensions><mytracks:speed>0.008769615175484767</mytracks:speed><mytracks:gradient>0.7054100265997172</mytracks:gradient><mytracks:length>0</mytracks:length></extensions></trkpt><trkpt lat="45.4349439869595" lon="-75.60875752264927"><ele>79.44952645339072</ele><time>2025-10-02T18:13:14.49800Z</time><extensions><mytracks:speed>0.01054911125499358</mytracks:speed><mytracks:gradient>0.5759648748708054</mytracks:gradient><mytracks:length>0</mytracks:length></extensions></trkpt><trkpt lat="45.4349439869595" lon="-75.60875752264928"><ele>79.4495264533907</ele><time>2025-10-02T18:13:15.49800Z</time><extensions><mytracks:speed>0.008462484954897138</mytracks:speed><mytracks:gradient>0.7054100265996114</mytracks:gradient><mytracks:length>0</mytracks:length></extensions></trkpt><trkpt lat="45.4349439869595" lon="-75.60875752264928"><ele>79.44952645339072</ele><time>2025-10-02T18:13:16.49800Z</time><extensions><mytracks:speed>0.008316878291473054</mytracks:speed><mytracks:gradient>0.7054100265997172</mytracks:gradient><mytracks:length>0</mytracks:length></extensions></trkpt><trkpt lat="45.4349439869595" lon="-75.6087575226493"><ele>79.44952645339073</ele><time>2025-10-02T18:13:17.49800Z</time><extensions><mytracks:speed>0.008176198039451256</mytracks:speed><mytracks:gradient>0.7054100265998231</mytracks:gradient><mytracks:length>0</mytracks:length></extensions></trkpt><trkpt lat="45.4349439869595" lon="-75.60875752264928"><ele>79.44952645339072</ele><time>2025-10-02T18:13:18.49800Z</time><extensions><mytracks:speed>0.008040180355104272</mytracks:speed><mytracks:gradient>0.7054100265997172</mytracks:gradient><mytracks:length>0</mytracks:length></extensions></trkpt><trkpt lat="45.4349439869595" lon="-75.60875752264928"><ele>79.4495264533907</ele><time>2025-10-02T18:13:19.49800Z</time><extensions><mytracks:speed>0.009686028512312496</mytracks:speed><mytracks:gradient>0.575964874870719</mytracks:gradient><mytracks:length>0</mytracks:length></extensions></trkpt><trkpt lat="45.4349439869595" lon="-75.6087575226493"><ele>79.44952645339073</ele><time>2025-10-02T18:13:20.49800Z</time><extensions><mytracks:speed>0.007781284149663779</mytracks:speed><mytracks:gradient>0.7054100265998231</mytracks:gradient><mytracks:length>0</mytracks:length></extensions></trkpt><trkpt lat="45.4349439869595" lon="-75.60875752264928"><ele>79.44952645339072</ele><time>2025-10-02T18:13:21.49800Z</time><extensions><mytracks:speed>0.007657994723184497</mytracks:speed><mytracks:gradient>0.7054100265997172</mytracks:gradient><mytracks:length>0</mytracks:length></extensions></trkpt><trkpt lat="45.43494398695951" lon="-75.60875752264928"><ele>79.44952645339073</ele><time>2025-10-02T18:13:22.49800Z</time><extensions><mytracks:speed>0.007538555560083382</mytracks:speed><mytracks:gradient>0.7054100265998231</mytracks:gradient><mytracks:length>0</mytracks:length></extensions></trkpt><trkpt lat="45.4349439869595" lon="-75.60875752264927"><ele>79.44952645339072</ele><time>2025-10-02T18:13:23.49800Z</time><extensions><mytracks:speed>0.009091015140291425</mytracks:speed><mytracks:gradient>0.5759648748708054</mytracks:gradient><mytracks:length>0</mytracks:length></extensions></trkpt><trkpt lat="45.43494398695952" lon="-75.60875752264928"><ele>79.44952645339072</ele><time>2025-10-02T18:13:24.49800Z</time><extensions><mytracks:speed>0.00895350313434639</mytracks:speed><mytracks:gradient>0.5759648748708054</mytracks:gradient><mytracks:length>0</mytracks:length></extensions></trkpt><trkpt lat="45.4349439869595" lon="-75.60875752264927"><ele>79.44952645339072</ele><time>2025-10-02T18:13:25.49800Z</time><extensions><mytracks:speed>0.007201569024282152</mytracks:speed><mytracks:gradient>0.7054100265997172</mytracks:gradient><mytracks:length>0</mytracks:length></extensions></trkpt><trkpt lat="45.4349439869595" lon="-75.60875752264928"><ele>79.44952645339072</ele><time>2025-10-02T18:13:26.49800Z</time><extensions><mytracks:speed>0.007095840461498821</mytracks:speed><mytracks:gradient>0.7054100265997172</mytracks:gradient><mytracks:length>0</mytracks:length></extensions></trkpt><trkpt lat="45.4349439869595" lon="-75.60875752264928"><ele>79.44952645339072</ele><time>2025-10-02T18:13:27.49800Z</time><extensions><mytracks:speed>0.006993174562810111</mytracks:speed><mytracks:gradient>0.7054100265997172</mytracks:gradient><mytracks:length>0</mytracks:length></extensions></trkpt><trkpt lat="45.4349439869595" lon="-75.60875752264928"><ele>79.4495264533907</ele><time>2025-10-02T18:13:28.49800Z</time><extensions><mytracks:speed>0.006893433366867794</mytracks:speed><mytracks:gradient>0.7054100265996114</mytracks:gradient><mytracks:length>0</mytracks:length></extensions></trkpt><trkpt lat="45.4349439869595" lon="-75.6087575226493"><ele>79.44952645339073</ele><time>2025-10-02T18:13:29.49800Z</time><extensions><mytracks:speed>0.006796487568668016</mytracks:speed><mytracks:gradient>0.7054100265998231</mytracks:gradient><mytracks:length>0</mytracks:length></extensions></trkpt><trkpt lat="45.4349439869595" lon="-75.60875752264928"><ele>79.44952645339072</ele><time>2025-10-02T18:13:30.49800Z</time><extensions><mytracks:speed>0.006702244852134757</mytracks:speed><mytracks:gradient>0.7054100265997172</mytracks:gradient><mytracks:length>0</mytracks:length></extensions></trkpt><trkpt lat="45.4349439869595" lon="-75.60875752264928"><ele>79.4495264533907</ele><time>2025-10-02T18:13:31.49800Z</time><extensions><mytracks:speed>0.006610586339145365</mytracks:speed><mytracks:gradient>0.7054100265996114</mytracks:gradient><mytracks:length>0</mytracks:length></extensions></trkpt><trkpt lat="45.4349439869595" lon="-75.60875752264928"><ele>79.44952645339072</ele><time>2025-10-02T18:13:32.49800Z</time><extensions><mytracks:speed>0.006521395323913781</mytracks:speed><mytracks:gradient>0.7054100265997172</mytracks:gradient><mytracks:length>0</mytracks:length></extensions></trkpt><trkpt lat="45.4349439869595" lon="-75.60875752264928"><ele>79.44952645339072</ele><time>2025-10-02T18:13:33.49800Z</time><extensions><mytracks:speed>0.006434564187756315</mytracks:speed><mytracks:gradient>0.7054100265997172</mytracks:gradient><mytracks:length>0</mytracks:length></extensions></trkpt><trkpt lat="45.43494398695951" lon="-75.6087575226493"><ele>79.44952645339072</ele><time>2025-10-02T18:13:34.49800Z</time><extensions><mytracks:speed>0.006350020010761783</mytracks:speed><mytracks:gradient>0.7054100265997172</mytracks:gradient><mytracks:length>0</mytracks:length></extensions></trkpt><trkpt lat="45.4349439869595" lon="-75.60875752264927"><ele>79.44952645339072</ele><time>2025-10-02T18:13:35.49800Z</time><extensions><mytracks:speed>0.006267674178782484</mytracks:speed><mytracks:gradient>0.7054100265997172</mytracks:gradient><mytracks:length>0</mytracks:length></extensions></trkpt><trkpt lat="45.43494398695951" lon="-75.6087575226493"><ele>79.44952645339073</ele><time>2025-10-02T18:13:36.49800Z</time><extensions><mytracks:speed>0.006187437602281584</mytracks:speed><mytracks:gradient>0.7054100265998231</mytracks:gradient><mytracks:length>0</mytracks:length></extensions></trkpt><trkpt lat="45.4349439869595" lon="-75.60875752264928"><ele>79.44952645339072</ele><time>2025-10-02T18:13:37.49800Z</time><extensions><mytracks:speed>0.006109229574075696</mytracks:speed><mytracks:gradient>0.7054100265997172</mytracks:gradient><mytracks:length>0</mytracks:length></extensions></trkpt><trkpt lat="45.4349439869595" lon="-75.60875752264928"><ele>79.44952645339073</ele><time>2025-10-02T18:13:38.49800Z</time><extensions><mytracks:speed>0.006032972734155271</mytracks:speed><mytracks:gradient>0.7054100265998231</mytracks:gradient><mytracks:length>0</mytracks:length></extensions></trkpt><trkpt lat="45.43494900123607" lon="-75.60875843077318"><ele>79.47592447946914</ele><time>2025-10-02T18:13:39.49800Z</time><extensions><mytracks:speed>1.992706922592758</mytracks:speed><mytracks:gradient>0.04768746946603286</mytracks:gradient><mytracks:length>0.000553563155562571</mytracks:length></extensions></trkpt><trkpt lat="45.43495792243808" lon="-75.60876132052047"><ele>79.49296084207225</ele><time>2025-10-02T18:13:40.49900Z</time><extensions><mytracks:speed>3.648033981968201</mytracks:speed><mytracks:gradient>0.01680725276782238</mytracks:gradient><mytracks:length>0.001013631605262928</mytracks:length></extensions></trkpt><trkpt lat="45.4349745267298" lon="-75.60876845982605"><ele>79.50448124081281</ele><time>2025-10-02T18:13:41.49900Z</time><extensions><mytracks:speed>6.94331849467696</mytracks:speed><mytracks:gradient>0.005971243305168308</mytracks:gradient><mytracks:length>0.001929313235417253</mytracks:length></extensions></trkpt><trkpt lat="45.43500190475733" lon="-75.60878108700926"><ele>79.51900547421486</ele><time>2025-10-02T18:13:42.49900Z</time><extensions><mytracks:speed>11.51434546072835</mytracks:speed><mytracks:gradient>0.004539168826082921</mytracks:gradient><mytracks:length>0.003199756157690713</mytracks:length></extensions></trkpt><trkpt lat="45.43503668229739" lon="-75.60879907031382"><ele>79.50706583431838</ele><time>2025-10-02T18:13:43.50000Z</time><extensions><mytracks:speed>14.8074359938773</mytracks:speed><mytracks:length>0.004114106328499696</mytracks:length></extensions></trkpt><trkpt lat="45.43508150425985" lon="-75.60882288160946"><ele>79.5033478381236</ele><time>2025-10-02T18:13:44.50000Z</time><extensions><mytracks:speed>19.15037674090728</mytracks:speed><mytracks:length>0.005320613181059889</mytracks:length></extensions></trkpt><trkpt lat="45.43513486152263" lon="-75.60885179737669"><ele>79.53465171140806</ele><time>2025-10-02T18:13:45.50000Z</time><extensions><mytracks:speed>22.84883789031742</mytracks:speed><mytracks:gradient>0.004931374943323796</mytracks:gradient><mytracks:length>0.006347899651564189</mytracks:length></extensions></trkpt><trkpt lat="45.43519566404599" lon="-75.60888631938506"><ele>79.59432217189593</ele><time>2025-10-02T18:13:46.50000Z</time><extensions><mytracks:speed>26.19494326359498</mytracks:speed><mytracks:gradient>0.008198169262862088</mytracks:gradient><mytracks:length>0.007278510430148591</mytracks:length></extensions></trkpt><trkpt lat="45.43526367781254" lon="-75.60892653877298"><ele>79.63015374096993</ele><time>2025-10-02T18:13:47.50100Z</time><extensions><mytracks:speed>29.47476287044828</mytracks:speed><mytracks:gradient>0.004375741329026754</mytracks:gradient><mytracks:length>0.008188685386020121</mytracks:length></extensions></trkpt><trkpt lat="45.43533889513106" lon="-75.60897257345761"><ele>79.563526328344</ele><time>2025-10-02T18:13:48.50100Z</time><extensions><mytracks:speed>32.75943906581512</mytracks:speed><mytracks:length>0.009101913956560915</mytracks:length></extensions></trkpt><trkpt lat="45.43541961587997" lon="-75.60902385173924"><ele>79.45502751641622</ele><time>2025-10-02T18:13:49.50200Z</time><extensions><mytracks:speed>35.34972075131775</mytracks:speed><mytracks:length>0.009827064476275802</mytracks:length></extensions></trkpt><trkpt lat="45.43550426596595" lon="-75.60908189363121"><ele>79.2845492637102</ele><time>2025-10-02T18:13:50.50200Z</time><extensions><mytracks:speed>37.58641141411517</mytracks:speed><mytracks:length>0.01044547159986276</mytracks:length></extensions></trkpt><trkpt lat="45.4355940386826" lon="-75.60914783737245"><ele>79.19401231913517</ele><time>2025-10-02T18:13:51.50200Z</time><extensions><mytracks:speed>39.01032733372261</mytracks:speed><mytracks:length>0.01123048863290228</mytracks:length></extensions></trkpt><trkpt lat="45.43568928700751" lon="-75.60921977309849"><ele>79.24505891650792</ele><time>2025-10-02T18:13:52.50100Z</time><extensions><mytracks:speed>41.81114203949752</mytracks:speed><mytracks:length>0.01198630980999366</mytracks:length></extensions></trkpt><trkpt lat="45.43579105842215" lon="-75.60929544218078"><ele>79.37700740035903</ele><time>2025-10-02T18:13:53.50100Z</time><extensions><mytracks:speed>44.57133869488023</mytracks:speed><mytracks:gradient>0.007393605229627145</mytracks:gradient><mytracks:length>0.01276376748530526</mytracks:length></extensions></trkpt><trkpt lat="45.43590041680853" lon="-75.60937119403683"><ele>79.64122193016811</ele><time>2025-10-02T18:13:54.50100Z</time><extensions><mytracks:speed>48.67293248808275</mytracks:speed><mytracks:gradient>0.01954172438404977</mytracks:gradient><mytracks:length>0.01352053302034781</mytracks:length></extensions></trkpt><trkpt lat="45.43601613975699" lon="-75.6094449625364"><ele>79.88799541125412</ele><time>2025-10-02T18:13:55.50100Z</time><extensions><mytracks:speed>50.74728956788303</mytracks:speed><mytracks:gradient>0.01750596958285481</mytracks:gradient><mytracks:length>0.0140965331807555</mytracks:length></extensions></trkpt><trkpt lat="45.43613715630151" lon="-75.60951707312553"><ele>80.17964411804363</ele><time>2025-10-02T18:13:56.50100Z</time><extensions><mytracks:speed>51.62559486763097</mytracks:speed><mytracks:gradient>0.0187737158194767</mytracks:gradient><mytracks:length>0.01458516414065977</mytracks:length></extensions></trkpt><trkpt lat="45.43626153420215" lon="-75.60958836526036"><ele>80.37585192968761</ele><time>2025-10-02T18:13:57.50100Z</time><extensions><mytracks:speed>53.08857244082976</mytracks:speed><mytracks:gradient>0.01654222741673407</mytracks:gradient><mytracks:length>0.01490665572056604</mytracks:length></extensions></trkpt><trkpt lat="45.43638788387075" lon="-75.60965916930587"><ele>80.51610637164671</ele><time>2025-10-02T18:13:58.50100Z</time><extensions><mytracks:speed>54.00884435505937</mytracks:speed><mytracks:gradient>0.01121422756589676</mytracks:gradient><mytracks:length>0.01509650350236844</mytracks:length></extensions></trkpt><trkpt lat="45.43651557154252" lon="-75.60972833867625"><ele>80.62710397865929</ele><time>2025-10-02T18:13:59.50100Z</time><extensions><mytracks:speed>54.51724677037667</mytracks:speed><mytracks:gradient>0.00829610310294154</mytracks:gradient><mytracks:length>0.01518935099886075</mytracks:length></extensions></trkpt><trkpt lat="45.43664437664414" lon="-75.60979678882616"><ele>80.64644981101046</ele><time>2025-10-02T18:14:00.50000Z</time><extensions><mytracks:speed>54.85718906120906</mytracks:speed><mytracks:gradient>0.00427706538587466</mytracks:gradient><mytracks:length>0.01528576224750863</mytracks:length></extensions></trkpt><trkpt lat="45.43677526747238" lon="-75.60986504696197"><ele>80.66335550675269</ele><time>2025-10-02T18:14:01.50100Z</time><extensions><mytracks:speed>55.79096631271425</mytracks:speed><mytracks:gradient>0.001090808657294815</mytracks:gradient><mytracks:length>0.01549831460282341</mytracks:length></extensions></trkpt><trkpt lat="45.43690832383237" lon="-75.60993432943351"><ele>80.62426138983093</ele><time>2025-10-02T18:14:02.50000Z</time><extensions><mytracks:speed>56.24959291085244</mytracks:speed><mytracks:length>0.01575182301580373</mytracks:length></extensions></trkpt><trkpt lat="45.43704246848841" lon="-75.61000558954326"><ele>80.51710821392632</ele><time>2025-10-02T18:14:03.50000Z</time><extensions><mytracks:speed>57.01186881847194</mytracks:speed><mytracks:length>0.01591886897869152</mytracks:length></extensions></trkpt><trkpt lat="45.43717675388361" lon="-75.61007690660847"><ele>80.40821285690785</ele><time>2025-10-02T18:14:04.50000Z</time><extensions><mytracks:speed>57.36099575679169</mytracks:speed><mytracks:length>0.01593499651949576</mytracks:length></extensions></trkpt><trkpt lat="45.43731016648361" lon="-75.61014861836892"><ele>80.33383780606343</ele><time>2025-10-02T18:14:05.50100Z</time><extensions><mytracks:speed>57.06241367692941</mytracks:speed><mytracks:length>0.01585476322497341</mytracks:length></extensions></trkpt><trkpt lat="45.43744189158236" lon="-75.61021907246666"><ele>80.27548363561044</ele><time>2025-10-02T18:14:06.50100Z</time><extensions><mytracks:speed>56.31646595398186</mytracks:speed><mytracks:length>0.01564474950879177</mytracks:length></extensions></trkpt><trkpt lat="45.43757156320446" lon="-75.61028828727861"><ele>80.25736446331904</ele><time>2025-10-02T18:14:07.50100Z</time><extensions><mytracks:speed>55.87535658474433</mytracks:speed><mytracks:length>0.01539679616575225</mytracks:length></extensions></trkpt><trkpt lat="45.43769969535874" lon="-75.61035726978008"><ele>80.26015489109348</ele><time>2025-10-02T18:14:08.50100Z</time><extensions><mytracks:speed>55.13445740396377</mytracks:speed><mytracks:length>0.01523023761656326</mytracks:length></extensions></trkpt><trkpt lat="45.43782616072681" lon="-75.61042526104112"><ele>80.27540600022043</ele><time>2025-10-02T18:14:09.50100Z</time><extensions><mytracks:speed>54.10457977188898</mytracks:speed><mytracks:gradient>0.001014725372774678</mytracks:gradient><mytracks:length>0.01502978986841281</mytracks:length></extensions></trkpt><trkpt lat="45.43795125549976" lon="-75.61049281956899"><ele>80.29176876346055</ele><time>2025-10-02T18:14:10.50100Z</time><extensions><mytracks:speed>53.82903116577752</mytracks:speed><mytracks:gradient>0.001057151512715572</mytracks:gradient><mytracks:length>0.0148751827836936</mytracks:length></extensions></trkpt><trkpt lat="45.43807544432652" lon="-75.61056037003186"><ele>80.29537604230921</ele><time>2025-10-02T18:14:11.50000Z</time><extensions><mytracks:speed>53.38423055076076</mytracks:speed><mytracks:gradient>0.0006733930506023793</mytracks:gradient><mytracks:length>0.01478036187238746</mytracks:length></extensions></trkpt><trkpt lat="45.4381995374138" lon="-75.61062795973835"><ele>80.2698730791729</ele><time>2025-10-02T18:14:12.50100Z</time><extensions><mytracks:speed>53.17768785254307</mytracks:speed><mytracks:length>0.01477212760191056</mytracks:length></extensions></trkpt><trkpt lat="45.43832379663194" lon="-75.6106956195961"><ele>80.18213156325666</ele><time>2025-10-02T18:14:13.50100Z</time><extensions><mytracks:speed>53.23022282000489</mytracks:speed><mytracks:length>0.01479102910404552</mytracks:length></extensions></trkpt><trkpt lat="45.43844836123498" lon="-75.61076334737972"><ele>80.12282260501759</ele><time>2025-10-02T18:14:14.50100Z</time><extensions><mytracks:speed>53.36219956024656</mytracks:speed><mytracks:length>0.01482511266622654</mytracks:length></extensions></trkpt><trkpt lat="45.4385739329179" lon="-75.61083119993798"><ele>80.07739830072394</ele><time>2025-10-02T18:14:15.50100Z</time><extensions><mytracks:speed>53.75828355191513</mytracks:speed><mytracks:length>0.01493293308801308</mytracks:length></extensions></trkpt><trkpt lat="45.43869998273435" lon="-75.61089885940332"><ele>80.02697623152474</ele><time>2025-10-02T18:14:16.50100Z</time><extensions><mytracks:speed>53.844002299701</mytracks:speed><mytracks:length>0.01497692713435775</mytracks:length></extensions></trkpt><trkpt lat="45.43882735938635" lon="-75.61096789490155"><ele>80.01382026686832</ele><time>2025-10-02T18:14:17.50100Z</time><extensions><mytracks:speed>54.54128273186752</mytracks:speed><mytracks:length>0.01515341036730029</mytracks:length></extensions></trkpt><trkpt lat="45.43895661356413" lon="-75.6110376519149"><ele>79.96525236101654</ele><time>2025-10-02T18:14:18.50100Z</time><extensions><mytracks:speed>55.32363532239902</mytracks:speed><mytracks:length>0.01536867307001267</mytracks:length></extensions></trkpt><trkpt lat="45.43908679308106" lon="-75.61110882042334"><ele>79.95225479505072</ele><time>2025-10-02T18:14:19.50100Z</time><extensions><mytracks:speed>55.57222547234929</mytracks:speed><mytracks:length>0.0155038381387735</mytracks:length></extensions></trkpt><trkpt lat="45.43921646486373" lon="-75.61118110515866"><ele>79.9956187114703</ele><time>2025-10-02T18:14:20.50100Z</time><extensions><mytracks:speed>55.7881926188445</mytracks:speed><mytracks:gradient>0.0009799972157457347</mytracks:gradient><mytracks:length>0.01548289642979293</mytracks:length></extensions></trkpt><trkpt lat="45.43934682294492" lon="-75.61125337036806"><ele>80.08534464086468</ele><time>2025-10-02T18:14:21.50000Z</time><extensions><mytracks:speed>55.87690316553059</mytracks:speed><mytracks:gradient>0.004288260622026752</mytracks:gradient><mytracks:length>0.01555317195524023</mytracks:length></extensions></trkpt><trkpt lat="45.43947478269283" lon="-75.61132508113793"><ele>80.14414791734134</ele><time>2025-10-02T18:14:22.50100Z</time><extensions><mytracks:speed>55.03819302421229</mytracks:speed><mytracks:gradient>0.003846115381922376</mytracks:gradient><mytracks:length>0.01528900478468625</mytracks:length></extensions></trkpt><trkpt lat="45.43960070921784" lon="-75.61139469302645"><ele>80.21417536967898</ele><time>2025-10-02T18:14:23.50100Z</time><extensions><mytracks:speed>54.0655385840861</mytracks:speed><mytracks:gradient>0.004662686454189936</mytracks:gradient><mytracks:length>0.01501869212644856</mytracks:length></extensions></trkpt><trkpt lat="45.43972515237709" lon="-75.61146331596748"><ele>80.25300370291816</ele><time>2025-10-02T18:14:24.50100Z</time><extensions><mytracks:speed>53.41140204296954</mytracks:speed><mytracks:gradient>0.002616946559585562</mytracks:gradient><mytracks:length>0.01483726639237521</mytracks:length></extensions></trkpt><trkpt lat="45.43984669191223" lon="-75.61153007777592"><ele>80.28530004298776</ele><time>2025-10-02T18:14:25.50100Z</time><extensions><mytracks:speed>52.77671531030236</mytracks:speed><mytracks:gradient>0.002425748074180672</mytracks:gradient><mytracks:length>0.01448346795030872</mytracks:length></extensions></trkpt><trkpt lat="45.43996609718534" lon="-75.61159489421382"><ele>80.37989823480001</ele><time>2025-10-02T18:14:26.50100Z</time><extensions><mytracks:speed>51.64639119958186</mytracks:speed><mytracks:gradient>0.004422744169784641</mytracks:gradient><mytracks:length>0.0142076628544355</mytracks:length></extensions></trkpt><trkpt lat="45.44008415605919" lon="-75.61165819376698"><ele>80.46223269980553</ele><time>2025-10-02T18:14:27.50100Z</time><extensions><mytracks:speed>50.82165803286281</mytracks:speed><mytracks:gradient>0.006266803728537673</mytracks:gradient><mytracks:length>0.0140253850541995</mytracks:length></extensions></trkpt><trkpt lat="45.44020085233071" lon="-75.61172004292339"><ele>80.57373050398409</ele><time>2025-10-02T18:14:28.50100Z</time><extensions><mytracks:speed>49.83653584493402</mytracks:speed><mytracks:gradient>0.008053893884635193</mytracks:gradient><mytracks:length>0.0138439624082059</mytracks:length></extensions></trkpt><trkpt lat="45.44031524694015" lon="-75.61178103149945"><ele>80.67191583056314</ele><time>2025-10-02T18:14:29.50100Z</time><extensions><mytracks:speed>48.89010566940905</mytracks:speed><mytracks:gradient>0.007229578815479681</mytracks:gradient><mytracks:length>0.01358105763627773</mytracks:length></extensions></trkpt><trkpt lat="45.44042887217807" lon="-75.61184219206521"><ele>80.7706664012229</ele><time>2025-10-02T18:14:30.50100Z</time><extensions><mytracks:speed>48.616885310204</mytracks:speed><mytracks:gradient>0.007312044576790655</mytracks:gradient><mytracks:length>0.01350519264792325</mytracks:length></extensions></trkpt><trkpt lat="45.44054115590824" lon="-75.61190415091883"><ele>80.88335259721126</ele><time>2025-10-02T18:14:31.50100Z</time><extensions><mytracks:speed>48.19375636376857</mytracks:speed><mytracks:gradient>0.008416808476068049</mytracks:gradient><mytracks:length>0.01338823335576262</mytracks:length></extensions></trkpt><trkpt lat="45.44065344464767" lon="-75.61196609650079"><ele>81.02324123405471</ele><time>2025-10-02T18:14:32.50100Z</time><extensions><mytracks:speed>48.19426137446189</mytracks:speed><mytracks:gradient>0.01044836285328434</mytracks:gradient><mytracks:length>0.0133885699422737</mytracks:length></extensions></trkpt><trkpt lat="45.44076627832943" lon="-75.61202958242156"><ele>81.26781189851337</ele><time>2025-10-02T18:14:33.50100Z</time><extensions><mytracks:speed>48.37718625575666</mytracks:speed><mytracks:gradient>0.01430426254564744</mytracks:gradient><mytracks:length>0.01348916670291849</mytracks:length></extensions></trkpt><trkpt lat="45.4408808329021" lon="-75.61209192054653"><ele>81.53817554695506</ele><time>2025-10-02T18:14:34.50100Z</time><extensions><mytracks:speed>48.82360360960425</mytracks:speed><mytracks:gradient>0.01898496745426709</mytracks:gradient><mytracks:length>0.01363470519188007</mytracks:length></extensions></trkpt><trkpt lat="45.44099663453088" lon="-75.61215312018045"><ele>81.94850933056071</ele><time>2025-10-02T18:14:35.50100Z</time><extensions><mytracks:speed>49.44036708454858</mytracks:speed><mytracks:gradient>0.02987831281139215</mytracks:gradient><mytracks:length>0.01373349915023304</mytracks:length></extensions></trkpt><trkpt lat="45.44111241178386" lon="-75.61221444283805"><ele>82.41713701527532</ele><time>2025-10-02T18:14:36.50100Z</time><extensions><mytracks:speed>49.43204012984049</mytracks:speed><mytracks:gradient>0.0341213326440343</mytracks:gradient><mytracks:length>0.01373415539197993</mytracks:length></extensions></trkpt><trkpt lat="45.44123026116394" lon="-75.61227556365608"><ele>82.87115532310584</ele><time>2025-10-02T18:14:37.50100Z</time><extensions><mytracks:speed>50.18586449679713</mytracks:speed><mytracks:gradient>0.03255818459493617</mytracks:gradient><mytracks:length>0.01394482872675701</mytracks:length></extensions></trkpt><trkpt lat="45.44134858759825" lon="-75.61233951771929"><ele>83.46659882168227</ele><time>2025-10-02T18:14:38.50100Z</time><extensions><mytracks:speed>50.65177536730589</mytracks:speed><mytracks:gradient>0.04231630078829263</mytracks:gradient><mytracks:length>0.01407125593410015</mytracks:length></extensions></trkpt><trkpt lat="45.44146893622521" lon="-75.61240564039763"><ele>83.90863606494931</ele><time>2025-10-02T18:14:39.50100Z</time><extensions><mytracks:speed>51.15120846771597</mytracks:speed><mytracks:gradient>0.03651355087437867</mytracks:gradient><mytracks:length>0.01434214414186611</mytracks:length></extensions></trkpt><trkpt lat="45.4415909003541" lon="-75.61247236160847"><ele>84.33653456265148</ele><time>2025-10-02T18:14:40.50100Z</time><extensions><mytracks:speed>51.98129199343754</mytracks:speed><mytracks:gradient>0.03013431860690897</mytracks:gradient><mytracks:length>0.01452665173633643</mytracks:length></extensions></trkpt><trkpt lat="45.44171136721382" lon="-75.61253721522725"><ele>84.65742104176574</ele><time>2025-10-02T18:14:41.50000Z</time><extensions><mytracks:speed>51.93618947731738</mytracks:speed><mytracks:gradient>0.02595847377305477</mytracks:gradient><mytracks:length>0.01431918889803719</mytracks:length></extensions></trkpt><trkpt lat="45.44183128248356" lon="-75.61260106716286"><ele>84.81804319092272</ele><time>2025-10-02T18:14:42.50100Z</time><extensions><mytracks:speed>51.23631129252763</mytracks:speed><mytracks:gradient>0.01128392635365779</mytracks:gradient><mytracks:length>0.01423459743734602</mytracks:length></extensions></trkpt><trkpt lat="45.44201085551177" lon="-75.61269575234346"><ele>85.01816001512218</ele><time>2025-10-02T18:14:44.00000Z</time><extensions><mytracks:speed>51.1099559615934</mytracks:speed><mytracks:gradient>0.009399349437771445</mytracks:gradient><mytracks:length>0.02129049733966502</mytracks:length></extensions></trkpt><trkpt lat="45.44213054620717" lon="-75.61275873488086"><ele>85.12086764677571</ele><time>2025-10-02T18:14:45.00000Z</time><extensions><mytracks:speed>51.072746524248</mytracks:speed><mytracks:gradient>0.007239543591621339</mytracks:gradient><mytracks:length>0.01418703131678057</mytracks:length></extensions></trkpt><trkpt lat="45.44225001941756" lon="-75.61282313398736"><ele>85.21903247885464</ele><time>2025-10-02T18:14:46.00000Z</time><extensions><mytracks:speed>51.1088683466973</mytracks:speed><mytracks:gradient>0.007075480353580106</mytracks:gradient><mytracks:length>0.01420322167094873</mytracks:length></extensions></trkpt><trkpt lat="45.4424285270193" lon="-75.61291962935826"><ele>85.42424627791317</ele><time>2025-10-02T18:14:47.49900Z</time><extensions><mytracks:speed>50.96658061633125</mytracks:speed><mytracks:gradient>0.009666757231630779</mytracks:gradient><mytracks:length>0.02122881480741469</mytracks:length></extensions></trkpt><trkpt lat="45.44254553127924" lon="-75.61298398283785"><ele>85.5508529419663</ele><time>2025-10-02T18:14:48.49900Z</time><extensions><mytracks:speed>50.66252768554935</mytracks:speed><mytracks:gradient>0.009433683529945076</mytracks:gradient><mytracks:length>0.01394515187903621</mytracks:length></extensions></trkpt><trkpt lat="45.44266204361117" lon="-75.61304793590276"><ele>85.66093766471241</ele><time>2025-10-02T18:14:49.49900Z</time><extensions><mytracks:speed>50.09446920850467</mytracks:speed><mytracks:gradient>0.008505354877975177</mytracks:gradient><mytracks:length>0.0138829687191107</mytracks:length></extensions></trkpt><trkpt lat="45.44277913040411" lon="-75.61311163656262"><ele>85.78912691794754</ele><time>2025-10-02T18:14:50.49900Z</time><extensions><mytracks:speed>50.07691957491236</mytracks:speed><mytracks:gradient>0.008565215177720527</mytracks:gradient><mytracks:length>0.01393545405092314</mytracks:length></extensions></trkpt><trkpt lat="45.44289597642799" lon="-75.61317528739045"><ele>85.86772963128293</ele><time>2025-10-02T18:14:51.49900Z</time><extensions><mytracks:speed>50.1248803678129</mytracks:speed><mytracks:gradient>0.007426531582448231</mytracks:gradient><mytracks:length>0.01390923614116168</mytracks:length></extensions></trkpt><trkpt lat="45.44301137407606" lon="-75.61323882669707"><ele>85.94003642330546</ele><time>2025-10-02T18:14:52.49900Z</time><extensions><mytracks:speed>49.80275184947457</mytracks:speed><mytracks:gradient>0.005454863469395244</mytracks:gradient><mytracks:length>0.01375579380638736</mytracks:length></extensions></trkpt><trkpt lat="45.44312931046632" lon="-75.61329399623959"><ele>86.0209665122787</ele><time>2025-10-02T18:14:53.52000Z</time><extensions><mytracks:speed>48.66294092997955</mytracks:speed><mytracks:gradient>0.005863549912028343</mytracks:gradient><mytracks:length>0.01380223417340218</mytracks:length></extensions></trkpt><trkpt lat="45.44324475093213" lon="-75.61334736110621"><ele>86.06019000515978</ele><time>2025-10-02T18:14:54.52700Z</time><extensions><mytracks:speed>48.26398508193541</mytracks:speed><mytracks:gradient>0.00290655384713279</mytracks:gradient><mytracks:length>0.0134948447350358</mytracks:length></extensions></trkpt><trkpt lat="45.44335949425539" lon="-75.61339972810596"><ele>86.07241703852702</ele><time>2025-10-02T18:14:55.51900Z</time><extensions><mytracks:speed>48.42195125848702</mytracks:speed><mytracks:gradient>0.001913263393319629</mytracks:gradient><mytracks:length>0.01339731822343383</mytracks:length></extensions></trkpt><trkpt lat="45.44347433074679" lon="-75.61345184724117"><ele>86.09519210557504</ele><time>2025-10-02T18:14:56.49900Z</time><extensions><mytracks:speed>48.92085129508968</mytracks:speed><mytracks:gradient>0.001306146003326362</mytracks:gradient><mytracks:length>0.01340101770011335</mytracks:length></extensions></trkpt><trkpt lat="45.44359051008577" lon="-75.61351445249973"><ele>86.07512404456359</ele><time>2025-10-02T18:14:57.49900Z</time><extensions><mytracks:speed>49.70781617199612</mytracks:speed><mytracks:length>0.01381104671518521</mytracks:length></extensions></trkpt><trkpt lat="45.44370788804665" lon="-75.61357840757125"><ele>86.15177866513636</ele><time>2025-10-02T18:14:58.49900Z</time><extensions><mytracks:speed>50.28518205650943</mytracks:speed><mytracks:gradient>0.005485943375614873</mytracks:gradient><mytracks:length>0.01397291501649455</mytracks:length></extensions></trkpt><trkpt lat="45.44382533680678" lon="-75.61364244127992"><ele>86.29232032062578</ele><time>2025-10-02T18:14:59.49900Z</time><extensions><mytracks:speed>50.32668775411296</mytracks:speed><mytracks:gradient>0.01005119130430781</mytracks:gradient><mytracks:length>0.01398258686302988</mytracks:length></extensions></trkpt><trkpt lat="45.44394336384439" lon="-75.6137073376718"><ele>86.51320950027079</ele><time>2025-10-02T18:15:00.49900Z</time><extensions><mytracks:speed>50.48679749510912</mytracks:speed><mytracks:gradient>0.01288554520178052</mytracks:gradient><mytracks:length>0.01406709203504938</mytracks:length></extensions></trkpt><trkpt lat="45.44406299683224" lon="-75.61377312523578"><ele>86.91938563445673</ele><time>2025-10-02T18:15:01.49900Z</time><extensions><mytracks:speed>50.99090643834372</mytracks:speed><mytracks:gradient>0.02213827127971341</mytracks:gradient><mytracks:length>0.01425863703949611</mytracks:length></extensions></trkpt><trkpt lat="45.44418259287971" lon="-75.61383935629108"><ele>87.3749803888675</ele><time>2025-10-02T18:15:02.49900Z</time><extensions><mytracks:speed>51.34856316372365</mytracks:speed><mytracks:gradient>0.03021055510263584</mytracks:gradient><mytracks:length>0.01426716767321698</mytracks:length></extensions></trkpt><trkpt lat="45.44430249910548" lon="-75.61390663335062"><ele>87.89261706809791</ele><time>2025-10-02T18:15:03.49900Z</time><extensions><mytracks:speed>51.57901222468006</mytracks:speed><mytracks:gradient>0.03612525593397824</mytracks:gradient><mytracks:length>0.01432894150774817</mytracks:length></extensions></trkpt><trkpt lat="45.44442232611136" lon="-75.61397315764383"><ele>88.45104615679978</ele><time>2025-10-02T18:15:04.49900Z</time><extensions><mytracks:speed>51.47285651585123</mytracks:speed><mytracks:gradient>0.03905276421750011</mytracks:gradient><mytracks:length>0.01429934858366904</mytracks:length></extensions></trkpt><trkpt lat="45.44454147333828" lon="-75.61403875563676"><ele>88.99822611882256</ele><time>2025-10-02T18:15:05.50000Z</time><extensions><mytracks:speed>51.12443443208158</mytracks:speed><mytracks:gradient>0.03852592026121084</mytracks:gradient><mytracks:length>0.01420290439041634</mytracks:length></extensions></trkpt><trkpt lat="45.44466037298071" lon="-75.61410352179864"><ele>89.56084081432519</ele><time>2025-10-02T18:15:06.50000Z</time><extensions><mytracks:speed>51.03897568057876</mytracks:speed><mytracks:gradient>0.03913754122899869</mytracks:gradient><mytracks:length>0.01415363991873903</mytracks:length></extensions></trkpt><trkpt lat="45.4447783334283" lon="-75.61416730029561"><ele>90.13536481950615</ele><time>2025-10-02T18:15:07.50000Z</time><extensions><mytracks:speed>50.50324112450748</mytracks:speed><mytracks:gradient>0.04095283527788913</mytracks:gradient><mytracks:length>0.01402891890836074</mytracks:length></extensions></trkpt><trkpt lat="45.44489484527396" lon="-75.61423110063974"><ele>90.73848532233414</ele><time>2025-10-02T18:15:08.50000Z</time><extensions><mytracks:speed>49.9624189567532</mytracks:speed><mytracks:gradient>0.04345437141243026</mytracks:gradient><mytracks:length>0.01387939770440372</mytracks:length></extensions></trkpt><trkpt lat="45.44500952712979" lon="-75.61429416079953"><ele>91.28914310292214</ele><time>2025-10-02T18:15:09.50000Z</time><extensions><mytracks:speed>49.20192578076799</mytracks:speed><mytracks:gradient>0.04028796788293193</mytracks:gradient><mytracks:length>0.01366804556109876</mytracks:length></extensions></trkpt><trkpt lat="45.44512270536406" lon="-75.61435679439545"><ele>91.86773756589655</ele><time>2025-10-02T18:15:10.50000Z</time><extensions><mytracks:speed>48.59797200977969</mytracks:speed><mytracks:gradient>0.0428582567645187</mytracks:gradient><mytracks:length>0.01350018658372993</mytracks:length></extensions></trkpt><trkpt lat="45.44523288910053" lon="-75.61441880920893"><ele>92.42183357869345</ele><time>2025-10-02T18:15:11.50000Z</time><extensions><mytracks:speed>48.00914838824847</mytracks:speed><mytracks:gradient>0.04246672054618434</mytracks:gradient><mytracks:length>0.01317242226470205</mytracks:length></extensions></trkpt><trkpt lat="45.44533800222239" lon="-75.61447902979209"><ele>92.94126185174952</ele><time>2025-10-02T18:15:12.50000Z</time><extensions><mytracks:speed>45.3447522293739</mytracks:speed><mytracks:gradient>0.04123397327689503</mytracks:gradient><mytracks:length>0.01259709486563401</mytracks:length></extensions></trkpt><trkpt lat="45.44543616675289" lon="-75.61453652169548"><ele>93.43461682117326</ele><time>2025-10-02T18:15:13.50000Z</time><extensions><mytracks:speed>43.91362931623914</mytracks:speed><mytracks:gradient>0.04151153728837213</mytracks:gradient><mytracks:length>0.01180065229422508</mytracks:length></extensions></trkpt><trkpt lat="45.44552529818473" lon="-75.61458928892952"><ele>93.83805860721699</ele><time>2025-10-02T18:15:14.50000Z</time><extensions><mytracks:speed>40.55916804861056</mytracks:speed><mytracks:gradient>0.03979981155848519</mytracks:gradient><mytracks:length>0.01073146861343175</mytracks:length></extensions></trkpt><trkpt lat="45.44560397919594" lon="-75.61463533311323"><ele>94.1595522036943</ele><time>2025-10-02T18:15:15.50000Z</time><extensions><mytracks:speed>36.34269623710359</mytracks:speed><mytracks:gradient>0.03590686511144668</mytracks:gradient><mytracks:length>0.009457862056985337</mytracks:length></extensions></trkpt><trkpt lat="45.44567032799825" lon="-75.61467348161885"><ele>94.3746327931256</ele><time>2025-10-02T18:15:16.50000Z</time><extensions><mytracks:speed>31.34491644206577</mytracks:speed><mytracks:gradient>0.03081492778317579</mytracks:gradient><mytracks:length>0.007955328732168324</mytracks:length></extensions></trkpt><trkpt lat="45.44572512317609" lon="-75.61470373362474"><ele>94.54010466155026</ele><time>2025-10-02T18:15:17.50000Z</time><extensions><mytracks:speed>23.51759967230131</mytracks:speed><mytracks:gradient>0.02532739981205704</mytracks:gradient><mytracks:length>0.006533314499417659</mytracks:length></extensions></trkpt><trkpt lat="45.44577299622446" lon="-75.61472902823917"><ele>94.71152704635759</ele><time>2025-10-02T18:15:18.50000Z</time><extensions><mytracks:speed>20.43065343759282</mytracks:speed><mytracks:gradient>0.03019964179873731</mytracks:gradient><mytracks:length>0.005676305234007651</mytracks:length></extensions></trkpt><trkpt lat="45.44582102596854" lon="-75.61475425643792"><ele>94.93895019147602</ele><time>2025-10-02T18:15:19.50000Z</time><extensions><mytracks:speed>20.48842568812874</mytracks:speed><mytracks:gradient>0.03995374524157544</mytracks:gradient><mytracks:length>0.005692160866105293</mytracks:length></extensions></trkpt><trkpt lat="45.44587574511705" lon="-75.61478183301185"><ele>95.22876592456502</ele><time>2025-10-02T18:15:20.50000Z</time><extensions><mytracks:speed>23.23323999339581</mytracks:speed><mytracks:gradient>0.04490340450002679</mytracks:gradient><mytracks:length>0.006454204003369659</mytracks:length></extensions></trkpt><trkpt lat="45.44593824703428" lon="-75.61481183126753"><ele>95.54023835164357</ele><time>2025-10-02T18:15:21.50000Z</time><extensions><mytracks:speed>24.81774560695356</mytracks:speed><mytracks:gradient>0.04361306860911299</mytracks:gradient><mytracks:length>0.00733402059267442</mytracks:length></extensions></trkpt><trkpt lat="45.44600306708327" lon="-75.61484275571375"><ele>95.84589790947422</ele><time>2025-10-02T18:15:22.50000Z</time><extensions><mytracks:speed>26.88771692759523</mytracks:speed><mytracks:gradient>0.04132356998750072</mytracks:gradient><mytracks:length>0.007600754977456283</mytracks:length></extensions></trkpt><trkpt lat="45.44606498205083" lon="-75.61487197037034"><ele>96.1236768078077</ele><time>2025-10-02T18:15:23.50000Z</time><extensions><mytracks:speed>26.73987228255671</mytracks:speed><mytracks:gradient>0.03928071355057647</mytracks:gradient><mytracks:length>0.007251838905918023</mytracks:length></extensions></trkpt><trkpt lat="45.44611608987835" lon="-75.61489698856778"><ele>96.35412215333233</ele><time>2025-10-02T18:15:24.50000Z</time><extensions><mytracks:speed>21.62782793651039</mytracks:speed><mytracks:gradient>0.03835171156660895</mytracks:gradient><mytracks:length>0.006008736927539551</mytracks:length></extensions></trkpt><trkpt lat="45.4461543176816" lon="-75.6149183114337"><ele>96.54347489646479</ele><time>2025-10-02T18:15:25.50000Z</time><extensions><mytracks:speed>16.43155361823095</mytracks:speed><mytracks:gradient>0.04148107171376166</mytracks:gradient><mytracks:length>0.004564798721669498</mytracks:length></extensions></trkpt><trkpt lat="45.4461791193748" lon="-75.61493572746342"><ele>96.65525834238494</ele><time>2025-10-02T18:15:26.50000Z</time><extensions><mytracks:speed>13.73727211981192</mytracks:speed><mytracks:gradient>0.03945646327899893</mytracks:gradient><mytracks:length>0.003074790013820267</mytracks:length></extensions></trkpt><trkpt lat="45.44619233046338" lon="-75.61494655547654"><ele>96.6712311619968</ele><time>2025-10-02T18:15:27.50000Z</time><extensions><mytracks:speed>6.1031641726595</mytracks:speed><mytracks:gradient>0.00942016538751699</mytracks:gradient><mytracks:length>0.001695598639173244</mytracks:length></extensions></trkpt><trkpt lat="45.44619916330856" lon="-75.61495221839679"><ele>96.65768649485524</ele><time>2025-10-02T18:15:28.50000Z</time><extensions><mytracks:speed>3.186809759931934</mytracks:speed><mytracks:length>0.0008854975096468462</mytracks:length></extensions></trkpt><trkpt lat="45.44620195889497" lon="-75.6149540465905"><ele>96.64896801049642</ele><time>2025-10-02T18:15:29.50200Z</time><extensions><mytracks:speed>1.276692370561129</mytracks:speed><mytracks:length>0.0003552153589000818</mytracks:length></extensions></trkpt><trkpt lat="45.44620408643683" lon="-75.61495278144164"><ele>96.64767267770733</ele><time>2025-10-02T18:15:30.50200Z</time><extensions><mytracks:speed>0.9039171126435798</mytracks:speed><mytracks:length>0.0002511751890598611</mytracks:length></extensions></trkpt><trkpt lat="45.44620545736522" lon="-75.61495150730904"><ele>96.65943731527949</ele><time>2025-10-02T18:15:31.50200Z</time><extensions><mytracks:speed>0.8016690761091391</mytracks:speed><mytracks:gradient>0.02351141595716605</mytracks:gradient><mytracks:length>0.0001898705959320068</mytracks:length></extensions></trkpt><trkpt lat="45.44620601249454" lon="-75.61495169150353"><ele>96.71341168875512</ele><time>2025-10-02T18:15:32.50000Z</time><extensions><mytracks:speed>0.3825349247900939</mytracks:speed><mytracks:gradient>0.3096780662743382</mytracks:gradient><mytracks:length>9.493529796600342e-05</mytracks:length></extensions></trkpt><trkpt lat="45.44620618235714" lon="-75.61495212648353"><ele>96.74060039872568</ele><time>2025-10-02T18:15:33.50000Z</time><extensions><mytracks:speed>0.1710272822205181</mytracks:speed><mytracks:gradient>0.8549305177853856</mytracks:gradient><mytracks:length>0</mytracks:length></extensions></trkpt><trkpt lat="45.44620643114147" lon="-75.61495235782876"><ele>96.69788816242647</ele><time>2025-10-02T18:15:34.49900Z</time><extensions><mytracks:speed>0.1612416786385473</mytracks:speed><mytracks:gradient>0.2863935263544481</mytracks:gradient><mytracks:length>9.493529796600342e-05</mytracks:length></extensions></trkpt><trkpt lat="45.44620657454427" lon="-75.61495487759822"><ele>96.87675411854936</ele><time>2025-10-02T18:15:35.49800Z</time><extensions><mytracks:speed>0.3824469265126491</mytracks:speed><mytracks:gradient>0.6413820347922372</mytracks:gradient><mytracks:length>0.0001898705959320068</mytracks:length></extensions></trkpt><trkpt lat="45.44620650785424" lon="-75.61495643792863"><ele>97.1165123158397</ele><time>2025-10-02T18:15:38.34800Z</time><extensions><mytracks:speed>0.207742231227231</mytracks:speed><mytracks:gradient>1.458092645325333</mytracks:gradient><mytracks:length>0.0001644327595088082</mytracks:length></extensions></trkpt><trkpt lat="45.44620623513553" lon="-75.61496281866275"><ele>98.09696703124791</ele><time>2025-10-02T18:15:51.00000Z</time><extensions><mytracks:speed>0.1454625939379455</mytracks:speed><mytracks:gradient>1.917788997831047</mytracks:gradient><mytracks:length>0.0005112422255613496</mytracks:length></extensions></trkpt><trkpt lat="45.44620623513553" lon="-75.61496281866275"><ele>98.09696703124791</ele><time>2025-10-02T18:15:52.49800Z</time><extensions><mytracks:speed>0.2281236577509368</mytracks:speed><mytracks:gradient>0</mytracks:gradient><mytracks:length>9.493529796600342e-05</mytracks:length></extensions></trkpt><trkpt lat="45.44620623513553" lon="-75.61496281866273"><ele>98.0969670312479</ele><time>2025-10-02T18:15:53.49800Z</time><extensions><mytracks:speed>0.341760513372105</mytracks:speed><mytracks:length>9.493529796600342e-05</mytracks:length></extensions></trkpt><trkpt lat="45.44620623513553" lon="-75.61496281866276"><ele>98.09696703124793</ele><time>2025-10-02T18:15:54.49800Z</time><extensions><mytracks:speed>0.1119739660646158</mytracks:speed><mytracks:gradient>1.951734801271638</mytracks:gradient><mytracks:length>0</mytracks:length></extensions></trkpt><trkpt lat="45.44620623513553" lon="-75.61496281866275"><ele>98.09696703124791</ele><time>2025-10-02T18:15:55.49800Z</time><extensions><mytracks:speed>0.1054450048514536</mytracks:speed><mytracks:gradient>1.95173480127161</mytracks:gradient><mytracks:length>0</mytracks:length></extensions></trkpt><trkpt lat="45.44620623513553" lon="-75.61496281866276"><ele>98.09696703124793</ele><time>2025-10-02T18:15:56.49800Z</time><extensions><mytracks:speed>0.0996354935272627</mytracks:speed><mytracks:gradient>1.951734801271638</mytracks:gradient><mytracks:length>0</mytracks:length></extensions></trkpt><trkpt lat="45.44620623513551" lon="-75.61496281866273"><ele>98.0969670312479</ele><time>2025-10-02T18:15:57.49800Z</time><extensions><mytracks:speed>0.3417618578055144</mytracks:speed><mytracks:length>9.493529796600342e-05</mytracks:length></extensions></trkpt><trkpt lat="45.44620623513553" lon="-75.61496281866275"><ele>98.09696703124794</ele><time>2025-10-02T18:15:58.49800Z</time><extensions><mytracks:speed>0.08974661135336144</mytracks:speed><mytracks:gradient>1.951734801271667</mytracks:gradient><mytracks:length>9.493529796600342e-05</mytracks:length></extensions></trkpt><trkpt lat="45.44620623513553" lon="-75.61496281866275"><ele>98.09696703124791</ele><time>2025-10-02T18:15:59.49800Z</time><extensions><mytracks:speed>0.1708873355970489</mytracks:speed><mytracks:gradient>1.496898942718961e-13</mytracks:gradient><mytracks:length>0</mytracks:length></extensions></trkpt><trkpt lat="45.44620623513553" lon="-75.61496281866275"><ele>98.09696703124791</ele><time>2025-10-02T18:16:00.49800Z</time><extensions><mytracks:speed>0.1139223666129404</mytracks:speed><mytracks:gradient>1.496898942718961e-13</mytracks:gradient><mytracks:length>0</mytracks:length></extensions></trkpt><trkpt lat="45.44620623513552" lon="-75.61496281866275"><ele>98.0969670312479</ele><time>2025-10-02T18:16:01.49900Z</time><extensions><mytracks:speed>0.3417490657464194</mytracks:speed><mytracks:length>9.493529796600342e-05</mytracks:length></extensions></trkpt><trkpt lat="45.44620623513552" lon="-75.61496281866275"><ele>98.09696703124791</ele><time>2025-10-02T18:16:02.49900Z</time><extensions><mytracks:speed>0.3417588430301795</mytracks:speed><mytracks:gradient>1.496898942718961e-13</mytracks:gradient><mytracks:length>9.493529796600342e-05</mytracks:length></extensions></trkpt><trkpt lat="45.44620623513553" lon="-75.61496281866275"><ele>98.09696703124791</ele><time>2025-10-02T18:16:03.49900Z</time><extensions><mytracks:speed>0.3417512655864898</mytracks:speed><mytracks:gradient>0</mytracks:gradient><mytracks:length>9.493529796600342e-05</mytracks:length></extensions></trkpt><trkpt lat="45.44620623513553" lon="-75.61496281866275"><ele>98.09696703124793</ele><time>2025-10-02T18:16:04.49900Z</time><extensions><mytracks:speed>0.04882266276158024</mytracks:speed><mytracks:gradient>2.993797885437922e-13</mytracks:gradient><mytracks:length>0</mytracks:length></extensions></trkpt><trkpt lat="45.44620623513553" lon="-75.61496281866275"><ele>98.09696703124791</ele><time>2025-10-02T18:16:05.49900Z</time><extensions><mytracks:speed>0.1708790141175826</mytracks:speed><mytracks:gradient>0</mytracks:gradient><mytracks:length>0</mytracks:length></extensions></trkpt><trkpt lat="45.44620623513553" lon="-75.61496281866275"><ele>98.09696703124791</ele><time>2025-10-02T18:16:06.49900Z</time><extensions><mytracks:speed>0.1139205604210501</mytracks:speed><mytracks:gradient>0</mytracks:gradient><mytracks:length>9.493529796600342e-05</mytracks:length></extensions></trkpt><trkpt lat="45.44620623513554" lon="-75.61496281866276"><ele>98.09696703124791</ele><time>2025-10-02T18:16:07.49900Z</time><extensions><mytracks:speed>0.3417651578232744</mytracks:speed><mytracks:gradient>0</mytracks:gradient><mytracks:length>9.493529796600342e-05</mytracks:length></extensions></trkpt><trkpt lat="45.44620623513553" lon="-75.61496281866276"><ele>98.09696703124791</ele><time>2025-10-02T18:16:08.49900Z</time><extensions><mytracks:speed>0.3417567653105708</mytracks:speed><mytracks:gradient>0</mytracks:gradient><mytracks:length>9.493529796600342e-05</mytracks:length></extensions></trkpt><trkpt lat="45.44620623513552" lon="-75.61496281866273"><ele>98.0969670312479</ele><time>2025-10-02T18:16:09.49900Z</time><extensions><mytracks:speed>0.3417608800347131</mytracks:speed><mytracks:length>9.493529796600342e-05</mytracks:length></extensions></trkpt><trkpt lat="45.44620623513553" lon="-75.61496281866275"><ele>98.09696703124791</ele><time>2025-10-02T18:16:10.49900Z</time><extensions><mytracks:speed>0.341761083736502</mytracks:speed><mytracks:gradient>1.496898942718961e-13</mytracks:gradient><mytracks:length>9.493529796600342e-05</mytracks:length></extensions></trkpt><trkpt lat="45.44620623513553" lon="-75.61496281866275"><ele>98.09696703124791</ele><time>2025-10-02T18:16:11.49900Z</time><extensions><mytracks:speed>0.3417543617056785</mytracks:speed><mytracks:gradient>0</mytracks:gradient><mytracks:length>9.493529796600342e-05</mytracks:length></extensions></trkpt><trkpt lat="45.44621040535714" lon="-75.61496025542759"><ele>98.08973658778986</ele><time>2025-10-02T18:16:12.49900Z</time><extensions><mytracks:speed>1.807896057504943</mytracks:speed><mytracks:length>0.0005023503781197223</mytracks:length></extensions></trkpt><trkpt lat="45.44622241782223" lon="-75.61496179685788"><ele>97.94843808803356</ele><time>2025-10-02T18:16:13.50000Z</time><extensions><mytracks:speed>4.815453283194701</mytracks:speed><mytracks:length>0.001339227183557324</mytracks:length></extensions></trkpt><trkpt lat="45.44624776197184" lon="-75.61497016627619"><ele>97.77836567587259</ele><time>2025-10-02T18:16:14.50100Z</time><extensions><mytracks:speed>10.40457550092856</mytracks:speed><mytracks:length>0.002892022756186686</mytracks:length></extensions></trkpt><trkpt lat="45.44629038227351" lon="-75.61498730631008"><ele>97.59981211238301</ele><time>2025-10-02T18:16:15.50100Z</time><extensions><mytracks:speed>14.06363806341338</mytracks:speed><mytracks:length>0.004924754284481163</mytracks:length></extensions></trkpt><trkpt lat="45.44634926526624" lon="-75.61501731843013"><ele>97.42662016507795</ele><time>2025-10-02T18:16:16.50100Z</time><extensions><mytracks:speed>21.36983141537072</mytracks:speed><mytracks:length>0.006952997967109974</mytracks:length></extensions></trkpt><trkpt lat="45.44642278416585" lon="-75.61505469714849"><ele>97.3420345553991</ele><time>2025-10-02T18:16:17.50100Z</time><extensions><mytracks:speed>31.23073672575063</mytracks:speed><mytracks:length>0.008679184112894742</mytracks:length></extensions></trkpt><trkpt lat="45.44650747835536" lon="-75.61509807374783"><ele>97.33549030652911</ele><time>2025-10-02T18:16:18.50100Z</time><extensions><mytracks:speed>36.01318604646627</mytracks:speed><mytracks:length>0.01000700902855799</mytracks:length></extensions></trkpt><trkpt lat="45.44660072144742" lon="-75.61514676995839"><ele>97.43810474388965</ele><time>2025-10-02T18:16:19.50100Z</time><extensions><mytracks:speed>37.88918264243559</mytracks:speed><mytracks:gradient>0.004564051862326933</mytracks:gradient><mytracks:length>0.01104232604172665</mytracks:length></extensions></trkpt><trkpt lat="45.44669900208429" lon="-75.61519878546174"><ele>97.66665580844187</ele><time>2025-10-02T18:16:20.50100Z</time><extensions><mytracks:speed>40.86917228676334</mytracks:speed><mytracks:gradient>0.01458913278480944</mytracks:gradient><mytracks:length>0.01165772988843185</mytracks:length></extensions></trkpt><trkpt lat="45.44680007250994" lon="-75.61525329426931"><ele>98.05556001413862</ele><time>2025-10-02T18:16:21.50100Z</time><extensions><mytracks:speed>42.62139457010165</mytracks:speed><mytracks:gradient>0.02608227327219652</mytracks:gradient><mytracks:length>0.01201672386451241</mytracks:length></extensions></trkpt><trkpt lat="45.44690230888023" lon="-75.61530859862641"><ele>98.51132196786577</ele><time>2025-10-02T18:16:22.50100Z</time><extensions><mytracks:speed>43.52351162835437</mytracks:speed><mytracks:gradient>0.03493888843680105</mytracks:gradient><mytracks:length>0.01215950330697367</mytracks:length></extensions></trkpt><trkpt lat="45.4470045159269" lon="-75.61536380541041"><ele>98.98449334580778</ele><time>2025-10-02T18:16:23.50100Z</time><extensions><mytracks:speed>43.76637835762861</mytracks:speed><mytracks:gradient>0.03820744049013905</mytracks:gradient><mytracks:length>0.01215357220324564</mytracks:length></extensions></trkpt><trkpt lat="45.44710913762945" lon="-75.61542125018524"><ele>99.476831524896</ele><time>2025-10-02T18:16:24.50100Z</time><extensions><mytracks:speed>44.87697216799837</mytracks:speed><mytracks:gradient>0.03949269672475627</mytracks:gradient><mytracks:length>0.01246656267915977</mytracks:length></extensions></trkpt><trkpt lat="45.44721698577319" lon="-75.61547959225888"><ele>99.95239001440625</ele><time>2025-10-02T18:16:25.50100Z</time><extensions><mytracks:speed>46.17469134264929</mytracks:speed><mytracks:gradient>0.0370753536653916</mytracks:gradient><mytracks:length>0.01282680925453083</mytracks:length></extensions></trkpt><trkpt lat="45.44732779210739" lon="-75.61554054530833"><ele>100.4359174221939</ele><time>2025-10-02T18:16:26.50100Z</time><extensions><mytracks:speed>47.5431347832107</mytracks:speed><mytracks:gradient>0.03661258987165598</mytracks:gradient><mytracks:length>0.01320658848452575</mytracks:length></extensions></trkpt><trkpt lat="45.44744247936389" lon="-75.61560457583545"><ele>100.8811086496379</ele><time>2025-10-02T18:16:27.50100Z</time><extensions><mytracks:speed>49.3056843653388</mytracks:speed><mytracks:gradient>0.03250510235933454</mytracks:gradient><mytracks:length>0.01369604139444179</mytracks:length></extensions></trkpt><trkpt lat="45.44756031292023" lon="-75.61566981441403"><ele>101.2572164845717</ele><time>2025-10-02T18:16:28.50100Z</time><extensions><mytracks:speed>50.59942633399613</mytracks:speed><mytracks:gradient>0.02675805128141584</mytracks:gradient><mytracks:length>0.01405587540655342</mytracks:length></extensions></trkpt><trkpt lat="45.44768125195321" lon="-75.61573755683632"><ele>101.6118372505022</ele><time>2025-10-02T18:16:29.50100Z</time><extensions><mytracks:speed>52.01472180547739</mytracks:speed><mytracks:gradient>0.02454311416390664</mytracks:gradient><mytracks:length>0.01444889037154171</mytracks:length></extensions></trkpt><trkpt lat="45.44780600919067" lon="-75.61580700135136"><ele>101.8849906148961</ele><time>2025-10-02T18:16:30.50100Z</time><extensions><mytracks:speed>53.60806648968732</mytracks:speed><mytracks:gradient>0.01834137342547809</mytracks:gradient><mytracks:length>0.01489274320179761</mytracks:length></extensions></trkpt><trkpt lat="45.44793389097022" lon="-75.61587743200602"><ele>102.1145570401968</ele><time>2025-10-02T18:16:31.50100Z</time><extensions><mytracks:speed>54.87784698831808</mytracks:speed><mytracks:gradient>0.01505903303340296</mytracks:gradient><mytracks:length>0.01524443334385945</mytracks:length></extensions></trkpt><trkpt lat="45.44806406971718" lon="-75.61594934589961"><ele>102.2969996705607</ele><time>2025-10-02T18:16:32.50100Z</time><extensions><mytracks:speed>55.88416355977132</mytracks:speed><mytracks:gradient>0.01175194594636694</mytracks:gradient><mytracks:length>0.01552446132721135</mytracks:length></extensions></trkpt><trkpt lat="45.44819531591481" lon="-75.61602243194076"><ele>102.418462171987</ele><time>2025-10-02T18:16:33.50100Z</time><extensions><mytracks:speed>56.14505221841051</mytracks:speed><mytracks:gradient>0.009742960604408612</mytracks:gradient><mytracks:length>0.01566806359342572</mytracks:length></extensions></trkpt><trkpt lat="45.44832721910919" lon="-75.61609566271366"><ele>102.5423325745905</ele><time>2025-10-02T18:16:34.50100Z</time><extensions><mytracks:speed>56.5384956568251</mytracks:speed><mytracks:gradient>0.007811065492210671</mytracks:gradient><mytracks:length>0.01574008917314029</mytracks:length></extensions></trkpt><trkpt lat="45.44846012133903" lon="-75.61616975950139"><ele>102.6705413232996</ele><time>2025-10-02T18:16:35.50100Z</time><extensions><mytracks:speed>56.90383117664376</mytracks:speed><mytracks:gradient>0.007975052044196336</mytracks:gradient><mytracks:length>0.01586840026714617</mytracks:length></extensions></trkpt><trkpt lat="45.44859478070009" lon="-75.61624394374053"><ele>102.8163340913303</ele><time>2025-10-02T18:16:36.50000Z</time><extensions><mytracks:speed>57.46721129200002</mytracks:speed><mytracks:gradient>0.008583701366760586</mytracks:gradient><mytracks:length>0.0160533315113188</mytracks:length></extensions></trkpt><trkpt lat="45.4487326516728" lon="-75.61631900683868"><ele>103.0196654612025</ele><time>2025-10-02T18:16:37.50000Z</time><extensions><mytracks:speed>58.43813889588464</mytracks:speed><mytracks:gradient>0.01075424431325185</mytracks:gradient><mytracks:length>0.01641145482716803</mytracks:length></extensions></trkpt><trkpt lat="45.4488728776427" lon="-75.61639547051249"><ele>103.2037653881139</ele><time>2025-10-02T18:16:38.50000Z</time><extensions><mytracks:speed>59.59252795445529</mytracks:speed><mytracks:gradient>0.01170298432786429</mytracks:gradient><mytracks:length>0.01669458201860942</mytracks:length></extensions></trkpt><trkpt lat="45.44901537825881" lon="-75.61647211858653"><ele>103.4741012939872</ele><time>2025-10-02T18:16:39.50000Z</time><extensions><mytracks:speed>60.54565327562756</mytracks:speed><mytracks:gradient>0.01351269647313785</mytracks:gradient><mytracks:length>0.01693577599332227</mytracks:length></extensions></trkpt><trkpt lat="45.44915877930575" lon="-75.61654822286513"><ele>103.7831487979036</ele><time>2025-10-02T18:16:40.50000Z</time><extensions><mytracks:speed>61.24860483020758</mytracks:speed><mytracks:gradient>0.0181633617891301</mytracks:gradient><mytracks:length>0.01701488455189639</mytracks:length></extensions></trkpt><trkpt lat="45.44930334856335" lon="-75.61662296375223"><ele>104.0091314514516</ele><time>2025-10-02T18:16:41.50000Z</time><extensions><mytracks:speed>61.54489005139861</mytracks:speed><mytracks:gradient>0.01321498894608248</mytracks:gradient><mytracks:length>0.01710047995272447</mytracks:length></extensions></trkpt><trkpt lat="45.44944760190157" lon="-75.61669791179588"><ele>104.3259738434259</ele><time>2025-10-02T18:16:42.50100Z</time><extensions><mytracks:speed>61.43760309319166</mytracks:speed><mytracks:gradient>0.01855832787656425</mytracks:gradient><mytracks:length>0.01707278770381514</mytracks:length></extensions></trkpt><trkpt lat="45.44959149199762" lon="-75.61677243271868"><ele>104.5539349261023</ele><time>2025-10-02T18:16:43.50100Z</time><extensions><mytracks:speed>61.26527018760717</mytracks:speed><mytracks:gradient>0.01339128468712762</mytracks:gradient><mytracks:length>0.01702309285497672</mytracks:length></extensions></trkpt><trkpt lat="45.44973481526107" lon="-75.61684783496897"><ele>104.7932015308596</ele><time>2025-10-02T18:16:44.50100Z</time><extensions><mytracks:speed>61.21235973179081</mytracks:speed><mytracks:gradient>0.01373761609875534</mytracks:gradient><mytracks:length>0.01698758332141368</mytracks:length></extensions></trkpt><trkpt lat="45.4498765289737" lon="-75.61692416037555"><ele>105.0608564535143</ele><time>2025-10-02T18:16:45.50100Z</time><extensions><mytracks:speed>60.90628625535396</mytracks:speed><mytracks:gradient>0.01498330902839071</mytracks:gradient><mytracks:length>0.01684506416799958</mytracks:length></extensions></trkpt><trkpt lat="45.45001863981611" lon="-75.61700051508789"><ele>105.1042371868863</ele><time>2025-10-02T18:16:46.50100Z</time><extensions><mytracks:speed>60.72626985243484</mytracks:speed><mytracks:gradient>0.009220651475812325</mytracks:gradient><mytracks:length>0.01688727909197951</mytracks:length></extensions></trkpt><trkpt lat="45.45016046465259" lon="-75.61707819656085"><ele>104.9336138287218</ele><time>2025-10-02T18:16:47.50100Z</time><extensions><mytracks:speed>60.79430413148047</mytracks:speed><mytracks:length>0.01689421574418907</mytracks:length></extensions></trkpt><trkpt lat="45.45030286607468" lon="-75.61715695845315"><ele>104.5145719912714</ele><time>2025-10-02T18:16:48.50100Z</time><extensions><mytracks:speed>60.97271417551081</mytracks:speed><mytracks:length>0.016984399741303</mytracks:length></extensions></trkpt><trkpt lat="45.45051825423762" lon="-75.61727708247739"><ele>103.852155007305</ele><time>2025-10-02T18:16:50.00000Z</time><extensions><mytracks:speed>61.77942047085702</mytracks:speed><mytracks:length>0.02571800551117268</mytracks:length></extensions></trkpt><trkpt lat="45.45066239916437" lon="-75.61735735953417"><ele>103.3700041782394</ele><time>2025-10-02T18:16:50.99900Z</time><extensions><mytracks:speed>61.86157750337539</mytracks:speed><mytracks:length>0.01720844672689236</mytracks:length></extensions></trkpt><trkpt lat="45.45080662653027" lon="-75.61743693420509"><ele>102.8458282976833</ele><time>2025-10-02T18:16:51.99900Z</time><extensions><mytracks:speed>61.95089237873544</mytracks:speed><mytracks:length>0.01719692063937892</mytracks:length></extensions></trkpt><trkpt lat="45.45102268131257" lon="-75.61755579859194"><ele>101.9006668962653</ele><time>2025-10-02T18:16:53.49900Z</time><extensions><mytracks:speed>61.79840933986415</mytracks:speed><mytracks:length>0.02575145112873239</mytracks:length></extensions></trkpt><trkpt lat="45.45116525284525" lon="-75.61763429323618"><ele>100.9260773384366</ele><time>2025-10-02T18:16:54.49900Z</time><extensions><mytracks:speed>61.17072429785495</mytracks:speed><mytracks:length>0.01699474419617929</mytracks:length></extensions></trkpt><trkpt lat="45.45130742581132" lon="-75.61771243285692"><ele>99.75123790171367</ele><time>2025-10-02T18:16:55.50000Z</time><extensions><mytracks:speed>60.9715143940489</mytracks:speed><mytracks:length>0.01694322473434111</mytracks:length></extensions></trkpt><trkpt lat="45.45145050211667" lon="-75.61779201593269"><ele>98.59011138044467</ele><time>2025-10-02T18:16:56.50000Z</time><extensions><mytracks:speed>61.22540986609941</mytracks:speed><mytracks:length>0.01707753813563126</mytracks:length></extensions></trkpt><trkpt lat="45.45159539140662" lon="-75.61787280805538"><ele>97.60383907060215</ele><time>2025-10-02T18:16:57.50000Z</time><extensions><mytracks:speed>61.88355858092488</mytracks:speed><mytracks:length>0.01729959753351098</mytracks:length></extensions></trkpt><trkpt lat="45.45174236269245" lon="-75.61795342853458"><ele>96.7496811538395</ele><time>2025-10-02T18:16:58.49900Z</time><extensions><mytracks:speed>62.67708972807213</mytracks:speed><mytracks:length>0.01751060918767196</mytracks:length></extensions></trkpt><trkpt lat="45.45189087819829" lon="-75.6180331418616"><ele>96.19377930100015</ele><time>2025-10-02T18:16:59.49900Z</time><extensions><mytracks:speed>63.2965155369752</mytracks:speed><mytracks:length>0.0176459668317078</mytracks:length></extensions></trkpt><trkpt lat="45.45203985337324" lon="-75.61811270031184"><ele>95.84461876286618</ele><time>2025-10-02T18:17:00.49900Z</time><extensions><mytracks:speed>63.67913310029427</mytracks:speed><mytracks:length>0.01768958221588389</mytracks:length></extensions></trkpt><trkpt lat="45.45218824066768" lon="-75.61819035651791"><ele>95.69677657993539</ele><time>2025-10-02T18:17:01.49900Z</time><extensions><mytracks:speed>63.27479205363028</mytracks:speed><mytracks:length>0.01757688008463838</mytracks:length></extensions></trkpt><trkpt lat="45.45233733761943" lon="-75.61826740354401"><ele>95.87392143179181</ele><time>2025-10-02T18:17:02.49900Z</time><extensions><mytracks:speed>63.4828744846566</mytracks:speed><mytracks:gradient>0.01004522807557565</mytracks:gradient><mytracks:length>0.01763472671040115</mytracks:length></extensions></trkpt><trkpt lat="45.45248605378983" lon="-75.61834579900827"><ele>96.17412570532103</ele><time>2025-10-02T18:17:03.49900Z</time><extensions><mytracks:speed>63.45868058680671</mytracks:speed><mytracks:gradient>0.01702717326355912</mytracks:gradient><mytracks:length>0.0176308932130093</mytracks:length></extensions></trkpt><trkpt lat="45.45263405793738" lon="-75.61842391415507"><ele>96.4743078845454</ele><time>2025-10-02T18:17:04.50000Z</time><extensions><mytracks:speed>63.17101490106685</mytracks:speed><mytracks:gradient>0.01710520738908417</mytracks:gradient><mytracks:length>0.01754916923228469</mytracks:length></extensions></trkpt><trkpt lat="45.4527812046522" lon="-75.61850253344961"><ele>96.74081376098948</ele><time>2025-10-02T18:17:05.49900Z</time><extensions><mytracks:speed>63.04216252970419</mytracks:speed><mytracks:gradient>0.01618068307854234</mytracks:gradient><mytracks:length>0.01747351148934282</mytracks:length></extensions></trkpt><trkpt lat="45.45292583897051" lon="-75.61858192318125"><ele>96.93363210333749</ele><time>2025-10-02T18:17:06.49900Z</time><extensions><mytracks:speed>62.03531246784517</mytracks:speed><mytracks:gradient>0.01118853302039944</mytracks:gradient><mytracks:length>0.01723356779628302</mytracks:length></extensions></trkpt><trkpt lat="45.45306962296372" lon="-75.61866040894834"><ele>97.09460137973153</ele><time>2025-10-02T18:17:07.50000Z</time><extensions><mytracks:speed>61.61318288785594</mytracks:speed><mytracks:gradient>0.00940228320221681</mytracks:gradient><mytracks:length>0.01712023270646531</mytracks:length></extensions></trkpt><trkpt lat="45.45321270487845" lon="-75.61873813226158"><ele>97.27974575281129</ele><time>2025-10-02T18:17:08.50000Z</time><extensions><mytracks:speed>61.27703120832481</mytracks:speed><mytracks:gradient>0.01087438047952125</mytracks:gradient><mytracks:length>0.01702573985050748</mytracks:length></extensions></trkpt><trkpt lat="45.45335521935491" lon="-75.61881541313035"><ele>97.49480666033014</ele><time>2025-10-02T18:17:09.50000Z</time><extensions><mytracks:speed>61.1637807192196</mytracks:speed><mytracks:gradient>0.01177741617053117</mytracks:gradient><mytracks:length>0.0169546575006039</mytracks:length></extensions></trkpt><trkpt lat="45.45349789134406" lon="-75.61889265114485"><ele>97.6895731556323</ele><time>2025-10-02T18:17:10.50000Z</time><extensions><mytracks:speed>61.07868295966719</mytracks:speed><mytracks:gradient>0.01208053950238098</mytracks:gradient><mytracks:length>0.01697006623997616</mytracks:length></extensions></trkpt><trkpt lat="45.45363959320875" lon="-75.61896938048018"><ele>97.93328336744386</ele><time>2025-10-02T18:17:11.49900Z</time><extensions><mytracks:speed>60.90091983186546</mytracks:speed><mytracks:gradient>0.01296316383247276</mytracks:gradient><mytracks:length>0.01685495942218847</mytracks:length></extensions></trkpt><trkpt lat="45.45378055075129" lon="-75.61904514677057"><ele>98.17298696138806</ele><time>2025-10-02T18:17:12.49900Z</time><extensions><mytracks:speed>60.50235225159747</mytracks:speed><mytracks:gradient>0.01438479460362457</mytracks:gradient><mytracks:length>0.01675090222445516</mytracks:length></extensions></trkpt><trkpt lat="45.45392073777037" lon="-75.61912042273164"><ele>98.36540378245553</ele><time>2025-10-02T18:17:13.49900Z</time><extensions><mytracks:speed>59.96532949245405</mytracks:speed><mytracks:gradient>0.01155150804799073</mytracks:gradient><mytracks:length>0.0166572901363244</mytracks:length></extensions></trkpt><trkpt lat="45.45406017354613" lon="-75.61919435673339"><ele>98.49615443942359</ele><time>2025-10-02T18:17:14.49900Z</time><extensions><mytracks:speed>59.54916683714294</mytracks:speed><mytracks:gradient>0.007903943408592734</mytracks:gradient><mytracks:length>0.01654245864487292</mytracks:length></extensions></trkpt><trkpt lat="45.45419969438386" lon="-75.61926759438407"><ele>98.47076364602275</ele><time>2025-10-02T18:17:15.49900Z</time><extensions><mytracks:speed>59.50746054786853</mytracks:speed><mytracks:length>0.01653237634817616</mytracks:length></extensions></trkpt><trkpt lat="45.45433951740635" lon="-75.61934105431337"><ele>98.31222509316773</ele><time>2025-10-02T18:17:16.50000Z</time><extensions><mytracks:speed>59.64404633168915</mytracks:speed><mytracks:length>0.01656994936045736</mytracks:length></extensions></trkpt><trkpt lat="45.45448001619118" lon="-75.61941480248252"><ele>97.95552924884414</ele><time>2025-10-02T18:17:17.50000Z</time><extensions><mytracks:speed>59.92678835287452</mytracks:speed><mytracks:length>0.01664836013634056</mytracks:length></extensions></trkpt><trkpt lat="45.45462122577476" lon="-75.61948954140769"><ele>97.2895356625194</ele><time>2025-10-02T18:17:18.50000Z</time><extensions><mytracks:speed>60.29109939871186</mytracks:speed><mytracks:length>0.01674901896702185</mytracks:length></extensions></trkpt><trkpt lat="45.4547625474801" lon="-75.61956641416475"><ele>96.42843261248817</ele><time>2025-10-02T18:17:19.50000Z</time><extensions><mytracks:speed>60.54572934510366</mytracks:speed><mytracks:length>0.01681936284724343</mytracks:length></extensions></trkpt><trkpt lat="45.45490467030078" lon="-75.61964446988969"><ele>95.4632929374378</ele><time>2025-10-02T18:17:20.50000Z</time><extensions><mytracks:speed>60.96787054802042</mytracks:speed><mytracks:length>0.01693577599332227</mytracks:length></extensions></trkpt><trkpt lat="45.45504728180276" lon="-75.6197236513448"><ele>94.39169894069012</ele><time>2025-10-02T18:17:21.50000Z</time><extensions><mytracks:speed>61.11838438545819</mytracks:speed><mytracks:length>0.0170180624291945</mytracks:length></extensions></trkpt><trkpt lat="45.45519086878036" lon="-75.61980368478895"><ele>93.31840135797445</ele><time>2025-10-02T18:17:22.49900Z</time><extensions><mytracks:speed>61.50244763622521</mytracks:speed><mytracks:length>0.01714338025226985</mytracks:length></extensions></trkpt><trkpt lat="45.45533712895126" lon="-75.61988102630701"><ele>92.23713073071309</ele><time>2025-10-02T18:17:23.49900Z</time><extensions><mytracks:speed>62.09637484318221</mytracks:speed><mytracks:length>0.01734616240136827</mytracks:length></extensions></trkpt><trkpt lat="45.4554853027033" lon="-75.61995763788784"><ele>90.96250808778888</ele><time>2025-10-02T18:17:24.49900Z</time><extensions><mytracks:speed>62.78635701443361</mytracks:speed><mytracks:length>0.01752630050758505</mytracks:length></extensions></trkpt><trkpt lat="45.45563586127493" lon="-75.62003659513572"><ele>89.59484934161057</ele><time>2025-10-02T18:17:25.49900Z</time><extensions><mytracks:speed>63.66806307008893</mytracks:speed><mytracks:length>0.01783823891255132</mytracks:length></extensions></trkpt><trkpt lat="45.45578790732905" lon="-75.62011747464008"><ele>88.22867524081138</ele><time>2025-10-02T18:17:26.49800Z</time><extensions><mytracks:speed>64.61141038426204</mytracks:speed><mytracks:length>0.01804544967328835</mytracks:length></extensions></trkpt><trkpt lat="45.45593893230626" lon="-75.62020609108561"><ele>86.80335289634021</ele><time>2025-10-02T18:17:27.50000Z</time><extensions><mytracks:speed>65.25367563896518</mytracks:speed><mytracks:length>0.0181602068707914</mytracks:length></extensions></trkpt><trkpt lat="45.45609014956435" lon="-75.62029640451912"><ele>85.52298054505863</ele><time>2025-10-02T18:17:28.50300Z</time><extensions><mytracks:speed>65.45983493761639</mytracks:speed><mytracks:length>0.01823054369614665</mytracks:length></extensions></trkpt><trkpt lat="45.45624193378342" lon="-75.62038486879428"><ele>84.33822757796334</ele><time>2025-10-02T18:17:29.50600Z</time><extensions><mytracks:speed>65.40422151926506</mytracks:speed><mytracks:length>0.01823375684540932</mytracks:length></extensions></trkpt><trkpt lat="45.45639275113223" lon="-75.62047185247208"><ele>83.2032606785304</ele><time>2025-10-02T18:17:30.50700Z</time><extensions><mytracks:speed>65.11777438051504</mytracks:speed><mytracks:length>0.0180905929854708</mytracks:length></extensions></trkpt><trkpt lat="45.4565442932025" lon="-75.62055394171058"><ele>82.0754002396598</ele><time>2025-10-02T18:17:31.50600Z</time><extensions><mytracks:speed>65.02959863276236</mytracks:speed><mytracks:length>0.018026210782624</mytracks:length></extensions></trkpt><trkpt lat="45.4566940668598" lon="-75.62063509397572"><ele>80.88018701369877</ele><time>2025-10-02T18:17:32.50400Z</time><extensions><mytracks:speed>64.6064276284754</mytracks:speed><mytracks:length>0.01781624712619547</mytracks:length></extensions></trkpt><trkpt lat="45.45684115192466" lon="-75.62071517235124"><ele>79.65887039881436</ele><time>2025-10-02T18:17:33.50300Z</time><extensions><mytracks:speed>63.67884876993369</mytracks:speed><mytracks:length>0.0175070059168375</mytracks:length></extensions></trkpt><trkpt lat="45.45698585051572" lon="-75.6207949147642"><ele>78.29252139852291</ele><time>2025-10-02T18:17:34.50200Z</time><extensions><mytracks:speed>62.61472128845257</mytracks:speed><mytracks:length>0.01725029485198085</mytracks:length></extensions></trkpt><trkpt lat="45.45712784117573" lon="-75.62087425278305"><ele>76.86033239471783</ele><time>2025-10-02T18:17:35.50100Z</time><extensions><mytracks:speed>61.6093955000368</mytracks:speed><mytracks:length>0.01695837813335883</mytracks:length></extensions></trkpt><trkpt lat="45.4572680040275" lon="-75.62095234613533"><ele>75.36553078625468</ele><time>2025-10-02T18:17:36.50200Z</time><extensions><mytracks:speed>60.21093595535486</mytracks:speed><mytracks:length>0.01673340668038828</mytracks:length></extensions></trkpt><trkpt lat="45.45740630767036" lon="-75.62103113178811"><ele>73.71087487170821</ele><time>2025-10-02T18:17:37.50200Z</time><extensions><mytracks:speed>59.60396690441005</mytracks:speed><mytracks:length>0.01656124436938614</mytracks:length></extensions></trkpt><trkpt lat="45.45754216797137" lon="-75.62110874709843"><ele>72.04742754720978</ele><time>2025-10-02T18:17:38.50300Z</time><extensions><mytracks:speed>58.55371219142749</mytracks:speed><mytracks:length>0.016274690319248</mytracks:length></extensions></trkpt><trkpt lat="45.45767499720476" lon="-75.62118505502775"><ele>70.40490910055257</ele><time>2025-10-02T18:17:39.50300Z</time><extensions><mytracks:speed>57.29639357562061</mytracks:speed><mytracks:length>0.01592396365089878</mytracks:length></extensions></trkpt><trkpt lat="45.45780271164364" lon="-75.62125967183113"><ele>68.88733914522342</ele><time>2025-10-02T18:17:40.50300Z</time><extensions><mytracks:speed>56.27645868538162</mytracks:speed><mytracks:length>0.01534725330619586</mytracks:length></extensions></trkpt><trkpt lat="45.45792449854298" lon="-75.62133010359503"><ele>67.57996340889974</ele><time>2025-10-02T18:17:41.50300Z</time><extensions><mytracks:speed>53.94044779572603</mytracks:speed><mytracks:length>0.01461356159201372</mytracks:length></extensions></trkpt><trkpt lat="45.45803775995196" lon="-75.62139476955514"><ele>66.4599164302919</ele><time>2025-10-02T18:17:42.50200Z</time><extensions><mytracks:speed>50.74472606065611</mytracks:speed><mytracks:length>0.01356611788736564</mytracks:length></extensions></trkpt><trkpt lat="45.45813896949577" lon="-75.62145778839069"><ele>65.45458309781792</ele><time>2025-10-02T18:17:43.50400Z</time><extensions><mytracks:speed>44.16235759821995</mytracks:speed><mytracks:length>0.01228082662223803</mytracks:length></extensions></trkpt><trkpt lat="45.4582269253385" lon="-75.62151450470165"><ele>64.58096811722798</ele><time>2025-10-02T18:17:44.50300Z</time><extensions><mytracks:speed>41.41699009639738</mytracks:speed><mytracks:length>0.010734407649082</mytracks:length></extensions></trkpt><trkpt lat="45.45830171736706" lon="-75.62155421298007"><ele>63.80329823424823</ele><time>2025-10-02T18:17:45.50600Z</time><extensions><mytracks:speed>31.83468362756635</mytracks:speed><mytracks:length>0.008874800261430402</mytracks:length></extensions></trkpt><trkpt lat="45.45841907074698" lon="-75.62155216354702"><ele>61.5445111382963</ele><time>2025-10-02T18:17:47.49600Z</time><extensions><mytracks:speed>23.61508284523953</mytracks:speed><mytracks:length>0.01305006449313005</mytracks:length></extensions></trkpt><trkpt lat="45.4584586537017" lon="-75.62149450739635"><ele>60.66540512309182</ele><time>2025-10-02T18:17:48.54000Z</time><extensions><mytracks:speed>21.6926286512669</mytracks:speed><mytracks:length>0.006292284048255999</mytracks:length></extensions></trkpt><trkpt lat="45.45849183863818" lon="-75.62141048550953"><ele>60.06070037647102</ele><time>2025-10-02T18:17:49.57400Z</time><extensions><mytracks:speed>26.19236838144611</mytracks:speed><mytracks:length>0.007520889108352842</mytracks:length></extensions></trkpt><trkpt lat="45.45854687290342" lon="-75.62119801071702"><ele>60.44762609060636</ele><time>2025-10-02T18:17:51.48900Z</time><extensions><mytracks:speed>33.20259905495946</mytracks:speed><mytracks:gradient>0.0219024370871271</mytracks:gradient><mytracks:length>0.01766587492506738</mytracks:length></extensions></trkpt><trkpt lat="45.45858444861474" lon="-75.62107345049789"><ele>60.71690612869624</ele><time>2025-10-02T18:17:52.49500Z</time><extensions><mytracks:speed>37.85405910287701</mytracks:speed><mytracks:gradient>0.02546291087672854</mytracks:gradient><mytracks:length>0.01057538312856364</mytracks:length></extensions></trkpt><trkpt lat="45.45862082329533" lon="-75.620943250587"><ele>60.9286629424826</ele><time>2025-10-02T18:17:53.49700Z</time><extensions><mytracks:speed>39.25363264941466</mytracks:speed><mytracks:gradient>0.01937256147614769</mytracks:gradient><mytracks:length>0.01093075967507392</mytracks:length></extensions></trkpt><trkpt lat="45.45864793926882" lon="-75.62081560557675"><ele>61.14587207561888</ele><time>2025-10-02T18:17:54.48000Z</time><extensions><mytracks:speed>38.64655848031875</mytracks:speed><mytracks:gradient>0.02012623772827251</mytracks:gradient><mytracks:length>0.01040267362625347</mytracks:length></extensions></trkpt><trkpt lat="45.45865952564689" lon="-75.62069019940247"><ele>61.56294883495558</ele><time>2025-10-02T18:17:55.48000Z</time><extensions><mytracks:speed>36.68112591338777</mytracks:speed><mytracks:gradient>0.03139988841924032</mytracks:gradient><mytracks:length>0.009865508802290592</mytracks:length></extensions></trkpt><trkpt lat="45.45864477455921" lon="-75.62057557889213"><ele>62.12180530735886</ele><time>2025-10-02T18:17:56.49800Z</time><extensions><mytracks:speed>32.12987927055676</mytracks:speed><mytracks:gradient>0.06149026045797978</mytracks:gradient><mytracks:length>0.009088536432288819</mytracks:length></extensions></trkpt><trkpt lat="45.45860143034236" lon="-75.62047893614179"><ele>62.78487748090755</ele><time>2025-10-02T18:17:57.50900Z</time><extensions><mytracks:speed>31.85778573853268</mytracks:speed><mytracks:gradient>0.07411015139795551</mytracks:gradient><mytracks:length>0.008947116704540651</mytracks:length></extensions></trkpt><trkpt lat="45.45853407869918" lon="-75.62039500392122"><ele>63.55065104104998</ele><time>2025-10-02T18:17:58.51400Z</time><extensions><mytracks:speed>35.65030959561536</mytracks:speed><mytracks:gradient>0.07698236641189841</mytracks:gradient><mytracks:length>0.009947389198782498</mytracks:length></extensions></trkpt><trkpt lat="45.45845171102468" lon="-75.6203189402266"><ele>64.18062570569278</ele><time>2025-10-02T18:17:59.50700Z</time><extensions><mytracks:speed>37.48671574006183</mytracks:speed><mytracks:gradient>0.06708463683001012</mytracks:gradient><mytracks:length>0.01091260499601386</mytracks:length></extensions></trkpt><trkpt lat="45.45836866915894" lon="-75.62023758277"><ele>64.73262437626178</ele><time>2025-10-02T18:18:00.50400Z</time><extensions><mytracks:speed>40.00495427279679</mytracks:speed><mytracks:gradient>0.05344856685071794</mytracks:gradient><mytracks:length>0.01120397411729222</mytracks:length></extensions></trkpt><trkpt lat="45.45829479401137" lon="-75.62014381511943"><ele>65.3314409335041</ele><time>2025-10-02T18:18:01.48600Z</time><extensions><mytracks:speed>40.31998898536976</mytracks:speed><mytracks:gradient>0.05193490393736096</mytracks:gradient><mytracks:length>0.01099816310323708</mytracks:length></extensions></trkpt><trkpt lat="45.45823767853269" lon="-75.62003214023295"><ele>65.97459851506865</ele><time>2025-10-02T18:18:02.49700Z</time><extensions><mytracks:speed>38.39781882120054</mytracks:speed><mytracks:gradient>0.0596617300498138</mytracks:gradient><mytracks:length>0.0107800692508842</mytracks:length></extensions></trkpt><trkpt lat="45.45820415558509" lon="-75.61990258158751"><ele>66.88810313653553</ele><time>2025-10-02T18:18:03.51600Z</time><extensions><mytracks:speed>38.01909274228197</mytracks:speed><mytracks:gradient>0.08481252937998379</mytracks:gradient><mytracks:length>0.01077086874009062</mytracks:length></extensions></trkpt><trkpt lat="45.45819587596058" lon="-75.61975942914903"><ele>68.00035293638489</ele><time>2025-10-02T18:18:04.52700Z</time><extensions><mytracks:speed>39.92504066137555</mytracks:speed><mytracks:gradient>0.09927992102748014</mytracks:gradient><mytracks:length>0.01120316966752509</mytracks:length></extensions></trkpt><trkpt lat="45.45820737637992" lon="-75.6196114684424"><ele>69.14272410190127</ele><time>2025-10-02T18:18:05.50700Z</time><extensions><mytracks:speed>41.07309225960299</mytracks:speed><mytracks:gradient>0.09928491806134054</mytracks:gradient><mytracks:length>0.0116112506154871</mytracks:length></extensions></trkpt><trkpt lat="45.45823003324482" lon="-75.61945917090019"><ele>70.38026224936704</ele><time>2025-10-02T18:18:06.48700Z</time><extensions><mytracks:speed>43.57789987805639</mytracks:speed><mytracks:gradient>0.100312727295367</mytracks:gradient><mytracks:length>0.01214281469373177</mytracks:length></extensions></trkpt><trkpt lat="45.45825961814646" lon="-75.61930144504703"><ele>71.54793293645723</ele><time>2025-10-02T18:18:07.48600Z</time><extensions><mytracks:speed>45.23362779315053</mytracks:speed><mytracks:gradient>0.09671771883105233</mytracks:gradient><mytracks:length>0.01273407604468201</mytracks:length></extensions></trkpt><trkpt lat="45.45829016235066" lon="-75.61914206593522"><ele>72.57401207044342</ele><time>2025-10-02T18:18:08.50600Z</time><extensions><mytracks:speed>45.46675828475311</mytracks:speed><mytracks:gradient>0.07962498984276874</mytracks:gradient><mytracks:length>0.01288639579122498</mytracks:length></extensions></trkpt><trkpt lat="45.45831906945699" lon="-75.61898629212354"><ele>73.35595054404588</ele><time>2025-10-02T18:18:09.52200Z</time><extensions><mytracks:speed>44.54187088556456</mytracks:speed><mytracks:gradient>0.06221797198653693</mytracks:gradient><mytracks:length>0.01256772679398271</mytracks:length></extensions></trkpt><trkpt lat="45.45834487214484" lon="-75.61883980677858"><ele>73.73206190904713</ele><time>2025-10-02T18:18:10.50800Z</time><extensions><mytracks:speed>43.79326376128216</mytracks:speed><mytracks:gradient>0.04756443146777387</mytracks:gradient><mytracks:length>0.01178001308089279</mytracks:length></extensions></trkpt><trkpt lat="45.45836890836709" lon="-75.61869855655291"><ele>73.75201566891559</ele><time>2025-10-02T18:18:11.50100Z</time><extensions><mytracks:speed>42.05094473720083</mytracks:speed><mytracks:gradient>0.01713358169634103</mytracks:gradient><mytracks:length>0.01133672157224126</mytracks:length></extensions></trkpt><trkpt lat="45.45839200106285" lon="-75.61856330416678"><ele>73.5650906175738</ele><time>2025-10-02T18:18:12.50300Z</time><extensions><mytracks:speed>38.99657939346749</mytracks:speed><mytracks:length>0.01085712874344963</mytracks:length></extensions></trkpt><trkpt lat="45.45841477141866" lon="-75.61843976280966"><ele>73.32814502340511</ele><time>2025-10-02T18:18:13.50300Z</time><extensions><mytracks:speed>37.43964889260133</mytracks:speed><mytracks:length>0.009962779935301754</mytracks:length></extensions></trkpt><trkpt lat="45.45843700759134" lon="-75.61833003671026"><ele>73.17571925047275</ele><time>2025-10-02T18:18:14.49100Z</time><extensions><mytracks:speed>34.17273705190072</mytracks:speed><mytracks:length>0.008908250029780164</mytracks:length></extensions></trkpt><trkpt lat="45.45845877644226" lon="-75.61823484297456"><ele>73.15109298191732</ele><time>2025-10-02T18:18:15.49100Z</time><extensions><mytracks:speed>30.27592176722648</mytracks:speed><mytracks:length>0.00780896928359239</mytracks:length></extensions></trkpt><trkpt lat="45.45847179539837" lon="-75.61806754846269"><ele>73.19406689114938</ele><time>2025-10-02T18:18:17.47500Z</time><extensions><mytracks:speed>23.8153323836883</mytracks:speed><mytracks:gradient>0.003273400405353358</mytracks:gradient><mytracks:length>0.0131282165059246</mytracks:length></extensions></trkpt><trkpt lat="45.45845519037265" lon="-75.61798029131155"><ele>73.47942868768777</ele><time>2025-10-02T18:18:18.53300Z</time><extensions><mytracks:speed>23.99152524158997</mytracks:speed><mytracks:gradient>0.04046478755305514</mytracks:gradient><mytracks:length>0.007052101686293197</mytracks:length></extensions></trkpt><trkpt lat="45.45841768981533" lon="-75.61789142690759"><ele>73.90385494209934</ele><time>2025-10-02T18:18:19.59200Z</time><extensions><mytracks:speed>27.5014765543424</mytracks:speed><mytracks:gradient>0.05247302783546936</mytracks:gradient><mytracks:length>0.008088465101392122</mytracks:length></extensions></trkpt><trkpt lat="45.45831180795622" lon="-75.61776002992323"><ele>75.06931099165944</ele><time>2025-10-02T18:18:21.50600Z</time><extensions><mytracks:speed>29.36341556598406</mytracks:speed><mytracks:gradient>0.07466568615572729</mytracks:gradient><mytracks:length>0.01560899135285981</mytracks:length></extensions></trkpt><trkpt lat="45.45824437633775" lon="-75.61770674319871"><ele>75.63310243573156</ele><time>2025-10-02T18:18:22.50400Z</time><extensions><mytracks:speed>29.74414595150228</mytracks:speed><mytracks:gradient>0.07187268292281047</mytracks:gradient><mytracks:length>0.008573135749137853</mytracks:length></extensions></trkpt><trkpt lat="45.45817428764759" lon="-75.61766234126577"><ele>76.1065276227762</ele><time>2025-10-02T18:18:23.50200Z</time><extensions><mytracks:speed>30.81045056352394</mytracks:speed><mytracks:gradient>0.06070946327337649</mytracks:gradient><mytracks:length>0.008528339589577461</mytracks:length></extensions></trkpt><trkpt lat="45.45810412176002" lon="-75.61762355281454"><ele>76.47962768653622</ele><time>2025-10-02T18:18:24.49400Z</time><extensions><mytracks:speed>30.56411000436255</mytracks:speed><mytracks:gradient>0.05011452321309623</mytracks:gradient><mytracks:length>0.008367780482564383</mytracks:length></extensions></trkpt><trkpt lat="45.45803447218443" lon="-75.61759217574145"><ele>76.70638725409778</ele><time>2025-10-02T18:18:25.49000Z</time><extensions><mytracks:speed>29.84395909674884</mytracks:speed><mytracks:gradient>0.03639511449422659</mytracks:gradient><mytracks:length>0.008122379149930884</mytracks:length></extensions></trkpt><trkpt lat="45.45796964646656" lon="-75.61756756759833"><ele>76.77955148131301</ele><time>2025-10-02T18:18:26.49400Z</time><extensions><mytracks:speed>26.7412733323127</mytracks:speed><mytracks:gradient>0.009808164913141243</mytracks:gradient><mytracks:length>0.007459522536902145</mytracks:length></extensions></trkpt><trkpt lat="45.45791541703616" lon="-75.61755052684697"><ele>76.71776696173261</ele><time>2025-10-02T18:18:27.50200Z</time><extensions><mytracks:speed>22.06242863255025</mytracks:speed><mytracks:length>0.006175174442422973</mytracks:length></extensions></trkpt><trkpt lat="45.45787361368158" lon="-75.61754000564119"><ele>76.63711698018948</ele><time>2025-10-02T18:18:28.50300Z</time><extensions><mytracks:speed>16.97343517506233</mytracks:speed><mytracks:length>0.004721062783753094</mytracks:length></extensions></trkpt><trkpt lat="45.45783869840825" lon="-75.61753286634509"><ele>76.48793193496805</ele><time>2025-10-02T18:18:29.49400Z</time><extensions><mytracks:speed>15.61419230616628</mytracks:speed><mytracks:length>0.003922333149468476</mytracks:length></extensions></trkpt><trkpt lat="45.45780629419019" lon="-75.61753994254363"><ele>76.31601321757158</ele><time>2025-10-02T18:18:30.49200Z</time><extensions><mytracks:speed>13.55236710172539</mytracks:speed><mytracks:length>0.003646059301471082</mytracks:length></extensions></trkpt><trkpt lat="45.45774315525569" lon="-75.61761775224913"><ele>75.90182365501535</ele><time>2025-10-02T18:18:32.41500Z</time><extensions><mytracks:speed>17.36931098868172</mytracks:speed><mytracks:length>0.009279895025968828</mytracks:length></extensions></trkpt><trkpt lat="45.45771107708836" lon="-75.61770026497557"><ele>75.41847957555085</ele><time>2025-10-02T18:18:33.45200Z</time><extensions><mytracks:speed>25.55223273127065</mytracks:speed><mytracks:length>0.007357944942371368</mytracks:length></extensions></trkpt><trkpt lat="45.45767939523719" lon="-75.61780811385414"><ele>74.79597959541705</ele><time>2025-10-02T18:18:34.54100Z</time><extensions><mytracks:speed>30.14754839886366</mytracks:speed><mytracks:length>0.009119720130652841</mytracks:length></extensions></trkpt><trkpt lat="45.45765434270247" lon="-75.61792368248734"><ele>73.91328842904076</ele><time>2025-10-02T18:18:35.56500Z</time><extensions><mytracks:speed>33.1441878410619</mytracks:speed><mytracks:length>0.009434486306088317</mytracks:length></extensions></trkpt><trkpt lat="45.45762595345132" lon="-75.61804351060795"><ele>72.95857670712076</ele><time>2025-10-02T18:18:36.59100Z</time><extensions><mytracks:speed>34.64166704059335</mytracks:speed><mytracks:length>0.009865052012902581</mytracks:length></extensions></trkpt><trkpt lat="45.45759942211707" lon="-75.61815863341366"><ele>71.90501316443049</ele><time>2025-10-02T18:18:37.56400Z</time><extensions><mytracks:speed>34.78787282508559</mytracks:speed><mytracks:length>0.009451665961541608</mytracks:length></extensions></trkpt><trkpt lat="45.45754629636432" lon="-75.61838552034529"><ele>69.91493736232084</ele><time>2025-10-02T18:18:39.50200Z</time><extensions><mytracks:speed>34.6695888610293</mytracks:speed><mytracks:length>0.01865641654716547</mytracks:length></extensions></trkpt><trkpt lat="45.45751741778699" lon="-75.61849742657178"><ele>68.96576406180364</ele><time>2025-10-02T18:18:40.50300Z</time><extensions><mytracks:speed>33.44658570841962</mytracks:speed><mytracks:length>0.00930075256403462</mytracks:length></extensions></trkpt><trkpt lat="45.45748923219725" lon="-75.61860684974882"><ele>68.23095822765018</ele><time>2025-10-02T18:18:41.50500Z</time><extensions><mytracks:speed>32.6650221960786</mytracks:speed><mytracks:length>0.009092006569324532</mytracks:length></extensions></trkpt><trkpt lat="45.45746298491095" lon="-75.61870602515715"><ele>67.59720243724676</ele><time>2025-10-02T18:18:42.49800Z</time><extensions><mytracks:speed>31.32516259985047</mytracks:speed><mytracks:length>0.0082675509497314</mytracks:length></extensions></trkpt><trkpt lat="45.45735224763616" lon="-75.61888285672489"><ele>66.5821295744592</ele><time>2025-10-02T18:18:45.35800Z</time><extensions><mytracks:speed>23.27232141642601</mytracks:speed><mytracks:length>0.01848899964653074</mytracks:length></extensions></trkpt><trkpt lat="45.45726834485092" lon="-75.61889041574831"><ele>66.41924865943356</ele><time>2025-10-02T18:18:46.76600Z</time><extensions><mytracks:speed>23.89297390938948</mytracks:speed><mytracks:length>0.009348596505710703</mytracks:length></extensions></trkpt><trkpt lat="45.45718694501429" lon="-75.61886409376078"><ele>66.36216380534134</ele><time>2025-10-02T18:18:47.99800Z</time><extensions><mytracks:speed>27.13411560437857</mytracks:speed><mytracks:length>0.009281351724043254</mytracks:length></extensions></trkpt><trkpt lat="45.45707228753978" lon="-75.61879681564923"><ele>66.05825821969597</ele><time>2025-10-02T18:18:49.49500Z</time><extensions><mytracks:speed>33.14798899511458</mytracks:speed><mytracks:length>0.01378688038570856</mytracks:length></extensions></trkpt><trkpt lat="45.45699328259235" lon="-75.61875108138358"><ele>65.95026420502997</ele><time>2025-10-02T18:18:50.49300Z</time><extensions><mytracks:speed>33.56970446211104</mytracks:speed><mytracks:length>0.009481655458249777</mytracks:length></extensions></trkpt><trkpt lat="45.45691817389408" lon="-75.61870358059019"><ele>66.01528806830295</ele><time>2025-10-02T18:18:51.49700Z</time><extensions><mytracks:speed>32.75904986562655</mytracks:speed><mytracks:gradient>0.007117313712567738</mytracks:gradient><mytracks:length>0.009136011970101138</mytracks:length></extensions></trkpt><trkpt lat="45.45684515787527" lon="-75.61866180580161"><ele>66.31216355645893</ele><time>2025-10-02T18:18:52.50200Z</time><extensions><mytracks:speed>31.33241504645192</mytracks:speed><mytracks:gradient>0.03393651195354395</mytracks:gradient><mytracks:length>0.008747967043942879</mytracks:length></extensions></trkpt><trkpt lat="45.45677988214539" lon="-75.61862409476143"><ele>66.765793182596</ele><time>2025-10-02T18:18:53.50700Z</time><extensions><mytracks:speed>28.0712531241134</mytracks:speed><mytracks:gradient>0.05791988887977893</mytracks:gradient><mytracks:length>0.007832018239514339</mytracks:length></extensions></trkpt><trkpt lat="45.45672489937115" lon="-75.61859480735276"><ele>67.30048357054767</ele><time>2025-10-02T18:18:54.50800Z</time><extensions><mytracks:speed>23.45312265731553</mytracks:speed><mytracks:gradient>0.08192714115988763</mytracks:gradient><mytracks:length>0.006526413351933976</mytracks:length></extensions></trkpt><trkpt lat="45.4566575398829" lon="-75.61858092340717"><ele>68.18419754758382</ele><time>2025-10-02T18:18:56.00700Z</time><extensions><mytracks:speed>18.18437400148657</mytracks:speed><mytracks:gradient>0.1167778300239066</mytracks:gradient><mytracks:length>0.00756748071834559</mytracks:length></extensions></trkpt><trkpt lat="45.45659742196811" lon="-75.61858279502063"><ele>69.3136162593614</ele><time>2025-10-02T18:18:57.87900Z</time><extensions><mytracks:speed>12.85505814060334</mytracks:speed><mytracks:gradient>0.168922080858647</mytracks:gradient><mytracks:length>0.006686033619978111</mytracks:length></extensions></trkpt><trkpt lat="45.45656504805578" lon="-75.6185954943264"><ele>70.15958157942266</ele><time>2025-10-02T18:18:59.34800Z</time><extensions><mytracks:speed>9.149698528973659</mytracks:speed><mytracks:gradient>0.2265581475620864</mytracks:gradient><mytracks:length>0.003733987628184672</mytracks:length></extensions></trkpt><trkpt lat="45.45656085487678" lon="-75.61860104755051"><ele>70.12738451053492</ele><time>2025-10-02T18:19:00.48600Z</time><extensions><mytracks:speed>2.015304305648284</mytracks:speed><mytracks:length>0.0006368453391485438</mytracks:length></extensions></trkpt><trkpt lat="45.45653394896561" lon="-75.61863600660025"><ele>70.00002047419548</ele><time>2025-10-02T18:19:07.99900Z</time><extensions><mytracks:speed>1.94004940024707</mytracks:speed><mytracks:length>0.004048965416622803</mytracks:length></extensions></trkpt></trkseg></trk></gpx>

