<?xml version="1.0" encoding="utf-8"?>
<gpx xmlns="http://www.topografix.com/GPX/1/1" xmlns:xsd="http://www.w3.org/2001/XMLSchema" xmlns:xsi="http://www.w3.org/2001/XMLSchema-instance" xmlns:mytracks="http://mytracks.stichling.info/myTracksGPX/1/0" creator="myTracks" version="1.1" xsi:schemaLocation="http://www.topografix.com/GPX/1/1 http://www.topografix.com/GPX/1/1/gpx.xsd"><trk><name>2025-10-04 AM 10:54:41</name><extensions><mytracks:color red="0.000000" green="0.000000" blue="1.000000" alpha="1.000000"/><mytracks:area showArea="no" areaDistance="0.000000"/><mytracks:directionArrows showDirectionArrows="yes"/><mytracks:sync syncPhotosOniPhone="no"/><mytracks:timezone offset="-240"/></extensions><trkseg><trkpt lat="45.45591551927495" lon="-75.6196738112846"><ele>-1</ele><time>2025-10-04T14:54:41.60400Z</time><extensions><mytracks:speed>0</mytracks:speed><mytracks:gradient>0</mytracks:gradient><mytracks:length>0</mytracks:length></extensions></trkpt><trkpt lat="45.45379400956629" lon="-75.61906796324399"><ele>99.50667953491211</ele><time>2025-10-04T14:54:51.94800Z</time><extensions><mytracks:speed>83.72680719145534</mytracks:speed><mytracks:gradient>0.4177547264893935</mytracks:gradient><mytracks:length>0.2405877735472226</mytracks:length></extensions></trkpt><trkpt lat="45.45372005214174" lon="-75.61905604836868"><ele>97.43478012084961</ele><time>2025-10-04T14:54:52.95700Z</time><extensions><mytracks:speed>29.52379960684094</mytracks:speed><mytracks:length>0.008276267400175209</mytracks:length></extensions></trkpt><trkpt lat="45.45351805194021" lon="-75.61895515590311"><ele>96.93358756671736</ele><time>2025-10-04T14:54:54.50200Z</time><extensions><mytracks:speed>55.45462479959919</mytracks:speed><mytracks:length>0.02380037576352078</mytracks:length></extensions></trkpt><trkpt lat="45.4533803239177" lon="-75.61888561443718"><ele>96.58618581393439</ele><time>2025-10-04T14:54:55.53800Z</time><extensions><mytracks:speed>56.47702665847225</mytracks:speed><mytracks:length>0.01624725474097806</mytracks:length></extensions></trkpt><trkpt lat="45.45317609673958" lon="-75.61878055241392"><ele>96.0897328027919</ele><time>2025-10-04T14:54:57.01800Z</time><extensions><mytracks:speed>58.73064092740619</mytracks:speed><mytracks:length>0.02414251478493143</mytracks:length></extensions></trkpt><trkpt lat="45.45296429640656" lon="-75.61867083244555"><ele>95.5094846234679</ele><time>2025-10-04T14:54:58.49400Z</time><extensions><mytracks:speed>61.11979284835998</mytracks:speed><mytracks:length>0.02505788370967936</mytracks:length></extensions></trkpt><trkpt lat="45.45281740507114" lon="-75.6185945094782"><ele>95.12127013931497</ele><time>2025-10-04T14:54:59.49600Z</time><extensions><mytracks:speed>62.47492328870273</mytracks:speed><mytracks:length>0.01738456876810662</mytracks:length></extensions></trkpt><trkpt lat="45.45267257348528" lon="-75.61851494758196"><ele>94.88165560003486</ele><time>2025-10-04T14:55:00.49600Z</time><extensions><mytracks:speed>62.11389567205408</mytracks:speed><mytracks:length>0.01725865230039339</mytracks:length></extensions></trkpt><trkpt lat="45.45253138835272" lon="-75.61843371335137"><ele>94.73477379470661</ele><time>2025-10-04T14:55:01.46900Z</time><extensions><mytracks:speed>62.37251787722938</mytracks:speed><mytracks:length>0.01692965493291559</mytracks:length></extensions></trkpt><trkpt lat="45.45238855070315" lon="-75.61835634015706"><ele>94.74378910479297</ele><time>2025-10-04T14:55:02.45400Z</time><extensions><mytracks:speed>62.34729423123935</mytracks:speed><mytracks:length>0.01699103152673112</mytracks:length></extensions></trkpt><trkpt lat="45.45224398787902" lon="-75.61827923971343"><ele>94.78155509696268</ele><time>2025-10-04T14:55:03.46100Z</time><extensions><mytracks:speed>61.38903679618726</mytracks:speed><mytracks:gradient>0.002200453644314872</mytracks:gradient><mytracks:length>0.01716282106977489</mytracks:length></extensions></trkpt><trkpt lat="45.45209149246745" lon="-75.61820190936328"><ele>94.52491991925037</ele><time>2025-10-04T14:55:04.49800Z</time><extensions><mytracks:speed>62.50363227632238</mytracks:speed><mytracks:length>0.01799768946693993</mytracks:length></extensions></trkpt><trkpt lat="45.45194507864218" lon="-75.61812937674652"><ele>94.17471753837604</ele><time>2025-10-04T14:55:05.49800Z</time><extensions><mytracks:speed>62.00277007856885</mytracks:speed><mytracks:length>0.01723565956601262</mytracks:length></extensions></trkpt><trkpt lat="45.45179971728275" lon="-75.61805281733892"><ele>93.9061937546784</ele><time>2025-10-04T14:55:06.49800Z</time><extensions><mytracks:speed>62.02107900448358</mytracks:speed><mytracks:length>0.01723121425181302</mytracks:length></extensions></trkpt><trkpt lat="45.4516584872628" lon="-75.61797829398604"><ele>93.69463324815375</ele><time>2025-10-04T14:55:07.49900Z</time><extensions><mytracks:speed>60.2249326977478</mytracks:speed><mytracks:length>0.01674552092701983</mytracks:length></extensions></trkpt><trkpt lat="45.45152098362804" lon="-75.61790313164015"><ele>93.94908429542556</ele><time>2025-10-04T14:55:08.50000Z</time><extensions><mytracks:speed>58.91764865506321</mytracks:speed><mytracks:gradient>0.01553857340427346</mytracks:gradient><mytracks:length>0.01637544455669493</mytracks:length></extensions></trkpt><trkpt lat="45.4513823442722" lon="-75.61782794645902"><ele>94.37918312987313</ele><time>2025-10-04T14:55:09.50000Z</time><extensions><mytracks:speed>59.37585348035452</mytracks:speed><mytracks:gradient>0.02607667124150267</mytracks:gradient><mytracks:length>0.01649362491340663</mytracks:length></extensions></trkpt><trkpt lat="45.45124292355585" lon="-75.61774426518384"><ele>95.01875531300901</ele><time>2025-10-04T14:55:10.50000Z</time><extensions><mytracks:speed>60.55444648437535</mytracks:speed><mytracks:gradient>0.0380223120651198</mytracks:gradient><mytracks:length>0.01682097033027619</mytracks:length></extensions></trkpt><trkpt lat="45.45110838388074" lon="-75.6176512926132"><ele>95.6933310178574</ele><time>2025-10-04T14:55:11.50000Z</time><extensions><mytracks:speed>59.85036961921467</mytracks:speed><mytracks:gradient>0.0405751609020935</mytracks:gradient><mytracks:length>0.01662533653227211</mytracks:length></extensions></trkpt><trkpt lat="45.45097184641905" lon="-75.61757331978899"><ele>96.28047392517328</ele><time>2025-10-04T14:55:12.50000Z</time><extensions><mytracks:speed>58.87945591386267</mytracks:speed><mytracks:gradient>0.03589854418167244</mytracks:gradient><mytracks:length>0.01635561888929295</mytracks:length></extensions></trkpt><trkpt lat="45.45083655987684" lon="-75.6174970324485"><ele>96.92827051808126</ele><time>2025-10-04T14:55:13.50000Z</time><extensions><mytracks:speed>58.23925596488858</mytracks:speed><mytracks:gradient>0.04004240125929526</mytracks:gradient><mytracks:length>0.01617776588155046</mytracks:length></extensions></trkpt><trkpt lat="45.45070623243494" lon="-75.61742414635326"><ele>97.46582166594452</ele><time>2025-10-04T14:55:14.50000Z</time><extensions><mytracks:speed>56.04086226371292</mytracks:speed><mytracks:gradient>0.03453129184827351</mytracks:gradient><mytracks:length>0.01556707319914911</mytracks:length></extensions></trkpt><trkpt lat="45.45056172481269" lon="-75.61735742262239"><ele>98.12193535408005</ele><time>2025-10-04T14:55:15.50000Z</time><extensions><mytracks:speed>60.80416217029381</mytracks:speed><mytracks:gradient>0.03884578852908038</mytracks:gradient><mytracks:length>0.01689021417712656</mytracks:length></extensions></trkpt><trkpt lat="45.45042009746564" lon="-75.61727851869308"><ele>98.6889526254963</ele><time>2025-10-04T14:55:16.50000Z</time><extensions><mytracks:speed>60.86858916928755</mytracks:speed><mytracks:gradient>0.03353528338365017</mytracks:gradient><mytracks:length>0.01690808051118757</mytracks:length></extensions></trkpt><trkpt lat="45.45028226240982" lon="-75.61720390972495"><ele>99.1018706590403</ele><time>2025-10-04T14:55:17.50000Z</time><extensions><mytracks:speed>59.01849221687465</mytracks:speed><mytracks:gradient>0.02518691817227532</mytracks:gradient><mytracks:length>0.0163941467836476</mytracks:length></extensions></trkpt><trkpt lat="45.45014664451524" lon="-75.61713578830762"><ele>99.39444244140761</ele><time>2025-10-04T14:55:18.50000Z</time><extensions><mytracks:speed>57.5607537318128</mytracks:speed><mytracks:gradient>0.01829808625041856</mytracks:gradient><mytracks:length>0.01598920118548526</mytracks:length></extensions></trkpt><trkpt lat="45.45001885141097" lon="-75.61706963011478"><ele>99.3890854928177</ele><time>2025-10-04T14:55:19.50000Z</time><extensions><mytracks:speed>54.42549130364742</mytracks:speed><mytracks:length>0.01511827853577964</mytracks:length></extensions></trkpt><trkpt lat="45.4498949304651" lon="-75.61700446003083"><ele>99.40132192778404</ele><time>2025-10-04T14:55:20.50000Z</time><extensions><mytracks:speed>52.87319227689857</mytracks:speed><mytracks:gradient>0.0008331429912634548</mytracks:gradient><mytracks:length>0.01468707664189014</mytracks:length></extensions></trkpt><trkpt lat="45.44975109200787" lon="-75.61692751577424"><ele>101.0618065458893</ele><time>2025-10-04T14:55:21.57500Z</time><extensions><mytracks:speed>57.201691309371</mytracks:speed><mytracks:gradient>0.09720054876746409</mytracks:gradient><mytracks:length>0.01708307863649693</mytracks:length></extensions></trkpt><trkpt lat="45.44961762942858" lon="-75.61685365645961"><ele>102.437689628204</ele><time>2025-10-04T14:55:22.56700Z</time><extensions><mytracks:speed>57.47619269808551</mytracks:speed><mytracks:gradient>0.09200480415258826</mytracks:gradient><mytracks:length>0.01591943513389678</mytracks:length></extensions></trkpt><trkpt lat="45.44935874872412" lon="-75.61670315827503"><ele>104.3662642639174</ele><time>2025-10-04T14:55:24.43100Z</time><extensions><mytracks:speed>60.04177761758033</mytracks:speed><mytracks:gradient>0.06203552397848068</mytracks:gradient><mytracks:length>0.03108822996937161</mytracks:length></extensions></trkpt><trkpt lat="45.44921260983809" lon="-75.6166219295436"><ele>103.7317049799692</ele><time>2025-10-04T14:55:25.47100Z</time><extensions><mytracks:speed>60.35160909181559</mytracks:speed><mytracks:length>0.01744176138868455</mytracks:length></extensions></trkpt><trkpt lat="45.44906576185808" lon="-75.61654232841364"><ele>103.2239358086997</ele><time>2025-10-04T14:55:26.50400Z</time><extensions><mytracks:speed>60.87559988818204</mytracks:speed><mytracks:length>0.01746964261529688</mytracks:length></extensions></trkpt><trkpt lat="45.44892036116558" lon="-75.61646781522369"><ele>103.0050759708092</ele><time>2025-10-04T14:55:27.52000Z</time><extensions><mytracks:speed>60.91951156312857</mytracks:speed><mytracks:length>0.01718092849988912</mytracks:length></extensions></trkpt><trkpt lat="45.44877248744717" lon="-75.61639270786354"><ele>102.8110050138433</ele><time>2025-10-04T14:55:28.52900Z</time><extensions><mytracks:speed>62.23644736019222</mytracks:speed><mytracks:length>0.01745544940733987</mytracks:length></extensions></trkpt><trkpt lat="45.44863625143346" lon="-75.61632141192264"><ele>102.7797334129958</ele><time>2025-10-04T14:55:29.51500Z</time><extensions><mytracks:speed>60.59734831228251</mytracks:speed><mytracks:length>0.01613760448651138</mytracks:length></extensions></trkpt><trkpt lat="45.44842043904068" lon="-75.61621459246477"><ele>103.1654552949906</ele><time>2025-10-04T14:55:30.99200Z</time><extensions><mytracks:speed>61.9445866780979</mytracks:speed><mytracks:gradient>0.01518402867849711</mytracks:gradient><mytracks:length>0.02540313181448411</mytracks:length></extensions></trkpt><trkpt lat="45.44827815671614" lon="-75.61613772577589"><ele>103.2696766590444</ele><time>2025-10-04T14:55:31.99900Z</time><extensions><mytracks:speed>60.44087633394683</mytracks:speed><mytracks:gradient>0.006159920602364206</mytracks:gradient><mytracks:length>0.01691927068246137</mytracks:length></extensions></trkpt><trkpt lat="45.44813998836042" lon="-75.61606463473879"><ele>103.2970017542918</ele><time>2025-10-04T14:55:33.00500Z</time><extensions><mytracks:speed>58.65421724889433</mytracks:speed><mytracks:gradient>0.0016674303271175</mytracks:gradient><mytracks:length>0.01638754843485093</mytracks:length></extensions></trkpt><trkpt lat="45.44800303214866" lon="-75.615991438701"><ele>103.0859362834687</ele><time>2025-10-04T14:55:34.00900Z</time><extensions><mytracks:speed>58.32174602539554</mytracks:speed><mytracks:length>0.01626388788900822</mytracks:length></extensions></trkpt><trkpt lat="45.44787330842456" lon="-75.61592123162256"><ele>102.4990117890683</ele><time>2025-10-04T14:55:34.99700Z</time><extensions><mytracks:speed>57.2974684970859</mytracks:speed><mytracks:length>0.01542924959512006</mytracks:length></extensions></trkpt><trkpt lat="45.44774947227637" lon="-75.61585358203327"><ele>101.7663754535009</ele><time>2025-10-04T14:55:35.97300Z</time><extensions><mytracks:speed>55.31091879945848</mytracks:speed><mytracks:length>0.01474648046755347</mytracks:length></extensions></trkpt><trkpt lat="45.4476191799804" lon="-75.61578757348587"><ele>101.0580531447835</ele><time>2025-10-04T14:55:36.97300Z</time><extensions><mytracks:speed>54.86640880866033</mytracks:speed><mytracks:length>0.01537570866633894</mytracks:length></extensions></trkpt><trkpt lat="45.4474912239027" lon="-75.61572154114735"><ele>100.3820903776271</ele><time>2025-10-04T14:55:37.97800Z</time><extensions><mytracks:speed>54.19687627972523</mytracks:speed><mytracks:length>0.01513168588992684</mytracks:length></extensions></trkpt><trkpt lat="45.44736124227467" lon="-75.61565981337137"><ele>99.89821412720804</ele><time>2025-10-04T14:55:39.01200Z</time><extensions><mytracks:speed>53.05130190054005</mytracks:speed><mytracks:length>0.01523437940344723</mytracks:length></extensions></trkpt><trkpt lat="45.44723988298938" lon="-75.61560145751956"><ele>99.54356698438318</ele><time>2025-10-04T14:55:40.03300Z</time><extensions><mytracks:speed>50.20331729128383</mytracks:speed><mytracks:length>0.0142415604426234</mytracks:length></extensions></trkpt><trkpt lat="45.44712621365628" lon="-75.61554492821496"><ele>99.02530213664625</ele><time>2025-10-04T14:55:41.04800Z</time><extensions><mytracks:speed>47.50033378593001</mytracks:speed><mytracks:length>0.01338688692509036</mytracks:length></extensions></trkpt><trkpt lat="45.4470242311212" lon="-75.61549619249091"><ele>98.51444905898884</ele><time>2025-10-04T14:55:42.03600Z</time><extensions><mytracks:speed>45.56423021603342</mytracks:speed><mytracks:length>0.01196071730820343</mytracks:length></extensions></trkpt><trkpt lat="45.44693622292556" lon="-75.61546284724594"><ele>98.09478075371371</ele><time>2025-10-04T14:55:43.01000Z</time><extensions><mytracks:speed>40.50030941035629</mytracks:speed><mytracks:length>0.01012608565885229</mytracks:length></extensions></trkpt><trkpt lat="45.44679022633581" lon="-75.6154403053541"><ele>97.37076431554597</ele><time>2025-10-04T14:55:44.91100Z</time><extensions><mytracks:speed>30.91821513657406</mytracks:speed><mytracks:length>0.01632914722252836</mytracks:length></extensions></trkpt><trkpt lat="45.44672332280939" lon="-75.6154605943448"><ele>97.21996773167012</ele><time>2025-10-04T14:55:45.97200Z</time><extensions><mytracks:speed>25.80034894610757</mytracks:speed><mytracks:length>0.00760608904921087</mytracks:length></extensions></trkpt><trkpt lat="45.44667125823869" lon="-75.61550449346414"><ele>97.19501617627128</ele><time>2025-10-04T14:55:47.04000Z</time><extensions><mytracks:speed>22.67496206314999</mytracks:speed><mytracks:length>0.006726351776072327</mytracks:length></extensions></trkpt><trkpt lat="45.44663296219945" lon="-75.61557455606184"><ele>97.31322722265185</ele><time>2025-10-04T14:55:48.09900Z</time><extensions><mytracks:speed>23.56559505181005</mytracks:speed><mytracks:gradient>0.01706199313063781</mytracks:gradient><mytracks:length>0.006928325751596801</mytracks:length></extensions></trkpt><trkpt lat="45.44660542134496" lon="-75.61576910474589"><ele>97.57608549340505</ele><time>2025-10-04T14:55:50.03200Z</time><extensions><mytracks:speed>28.83189287529297</mytracks:speed><mytracks:gradient>0.01697733185422558</mytracks:gradient><mytracks:length>0.01548289642979293</mytracks:length></extensions></trkpt><trkpt lat="45.44661174861446" lon="-75.61591062910526"><ele>97.84941235203303</ele><time>2025-10-04T14:55:51.01700Z</time><extensions><mytracks:speed>32.4679665936477</mytracks:speed><mytracks:gradient>0.02036910216980402</mytracks:gradient><mytracks:length>0.01106271214267954</mytracks:length></extensions></trkpt><trkpt lat="45.44662169560156" lon="-75.61607869219601"><ele>98.40078412238542</ele><time>2025-10-04T14:55:51.99200Z</time><extensions><mytracks:speed>44.47164840720244</mytracks:speed><mytracks:gradient>0.03405156756600623</mytracks:gradient><mytracks:length>0.01315736102128473</mytracks:length></extensions></trkpt><trkpt lat="45.44662842480736" lon="-75.61625391641718"><ele>98.85373822330077</ele><time>2025-10-04T14:55:52.94300Z</time><extensions><mytracks:speed>50.18464304028799</mytracks:speed><mytracks:gradient>0.03741290254832787</mytracks:gradient><mytracks:length>0.01369011764317111</mytracks:length></extensions></trkpt><trkpt lat="45.44663888826044" lon="-75.61646351247117"><ele>99.0625853023312</ele><time>2025-10-04T14:55:53.95300Z</time><extensions><mytracks:speed>58.43919544532602</mytracks:speed><mytracks:gradient>0.01274040637953202</mytracks:gradient><mytracks:length>0.01639249744544691</mytracks:length></extensions></trkpt><trkpt lat="45.44665194341366" lon="-75.61668415100955"><ele>99.28647971372351</ele><time>2025-10-04T14:55:54.95700Z</time><extensions><mytracks:speed>61.91100346072061</mytracks:speed><mytracks:gradient>0.01296170640822837</mytracks:gradient><mytracks:length>0.0172735289892213</mytracks:length></extensions></trkpt><trkpt lat="45.44666264616646" lon="-75.61690655678245"><ele>99.60260544911092</ele><time>2025-10-04T14:55:55.96400Z</time><extensions><mytracks:speed>62.21228455995536</mytracks:speed><mytracks:gradient>0.01817749776662781</mytracks:gradient><mytracks:length>0.01739104795643511</mytracks:length></extensions></trkpt><trkpt lat="45.44667581934203" lon="-75.61714240092171"><ele>100.0405878434753</ele><time>2025-10-04T14:55:56.99300Z</time><extensions><mytracks:speed>64.57042269573481</mytracks:speed><mytracks:gradient>0.02373013835522363</mytracks:gradient><mytracks:length>0.01845679902106067</mytracks:length></extensions></trkpt><trkpt lat="45.44669389869239" lon="-75.61738554842758"><ele>100.4655496298163</ele><time>2025-10-04T14:55:58.02300Z</time><extensions><mytracks:speed>66.65052402942973</mytracks:speed><mytracks:gradient>0.0222794027558501</mytracks:gradient><mytracks:length>0.01907420010302888</mytracks:length></extensions></trkpt><trkpt lat="45.44671305873664" lon="-75.61763197263261"><ele>101.1707184720534</ele><time>2025-10-04T14:55:59.07600Z</time><extensions><mytracks:speed>66.10455667340159</mytracks:speed><mytracks:gradient>0.03645855845551291</mytracks:gradient><mytracks:length>0.01934165452804597</mytracks:length></extensions></trkpt><trkpt lat="45.44673037864396" lon="-75.61786276017696"><ele>101.7984068927207</ele><time>2025-10-04T14:56:00.04600Z</time><extensions><mytracks:speed>66.6246726943356</mytracks:speed><mytracks:gradient>0.03559189640768493</mytracks:gradient><mytracks:length>0.0181067772054543</mytracks:length></extensions></trkpt><trkpt lat="45.44674753311148" lon="-75.61809335253258"><ele>102.2373376636239</ele><time>2025-10-04T14:56:01.00000Z</time><extensions><mytracks:speed>67.73259239288613</mytracks:speed><mytracks:gradient>0.02946746571072262</mytracks:gradient><mytracks:length>0.01808984567191124</mytracks:length></extensions></trkpt><trkpt lat="45.44676664732977" lon="-75.61832570416767"><ele>102.3563562989953</ele><time>2025-10-04T14:56:01.96300Z</time><extensions><mytracks:speed>68.25060571219828</mytracks:speed><mytracks:gradient>0.01535384545703351</mytracks:gradient><mytracks:length>0.01825030795140468</mytracks:length></extensions></trkpt><trkpt lat="45.44678850444478" lon="-75.61857288294871"><ele>102.6079384003903</ele><time>2025-10-04T14:56:02.98000Z</time><extensions><mytracks:speed>68.81369895074634</mytracks:speed><mytracks:gradient>0.01294442697479432</mytracks:gradient><mytracks:length>0.01943555337636272</mytracks:length></extensions></trkpt><trkpt lat="45.44680857121802" lon="-75.61882385033424"><ele>102.9943591281187</ele><time>2025-10-04T14:56:04.00600Z</time><extensions><mytracks:speed>69.1568318597219</mytracks:speed><mytracks:gradient>0.01961032395235031</mytracks:gradient><mytracks:length>0.01970496401116573</mytracks:length></extensions></trkpt><trkpt lat="45.44682719238278" lon="-75.61906795549618"><ele>103.6268515930321</ele><time>2025-10-04T14:56:05.00200Z</time><extensions><mytracks:speed>69.1737523896504</mytracks:speed><mytracks:gradient>0.02622004082171929</mytracks:gradient><mytracks:length>0.0191550638050296</mytracks:length></extensions></trkpt><trkpt lat="45.44684709967382" lon="-75.61930951156143"><ele>104.1687311048049</ele><time>2025-10-04T14:56:05.99300Z</time><extensions><mytracks:speed>69.05604064459806</mytracks:speed><mytracks:gradient>0.03080042713208827</mytracks:gradient><mytracks:length>0.01897376399640372</mytracks:length></extensions></trkpt><trkpt lat="45.44686912400691" lon="-75.61956028313968"><ele>104.4641393876393</ele><time>2025-10-04T14:56:07.01400Z</time><extensions><mytracks:speed>69.57057273943521</mytracks:speed><mytracks:gradient>0.01498339594089648</mytracks:gradient><mytracks:length>0.0197157095760952</mytracks:length></extensions></trkpt><trkpt lat="45.44689164735453" lon="-75.61980689816104"><ele>104.7222997578517</ele><time>2025-10-04T14:56:08.03400Z</time><extensions><mytracks:speed>68.47532357423272</mytracks:speed><mytracks:gradient>0.01330640733243443</mytracks:gradient><mytracks:length>0.01940120753579678</mytracks:length></extensions></trkpt><trkpt lat="45.44690935237097" lon="-75.62005079474785"><ele>105.0919913274782</ele><time>2025-10-04T14:56:09.03600Z</time><extensions><mytracks:speed>68.68102765700048</mytracks:speed><mytracks:gradient>0.01932678029597591</mytracks:gradient><mytracks:length>0.01912846133525552</mytracks:length></extensions></trkpt><trkpt lat="45.44692826817095" lon="-75.62028667236751"><ele>104.9139809743857</ele><time>2025-10-04T14:56:10.01800Z</time><extensions><mytracks:speed>68.29855979250088</mytracks:speed><mytracks:gradient>0.00509131862079327</mytracks:gradient><mytracks:length>0.01852114428848827</mytracks:length></extensions></trkpt><trkpt lat="45.44694692667954" lon="-75.62051691114502"><ele>104.8137266234447</ele><time>2025-10-04T14:56:10.97800Z</time><extensions><mytracks:speed>67.86911172715276</mytracks:speed><mytracks:length>0.01808062626498234</mytracks:length></extensions></trkpt><trkpt lat="45.4469655197173" lon="-75.62074982743688"><ele>104.9074548513411</ele><time>2025-10-04T14:56:11.94600Z</time><extensions><mytracks:speed>67.91177703866607</mytracks:speed><mytracks:length>0.01828755477508928</mytracks:length></extensions></trkpt><trkpt lat="45.44698390147247" lon="-75.62099719925368"><ele>105.0350788733189</ele><time>2025-10-04T14:56:12.97300Z</time><extensions><mytracks:speed>68.02795839562822</mytracks:speed><mytracks:gradient>0.006576573872138397</mytracks:gradient><mytracks:length>0.01940585241784179</mytracks:length></extensions></trkpt><trkpt lat="45.44700679486236" lon="-75.62124772847672"><ele>104.6698919740385</ele><time>2025-10-04T14:56:14.00100Z</time><extensions><mytracks:speed>69.02051729718413</mytracks:speed><mytracks:length>0.01970930866840678</mytracks:length></extensions></trkpt><trkpt lat="45.44702696012292" lon="-75.62149464661971"><ele>104.464849216071</ele><time>2025-10-04T14:56:15.01800Z</time><extensions><mytracks:speed>68.6138402657712</mytracks:speed><mytracks:length>0.0193923791948451</mytracks:length></extensions></trkpt><trkpt lat="45.44704658372822" lon="-75.62173954996611"><ele>104.390910118734</ele><time>2025-10-04T14:56:16.03100Z</time><extensions><mytracks:speed>68.33064331603306</mytracks:speed><mytracks:length>0.01922949553936155</mytracks:length></extensions></trkpt><trkpt lat="45.44706281849786" lon="-75.62196962906205"><ele>104.2376441171805</ele><time>2025-10-04T14:56:16.99700Z</time><extensions><mytracks:speed>67.79828410353642</mytracks:speed><mytracks:length>0.01803920552965637</mytracks:length></extensions></trkpt><trkpt lat="45.44707958394781" lon="-75.62220869543007"><ele>103.956506932844</ele><time>2025-10-04T14:56:17.99100Z</time><extensions><mytracks:speed>67.57324058839191</mytracks:speed><mytracks:length>0.0187429304421298</mytracks:length></extensions></trkpt><trkpt lat="45.44709777224228" lon="-75.62244905865566"><ele>103.8773657545984</ele><time>2025-10-04T14:56:18.99200Z</time><extensions><mytracks:speed>67.83728405527572</mytracks:speed><mytracks:length>0.01885989513302952</mytracks:length></extensions></trkpt><trkpt lat="45.44712027487775" lon="-75.62269262616307"><ele>103.7089882793817</ele><time>2025-10-04T14:56:19.99600Z</time><extensions><mytracks:speed>68.69327290899072</mytracks:speed><mytracks:length>0.01916470689881667</mytracks:length></extensions></trkpt><trkpt lat="45.44713828626415" lon="-75.62293601742724"><ele>103.5538181821204</ele><time>2025-10-04T14:56:21.00600Z</time><extensions><mytracks:speed>68.07351937954738</mytracks:speed><mytracks:length>0.01909238299170587</mytracks:length></extensions></trkpt><trkpt lat="45.44715426535097" lon="-75.62318474699231"><ele>103.4869909687444</ele><time>2025-10-04T14:56:22.03100Z</time><extensions><mytracks:speed>68.39953059972972</mytracks:speed><mytracks:length>0.01948464599973591</mytracks:length></extensions></trkpt><trkpt lat="45.4471685661813" lon="-75.62342735725277"><ele>103.4866225299224</ele><time>2025-10-04T14:56:23.03600Z</time><extensions><mytracks:speed>68.09351882750295</mytracks:speed><mytracks:length>0.01899275485692422</mytracks:length></extensions></trkpt><trkpt lat="45.44720183831763" lon="-75.62387195344816"><ele>103.3457728914588</ele><time>2025-10-04T14:56:24.97500Z</time><extensions><mytracks:speed>64.75928092757867</mytracks:speed><mytracks:length>0.03487990546803575</mytracks:length></extensions></trkpt><trkpt lat="45.44721805342602" lon="-75.62408115358481"><ele>103.2468964768929</ele><time>2025-10-04T14:56:25.97300Z</time><extensions><mytracks:speed>62.86237411509654</mytracks:speed><mytracks:length>0.01641941588965253</mytracks:length></extensions></trkpt><trkpt lat="45.44723441388999" lon="-75.62426998582477"><ele>103.112163430909</ele><time>2025-10-04T14:56:26.98100Z</time><extensions><mytracks:speed>53.03531007684698</mytracks:speed><mytracks:length>0.0148427323223423</mytracks:length></extensions></trkpt><trkpt lat="45.44724799726745" lon="-75.62443416032366"><ele>102.9052310101883</ele><time>2025-10-04T14:56:28.00600Z</time><extensions><mytracks:speed>45.26812224609413</mytracks:speed><mytracks:length>0.01289618363666158</mytracks:length></extensions></trkpt><trkpt lat="45.44725623715529" lon="-75.62456093626409"><ele>102.7681454584494</ele><time>2025-10-04T14:56:28.99400Z</time><extensions><mytracks:speed>40.81718053759563</mytracks:speed><mytracks:length>0.009932428324214482</mytracks:length></extensions></trkpt><trkpt lat="45.44725732803699" lon="-75.62466170892962"><ele>102.8956304951576</ele><time>2025-10-04T14:56:29.99600Z</time><extensions><mytracks:speed>28.24205911196435</mytracks:speed><mytracks:gradient>0.01621559000566291</mytracks:gradient><mytracks:length>0.007861880860562559</mytracks:length></extensions></trkpt><trkpt lat="45.44726235565994" lon="-75.62474132260945"><ele>103.0125200326079</ele><time>2025-10-04T14:56:31.00900Z</time><extensions><mytracks:speed>22.17345345282803</mytracks:speed><mytracks:gradient>0.01874379484749086</mytracks:gradient><mytracks:length>0.00623617247208134</mytracks:length></extensions></trkpt><trkpt lat="45.4472678622185" lon="-75.62479948397834"><ele>103.1993301505463</ele><time>2025-10-04T14:56:32.00000Z</time><extensions><mytracks:speed>19.4284140653746</mytracks:speed><mytracks:gradient>0.02808966716439933</mytracks:gradient><mytracks:length>0.004579582735507013</mytracks:length></extensions></trkpt><trkpt lat="45.4472724812077" lon="-75.62484010312343"><ele>103.3691445591328</ele><time>2025-10-04T14:56:32.99600Z</time><extensions><mytracks:speed>14.10594224402215</mytracks:speed><mytracks:gradient>0.0457905603516417</mytracks:gradient><mytracks:length>0.00321100313844113</mytracks:length></extensions></trkpt><trkpt lat="45.44727378382402" lon="-75.62484914804605"><ele>103.2289889452968</ele><time>2025-10-04T14:56:35.85700Z</time><extensions><mytracks:speed>0.9019354145923741</mytracks:speed><mytracks:length>0.0007167457817064221</mytracks:length></extensions></trkpt><trkpt lat="45.44728022309782" lon="-75.62489386016262"><ele>102.5361522650346</ele><time>2025-10-04T14:56:50.99900Z</time><extensions><mytracks:speed>0.8463269917191095</mytracks:speed><mytracks:length>0.003559757208666215</mytracks:length></extensions></trkpt><trkpt lat="45.44728022309782" lon="-75.62489386016262"><ele>102.5361522650346</ele><time>2025-10-04T14:56:51.99700Z</time><extensions><mytracks:speed>0.7939911763952586</mytracks:speed><mytracks:length>0</mytracks:length></extensions></trkpt><trkpt lat="45.44728022309782" lon="-75.62489386016262"><ele>102.5361522650346</ele><time>2025-10-04T14:56:52.99500Z</time><extensions><mytracks:speed>0.7477501799624148</mytracks:speed><mytracks:length>0</mytracks:length></extensions></trkpt><trkpt lat="45.44728022309782" lon="-75.62489386016262"><ele>102.5361522650346</ele><time>2025-10-04T14:56:53.99400Z</time><extensions><mytracks:speed>0.7065981079753757</mytracks:speed><mytracks:length>0</mytracks:length></extensions></trkpt><trkpt lat="45.44728022309781" lon="-75.62489386016262"><ele>102.5361522650346</ele><time>2025-10-04T14:56:54.99400Z</time><extensions><mytracks:speed>0.6696577671376912</mytracks:speed><mytracks:length>0</mytracks:length></extensions></trkpt><trkpt lat="45.44728022309781" lon="-75.62489386016263"><ele>102.5361522650346</ele><time>2025-10-04T14:56:55.99600Z</time><extensions><mytracks:speed>0.6363317382059824</mytracks:speed><mytracks:length>0</mytracks:length></extensions></trkpt><trkpt lat="45.44728022309783" lon="-75.62489386016263"><ele>102.5361522650346</ele><time>2025-10-04T14:56:56.99900Z</time><extensions><mytracks:speed>0.6061455367544438</mytracks:speed><mytracks:length>0</mytracks:length></extensions></trkpt><trkpt lat="45.44728022309782" lon="-75.62489386016262"><ele>102.5361522650346</ele><time>2025-10-04T14:56:58.00200Z</time><extensions><mytracks:speed>0.3409614734169099</mytracks:speed><mytracks:gradient>0</mytracks:gradient><mytracks:length>9.493529796600342e-05</mytracks:length></extensions></trkpt><trkpt lat="45.44727923240175" lon="-75.62489535613805"><ele>102.702077421145</ele><time>2025-10-04T14:56:59.00400Z</time><extensions><mytracks:speed>0.6820114383424859</mytracks:speed><mytracks:gradient>0.8738854760313834</mytracks:gradient><mytracks:length>0.0001898705959320068</mytracks:length></extensions></trkpt><trkpt lat="45.44727777567287" lon="-75.62489757970785"><ele>102.9500509002979</ele><time>2025-10-04T14:57:00.50300Z</time><extensions><mytracks:speed>0.6031693769416321</mytracks:speed><mytracks:gradient>0.9872530805333881</mytracks:gradient><mytracks:length>0.0002511751890598611</mytracks:length></extensions></trkpt><trkpt lat="45.44727656910751" lon="-75.62489942544804"><ele>103.1561133266066</ele><time>2025-10-04T14:57:01.50300Z</time><extensions><mytracks:speed>0.6414707599228751</mytracks:speed><mytracks:gradient>1.019650039232391</mytracks:gradient><mytracks:length>0.0001898705959320068</mytracks:length></extensions></trkpt><trkpt lat="45.44727536615625" lon="-75.62490126560627"><ele>103.3615496008326</ele><time>2025-10-04T14:57:02.49900Z</time><extensions><mytracks:speed>0.6849153483498527</mytracks:speed><mytracks:gradient>1.083629349017476</mytracks:gradient><mytracks:length>0.0001898705959320068</mytracks:length></extensions></trkpt><trkpt lat="45.44727538913894" lon="-75.62490125464645"><ele>103.3616743925959</ele><time>2025-10-04T14:57:03.49900Z</time><extensions><mytracks:speed>0.3827874827192891</mytracks:speed><mytracks:gradient>0.968340600234971</mytracks:gradient><mytracks:length>0</mytracks:length></extensions></trkpt><trkpt lat="45.44727538913894" lon="-75.62490125464646"><ele>103.3616743925959</ele><time>2025-10-04T14:57:04.50000Z</time><extensions><mytracks:speed>0.2280349751461802</mytracks:speed><mytracks:gradient>1.082637703749172</mytracks:gradient><mytracks:length>0</mytracks:length></extensions></trkpt><trkpt lat="45.44727538913894" lon="-75.62490125464645"><ele>103.3616743925959</ele><time>2025-10-04T14:57:05.50300Z</time><extensions><mytracks:speed>0.1708941909863813</mytracks:speed><mytracks:gradient>1.082637703749022</mytracks:gradient><mytracks:length>0</mytracks:length></extensions></trkpt><trkpt lat="45.44727538913894" lon="-75.62490125464643"><ele>103.3616743925959</ele><time>2025-10-04T14:57:06.50000Z</time><extensions><mytracks:speed>0.1529183251141217</mytracks:speed><mytracks:gradient>0.9683406002348371</mytracks:gradient><mytracks:length>0</mytracks:length></extensions></trkpt><trkpt lat="45.44727538913894" lon="-75.62490125464645"><ele>103.3616743925959</ele><time>2025-10-04T14:57:07.50100Z</time><extensions><mytracks:speed>0.1139580313909569</mytracks:speed><mytracks:gradient>1.082637703749097</mytracks:gradient><mytracks:length>0</mytracks:length></extensions></trkpt><trkpt lat="45.44727538913894" lon="-75.62490125464645"><ele>103.3616743925959</ele><time>2025-10-04T14:57:08.50000Z</time><extensions><mytracks:speed>0.1092133386186123</mytracks:speed><mytracks:gradient>0.9683406002347702</mytracks:gradient><mytracks:length>0</mytracks:length></extensions></trkpt><trkpt lat="45.44727538913894" lon="-75.62490125464646"><ele>103.3616743925959</ele><time>2025-10-04T14:57:09.49900Z</time><extensions><mytracks:speed>0.1710295064152694</mytracks:speed><mytracks:gradient>1.496898942718961e-13</mytracks:gradient><mytracks:length>0</mytracks:length></extensions></trkpt><trkpt lat="45.44727538913894" lon="-75.62490125464643"><ele>103.3616743925959</ele><time>2025-10-04T14:57:10.49800Z</time><extensions><mytracks:speed>0.08495685266913071</mytracks:speed><mytracks:gradient>0.9683406002349041</mytracks:gradient><mytracks:length>0</mytracks:length></extensions></trkpt><trkpt lat="45.44727538913894" lon="-75.62490125464645"><ele>103.3616743925959</ele><time>2025-10-04T14:57:11.49800Z</time><extensions><mytracks:speed>0.07645482026851817</mytracks:speed><mytracks:gradient>0.9683406002349041</mytracks:gradient><mytracks:length>0</mytracks:length></extensions></trkpt><trkpt lat="45.44727535124769" lon="-75.6249048972128"><ele>103.3706478620024</ele><time>2025-10-04T14:57:12.50000Z</time><extensions><mytracks:speed>1.023262647942018</mytracks:speed><mytracks:gradient>0.03150731638193516</mytracks:gradient><mytracks:length>0.0002848058938980103</mytracks:length></extensions></trkpt><trkpt lat="45.44727594233299" lon="-75.62492271719752"><ele>103.422686571263</ele><time>2025-10-04T14:57:13.50100Z</time><extensions><mytracks:speed>5.008373027366306</mytracks:speed><mytracks:gradient>0.0373834663285918</mytracks:gradient><mytracks:length>0.00139202472031828</mytracks:length></extensions></trkpt><trkpt lat="45.44727838263012" lon="-75.62496258497855"><ele>103.5056705537814</ele><time>2025-10-04T14:57:14.50200Z</time><extensions><mytracks:speed>11.22171574791229</mytracks:speed><mytracks:gradient>0.02658604335283706</mytracks:gradient><mytracks:length>0.0031213363123325</mytracks:length></extensions></trkpt><trkpt lat="45.44728390470252" lon="-75.62503501007474"><ele>103.709279216699</ele><time>2025-10-04T14:57:15.50400Z</time><extensions><mytracks:speed>20.42059130066254</mytracks:speed><mytracks:gradient>0.03582486261785384</mytracks:gradient><mytracks:length>0.005683445742401498</mytracks:length></extensions></trkpt><trkpt lat="45.44729097782289" lon="-75.62513764093387"><ele>103.8265000440264</ele><time>2025-10-04T14:57:16.48400Z</time><extensions><mytracks:speed>24.94168544744081</mytracks:speed><mytracks:gradient>0.02337058303414366</mytracks:gradient><mytracks:length>0.008045451445683222</mytracks:length></extensions></trkpt><trkpt lat="45.44729982710044" lon="-75.62526234510796"><ele>103.8075913466571</ele><time>2025-10-04T14:57:17.46900Z</time><extensions><mytracks:speed>32.65870791871198</mytracks:speed><mytracks:gradient>0.005516159193567839</mytracks:gradient><mytracks:length>0.009777874828677894</mytracks:length></extensions></trkpt><trkpt lat="45.44730753642462" lon="-75.62539843313037"><ele>103.9276811815264</ele><time>2025-10-04T14:57:18.48100Z</time><extensions><mytracks:speed>37.86746178569221</mytracks:speed><mytracks:gradient>0.01127547031984426</mytracks:gradient><mytracks:length>0.01065053886559222</mytracks:length></extensions></trkpt><trkpt lat="45.44730842411142" lon="-75.62552873620662"><ele>103.671033322369</ele><time>2025-10-04T14:57:19.50800Z</time><extensions><mytracks:speed>35.65652179539548</mytracks:speed><mytracks:length>0.01016561567400641</mytracks:length></extensions></trkpt><trkpt lat="45.44731331522355" lon="-75.62565349338917"><ele>103.8106637720926</ele><time>2025-10-04T14:57:20.52400Z</time><extensions><mytracks:speed>34.54383725404257</mytracks:speed><mytracks:gradient>0.01432419800642801</mytracks:gradient><mytracks:length>0.00974787207360147</mytracks:length></extensions></trkpt><trkpt lat="45.44731566354515" lon="-75.62584658202937"><ele>103.8880222828902</ele><time>2025-10-04T14:57:22.02600Z</time><extensions><mytracks:speed>36.0929678659049</mytracks:speed><mytracks:gradient>0.005134836860614994</mytracks:gradient><mytracks:length>0.01506542717860442</mytracks:length></extensions></trkpt><trkpt lat="45.44731313361297" lon="-75.62598416129332"><ele>103.8390575213565</ele><time>2025-10-04T14:57:23.03100Z</time><extensions><mytracks:speed>38.46638714251651</mytracks:speed><mytracks:length>0.0107365064676863</mytracks:length></extensions></trkpt><trkpt lat="45.44731088549251" lon="-75.62613651848298"><ele>104.432152110143</ele><time>2025-10-04T14:57:24.01800Z</time><extensions><mytracks:speed>40.89944156942956</mytracks:speed><mytracks:gradient>0.02405068277691967</mytracks:gradient><mytracks:length>0.01188853778914701</mytracks:length></extensions></trkpt><trkpt lat="45.44729990355624" lon="-75.62630002272365"><ele>104.7067627815283</ele><time>2025-10-04T14:57:25.01500Z</time><extensions><mytracks:speed>44.8020263995711</mytracks:speed><mytracks:gradient>0.0351516299809898</mytracks:gradient><mytracks:length>0.01281345201894172</mytracks:length></extensions></trkpt><trkpt lat="45.44728295561278" lon="-75.62647264123866"><ele>104.8755640632803</ele><time>2025-10-04T14:57:26.01900Z</time><extensions><mytracks:speed>48.74862911200473</mytracks:speed><mytracks:gradient>0.01241431744847876</mytracks:gradient><mytracks:length>0.01359730669467644</mytracks:length></extensions></trkpt><trkpt lat="45.44726110401729" lon="-75.62665351984214"><ele>105.0107178868606</ele><time>2025-10-04T14:57:27.00500Z</time><extensions><mytracks:speed>50.47972592314395</mytracks:speed><mytracks:gradient>0.01088972240764192</mytracks:gradient><mytracks:length>0.0143182447445653</mytracks:length></extensions></trkpt><trkpt lat="45.4472337106813" lon="-75.62684496075478"><ele>105.2313710528668</ele><time>2025-10-04T14:57:28.00500Z</time><extensions><mytracks:speed>53.57867985431825</mytracks:speed><mytracks:gradient>0.01203815390348616</mytracks:gradient><mytracks:length>0.0152423639570696</mytracks:length></extensions></trkpt><trkpt lat="45.44719732581858" lon="-75.62704068521452"><ele>104.8100659643799</ele><time>2025-10-04T14:57:29.00000Z</time><extensions><mytracks:speed>55.99961378747945</mytracks:speed><mytracks:length>0.0157958186171021</mytracks:length></extensions></trkpt><trkpt lat="45.44715656942988" lon="-75.62724349250058"><ele>104.594747583119</ele><time>2025-10-04T14:57:30.00000Z</time><extensions><mytracks:speed>59.22313394936243</mytracks:speed><mytracks:length>0.01645752062002538</mytracks:length></extensions></trkpt><trkpt lat="45.4471132622708" lon="-75.62744740309302"><ele>104.5009088287278</ele><time>2025-10-04T14:57:30.97400Z</time><extensions><mytracks:speed>60.32554249502564</mytracks:speed><mytracks:length>0.01662018571815921</mytracks:length></extensions></trkpt><trkpt lat="45.44706773940355" lon="-75.62765621473683"><ele>104.3758256969333</ele><time>2025-10-04T14:57:31.95600Z</time><extensions><mytracks:speed>61.99508130146774</mytracks:speed><mytracks:length>0.01705826429873646</mytracks:length></extensions></trkpt><trkpt lat="45.44701583333646" lon="-75.62787279566136"><ele>104.2358279585596</ele><time>2025-10-04T14:57:32.95800Z</time><extensions><mytracks:speed>64.13780048457487</mytracks:speed><mytracks:length>0.0178543994856297</mytracks:length></extensions></trkpt><trkpt lat="45.44696592048142" lon="-75.6280966308813"><ele>104.18804157132</ele><time>2025-10-04T14:57:33.98000Z</time><extensions><mytracks:speed>64.51069670950497</mytracks:speed><mytracks:length>0.01832226655942647</mytracks:length></extensions></trkpt><trkpt lat="45.44691384080614" lon="-75.6283287889036"><ele>104.1141856094316</ele><time>2025-10-04T14:57:35.02300Z</time><extensions><mytracks:speed>65.62133556320518</mytracks:speed><mytracks:length>0.01901433390203323</mytracks:length></extensions></trkpt><trkpt lat="45.44686237552268" lon="-75.62855370379324"><ele>103.9492963421803</ele><time>2025-10-04T14:57:36.02800Z</time><extensions><mytracks:speed>66.14956653817191</mytracks:speed><mytracks:length>0.01845557819603132</mytracks:length></extensions></trkpt><trkpt lat="45.44681014643001" lon="-75.628777680319"><ele>103.4745524580194</ele><time>2025-10-04T14:57:37.03100Z</time><extensions><mytracks:speed>66.07962673841155</mytracks:speed><mytracks:length>0.01841255358305966</mytracks:length></extensions></trkpt><trkpt lat="45.446754782878" lon="-75.62900498246628"><ele>103.086125421714</ele><time>2025-10-04T14:57:38.03700Z</time><extensions><mytracks:speed>67.14551642990648</mytracks:speed><mytracks:length>0.01877031940563893</mytracks:length></extensions></trkpt><trkpt lat="45.44670109317926" lon="-75.62922760489175"><ele>102.9308535830264</ele><time>2025-10-04T14:57:39.02300Z</time><extensions><mytracks:speed>67.12226406753084</mytracks:speed><mytracks:length>0.01836427579354714</mytracks:length></extensions></trkpt><trkpt lat="45.44664922428492" lon="-75.62945001369137"><ele>102.5476957785415</ele><time>2025-10-04T14:57:40.01700Z</time><extensions><mytracks:speed>66.65258474223793</mytracks:speed><mytracks:length>0.01828385815384412</mytracks:length></extensions></trkpt><trkpt lat="45.44659894684256" lon="-75.62966665408047"><ele>102.5191026938298</ele><time>2025-10-04T14:57:40.98500Z</time><extensions><mytracks:speed>66.21416651218024</mytracks:speed><mytracks:length>0.01780106454720262</mytracks:length></extensions></trkpt><trkpt lat="45.4465462224022" lon="-75.62988670177396"><ele>102.8314411403423</ele><time>2025-10-04T14:57:41.97200Z</time><extensions><mytracks:speed>66.17244277347368</mytracks:speed><mytracks:gradient>0.007894891001929655</mytracks:gradient><mytracks:length>0.01813959918503016</mytracks:length></extensions></trkpt><trkpt lat="45.44649894234396" lon="-75.63010282041704"><ele>102.9038404889643</ele><time>2025-10-04T14:57:42.96400Z</time><extensions><mytracks:speed>65.1028086307245</mytracks:speed><mytracks:gradient>0.01074779579330773</mytracks:gradient><mytracks:length>0.01766051726143168</mytracks:length></extensions></trkpt><trkpt lat="45.4464493594209" lon="-75.63031909186782"><ele>102.8809018787313</ele><time>2025-10-04T14:57:43.97100Z</time><extensions><mytracks:speed>63.48513619594164</mytracks:speed><mytracks:length>0.01774960052286511</mytracks:length></extensions></trkpt><trkpt lat="45.44639784075368" lon="-75.63053882769715"><ele>102.9393325266585</ele><time>2025-10-04T14:57:44.98800Z</time><extensions><mytracks:speed>63.95266123061451</mytracks:speed><mytracks:gradient>0.003232919743380689</mytracks:gradient><mytracks:length>0.01807364629042994</mytracks:length></extensions></trkpt><trkpt lat="45.44634844806734" lon="-75.63075221968097"><ele>102.7194257983962</ele><time>2025-10-04T14:57:45.99000Z</time><extensions><mytracks:speed>62.98890168642201</mytracks:speed><mytracks:length>0.01752989981241692</mytracks:length></extensions></trkpt><trkpt lat="45.44630365241157" lon="-75.63097064284129"><ele>102.5203448206582</ele><time>2025-10-04T14:57:47.00600Z</time><extensions><mytracks:speed>62.91037031021457</mytracks:speed><mytracks:length>0.01775264688013853</mytracks:length></extensions></trkpt><trkpt lat="45.44625951043805" lon="-75.63118560619365"><ele>102.3940998449669</ele><time>2025-10-04T14:57:48.00300Z</time><extensions><mytracks:speed>62.98579448440832</mytracks:speed><mytracks:length>0.01747325359105726</mytracks:length></extensions></trkpt><trkpt lat="45.4462133262542" lon="-75.63140222882397"><ele>102.2887023926221</ele><time>2025-10-04T14:57:49.00800Z</time><extensions><mytracks:speed>63.27391174400998</mytracks:speed><mytracks:length>0.01766230332988667</mytracks:length></extensions></trkpt><trkpt lat="45.44616352280209" lon="-75.63161531560613"><ele>102.1057681007178</ele><time>2025-10-04T14:57:50.00900Z</time><extensions><mytracks:speed>63.04483721061318</mytracks:speed><mytracks:length>0.01752167174352316</mytracks:length></extensions></trkpt><trkpt lat="45.44611004860711" lon="-75.63182922629328"><ele>102.0126417699085</ele><time>2025-10-04T14:57:51.00500Z</time><extensions><mytracks:speed>63.53245797880713</mytracks:speed><mytracks:length>0.01771529290650612</mytracks:length></extensions></trkpt><trkpt lat="45.44604775288418" lon="-75.63204396533926"><ele>101.7769744695513</ele><time>2025-10-04T14:57:52.00600Z</time><extensions><mytracks:speed>65.15332681286267</mytracks:speed><mytracks:length>0.01812791938381102</mytracks:length></extensions></trkpt><trkpt lat="45.44598321967401" lon="-75.6322579383165"><ele>101.3220119672352</ele><time>2025-10-04T14:57:52.99900Z</time><extensions><mytracks:speed>65.53403979183052</mytracks:speed><mytracks:length>0.0181693858974247</mytracks:length></extensions></trkpt><trkpt lat="45.44591480461605" lon="-75.63247569152806"><ele>100.6263596548708</ele><time>2025-10-04T14:57:54.00200Z</time><extensions><mytracks:speed>66.75403333590327</mytracks:speed><mytracks:length>0.01861288775116226</mytracks:length></extensions></trkpt><trkpt lat="45.44584432168075" lon="-75.63269308135139"><ele>99.82339351725193</ele><time>2025-10-04T14:57:55.00100Z</time><extensions><mytracks:speed>67.04618933264348</mytracks:speed><mytracks:length>0.01868248514378479</mytracks:length></extensions></trkpt><trkpt lat="45.44577685516099" lon="-75.63290873171066"><ele>98.75531114012004</ele><time>2025-10-04T14:57:55.99300Z</time><extensions><mytracks:speed>67.10187117905986</mytracks:speed><mytracks:length>0.01842038371464178</mytracks:length></extensions></trkpt><trkpt lat="45.44570703358144" lon="-75.63312783475963"><ele>97.72979302867805</ele><time>2025-10-04T14:57:57.00100Z</time><extensions><mytracks:speed>67.03356226000557</mytracks:speed><mytracks:length>0.01877320012995399</mytracks:length></extensions></trkpt><trkpt lat="45.44563900544748" lon="-75.63334711703435"><ele>96.8178791814678</ele><time>2025-10-04T14:57:57.99800Z</time><extensions><mytracks:speed>67.2758252387307</mytracks:speed><mytracks:length>0.01870466306944156</mytracks:length></extensions></trkpt><trkpt lat="45.44557316785682" lon="-75.63356137629908"><ele>95.85404500187826</ele><time>2025-10-04T14:57:58.99200Z</time><extensions><mytracks:speed>66.81754343654168</mytracks:speed><mytracks:length>0.01824783859017571</mytracks:length></extensions></trkpt><trkpt lat="45.44550922561433" lon="-75.63377341591601"><ele>95.04904699434324</ele><time>2025-10-04T14:57:59.99000Z</time><extensions><mytracks:speed>65.53928715727231</mytracks:speed><mytracks:length>0.01800544973565497</mytracks:length></extensions></trkpt><trkpt lat="45.44544234561992" lon="-75.63398227266177"><ele>94.50409896270601</ele><time>2025-10-04T14:58:00.99500Z</time><extensions><mytracks:speed>64.10783701632944</mytracks:speed><mytracks:length>0.01791059506272288</mytracks:length></extensions></trkpt><trkpt lat="45.44537685745201" lon="-75.63419083199757"><ele>94.00219284143162</ele><time>2025-10-04T14:58:02.02200Z</time><extensions><mytracks:speed>62.52273688676524</mytracks:speed><mytracks:length>0.017825856071226</mytracks:length></extensions></trkpt><trkpt lat="45.44531248226523" lon="-75.63438810233919"><ele>93.62859758510702</ele><time>2025-10-04T14:58:03.02300Z</time><extensions><mytracks:speed>61.01738745313271</mytracks:speed><mytracks:length>0.01697298700900868</mytracks:length></extensions></trkpt><trkpt lat="45.44524935050539" lon="-75.63457800195285"><ele>93.44625524856808</ele><time>2025-10-04T14:58:03.99800Z</time><extensions><mytracks:speed>60.77257521127846</mytracks:speed><mytracks:length>0.01639387190547074</mytracks:length></extensions></trkpt><trkpt lat="45.44518638766007" lon="-75.63476542483073"><ele>93.25704617449776</ele><time>2025-10-04T14:58:04.97100Z</time><extensions><mytracks:speed>60.25441795582612</mytracks:speed><mytracks:length>0.01621143568364772</mytracks:length></extensions></trkpt><trkpt lat="45.44512085785717" lon="-75.63495728636616"><ele>92.98254922577455</ele><time>2025-10-04T14:58:05.97900Z</time><extensions><mytracks:speed>59.49471157598806</mytracks:speed><mytracks:length>0.01664754808063018</mytracks:length></extensions></trkpt><trkpt lat="45.44505419530866" lon="-75.63514744388161"><ele>92.86233566387932</ele><time>2025-10-04T14:58:06.99400Z</time><extensions><mytracks:speed>58.78302656237979</mytracks:speed><mytracks:length>0.01658381349566245</mytracks:length></extensions></trkpt><trkpt lat="45.44498931318323" lon="-75.6353336105405"><ele>92.60241013481472</ele><time>2025-10-04T14:58:08.00000Z</time><extensions><mytracks:speed>58.02589232665655</mytracks:speed><mytracks:length>0.01621671632699557</mytracks:length></extensions></trkpt><trkpt lat="45.44486932634881" lon="-75.63569189838965"><ele>91.58645495494746</ele><time>2025-10-04T14:58:09.93300Z</time><extensions><mytracks:speed>57.69624073387793</mytracks:speed><mytracks:length>0.030972340877147</mytracks:length></extensions></trkpt><trkpt lat="45.44480639983387" lon="-75.63588641155195"><ele>90.92513310954766</ele><time>2025-10-04T14:58:10.97600Z</time><extensions><mytracks:speed>57.68839659267242</mytracks:speed><mytracks:length>0.01671050025323214</mytracks:length></extensions></trkpt><trkpt lat="45.44474319162114" lon="-75.63608343553418"><ele>90.00509621237994</ele><time>2025-10-04T14:58:12.01800Z</time><extensions><mytracks:speed>58.38770259832066</mytracks:speed><mytracks:length>0.01690141617743327</mytracks:length></extensions></trkpt><trkpt lat="45.44467797384848" lon="-75.63628433897382"><ele>89.14811191755595</ele><time>2025-10-04T14:58:13.07200Z</time><extensions><mytracks:speed>58.94731792313346</mytracks:speed><mytracks:length>0.01726987625289394</mytracks:length></extensions></trkpt><trkpt lat="45.44461589136687" lon="-75.6364640819577"><ele>88.6606153267998</ele><time>2025-10-04T14:58:14.04900Z</time><extensions><mytracks:speed>58.2923424454885</mytracks:speed><mytracks:length>0.01562976411310309</mytracks:length></extensions></trkpt><trkpt lat="45.44455310846135" lon="-75.63664696025423"><ele>88.43373353019541</ele><time>2025-10-04T14:58:15.03700Z</time><extensions><mytracks:speed>57.75468298556184</mytracks:speed><mytracks:length>0.01588372794470994</mytracks:length></extensions></trkpt><trkpt lat="45.44448793965194" lon="-75.63683066200517"><ele>88.33430426463308</ele><time>2025-10-04T14:58:16.03200Z</time><extensions><mytracks:speed>58.00610675231484</mytracks:speed><mytracks:length>0.01605922537170144</mytracks:length></extensions></trkpt><trkpt lat="45.44436608611651" lon="-75.63717792056691"><ele>88.24980948587864</ele><time>2025-10-04T14:58:17.93700Z</time><extensions><mytracks:speed>57.23698561428081</mytracks:speed><mytracks:length>0.03029060906557216</mytracks:length></extensions></trkpt><trkpt lat="45.44430197564192" lon="-75.63737061785838"><ele>88.28119518079585</ele><time>2025-10-04T14:58:18.95500Z</time><extensions><mytracks:speed>58.82585527705761</mytracks:speed><mytracks:gradient>0.001886378210475027</mytracks:gradient><mytracks:length>0.01663807116882534</mytracks:length></extensions></trkpt><trkpt lat="45.4442413024267" lon="-75.6375525922049"><ele>88.03944962259285</ele><time>2025-10-04T14:58:19.92800Z</time><extensions><mytracks:speed>58.50412612794911</mytracks:speed><mytracks:length>0.01571831546819237</mytracks:length></extensions></trkpt><trkpt lat="45.44417661286017" lon="-75.63775063605542"><ele>87.76193712518587</ele><time>2025-10-04T14:58:20.99300Z</time><extensions><mytracks:speed>57.59969595095173</mytracks:speed><mytracks:length>0.01704267088658208</mytracks:length></extensions></trkpt><trkpt lat="45.44411439357017" lon="-75.63794108409911"><ele>87.67292476905548</ele><time>2025-10-04T14:58:22.01200Z</time><extensions><mytracks:speed>57.90677298818557</mytracks:speed><mytracks:length>0.01638947322766002</mytracks:length></extensions></trkpt><trkpt lat="45.44405090341389" lon="-75.63813377020462"><ele>87.40287325757896</ele><time>2025-10-04T14:58:23.03000Z</time><extensions><mytracks:speed>58.70603047775562</mytracks:speed><mytracks:length>0.01660770871039433</mytracks:length></extensions></trkpt><trkpt lat="45.44398537502411" lon="-75.63832788738479"><ele>86.77271838188707</ele><time>2025-10-04T14:58:24.06700Z</time><extensions><mytracks:speed>58.36178077406151</mytracks:speed><mytracks:length>0.01680596117594103</mytracks:length></extensions></trkpt><trkpt lat="45.4438611372025" lon="-75.63870231378513"><ele>86.02459035694939</ele><time>2025-10-04T14:58:26.01200Z</time><extensions><mytracks:speed>59.80927802739951</mytracks:speed><mytracks:length>0.03231302460124618</mytracks:length></extensions></trkpt><trkpt lat="45.44379745350771" lon="-75.63889493985626"><ele>85.4102491752559</ele><time>2025-10-04T14:58:27.02400Z</time><extensions><mytracks:speed>59.08382592525502</mytracks:speed><mytracks:length>0.01661259213379135</mytracks:length></extensions></trkpt><trkpt lat="45.44373728340594" lon="-75.63908046113939"><ele>84.65275452387343</ele><time>2025-10-04T14:58:28.02400Z</time><extensions><mytracks:speed>57.39385003150272</mytracks:speed><mytracks:length>0.01594489131208922</mytracks:length></extensions></trkpt><trkpt lat="45.44367906929129" lon="-75.63925885215767"><ele>84.32689619881464</ele><time>2025-10-04T14:58:29.01600Z</time><extensions><mytracks:speed>56.54938291958083</mytracks:speed><mytracks:length>0.0153487213668937</mytracks:length></extensions></trkpt><trkpt lat="45.4436241270983" lon="-75.63942346785518"><ele>83.80109411176993</ele><time>2025-10-04T14:58:29.99200Z</time><extensions><mytracks:speed>54.09554855968495</mytracks:speed><mytracks:length>0.01422161183060844</mytracks:length></extensions></trkpt><trkpt lat="45.44357042052027" lon="-75.63957852181743"><ele>83.39401636677148</ele><time>2025-10-04T14:58:30.99600Z</time><extensions><mytracks:speed>48.36828641476158</mytracks:speed><mytracks:length>0.01349050292547778</mytracks:length></extensions></trkpt><trkpt lat="45.4435209609783" lon="-75.63972318454159"><ele>83.00153743464782</ele><time>2025-10-04T14:58:32.00000Z</time><extensions><mytracks:speed>45.05654438979721</mytracks:speed><mytracks:length>0.01255481179386591</mytracks:length></extensions></trkpt><trkpt lat="45.44347322748118" lon="-75.63985681640742"><ele>82.93499261888195</ele><time>2025-10-04T14:58:33.01500Z</time><extensions><mytracks:speed>41.47588087279875</mytracks:speed><mytracks:length>0.01169824776561117</mytracks:length></extensions></trkpt><trkpt lat="45.44342936037663" lon="-75.6399816141616"><ele>82.85557413743143</ele><time>2025-10-04T14:58:34.02800Z</time><extensions><mytracks:speed>38.71003536710736</mytracks:speed><mytracks:length>0.01088945526618445</mytracks:length></extensions></trkpt><trkpt lat="45.4433884207795" lon="-75.64009831957922"><ele>82.87432638587011</ele><time>2025-10-04T14:58:35.01100Z</time><extensions><mytracks:speed>38.00576354158554</mytracks:speed><mytracks:length>0.01017934850893718</mytracks:length></extensions></trkpt><trkpt lat="45.44334631097004" lon="-75.64021980851362"><ele>82.80896504298974</ele><time>2025-10-04T14:58:35.99900Z</time><extensions><mytracks:speed>37.89559404092505</mytracks:speed><mytracks:length>0.01057154737579648</mytracks:length></extensions></trkpt><trkpt lat="45.44330366981938" lon="-75.6403463620918"><ele>82.78387065867165</ele><time>2025-10-04T14:58:36.97800Z</time><extensions><mytracks:speed>39.37906324551486</mytracks:speed><mytracks:length>0.01095258785614691</mytracks:length></extensions></trkpt><trkpt lat="45.44325883642902" lon="-75.6404808032167"><ele>82.69166874317567</ele><time>2025-10-04T14:58:37.97600Z</time><extensions><mytracks:speed>41.0867551367598</mytracks:speed><mytracks:length>0.01161319096586502</mytracks:length></extensions></trkpt><trkpt lat="45.44321202763282" lon="-75.64062171363416"><ele>82.47720884247208</ele><time>2025-10-04T14:58:38.98500Z</time><extensions><mytracks:speed>43.38013984032568</mytracks:speed><mytracks:length>0.01216320877812687</mytracks:length></extensions></trkpt><trkpt lat="45.44316269790941" lon="-75.64076617406938"><ele>82.19668228918592</ele><time>2025-10-04T14:58:40.00700Z</time><extensions><mytracks:speed>44.1838691362296</mytracks:speed><mytracks:length>0.01253433582858702</mytracks:length></extensions></trkpt><trkpt lat="45.44311730806851" lon="-75.6409085126575"><ele>81.92617235617965</ele><time>2025-10-04T14:58:41.01500Z</time><extensions><mytracks:speed>43.56928684841618</mytracks:speed><mytracks:length>0.01219798518590235</mytracks:length></extensions></trkpt><trkpt lat="45.44307184598209" lon="-75.64104277428113"><ele>81.59192693295701</ele><time>2025-10-04T14:58:42.01100Z</time><extensions><mytracks:speed>42.79148119583167</mytracks:speed><mytracks:length>0.01163102700136339</mytracks:length></extensions></trkpt><trkpt lat="45.44302731587749" lon="-75.64117802549426"><ele>81.26768808323118</ele><time>2025-10-04T14:58:43.00100Z</time><extensions><mytracks:speed>42.20737765102072</mytracks:speed><mytracks:length>0.01165618356532007</mytracks:length></extensions></trkpt><trkpt lat="45.44298218460817" lon="-75.64131339722123"><ele>81.03639652730567</ele><time>2025-10-04T14:58:43.97200Z</time><extensions><mytracks:speed>42.87085815263711</mytracks:speed><mytracks:length>0.0116932388817311</mytracks:length></extensions></trkpt><trkpt lat="45.44293944301941" lon="-75.64145911696073"><ele>80.84377500446195</ele><time>2025-10-04T14:58:44.97000Z</time><extensions><mytracks:speed>43.88736549976286</mytracks:speed><mytracks:length>0.01232185562872164</mytracks:length></extensions></trkpt><trkpt lat="45.4428910041886" lon="-75.64161148726191"><ele>80.40674375658925</ele><time>2025-10-04T14:58:45.99600Z</time><extensions><mytracks:speed>45.78735013582468</mytracks:speed><mytracks:length>0.01305075510062362</mytracks:length></extensions></trkpt><trkpt lat="45.44284030741056" lon="-75.64177264118509"><ele>80.21600456107197</ele><time>2025-10-04T14:58:47.03200Z</time><extensions><mytracks:speed>47.90243348322306</mytracks:speed><mytracks:length>0.01377870650677479</mytracks:length></extensions></trkpt><trkpt lat="45.44278856237489" lon="-75.64192971297568"><ele>79.92557656433317</ele><time>2025-10-04T14:58:48.05200Z</time><extensions><mytracks:speed>47.77923594656118</mytracks:speed><mytracks:length>0.01353785337917022</mytracks:length></extensions></trkpt><trkpt lat="45.44274078935959" lon="-75.64208200185567"><ele>79.66178360249255</ele><time>2025-10-04T14:58:49.02200Z</time><extensions><mytracks:speed>48.03194219044338</mytracks:speed><mytracks:length>0.01301444866532824</mytracks:length></extensions></trkpt><trkpt lat="45.44264563770368" lon="-75.64237373552886"><ele>79.39504699264089</ele><time>2025-10-04T14:58:50.93700Z</time><extensions><mytracks:speed>47.17263157926139</mytracks:speed><mytracks:length>0.02509903278576677</mytracks:length></extensions></trkpt><trkpt lat="45.44259311740813" lon="-75.64252951081545"><ele>79.23736323434971</ele><time>2025-10-04T14:58:51.95200Z</time><extensions><mytracks:speed>47.8304330531428</mytracks:speed><mytracks:length>0.01348348627972479</mytracks:length></extensions></trkpt><trkpt lat="45.44254051476607" lon="-75.64268838086234"><ele>79.24851952443673</ele><time>2025-10-04T14:58:52.99100Z</time><extensions><mytracks:speed>47.50210201863401</mytracks:speed><mytracks:gradient>0.0008140157420707019</mytracks:gradient><mytracks:length>0.01370525102946532</mytracks:length></extensions></trkpt><trkpt lat="45.44248879357617" lon="-75.64283892659465"><ele>79.09529833912461</ele><time>2025-10-04T14:58:53.98800Z</time><extensions><mytracks:speed>47.34944954166262</mytracks:speed><mytracks:length>0.01307800492619749</mytracks:length></extensions></trkpt><trkpt lat="45.44243759961096" lon="-75.64298842277188"><ele>78.99824786910425</ele><time>2025-10-04T14:58:54.95200Z</time><extensions><mytracks:speed>47.8190160277614</mytracks:speed><mytracks:length>0.01297804066215215</mytracks:length></extensions></trkpt><trkpt lat="45.44238030019008" lon="-75.64315243726843"><ele>78.79636508572331</ele><time>2025-10-04T14:58:55.95900Z</time><extensions><mytracks:speed>51.09880018022864</mytracks:speed><mytracks:length>0.01429430538866717</mytracks:length></extensions></trkpt><trkpt lat="45.44232545563557" lon="-75.64331991024395"><ele>78.57818902406379</ele><time>2025-10-04T14:58:56.99600Z</time><extensions><mytracks:speed>50.0919341087228</mytracks:speed><mytracks:length>0.01441891857013001</mytracks:length></extensions></trkpt><trkpt lat="45.44226785993932" lon="-75.64349767084087"><ele>78.52648477093564</ele><time>2025-10-04T14:58:58.05500Z</time><extensions><mytracks:speed>51.90761125617411</mytracks:speed><mytracks:length>0.01527573550832049</mytracks:length></extensions></trkpt><trkpt lat="45.44221217753592" lon="-75.64366655928147"><ele>78.4729095464732</ele><time>2025-10-04T14:58:59.07100Z</time><extensions><mytracks:speed>51.61277734679118</mytracks:speed><mytracks:length>0.01455856860687877</mytracks:length></extensions></trkpt><trkpt lat="45.44215968365586" lon="-75.64382646517197"><ele>78.26375156501895</ele><time>2025-10-04T14:59:00.03600Z</time><extensions><mytracks:speed>51.48828148659096</mytracks:speed><mytracks:length>0.01377347267856003</mytracks:length></extensions></trkpt><trkpt lat="45.44210749908102" lon="-75.6439864095134"><ele>78.09677424245758</ele><time>2025-10-04T14:59:01.01300Z</time><extensions><mytracks:speed>51.02425881352269</mytracks:speed><mytracks:length>0.01376168928722936</mytracks:length></extensions></trkpt><trkpt lat="45.44205464536018" lon="-75.64415155573212"><ele>77.89162717643276</ele><time>2025-10-04T14:59:02.00700Z</time><extensions><mytracks:speed>50.99754069717194</mytracks:speed><mytracks:length>0.01416191559889129</mytracks:length></extensions></trkpt><trkpt lat="45.44200335778311" lon="-75.64431445197998"><ele>77.58766560306547</ele><time>2025-10-04T14:59:02.99800Z</time><extensions><mytracks:speed>50.94152860345712</mytracks:speed><mytracks:length>0.01392995561808407</mytracks:length></extensions></trkpt><trkpt lat="45.44195136975583" lon="-75.64447860174943"><ele>77.22288462876519</ele><time>2025-10-04T14:59:03.99200Z</time><extensions><mytracks:speed>50.74491713393213</mytracks:speed><mytracks:length>0.0140510655390456</mytracks:length></extensions></trkpt><trkpt lat="45.44189668271027" lon="-75.64464541631247"><ele>76.99805617564722</ele><time>2025-10-04T14:59:05.00700Z</time><extensions><mytracks:speed>50.95278942157186</mytracks:speed><mytracks:length>0.01436506270346416</mytracks:length></extensions></trkpt><trkpt lat="45.44181479140981" lon="-75.64488213930964"><ele>76.49383362062008</ele><time>2025-10-04T14:59:06.52500Z</time><extensions><mytracks:speed>48.83304760203225</mytracks:speed><mytracks:length>0.02059155147851116</mytracks:length></extensions></trkpt><trkpt lat="45.44176139032334" lon="-75.64502930063935"><ele>75.91033017591081</ele><time>2025-10-04T14:59:07.51500Z</time><extensions><mytracks:speed>48.11946215871319</mytracks:speed><mytracks:length>0.01292550270193348</mytracks:length></extensions></trkpt><trkpt lat="45.4417086538229" lon="-75.64517643052577"><ele>75.70898252497526</ele><time>2025-10-04T14:59:08.50800Z</time><extensions><mytracks:speed>46.87472626096503</mytracks:speed><mytracks:length>0.01288954269496401</mytracks:length></extensions></trkpt><trkpt lat="45.44165696365521" lon="-75.64531988325004"><ele>75.36486699759517</ele><time>2025-10-04T14:59:09.49600Z</time><extensions><mytracks:speed>46.27645174605509</mytracks:speed><mytracks:length>0.01258134491135932</mytracks:length></extensions></trkpt><trkpt lat="45.44160868558372" lon="-75.6454785521309"><ele>75.09229983285552</ele><time>2025-10-04T14:59:10.49800Z</time><extensions><mytracks:speed>48.49122966042076</mytracks:speed><mytracks:length>0.01349284099654049</mytracks:length></extensions></trkpt><trkpt lat="45.44155827826244" lon="-75.64562867121514"><ele>75.0642517545382</ele><time>2025-10-04T14:59:11.48000Z</time><extensions><mytracks:speed>48.0467138533844</mytracks:speed><mytracks:length>0.01298394221768076</mytracks:length></extensions></trkpt><trkpt lat="45.44150499917867" lon="-75.64578326006414"><ele>74.63121439453342</ele><time>2025-10-04T14:59:12.50000Z</time><extensions><mytracks:speed>47.42148894353107</mytracks:speed><mytracks:length>0.01343695037775836</mytracks:length></extensions></trkpt><trkpt lat="45.44145482921161" lon="-75.64593839143362"><ele>74.3311829888236</ele><time>2025-10-04T14:59:13.49300Z</time><extensions><mytracks:speed>47.85371240084334</mytracks:speed><mytracks:length>0.01332683304550534</mytracks:length></extensions></trkpt><trkpt lat="45.44139875671583" lon="-75.64608764569277"><ele>73.99844853744466</ele><time>2025-10-04T14:59:14.48700Z</time><extensions><mytracks:speed>48.03473012757229</mytracks:speed><mytracks:length>0.01320863564734858</mytracks:length></extensions></trkpt><trkpt lat="45.44134471381356" lon="-75.6462452529922"><ele>73.43263549495535</ele><time>2025-10-04T14:59:15.49600Z</time><extensions><mytracks:speed>48.87481484533447</mytracks:speed><mytracks:length>0.01368616705123337</mytracks:length></extensions></trkpt><trkpt lat="45.44128929911081" lon="-75.64640529280346"><ele>72.69536980838514</ele><time>2025-10-04T14:59:16.50700Z</time><extensions><mytracks:speed>49.53517890001006</mytracks:speed><mytracks:length>0.0139238077412967</mytracks:length></extensions></trkpt><trkpt lat="45.4412355394724" lon="-75.6465584481041"><ele>72.12655983490096</ele><time>2025-10-04T14:59:17.51100Z</time><extensions><mytracks:speed>47.94305492584687</mytracks:speed><mytracks:length>0.01336094168887669</mytracks:length></extensions></trkpt><trkpt lat="45.44118613016455" lon="-75.64670435853178"><ele>71.69116837814387</ele><time>2025-10-04T14:59:18.49300Z</time><extensions><mytracks:speed>47.15238336545318</mytracks:speed><mytracks:length>0.0126399495390516</mytracks:length></extensions></trkpt><trkpt lat="45.44113606272051" lon="-75.64684830540952"><ele>71.13342837659381</ele><time>2025-10-04T14:59:19.49400Z</time><extensions><mytracks:speed>45.07926298780372</mytracks:speed><mytracks:length>0.01253469534430734</mytracks:length></extensions></trkpt><trkpt lat="45.44109339393874" lon="-75.64698839626115"><ele>70.99131998133149</ele><time>2025-10-04T14:59:20.48500Z</time><extensions><mytracks:speed>44.1606969207679</mytracks:speed><mytracks:length>0.01191504177583819</mytracks:length></extensions></trkpt><trkpt lat="45.44104730104998" lon="-75.64712389124482"><ele>70.46849396250705</ele><time>2025-10-04T14:59:21.48000Z</time><extensions><mytracks:speed>42.87697863883865</mytracks:speed><mytracks:length>0.01174783556570374</mytracks:length></extensions></trkpt><trkpt lat="45.44098263719774" lon="-75.64732421749089"><ele>69.65635396769625</ele><time>2025-10-04T14:59:22.98900Z</time><extensions><mytracks:speed>41.0319252760671</mytracks:speed><mytracks:length>0.01720373244263855</mytracks:length></extensions></trkpt><trkpt lat="45.44093697837278" lon="-75.64746018137922"><ele>69.62552843953583</ele><time>2025-10-04T14:59:24.01100Z</time><extensions><mytracks:speed>41.41802555573098</mytracks:speed><mytracks:length>0.01176010404819662</mytracks:length></extensions></trkpt><trkpt lat="45.44088737936058" lon="-75.6475947243171"><ele>69.52527241121001</ele><time>2025-10-04T14:59:25.01800Z</time><extensions><mytracks:speed>42.39091236622362</mytracks:speed><mytracks:length>0.01185779495476223</mytracks:length></extensions></trkpt><trkpt lat="45.44083911570035" lon="-75.64773889688252"><ele>69.61519451307329</ele><time>2025-10-04T14:59:26.00500Z</time><extensions><mytracks:speed>43.9199001214356</mytracks:speed><mytracks:length>0.01246294740121373</mytracks:length></extensions></trkpt><trkpt lat="45.44078891566821" lon="-75.64789424957311"><ele>69.76891917531711</ele><time>2025-10-04T14:59:26.98100Z</time><extensions><mytracks:speed>47.33137534845071</mytracks:speed><mytracks:gradient>0.009441224873917272</mytracks:gradient><mytracks:length>0.01334406711889475</mytracks:length></extensions></trkpt><trkpt lat="45.4407334296978" lon="-75.64805905764851"><ele>70.11433710608348</ele><time>2025-10-04T14:59:27.96200Z</time><extensions><mytracks:speed>50.77991156884201</mytracks:speed><mytracks:gradient>0.01808152143483925</mytracks:gradient><mytracks:length>0.01426211309879743</mytracks:length></extensions></trkpt><trkpt lat="45.44067651934419" lon="-75.6482400790706"><ele>69.89802198197982</ele><time>2025-10-04T14:59:28.98900Z</time><extensions><mytracks:speed>54.22240956087477</mytracks:speed><mytracks:length>0.01547620074525065</mytracks:length></extensions></trkpt><trkpt lat="45.44061810108099" lon="-75.64842519642141"><ele>69.56785777518118</ele><time>2025-10-04T14:59:30.01200Z</time><extensions><mytracks:speed>55.7334864172562</mytracks:speed><mytracks:length>0.01583627767873421</mytracks:length></extensions></trkpt><trkpt lat="45.44055857545624" lon="-75.64861097329681"><ele>69.27842870518579</ele><time>2025-10-04T14:59:31.04000Z</time><extensions><mytracks:speed>55.79287143433569</mytracks:speed><mytracks:length>0.01593414810851029</mytracks:length></extensions></trkpt><trkpt lat="45.44050065068211" lon="-75.64878475520524"><ele>68.57276260317926</ele><time>2025-10-04T14:59:32.02700Z</time><extensions><mytracks:speed>55.29101328092158</mytracks:speed><mytracks:length>0.01501058859596953</mytracks:length></extensions></trkpt><trkpt lat="45.44038746809881" lon="-75.64912336340475"><ele>67.24611596278865</ele><time>2025-10-04T14:59:33.96300Z</time><extensions><mytracks:speed>54.41262582833975</mytracks:speed><mytracks:length>0.02926287201422684</mytracks:length></extensions></trkpt><trkpt lat="45.44032963947536" lon="-75.64930127998358"><ele>66.85499112637254</ele><time>2025-10-04T14:59:34.97100Z</time><extensions><mytracks:speed>54.62266405259524</mytracks:speed><mytracks:length>0.01529813914634575</mytracks:length></extensions></trkpt><trkpt lat="45.44027134776377" lon="-75.64948191409025"><ele>66.27560617427781</ele><time>2025-10-04T14:59:36.00300Z</time><extensions><mytracks:speed>54.11893791491488</mytracks:speed><mytracks:length>0.01551226500697061</mytracks:length></extensions></trkpt><trkpt lat="45.44021162339471" lon="-75.64966061864124"><ele>66.26915727478254</ele><time>2025-10-04T14:59:37.04300Z</time><extensions><mytracks:speed>53.43891935420981</mytracks:speed><mytracks:length>0.01544326238807422</mytracks:length></extensions></trkpt><trkpt lat="45.44015717661901" lon="-75.64982990150271"><ele>66.22387613417591</ele><time>2025-10-04T14:59:38.04300Z</time><extensions><mytracks:speed>52.88460989964954</mytracks:speed><mytracks:length>0.01452851289477369</mytracks:length></extensions></trkpt><trkpt lat="45.44010306032803" lon="-75.64999411980179"><ele>66.03772389689126</ele><time>2025-10-04T14:59:39.05200Z</time><extensions><mytracks:speed>50.5267857770302</mytracks:speed><mytracks:length>0.01415523177144488</mytracks:length></extensions></trkpt><trkpt lat="45.44005273377377" lon="-75.65014701804211"><ele>65.87812768227413</ele><time>2025-10-04T14:59:40.02200Z</time><extensions><mytracks:speed>49.72548074163127</mytracks:speed><mytracks:length>0.01317652688872212</mytracks:length></extensions></trkpt><trkpt lat="45.44000242457493" lon="-75.65029829845724"><ele>65.84057572517978</ele><time>2025-10-04T14:59:41.00100Z</time><extensions><mytracks:speed>48.45951592511278</mytracks:speed><mytracks:length>0.01306145484742226</mytracks:length></extensions></trkpt><trkpt lat="45.43995300460936" lon="-75.65045410977177"><ele>65.67653483416511</ele><time>2025-10-04T14:59:41.99600Z</time><extensions><mytracks:speed>48.15453508805337</mytracks:speed><mytracks:length>0.01334035184898693</mytracks:length></extensions></trkpt><trkpt lat="45.43989998677553" lon="-75.65061059917801"><ele>65.49076920948973</ele><time>2025-10-04T14:59:43.00000Z</time><extensions><mytracks:speed>48.60474225657849</mytracks:speed><mytracks:length>0.01355814329009339</mytracks:length></extensions></trkpt><trkpt lat="45.43984770838507" lon="-75.6507685137635"><ele>65.26961412271918</ele><time>2025-10-04T14:59:44.01800Z</time><extensions><mytracks:speed>48.15351775219267</mytracks:speed><mytracks:length>0.01362313256162051</mytracks:length></extensions></trkpt><trkpt lat="45.4397965847046" lon="-75.65092091247436"><ele>65.0375179644286</ele><time>2025-10-04T14:59:45.00800Z</time><extensions><mytracks:speed>48.05399458968063</mytracks:speed><mytracks:length>0.01317926259453147</mytracks:length></extensions></trkpt><trkpt lat="45.43974622688476" lon="-75.65106632189166"><ele>64.73282468119135</ele><time>2025-10-04T14:59:45.98300Z</time><extensions><mytracks:speed>47.32182586363866</mytracks:speed><mytracks:length>0.01265135293537286</mytracks:length></extensions></trkpt><trkpt lat="45.43969657794815" lon="-75.65120966642168"><ele>64.46309369901184</ele><time>2025-10-04T14:59:46.98500Z</time><extensions><mytracks:speed>44.845751909794</mytracks:speed><mytracks:length>0.01247234494416417</mytracks:length></extensions></trkpt><trkpt lat="45.43965069660508" lon="-75.65134658072725"><ele>64.18172149067269</ele><time>2025-10-04T14:59:47.99000Z</time><extensions><mytracks:speed>42.39030986246785</mytracks:speed><mytracks:length>0.01183801673539913</mytracks:length></extensions></trkpt><trkpt lat="45.43960568302322" lon="-75.65147992296016"><ele>63.99675977689304</ele><time>2025-10-04T14:59:48.99200Z</time><extensions><mytracks:speed>41.49874529142311</mytracks:speed><mytracks:length>0.01154508466922901</mytracks:length></extensions></trkpt><trkpt lat="45.4395613498741" lon="-75.65161397402331"><ele>63.96346339805621</ele><time>2025-10-04T14:59:50.00600Z</time><extensions><mytracks:speed>41.04696547393254</mytracks:speed><mytracks:length>0.01156224629104839</mytracks:length></extensions></trkpt><trkpt lat="45.43951678157611" lon="-75.65175035055957"><ele>63.89537742706355</ele><time>2025-10-04T14:59:51.01100Z</time><extensions><mytracks:speed>42.01181352702734</mytracks:speed><mytracks:length>0.01173785798167691</mytracks:length></extensions></trkpt><trkpt lat="45.43947170136887" lon="-75.65188952558076"><ele>63.91508312139273</ele><time>2025-10-04T14:59:52.01300Z</time><extensions><mytracks:speed>42.99034833771124</mytracks:speed><mytracks:gradient>0.001647638297828592</mytracks:gradient><mytracks:length>0.0119599637585219</mytracks:length></extensions></trkpt><trkpt lat="45.4394267651349" lon="-75.65203637196078"><ele>64.08141023931604</ele><time>2025-10-04T14:59:52.98600Z</time><extensions><mytracks:speed>44.58025441040603</mytracks:speed><mytracks:gradient>0.007606286033041521</mytracks:gradient><mytracks:length>0.01249941365489638</mytracks:length></extensions></trkpt><trkpt lat="45.43937800395318" lon="-75.65218951821116"><ele>64.3410408058951</ele><time>2025-10-04T14:59:53.98600Z</time><extensions><mytracks:speed>46.73634883818288</mytracks:speed><mytracks:gradient>0.01662595368461468</mytracks:gradient><mytracks:length>0.01312169299752258</mytracks:length></extensions></trkpt><trkpt lat="45.4393261549648" lon="-75.65234599412531"><ele>64.66591573237966</ele><time>2025-10-04T14:59:54.98600Z</time><extensions><mytracks:speed>47.93386523733258</mytracks:speed><mytracks:gradient>0.02195584580597987</mytracks:gradient><mytracks:length>0.01350185547802676</mytracks:length></extensions></trkpt><trkpt lat="45.43927486017326" lon="-75.65250283847881"><ele>65.08694061482022</ele><time>2025-10-04T14:59:55.98000Z</time><extensions><mytracks:speed>48.76313477600191</mytracks:speed><mytracks:gradient>0.02762348809452127</mytracks:gradient><mytracks:length>0.01350118794506326</mytracks:length></extensions></trkpt><trkpt lat="45.43922207711309" lon="-75.65266344717448"><ele>65.40276775060892</ele><time>2025-10-04T14:59:57.01200Z</time><extensions><mytracks:speed>48.25799917658018</mytracks:speed><mytracks:gradient>0.02282408395909235</mytracks:gradient><mytracks:length>0.01383745066635542</mytracks:length></extensions></trkpt><trkpt lat="45.439173658983" lon="-75.6528019775199"><ele>65.59847371980138</ele><time>2025-10-04T14:59:57.98400Z</time><extensions><mytracks:speed>46.55380019800123</mytracks:speed><mytracks:gradient>0.01974240038962669</mytracks:gradient><mytracks:length>0.01207545643160234</mytracks:length></extensions></trkpt><trkpt lat="45.43912676551647" lon="-75.65293852139881"><ele>65.58239658400636</ele><time>2025-10-04T14:59:58.99100Z</time><extensions><mytracks:speed>42.3894788502882</mytracks:speed><mytracks:length>0.0118612147601493</mytracks:length></extensions></trkpt><trkpt lat="45.43908853961974" lon="-75.65305367414122"><ele>64.99521235116033</ele><time>2025-10-04T14:59:59.99300Z</time><extensions><mytracks:speed>35.70016707627869</mytracks:speed><mytracks:length>0.009939684893821155</mytracks:length></extensions></trkpt><trkpt lat="45.43905836525786" lon="-75.65314623087316"><ele>64.53169545552895</ele><time>2025-10-04T15:00:00.97300Z</time><extensions><mytracks:speed>32.5170203756274</mytracks:speed><mytracks:length>0.00796325518792795</mytracks:length></extensions></trkpt><trkpt lat="45.43903190629992" lon="-75.65322297294269"><ele>64.20997758678624</ele><time>2025-10-04T15:00:01.99300Z</time><extensions><mytracks:speed>23.54486670320933</mytracks:speed><mytracks:length>0.006670513714780895</mytracks:length></extensions></trkpt><trkpt lat="45.43901266852276" lon="-75.65327744891196"><ele>63.97048274004711</ele><time>2025-10-04T15:00:02.99100Z</time><extensions><mytracks:speed>20.39259450467068</mytracks:speed><mytracks:length>0.004758143496084834</mytracks:length></extensions></trkpt><trkpt lat="45.43900017483022" lon="-75.65331500060155"><ele>63.73882200422486</ele><time>2025-10-04T15:00:04.00200Z</time><extensions><mytracks:speed>11.53698328343312</mytracks:speed><mytracks:length>0.003241731141331196</mytracks:length></extensions></trkpt><trkpt lat="45.43899169129852" lon="-75.65333937666983"><ele>63.98650962632875</ele><time>2025-10-04T15:00:05.00500Z</time><extensions><mytracks:speed>7.620581241201086</mytracks:speed><mytracks:gradient>0.1166787005625434</mytracks:gradient><mytracks:length>0.002122817797161821</mytracks:length></extensions></trkpt><trkpt lat="45.43898662260585" lon="-75.65335217499008"><ele>64.19010738274856</ele><time>2025-10-04T15:00:06.00200Z</time><extensions><mytracks:speed>5.883573801455102</mytracks:speed><mytracks:gradient>0.1380906804971139</mytracks:gradient><mytracks:length>0.00114710756984012</mytracks:length></extensions></trkpt><trkpt lat="45.43898530699764" lon="-75.653355959246"><ele>64.25705876405874</ele><time>2025-10-04T15:00:07.00400Z</time><extensions><mytracks:speed>1.181720799448749</mytracks:speed><mytracks:gradient>0.203582855114067</mytracks:gradient><mytracks:length>0.0003288655190176164</mytracks:length></extensions></trkpt><trkpt lat="45.438984361774" lon="-75.6533579816351"><ele>64.21756322429945</ele><time>2025-10-04T15:00:07.99700Z</time><extensions><mytracks:speed>0.9381945518157941</mytracks:speed><mytracks:gradient>0.05280151877086803</mytracks:gradient><mytracks:length>0.0002122817797161812</mytracks:length></extensions></trkpt><trkpt lat="45.43898380919065" lon="-75.65335748915952"><ele>64.29369128034931</ele><time>2025-10-04T15:00:08.99300Z</time><extensions><mytracks:speed>0.3841127973281724</mytracks:speed><mytracks:gradient>0.1725655227666929</mytracks:gradient><mytracks:length>9.493529796600342e-05</mytracks:length></extensions></trkpt><trkpt lat="45.43898338158548" lon="-75.6533575971809"><ele>64.28226963714873</ele><time>2025-10-04T15:00:09.99600Z</time><extensions><mytracks:speed>0.1709948747164847</mytracks:speed><mytracks:gradient>0.6815843446601637</mytracks:gradient><mytracks:length>0</mytracks:length></extensions></trkpt><trkpt lat="45.43898321941663" lon="-75.65335719129982"><ele>64.25485232293107</ele><time>2025-10-04T15:00:10.99700Z</time><extensions><mytracks:speed>0.1611137953779538</mytracks:speed><mytracks:gradient>0.2777404724235789</mytracks:gradient><mytracks:length>0</mytracks:length></extensions></trkpt><trkpt lat="45.43898282150933" lon="-75.65335759694091"><ele>64.24567033933489</ele><time>2025-10-04T15:00:11.99900Z</time><extensions><mytracks:speed>0.1608032027640262</mytracks:speed><mytracks:length>0</mytracks:length></extensions></trkpt><trkpt lat="45.43898256106429" lon="-75.65335641947851"><ele>64.2873994720299</ele><time>2025-10-04T15:00:14.48900Z</time><extensions><mytracks:speed>0.1372553854049547</mytracks:speed><mytracks:gradient>0.4395533967771816</mytracks:gradient><mytracks:length>9.493529796600342e-05</mytracks:length></extensions></trkpt><trkpt lat="45.43898125249708" lon="-75.65335050349479"><ele>64.49706125818193</ele><time>2025-10-04T15:00:28.00000Z</time><extensions><mytracks:speed>0.1289852443900102</mytracks:speed><mytracks:gradient>0.4331166601597248</mytracks:gradient><mytracks:length>0.000484076936857397</mytracks:length></extensions></trkpt><trkpt lat="45.43898125249708" lon="-75.65335050349479"><ele>64.49706125818193</ele><time>2025-10-04T15:00:29.00300Z</time><extensions><mytracks:speed>0.3406485124498093</mytracks:speed><mytracks:gradient>0</mytracks:gradient><mytracks:length>9.493529796600342e-05</mytracks:length></extensions></trkpt><trkpt lat="45.43898125249708" lon="-75.65335050349479"><ele>64.49706125818193</ele><time>2025-10-04T15:00:30.00300Z</time><extensions><mytracks:speed>0.341566414917384</mytracks:speed><mytracks:gradient>0</mytracks:gradient><mytracks:length>9.493529796600342e-05</mytracks:length></extensions></trkpt><trkpt lat="45.43898125249708" lon="-75.65335050349479"><ele>64.49706125818192</ele><time>2025-10-04T15:00:31.00300Z</time><extensions><mytracks:speed>0.1708502974885104</mytracks:speed><mytracks:length>9.493529796600342e-05</mytracks:length></extensions></trkpt><trkpt lat="45.43898125249708" lon="-75.65335050349479"><ele>64.49706125818193</ele><time>2025-10-04T15:00:32.00100Z</time><extensions><mytracks:speed>0.1710914397944862</mytracks:speed><mytracks:gradient>0</mytracks:gradient><mytracks:length>9.493529796600342e-05</mytracks:length></extensions></trkpt><trkpt lat="45.43898127709761" lon="-75.65335280374144"><ele>64.68472696063668</ele><time>2025-10-04T15:00:33.00100Z</time><extensions><mytracks:speed>0.6833111974302093</mytracks:speed><mytracks:gradient>0.9883873884398341</mytracks:gradient><mytracks:length>0.0001898705959320068</mytracks:length></extensions></trkpt><trkpt lat="45.43897659920987" lon="-75.65336693332716"><ele>64.83344019003134</ele><time>2025-10-04T15:00:34.00200Z</time><extensions><mytracks:speed>4.400884994065484</mytracks:speed><mytracks:gradient>0.1215815967791919</mytracks:gradient><mytracks:length>0.001223155751645057</mytracks:length></extensions></trkpt><trkpt lat="45.43896567937137" lon="-75.65340040188298"><ele>64.94318605183328</ele><time>2025-10-04T15:00:35.00300Z</time><extensions><mytracks:speed>10.35618646674803</mytracks:speed><mytracks:gradient>0.03811241964717127</mytracks:gradient><mytracks:length>0.002879530158880522</mytracks:length></extensions></trkpt><trkpt lat="45.43894725494546" lon="-75.65345828556934"><ele>65.06304958410388</ele><time>2025-10-04T15:00:36.00500Z</time><extensions><mytracks:speed>17.81565790708057</mytracks:speed><mytracks:gradient>0.02416893903173668</mytracks:gradient><mytracks:length>0.004959403973554843</mytracks:length></extensions></trkpt><trkpt lat="45.43892048282403" lon="-75.65354279724555"><ele>65.15390593398014</ele><time>2025-10-04T15:00:37.00600Z</time><extensions><mytracks:speed>26.02465957193908</mytracks:speed><mytracks:gradient>0.01255890150275666</mytracks:gradient><mytracks:length>0.007234418540213804</mytracks:length></extensions></trkpt><trkpt lat="45.43888423795266" lon="-75.65365461681417"><ele>64.98878145021123</ele><time>2025-10-04T15:00:38.01000Z</time><extensions><mytracks:speed>34.44223384314122</mytracks:speed><mytracks:length>0.009610059706709933</mytracks:length></extensions></trkpt><trkpt lat="45.43884248489494" lon="-75.65378620299778"><ele>64.82786878713958</ele><time>2025-10-04T15:00:39.02100Z</time><extensions><mytracks:speed>40.127071647954</mytracks:speed><mytracks:length>0.01126774409711801</mytracks:length></extensions></trkpt><trkpt lat="45.43879638501847" lon="-75.65393050699815"><ele>64.67182308725562</ele><time>2025-10-04T15:00:40.03400Z</time><extensions><mytracks:speed>43.94844719774056</mytracks:speed><mytracks:length>0.01237112937823567</mytracks:length></extensions></trkpt><trkpt lat="45.43874791201207" lon="-75.65407979006552"><ele>64.45131384024401</ele><time>2025-10-04T15:00:41.02900Z</time><extensions><mytracks:speed>45.18092429687248</mytracks:speed><mytracks:length>0.0128341849207075</mytracks:length></extensions></trkpt><trkpt lat="45.43869747819758" lon="-75.65423260470415"><ele>64.21979872559763</ele><time>2025-10-04T15:00:42.01700Z</time><extensions><mytracks:speed>47.22017955442847</mytracks:speed><mytracks:length>0.01317584287351732</mytracks:length></extensions></trkpt><trkpt lat="45.43864567275993" lon="-75.65438786491615"><ele>64.01150161132978</ele><time>2025-10-04T15:00:43.00300Z</time><extensions><mytracks:speed>48.49206517019431</mytracks:speed><mytracks:length>0.01341378986003387</mytracks:length></extensions></trkpt><trkpt lat="45.43859447939966" lon="-75.65454118443809"><ele>63.79278044150355</ele><time>2025-10-04T15:00:43.96100Z</time><extensions><mytracks:speed>49.38136040791481</mytracks:speed><mytracks:length>0.01324815195101551</mytracks:length></extensions></trkpt><trkpt lat="45.43854020652451" lon="-75.65470315973229"><ele>63.54085801875629</ele><time>2025-10-04T15:00:44.96600Z</time><extensions><mytracks:speed>50.18581303211252</mytracks:speed><mytracks:length>0.01400480676151474</mytracks:length></extensions></trkpt><trkpt lat="45.4384852922847" lon="-75.65486785281243"><ele>63.31093581709135</ele><time>2025-10-04T15:00:45.97800Z</time><extensions><mytracks:speed>50.57773785283644</mytracks:speed><mytracks:length>0.01422699754495305</mytracks:length></extensions></trkpt><trkpt lat="45.43843159845838" lon="-75.65503097421599"><ele>63.07385248668438</ele><time>2025-10-04T15:00:46.97600Z</time><extensions><mytracks:speed>50.65418420549008</mytracks:speed><mytracks:length>0.01405811944821044</mytracks:length></extensions></trkpt><trkpt lat="45.43837656214235" lon="-75.6551982461134"><ele>62.79459929753583</ele><time>2025-10-04T15:00:48.00200Z</time><extensions><mytracks:speed>50.57875898807238</mytracks:speed><mytracks:length>0.01441516771329565</mytracks:length></extensions></trkpt><trkpt lat="45.43832280075227" lon="-75.6553607167923"><ele>62.51861965494696</ele><time>2025-10-04T15:00:49.00800Z</time><extensions><mytracks:speed>50.14419203213592</mytracks:speed><mytracks:length>0.01401574274145204</mytracks:length></extensions></trkpt><trkpt lat="45.43826877838944" lon="-75.6555243755094"><ele>62.19727368022036</ele><time>2025-10-04T15:00:50.02600Z</time><extensions><mytracks:speed>49.92479440848916</mytracks:speed><mytracks:length>0.01411186939546054</mytracks:length></extensions></trkpt><trkpt lat="45.43821542166442" lon="-75.65568642644588"><ele>61.82102208240749</ele><time>2025-10-04T15:00:51.03700Z</time><extensions><mytracks:speed>49.70913613850085</mytracks:speed><mytracks:length>0.01396678604951693</mytracks:length></extensions></trkpt><trkpt lat="45.43816342104494" lon="-75.65584485965614"><ele>61.49415842364473</ele><time>2025-10-04T15:00:52.01400Z</time><extensions><mytracks:speed>49.99562093896348</mytracks:speed><mytracks:length>0.01364725865072827</mytracks:length></extensions></trkpt><trkpt lat="45.43811042003151" lon="-75.65600750239308"><ele>61.25435412325567</ele><time>2025-10-04T15:00:53.00200Z</time><extensions><mytracks:speed>50.64492992247361</mytracks:speed><mytracks:length>0.01399192995963648</mytracks:length></extensions></trkpt><trkpt lat="45.43805750185822" lon="-75.65617075031636"><ele>61.02208216157881</ele><time>2025-10-04T15:00:53.99000Z</time><extensions><mytracks:speed>51.04650826595157</mytracks:speed><mytracks:length>0.01403052491146932</mytracks:length></extensions></trkpt><trkpt lat="45.43800367600881" lon="-75.65633855556946"><ele>60.90063115665014</ele><time>2025-10-04T15:00:55.00000Z</time><extensions><mytracks:speed>51.30623372177748</mytracks:speed><mytracks:length>0.01439577271746284</mytracks:length></extensions></trkpt><trkpt lat="45.43795004952493" lon="-75.65650794182351"><ele>60.88808950649838</ele><time>2025-10-04T15:00:56.01200Z</time><extensions><mytracks:speed>51.60712998186403</mytracks:speed><mytracks:length>0.01449901649794271</mytracks:length></extensions></trkpt><trkpt lat="45.43789737344661" lon="-75.65667636754796"><ele>60.93311429356011</ele><time>2025-10-04T15:00:57.00700Z</time><extensions><mytracks:speed>51.82791310421396</mytracks:speed><mytracks:gradient>0.001124513361589413</mytracks:gradient><mytracks:length>0.01438731833738484</mytracks:length></extensions></trkpt><trkpt lat="45.43784406904394" lon="-75.65684872307912"><ele>61.01719398615906</ele><time>2025-10-04T15:00:58.01700Z</time><extensions><mytracks:speed>52.39508958604038</mytracks:speed><mytracks:gradient>0.005721274741287038</mytracks:gradient><mytracks:length>0.0146959718595931</mytracks:length></extensions></trkpt><trkpt lat="45.43779166376385" lon="-75.65701870218113"><ele>61.18899359963066</ele><time>2025-10-04T15:00:59.00200Z</time><extensions><mytracks:speed>52.66617538783849</mytracks:speed><mytracks:gradient>0.008768375061437463</mytracks:gradient><mytracks:length>0.01448564575168187</mytracks:length></extensions></trkpt><trkpt lat="45.43773987718467" lon="-75.65718639061767"><ele>61.3882224381171</ele><time>2025-10-04T15:00:59.97500Z</time><extensions><mytracks:speed>52.9144377246046</mytracks:speed><mytracks:gradient>0.01289148176797474</mytracks:gradient><mytracks:length>0.01429493588534342</mytracks:length></extensions></trkpt><trkpt lat="45.43768753483423" lon="-75.65735512234703"><ele>61.64319655996751</ele><time>2025-10-04T15:01:00.95500Z</time><extensions><mytracks:speed>52.86364357760607</mytracks:speed><mytracks:gradient>0.01583195459068927</mytracks:gradient><mytracks:length>0.01439420746615971</mytracks:length></extensions></trkpt><trkpt lat="45.43763422387257" lon="-75.6575254650392"><ele>61.77556481512757</ele><time>2025-10-04T15:01:01.97100Z</time><extensions><mytracks:speed>51.56965696850926</mytracks:speed><mytracks:gradient>0.009095795269994413</mytracks:gradient><mytracks:length>0.01455268629415194</mytracks:length></extensions></trkpt><trkpt lat="45.43758109991011" lon="-75.65769568788258"><ele>61.88165331314111</ele><time>2025-10-04T15:01:03.00400Z</time><extensions><mytracks:speed>50.66905984675972</mytracks:speed><mytracks:gradient>0.007298350672620663</mytracks:gradient><mytracks:length>0.01453595514552804</mytracks:length></extensions></trkpt><trkpt lat="45.43752708332455" lon="-75.6578649271834"><ele>61.94586591643517</ele><time>2025-10-04T15:01:04.04500Z</time><extensions><mytracks:speed>50.1921946032011</mytracks:speed><mytracks:gradient>0.004426384302818148</mytracks:gradient><mytracks:length>0.01450678452234031</mytracks:length></extensions></trkpt><trkpt lat="45.43747634960359" lon="-75.65802032116291"><ele>61.97244450543214</ele><time>2025-10-04T15:01:05.01800Z</time><extensions><mytracks:speed>49.84170142913152</mytracks:speed><mytracks:gradient>0.003256635716518222</mytracks:gradient><mytracks:length>0.01337274121829774</mytracks:length></extensions></trkpt><trkpt lat="45.43742612565796" lon="-75.65816587917026"><ele>61.88564671698845</ele><time>2025-10-04T15:01:05.98500Z</time><extensions><mytracks:speed>48.29627353044094</mytracks:speed><mytracks:length>0.01265598263019376</mytracks:length></extensions></trkpt><trkpt lat="45.43737409801127" lon="-75.65831008192919"><ele>61.8096574419164</ele><time>2025-10-04T15:01:06.97600Z</time><extensions><mytracks:speed>46.52261768478692</mytracks:speed><mytracks:length>0.01265135293537286</mytracks:length></extensions></trkpt><trkpt lat="45.43732127665356" lon="-75.65845225061335"><ele>61.68776442331898</ele><time>2025-10-04T15:01:07.98100Z</time><extensions><mytracks:speed>44.95139636454095</mytracks:speed><mytracks:length>0.01255158096743974</mytracks:length></extensions></trkpt><trkpt lat="45.43726885856053" lon="-75.65859183520006"><ele>61.52117982968021</ele><time>2025-10-04T15:01:08.99700Z</time><extensions><mytracks:speed>43.76221903679011</mytracks:speed><mytracks:length>0.01235290275817998</mytracks:length></extensions></trkpt><trkpt lat="45.43721821887865" lon="-75.6587264460106"><ele>61.31938026934765</ele><time>2025-10-04T15:01:09.98700Z</time><extensions><mytracks:speed>43.55206517469333</mytracks:speed><mytracks:length>0.01191731080339725</mytracks:length></extensions></trkpt><trkpt lat="45.43716689334721" lon="-75.65886659450504"><ele>61.16232936434638</ele><time>2025-10-04T15:01:10.99200Z</time><extensions><mytracks:speed>44.19828593240551</mytracks:speed><mytracks:length>0.01233501454088545</mytracks:length></extensions></trkpt><trkpt lat="45.43709105858913" lon="-75.65907479567019"><ele>60.93066597771463</ele><time>2025-10-04T15:01:12.49900Z</time><extensions><mytracks:speed>43.72445660595741</mytracks:speed><mytracks:length>0.0183030724314877</mytracks:length></extensions></trkpt><trkpt lat="45.43704388403625" lon="-75.65920218176559"><ele>60.83502846417</ele><time>2025-10-04T15:01:13.50800Z</time><extensions><mytracks:speed>40.09243308816893</mytracks:speed><mytracks:length>0.01123851098454529</mytracks:length></extensions></trkpt><trkpt lat="45.43700345517593" lon="-75.65931423301627"><ele>60.79959540367441</ele><time>2025-10-04T15:01:14.50600Z</time><extensions><mytracks:speed>37.78382564098059</mytracks:speed><mytracks:length>0.0098307323179548</mytracks:length></extensions></trkpt><trkpt lat="45.43696951402318" lon="-75.65940084926791"><ele>60.76442084208087</ele><time>2025-10-04T15:01:15.49200Z</time><extensions><mytracks:speed>31.88673369304233</mytracks:speed><mytracks:length>0.007740575004332798</mytracks:length></extensions></trkpt><trkpt lat="45.43694362058458" lon="-75.65946525876312"><ele>60.82620890332061</ele><time>2025-10-04T15:01:16.48400Z</time><extensions><mytracks:speed>24.63117679545587</mytracks:speed><mytracks:gradient>0.001966632013953396</mytracks:gradient><mytracks:length>0.005791831281831959</mytracks:length></extensions></trkpt><trkpt lat="45.43692670769855" lon="-75.65950473176548"><ele>60.59840854237461</ele><time>2025-10-04T15:01:17.50300Z</time><extensions><mytracks:speed>12.7511597883449</mytracks:speed><mytracks:length>0.003608790255175128</mytracks:length></extensions></trkpt><trkpt lat="45.43691747013884" lon="-75.65952225018852"><ele>60.49956706310417</ele><time>2025-10-04T15:01:18.50900Z</time><extensions><mytracks:speed>6.11374203766761</mytracks:speed><mytracks:length>0.001708835363388067</mytracks:length></extensions></trkpt><trkpt lat="45.43691514463193" lon="-75.65952759303572"><ele>60.37867537110723</ele><time>2025-10-04T15:01:19.50500Z</time><extensions><mytracks:speed>3.952766864333277</mytracks:speed><mytracks:length>0.000484076936857397</mytracks:length></extensions></trkpt><trkpt lat="45.43691405679454" lon="-75.65952406489174"><ele>60.30949744686374</ele><time>2025-10-04T15:01:20.50500Z</time><extensions><mytracks:speed>0.7266266918677876</mytracks:speed><mytracks:length>0.0002848058938980103</mytracks:length></extensions></trkpt><trkpt lat="45.43691150173598" lon="-75.65952236066443"><ele>60.6516599243581</ele><time>2025-10-04T15:01:21.50300Z</time><extensions><mytracks:speed>1.040337955268597</mytracks:speed><mytracks:gradient>0.4727260046154779</mytracks:gradient><mytracks:length>0.0003148647627138236</mytracks:length></extensions></trkpt><trkpt lat="45.43690744646472" lon="-75.65952265713743"><ele>60.87535280252135</ele><time>2025-10-04T15:01:22.49900Z</time><extensions><mytracks:speed>1.349658670535345</mytracks:speed><mytracks:gradient>0.7569755778086691</mytracks:gradient><mytracks:length>0.0004650860771915803</mytracks:length></extensions></trkpt><trkpt lat="45.43690317994969" lon="-75.65952397301582"><ele>61.20165267579794</ele><time>2025-10-04T15:01:23.49900Z</time><extensions><mytracks:speed>1.741942079243231</mytracks:speed><mytracks:gradient>0.6740661420370877</mytracks:gradient><mytracks:length>0.000484076936857397</mytracks:length></extensions></trkpt><trkpt lat="45.43690220390055" lon="-75.65952508133084"><ele>61.24399748335362</ele><time>2025-10-04T15:01:26.51800Z</time><extensions><mytracks:speed>0.1960672954077549</mytracks:speed><mytracks:gradient>0.2575205067540313</mytracks:gradient><mytracks:length>0.0001644327595088082</mytracks:length></extensions></trkpt><trkpt lat="45.4368981688092" lon="-75.65952966322347"><ele>61.41905543860048</ele><time>2025-10-04T15:01:40.00000Z</time><extensions><mytracks:speed>0.1521047577760228</mytracks:speed><mytracks:gradient>0.3073285332177014</mytracks:gradient><mytracks:length>0.0005696117877960207</mytracks:length></extensions></trkpt><trkpt lat="45.43689816880919" lon="-75.65952966322347"><ele>61.41905543860048</ele><time>2025-10-04T15:01:40.99600Z</time><extensions><mytracks:speed>0.1416362204961182</mytracks:speed><mytracks:gradient>0.3073285332177014</mytracks:gradient><mytracks:length>0</mytracks:length></extensions></trkpt><trkpt lat="45.4368981688092" lon="-75.65952966322345"><ele>61.41905543860049</ele><time>2025-10-04T15:01:41.98900Z</time><extensions><mytracks:speed>0.1718160954396025</mytracks:speed><mytracks:gradient>7.484494713594805e-14</mytracks:gradient><mytracks:length>9.493529796600342e-05</mytracks:length></extensions></trkpt><trkpt lat="45.43689816880919" lon="-75.65952966322345"><ele>61.41905543860047</ele><time>2025-10-04T15:01:42.98900Z</time><extensions><mytracks:speed>0.1715102147570274</mytracks:speed><mytracks:length>9.493529796600342e-05</mytracks:length></extensions></trkpt><trkpt lat="45.4368981688092" lon="-75.65952966322347"><ele>61.41905543860049</ele><time>2025-10-04T15:01:43.99400Z</time><extensions><mytracks:speed>0.1704202880123376</mytracks:speed><mytracks:gradient>0</mytracks:gradient><mytracks:length>0</mytracks:length></extensions></trkpt><trkpt lat="45.43689816880921" lon="-75.65952966322348"><ele>61.41905543860049</ele><time>2025-10-04T15:01:45.00300Z</time><extensions><mytracks:speed>0.3389824696775661</mytracks:speed><mytracks:gradient>0</mytracks:gradient><mytracks:length>9.493529796600342e-05</mytracks:length></extensions></trkpt><trkpt lat="45.43689816880919" lon="-75.65952966322345"><ele>61.41905543860047</ele><time>2025-10-04T15:01:46.00500Z</time><extensions><mytracks:speed>0.3408003634633291</mytracks:speed><mytracks:length>9.493529796600342e-05</mytracks:length></extensions></trkpt><trkpt lat="45.43689529893462" lon="-75.65954018033821"><ele>61.55119465332178</ele><time>2025-10-04T15:01:47.00500Z</time><extensions><mytracks:speed>1.573491790434864</mytracks:speed><mytracks:gradient>0.1509713508012192</mytracks:gradient><mytracks:length>0.0008752602001639161</mytracks:length></extensions></trkpt><trkpt lat="45.43688632880285" lon="-75.65956695317809"><ele>61.72463911769808</ele><time>2025-10-04T15:01:48.00400Z</time><extensions><mytracks:speed>5.752684580507411</mytracks:speed><mytracks:gradient>0.09567076002083248</mytracks:gradient><mytracks:length>0.002313774019894123</mytracks:length></extensions></trkpt><trkpt lat="45.43686964585456" lon="-75.6596141650991"><ele>61.91476429279986</ele><time>2025-10-04T15:01:49.00400Z</time><extensions><mytracks:speed>11.59819482284717</mytracks:speed><mytracks:gradient>0.05646521366833725</mytracks:gradient><mytracks:length>0.004123952628171218</mytracks:length></extensions></trkpt><trkpt lat="45.4368441926898" lon="-75.65968485699206"><ele>62.12876550920033</ele><time>2025-10-04T15:01:50.00400Z</time><extensions><mytracks:speed>22.31381600589028</mytracks:speed><mytracks:gradient>0.03452072642725704</mytracks:gradient><mytracks:length>0.006199209534347942</mytracks:length></extensions></trkpt><trkpt lat="45.43680978027354" lon="-75.65978153223151"><ele>62.35375019920787</ele><time>2025-10-04T15:01:51.00100Z</time><extensions><mytracks:speed>26.42006121940521</mytracks:speed><mytracks:gradient>0.02994938798047659</mytracks:gradient><mytracks:length>0.008458303513682156</mytracks:length></extensions></trkpt><trkpt lat="45.43676814466848" lon="-75.65989360911473"><ele>62.45244644113756</ele><time>2025-10-04T15:01:51.99700Z</time><extensions><mytracks:speed>33.15414882880074</mytracks:speed><mytracks:gradient>0.01763736326659968</mytracks:gradient><mytracks:length>0.009895154881560293</mytracks:length></extensions></trkpt><trkpt lat="45.43672242508605" lon="-75.66001354830613"><ele>62.50422269233447</ele><time>2025-10-04T15:01:52.98400Z</time><extensions><mytracks:speed>37.29604018042504</mytracks:speed><mytracks:gradient>0.007324241961986093</mytracks:gradient><mytracks:length>0.01064969261086397</mytracks:length></extensions></trkpt><trkpt lat="45.43667548195008" lon="-75.66014059457565"><ele>62.54156604874276</ele><time>2025-10-04T15:01:53.98600Z</time><extensions><mytracks:speed>40.24214859666249</mytracks:speed><mytracks:gradient>0.00333328491101417</mytracks:gradient><mytracks:length>0.01120316966752509</mytracks:length></extensions></trkpt><trkpt lat="45.4366266412487" lon="-75.66027136161755"><ele>62.58626509947963</ele><time>2025-10-04T15:01:55.00900Z</time><extensions><mytracks:speed>40.67761050523488</mytracks:speed><mytracks:gradient>0.003867252493026344</mytracks:gradient><mytracks:length>0.01155834815996054</mytracks:length></extensions></trkpt><trkpt lat="45.43657766348748" lon="-75.66040036721998"><ele>62.65977946133903</ele><time>2025-10-04T15:01:56.02500Z</time><extensions><mytracks:speed>40.54869539319415</mytracks:speed><mytracks:gradient>0.006423427654040059</mytracks:gradient><mytracks:length>0.01144472481341918</mytracks:length></extensions></trkpt><trkpt lat="45.43652838050863" lon="-75.66052780719544"><ele>62.77280562896736</ele><time>2025-10-04T15:01:57.02800Z</time><extensions><mytracks:speed>40.75723212518093</mytracks:speed><mytracks:gradient>0.009955266662933558</mytracks:gradient><mytracks:length>0.01135340432910394</mytracks:length></extensions></trkpt><trkpt lat="45.43648107906141" lon="-75.66065320176565"><ele>62.88411509409097</ele><time>2025-10-04T15:01:58.01600Z</time><extensions><mytracks:speed>40.61792130196259</mytracks:speed><mytracks:gradient>0.009987616411051782</mytracks:gradient><mytracks:length>0.0111082412451917</mytracks:length></extensions></trkpt><trkpt lat="45.4364333787512" lon="-75.66077524918803"><ele>62.91746946634962</ele><time>2025-10-04T15:01:58.99700Z</time><extensions><mytracks:speed>40.23115984469797</mytracks:speed><mytracks:gradient>0.006573238519427931</mytracks:gradient><mytracks:length>0.01090020946931891</mytracks:length></extensions></trkpt><trkpt lat="45.43638481025649" lon="-75.66089934301424"><ele>62.92917169856401</ele><time>2025-10-04T15:02:00.00500Z</time><extensions><mytracks:speed>39.63121082986341</mytracks:speed><mytracks:gradient>0.00105551801730091</mytracks:gradient><mytracks:length>0.01108671952783976</mytracks:length></extensions></trkpt><trkpt lat="45.43633715870521" lon="-75.6610216362097"><ele>62.99444216144432</ele><time>2025-10-04T15:02:01.00600Z</time><extensions><mytracks:speed>39.23141952303379</mytracks:speed><mytracks:gradient>0.005980293927319118</mytracks:gradient><mytracks:length>0.01091425666924808</mytracks:length></extensions></trkpt><trkpt lat="45.43629269193113" lon="-75.66113631051134"><ele>62.92770320619103</ele><time>2025-10-04T15:02:01.98500Z</time><extensions><mytracks:speed>38.42440829194867</mytracks:speed><mytracks:length>0.01022264064343414</mytracks:length></extensions></trkpt><trkpt lat="45.43624678435531" lon="-75.66125249999345"><ele>62.84137023452089</ele><time>2025-10-04T15:02:02.98900Z</time><extensions><mytracks:speed>37.31655390452963</mytracks:speed><mytracks:length>0.01040440625012063</mytracks:length></extensions></trkpt><trkpt lat="45.43620033469384" lon="-75.66136997798453"><ele>62.79707606377873</ele><time>2025-10-04T15:02:03.99700Z</time><extensions><mytracks:speed>37.56943839767094</mytracks:speed><mytracks:length>0.01052155533916547</mytracks:length></extensions></trkpt><trkpt lat="45.43615409977112" lon="-75.6614870626392"><ele>62.72949987673778</ele><time>2025-10-04T15:02:05.01600Z</time><extensions><mytracks:speed>37.02447617805219</mytracks:speed><mytracks:length>0.01048293769814218</mytracks:length></extensions></trkpt><trkpt lat="45.43610795319272" lon="-75.66159957250736"><ele>62.67579092082666</ele><time>2025-10-04T15:02:06.03000Z</time><extensions><mytracks:speed>36.11757766113223</mytracks:speed><mytracks:length>0.01016871825783388</mytracks:length></extensions></trkpt><trkpt lat="45.43606515388793" lon="-75.66170513991187"><ele>62.71116624381283</ele><time>2025-10-04T15:02:07.01900Z</time><extensions><mytracks:speed>35.38305884917343</mytracks:speed><mytracks:length>0.009513445319785617</mytracks:length></extensions></trkpt><trkpt lat="45.43602387090695" lon="-75.66180568833337"><ele>62.77377938382092</ele><time>2025-10-04T15:02:08.01200Z</time><extensions><mytracks:speed>33.78992232051537</mytracks:speed><mytracks:gradient>0.005267359080523121</mytracks:gradient><mytracks:length>0.009090023796087712</mytracks:length></extensions></trkpt><trkpt lat="45.43598516367405" lon="-75.66190037953875"><ele>62.87440741298279</ele><time>2025-10-04T15:02:09.01000Z</time><extensions><mytracks:speed>31.88134103505171</mytracks:speed><mytracks:gradient>0.009253986161344398</mytracks:gradient><mytracks:length>0.008550503494458669</mytracks:length></extensions></trkpt><trkpt lat="45.43594695567191" lon="-75.66199345137336"><ele>62.95983355743</ele><time>2025-10-04T15:02:10.00000Z</time><extensions><mytracks:speed>30.7151559501693</mytracks:speed><mytracks:gradient>0.01096744433795993</mytracks:gradient><mytracks:length>0.008413431560450029</mytracks:length></extensions></trkpt><trkpt lat="45.43590816845495" lon="-75.66208936723291"><ele>63.0132302357442</ele><time>2025-10-04T15:02:10.99400Z</time><extensions><mytracks:speed>30.9434257591431</mytracks:speed><mytracks:gradient>0.0081415614065242</mytracks:gradient><mytracks:length>0.008638068806876491</mytracks:length></extensions></trkpt><trkpt lat="45.43586619078201" lon="-75.66219509364957"><ele>63.04290575761934</ele><time>2025-10-04T15:02:11.99100Z</time><extensions><mytracks:speed>32.75109688152722</mytracks:speed><mytracks:gradient>0.004585575002788348</mytracks:gradient><mytracks:length>0.009478803403603136</mytracks:length></extensions></trkpt><trkpt lat="45.43582243611763" lon="-75.6623085315927"><ele>62.98541452444307</ele><time>2025-10-04T15:02:12.97400Z</time><extensions><mytracks:speed>35.60260503617225</mytracks:speed><mytracks:length>0.01010068741496438</mytracks:length></extensions></trkpt><trkpt lat="45.43577320171354" lon="-75.6624354592924"><ele>62.93480740173094</ele><time>2025-10-04T15:02:13.97700Z</time><extensions><mytracks:speed>40.6190650265095</mytracks:speed><mytracks:length>0.01131603265481881</mytracks:length></extensions></trkpt><trkpt lat="45.43572087187553" lon="-75.66256927325739"><ele>62.90647958909118</ele><time>2025-10-04T15:02:14.98600Z</time><extensions><mytracks:speed>42.63209186362298</mytracks:speed><mytracks:length>0.01195280266715548</mytracks:length></extensions></trkpt><trkpt lat="45.43566681131514" lon="-75.66270803312339"><ele>62.77381194917001</ele><time>2025-10-04T15:02:16.00500Z</time><extensions><mytracks:speed>43.76588022318965</mytracks:speed><mytracks:length>0.01238350815642491</mytracks:length></extensions></trkpt><trkpt lat="45.43561242289142" lon="-75.66284644486399"><ele>62.62207477543452</ele><time>2025-10-04T15:02:17.02600Z</time><extensions><mytracks:speed>43.61513290347315</mytracks:speed><mytracks:length>0.01237768439117123</mytracks:length></extensions></trkpt><trkpt lat="45.43556163063064" lon="-75.6629778490001"><ele>62.5383478669297</ele><time>2025-10-04T15:02:18.00000Z</time><extensions><mytracks:speed>43.44230139615941</mytracks:speed><mytracks:length>0.01170556458658978</mytracks:length></extensions></trkpt><trkpt lat="45.43551061642803" lon="-75.66310884701377"><ele>62.45044741538866</ele><time>2025-10-04T15:02:18.98400Z</time><extensions><mytracks:speed>43.02231082501095</mytracks:speed><mytracks:length>0.01169015542492181</mytracks:length></extensions></trkpt><trkpt lat="45.43546064052275" lon="-75.66323937293173"><ele>62.32746494673371</ele><time>2025-10-04T15:02:19.97300Z</time><extensions><mytracks:speed>42.51918890352434</mytracks:speed><mytracks:length>0.01160232082418219</mytracks:length></extensions></trkpt><trkpt lat="45.43541159436328" lon="-75.66337117677654"><ele>62.19186949324418</ele><time>2025-10-04T15:02:20.97500Z</time><extensions><mytracks:speed>41.80787467429089</mytracks:speed><mytracks:length>0.0116410961505883</mytracks:length></extensions></trkpt><trkpt lat="45.43536085642837" lon="-75.66350473618445"><ele>62.06716490838709</ele><time>2025-10-04T15:02:21.99800Z</time><extensions><mytracks:speed>41.68248537441363</mytracks:speed><mytracks:length>0.01185019185385564</mytracks:length></extensions></trkpt><trkpt lat="45.43530998033462" lon="-75.66363491546112"><ele>61.94039603681344</ele><time>2025-10-04T15:02:23.01600Z</time><extensions><mytracks:speed>41.12508129278931</mytracks:speed><mytracks:length>0.01162676435160038</mytracks:length></extensions></trkpt><trkpt lat="45.43526139805331" lon="-75.6637620463728"><ele>61.71622190167722</ele><time>2025-10-04T15:02:24.02600Z</time><extensions><mytracks:speed>40.27381569962013</mytracks:speed><mytracks:length>0.01129530584284157</mytracks:length></extensions></trkpt><trkpt lat="45.43521366654721" lon="-75.6638870524486"><ele>61.55577006417746</ele><time>2025-10-04T15:02:25.02200Z</time><extensions><mytracks:speed>40.19850437015128</mytracks:speed><mytracks:length>0.01110458955406182</mytracks:length></extensions></trkpt><trkpt lat="45.43516589102794" lon="-75.66400984993481"><ele>61.32518139787975</ele><time>2025-10-04T15:02:26.00300Z</time><extensions><mytracks:speed>40.15780647907106</mytracks:speed><mytracks:length>0.01095587889824527</mytracks:length></extensions></trkpt><trkpt lat="45.43511952798803" lon="-75.66413131753592"><ele>61.01237682510708</ele><time>2025-10-04T15:02:26.97600Z</time><extensions><mytracks:speed>40.07146010868796</mytracks:speed><mytracks:length>0.01078884423748239</mytracks:length></extensions></trkpt><trkpt lat="45.43507155765256" lon="-75.66425870771059"><ele>60.66974139722262</ele><time>2025-10-04T15:02:27.97300Z</time><extensions><mytracks:speed>40.34459099184036</mytracks:speed><mytracks:length>0.01128053472951236</mytracks:length></extensions></trkpt><trkpt lat="45.43502169772628" lon="-75.66439072389956"><ele>60.36238925454744</ele><time>2025-10-04T15:02:28.98000Z</time><extensions><mytracks:speed>41.79785063802806</mytracks:speed><mytracks:length>0.01169863297554148</mytracks:length></extensions></trkpt><trkpt lat="45.4349699226624" lon="-75.66452929892117"><ele>59.94683029726079</ele><time>2025-10-04T15:02:30.00400Z</time><extensions><mytracks:speed>43.09373182286124</mytracks:speed><mytracks:length>0.01224996468640946</mytracks:length></extensions></trkpt><trkpt lat="45.43491668451919" lon="-75.6646715067105"><ele>59.66546402946005</ele><time>2025-10-04T15:02:31.02700Z</time><extensions><mytracks:speed>44.22624439460425</mytracks:speed><mytracks:length>0.01257632942584555</mytracks:length></extensions></trkpt><trkpt lat="45.43486300066787" lon="-75.66481624399815"><ele>59.50669300466272</ele><time>2025-10-04T15:02:32.03100Z</time><extensions><mytracks:speed>45.82443845481766</mytracks:speed><mytracks:length>0.01277400207578396</mytracks:length></extensions></trkpt><trkpt lat="45.43480949220487" lon="-75.66495806398193"><ele>59.28567418085053</ele><time>2025-10-04T15:02:33.01900Z</time><extensions><mytracks:speed>45.81196815857506</mytracks:speed><mytracks:length>0.01256378195247721</mytracks:length></extensions></trkpt><trkpt lat="45.43475689609225" lon="-75.66509647893945"><ele>59.0768226319506</ele><time>2025-10-04T15:02:34.01700Z</time><extensions><mytracks:speed>45.04540919790228</mytracks:speed><mytracks:length>0.01228192739995926</mytracks:length></extensions></trkpt><trkpt lat="45.43470815466991" lon="-75.66522669068884"><ele>58.95818053655451</ele><time>2025-10-04T15:02:35.01700Z</time><extensions><mytracks:speed>41.45106445622717</mytracks:speed><mytracks:length>0.01151499028606079</mytracks:length></extensions></trkpt><trkpt lat="45.43466488175036" lon="-75.66534785790883"><ele>58.79239446805546</ele><time>2025-10-04T15:02:36.01600Z</time><extensions><mytracks:speed>39.83717243742213</mytracks:speed><mytracks:length>0.01060856822376613</mytracks:length></extensions></trkpt><trkpt lat="45.43462668628607" lon="-75.66545572492902"><ele>58.67601717333648</ele><time>2025-10-04T15:02:37.00400Z</time><extensions><mytracks:speed>36.30369861503188</mytracks:speed><mytracks:length>0.009427796874592144</mytracks:length></extensions></trkpt><trkpt lat="45.43459326432779" lon="-75.66555337561337"><ele>58.67148204907571</ele><time>2025-10-04T15:02:37.98800Z</time><extensions><mytracks:speed>32.67965257544463</mytracks:speed><mytracks:length>0.008477993195866819</mytracks:length></extensions></trkpt><trkpt lat="45.43456768701279" lon="-75.66564656991549"><ele>58.71088117601192</ele><time>2025-10-04T15:02:38.98200Z</time><extensions><mytracks:speed>29.60932083532332</mytracks:speed><mytracks:gradient>0.002142550286600973</mytracks:gradient><mytracks:length>0.007808392187978876</mytracks:length></extensions></trkpt><trkpt lat="45.43455409145457" lon="-75.66573541771523"><ele>58.74993293230366</ele><time>2025-10-04T15:02:39.99400Z</time><extensions><mytracks:speed>25.24046031236386</mytracks:speed><mytracks:gradient>0.005503796742746767</mytracks:gradient><mytracks:length>0.00709542123684086</mytracks:length></extensions></trkpt><trkpt lat="45.4345572468845" lon="-75.66581840082671"><ele>58.81887223964448</ele><time>2025-10-04T15:02:41.00400Z</time><extensions><mytracks:speed>23.12166432744451</mytracks:speed><mytracks:gradient>0.01063196097181756</mytracks:gradient><mytracks:length>0.006484157299257047</mytracks:length></extensions></trkpt><trkpt lat="45.43458303750019" lon="-75.66590026060392"><ele>58.8312141382853</ele><time>2025-10-04T15:02:42.00600Z</time><extensions><mytracks:speed>25.13045296655345</mytracks:speed><mytracks:gradient>0.001762766255195841</mytracks:gradient><mytracks:length>0.00700143799805637</mytracks:length></extensions></trkpt><trkpt lat="45.43463215059624" lon="-75.6659861961997"><ele>58.82491091262985</ele><time>2025-10-04T15:02:43.00800Z</time><extensions><mytracks:speed>31.09892606988134</mytracks:speed><mytracks:length>0.008648496223525252</mytracks:length></extensions></trkpt><trkpt lat="45.43470071157522" lon="-75.66607770903164"><ele>58.77908258756815</ele><time>2025-10-04T15:02:44.00500Z</time><extensions><mytracks:speed>34.32408785674659</mytracks:speed><mytracks:length>0.01044633439849305</mytracks:length></extensions></trkpt><trkpt lat="45.43478279937909" lon="-75.66617850334544"><ele>58.70210605193797</ele><time>2025-10-04T15:02:44.99500Z</time><extensions><mytracks:speed>40.73297986348764</mytracks:speed><mytracks:length>0.01204893130384324</mytracks:length></extensions></trkpt><trkpt lat="45.43487490471998" lon="-75.66629080184254"><ele>58.58727286731931</ele><time>2025-10-04T15:02:45.99100Z</time><extensions><mytracks:speed>46.25238294222887</mytracks:speed><mytracks:length>0.01347847215353165</mytracks:length></extensions></trkpt><trkpt lat="45.43497310712655" lon="-75.66641426323672"><ele>58.4529702779305</ele><time>2025-10-04T15:02:46.99700Z</time><extensions><mytracks:speed>52.10823571288837</mytracks:speed><mytracks:length>0.01456135413615077</mytracks:length></extensions></trkpt><trkpt lat="45.43507442427939" lon="-75.66654531330772"><ele>58.34209584939094</ele><time>2025-10-04T15:02:47.99900Z</time><extensions><mytracks:speed>54.71321453855499</mytracks:speed><mytracks:length>0.01521454778113972</mytracks:length></extensions></trkpt><trkpt lat="45.43517870194744" lon="-75.66668426921021"><ele>58.2697146274333</ele><time>2025-10-04T15:02:49.01000Z</time><extensions><mytracks:speed>56.49727167881026</mytracks:speed><mytracks:length>0.01587464666302726</mytracks:length></extensions></trkpt><trkpt lat="45.43528088026483" lon="-75.66682506713528"><ele>58.20398463131614</ele><time>2025-10-04T15:02:49.99300Z</time><extensions><mytracks:speed>57.17727784644472</mytracks:speed><mytracks:length>0.01580466006654956</mytracks:length></extensions></trkpt><trkpt lat="45.43538474752444" lon="-75.66697463057052"><ele>58.18768372486875</ele><time>2025-10-04T15:02:50.98900Z</time><extensions><mytracks:speed>58.62069718286367</mytracks:speed><mytracks:length>0.01641914143451399</mytracks:length></extensions></trkpt><trkpt lat="45.43548614704551" lon="-75.66712495152949"><ele>58.12755762543382</ele><time>2025-10-04T15:02:51.96200Z</time><extensions><mytracks:speed>59.7579968912671</mytracks:speed><mytracks:length>0.01626970547345668</mytracks:length></extensions></trkpt><trkpt lat="45.43559179702501" lon="-75.66728582143594"><ele>58.12655316249101</ele><time>2025-10-04T15:02:52.96700Z</time><extensions><mytracks:speed>61.59019226883294</mytracks:speed><mytracks:length>0.01719220319455009</mytracks:length></extensions></trkpt><trkpt lat="45.43569768247962" lon="-75.66745436242341"><ele>58.1247207048615</ele><time>2025-10-04T15:02:53.98700Z</time><extensions><mytracks:speed>62.28021902173215</mytracks:speed><mytracks:length>0.01765132891179953</mytracks:length></extensions></trkpt><trkpt lat="45.435800017274" lon="-75.66762376280471"><ele>58.21314706545864</ele><time>2025-10-04T15:02:54.98900Z</time><extensions><mytracks:speed>62.70134622113599</mytracks:speed><mytracks:gradient>0.005070032119073255</mytracks:gradient><mytracks:length>0.01744098627392979</mytracks:length></extensions></trkpt><trkpt lat="45.4359014858389" lon="-75.66779991658349"><ele>58.24955030461744</ele><time>2025-10-04T15:02:56.00500Z</time><extensions><mytracks:speed>63.01898554065752</mytracks:speed><mytracks:gradient>0.002047129805611159</mytracks:gradient><mytracks:length>0.01778257492955621</mytracks:length></extensions></trkpt><trkpt lat="45.43599711692773" lon="-75.66797580025393"><ele>58.40924212550318</ele><time>2025-10-04T15:02:56.99300Z</time><extensions><mytracks:speed>63.11934349090646</mytracks:speed><mytracks:gradient>0.005580387884342218</mytracks:gradient><mytracks:length>0.01736096410255596</mytracks:length></extensions></trkpt><trkpt lat="45.43609134335147" lon="-75.66815577572933"><ele>58.52918463944687</ele><time>2025-10-04T15:02:57.99700Z</time><extensions><mytracks:speed>62.85145094474352</mytracks:speed><mytracks:gradient>0.006845782668792258</mytracks:gradient><mytracks:length>0.0175206429632185</mytracks:length></extensions></trkpt><trkpt lat="45.43618514380021" lon="-75.6683413877527"><ele>58.72349327597635</ele><time>2025-10-04T15:02:59.02000Z</time><extensions><mytracks:speed>62.80356622619814</mytracks:speed><mytracks:gradient>0.01088726578462529</mytracks:gradient><mytracks:length>0.01784733103548138</mytracks:length></extensions></trkpt><trkpt lat="45.4362747581001" lon="-75.66852419775697"><ele>58.86608555529434</ele><time>2025-10-04T15:03:00.01100Z</time><extensions><mytracks:speed>63.00155249346672</mytracks:speed><mytracks:gradient>0.009558436108662484</mytracks:gradient><mytracks:length>0.01739985578073056</mytracks:length></extensions></trkpt><trkpt lat="45.43636138802447" lon="-75.66870551312512"><ele>58.93935325783251</ele><time>2025-10-04T15:03:00.99400Z</time><extensions><mytracks:speed>62.93023341204139</mytracks:speed><mytracks:gradient>0.00625417110686935</mytracks:gradient><mytracks:length>0.01711549412459734</mytracks:length></extensions></trkpt><trkpt lat="45.43644650049133" lon="-75.66888963971755"><ele>59.02327635096439</ele><time>2025-10-04T15:03:01.98400Z</time><extensions><mytracks:speed>62.60473833952333</mytracks:speed><mytracks:gradient>0.004580397195306353</mytracks:gradient><mytracks:length>0.01720373244263855</mytracks:length></extensions></trkpt><trkpt lat="45.43652718582902" lon="-75.66907298197503"><ele>59.04404152677643</ele><time>2025-10-04T15:03:02.96600Z</time><extensions><mytracks:speed>62.23653909337476</mytracks:speed><mytracks:gradient>0.00307116687624819</mytracks:gradient><mytracks:length>0.01688594479371553</mytracks:length></extensions></trkpt><trkpt lat="45.43660873308468" lon="-75.66926633106644"><ele>59.01480897527713</ele><time>2025-10-04T15:03:03.99200Z</time><extensions><mytracks:speed>61.75080083855691</mytracks:speed><mytracks:length>0.01760147532869186</mytracks:length></extensions></trkpt><trkpt lat="45.43668617961109" lon="-75.66946314937842"><ele>58.90234181157522</ele><time>2025-10-04T15:03:05.01900Z</time><extensions><mytracks:speed>61.73153348976197</mytracks:speed><mytracks:length>0.01760633906443206</mytracks:length></extensions></trkpt><trkpt lat="45.43676089443114" lon="-75.66966090652981"><ele>58.8550030539467</ele><time>2025-10-04T15:03:06.02600Z</time><extensions><mytracks:speed>62.63473065878912</mytracks:speed><mytracks:length>0.0175242434300536</mytracks:length></extensions></trkpt><trkpt lat="45.43683432781918" lon="-75.66986468095932"><ele>58.69987368682908</ele><time>2025-10-04T15:03:07.03600Z</time><extensions><mytracks:speed>63.69471311654469</mytracks:speed><mytracks:length>0.01787357118802079</mytracks:length></extensions></trkpt><trkpt lat="45.43690206629871" lon="-75.67006487305231"><ele>58.56805151199077</ele><time>2025-10-04T15:03:08.00200Z</time><extensions><mytracks:speed>64.16105287537351</mytracks:speed><mytracks:length>0.01734096582773416</mytracks:length></extensions></trkpt><trkpt lat="45.43696774309654" lon="-75.67027154048554"><ele>58.37006201942909</ele><time>2025-10-04T15:03:08.97400Z</time><extensions><mytracks:speed>65.07979394879784</mytracks:speed><mytracks:length>0.01770206038295291</mytracks:length></extensions></trkpt><trkpt lat="45.43703362543506" lon="-75.67048811950764"><ele>58.16668891846072</ele><time>2025-10-04T15:03:09.98700Z</time><extensions><mytracks:speed>65.49891276135423</mytracks:speed><mytracks:length>0.01841793715611607</mytracks:length></extensions></trkpt><trkpt lat="45.43709500673537" lon="-75.6707057519702"><ele>58.0078506615065</ele><time>2025-10-04T15:03:10.99600Z</time><extensions><mytracks:speed>65.31108422211719</mytracks:speed><mytracks:length>0.01830085642900588</mytracks:length></extensions></trkpt><trkpt lat="45.43715315048772" lon="-75.67092689394579"><ele>57.83453494519819</ele><time>2025-10-04T15:03:12.01600Z</time><extensions><mytracks:speed>65.00346151971041</mytracks:speed><mytracks:length>0.01842600956645356</mytracks:length></extensions></trkpt><trkpt lat="45.43720870066755" lon="-75.67114886056724"><ele>57.63484256673893</ele><time>2025-10-04T15:03:13.03400Z</time><extensions><mytracks:speed>65.05648382204367</mytracks:speed><mytracks:length>0.01838757278564663</mytracks:length></extensions></trkpt><trkpt lat="45.43726086528877" lon="-75.67136503439758"><ele>57.50761931304913</ele><time>2025-10-04T15:03:14.02300Z</time><extensions><mytracks:speed>64.97359721659973</mytracks:speed><mytracks:length>0.01783647046154762</mytracks:length></extensions></trkpt><trkpt lat="45.43731011867811" lon="-75.67158522325492"><ele>57.50141650572363</ele><time>2025-10-04T15:03:15.02400Z</time><extensions><mytracks:speed>64.85302812891869</mytracks:speed><mytracks:length>0.01803195961419578</mytracks:length></extensions></trkpt><trkpt lat="45.43735732466192" lon="-75.6718039030187"><ele>57.48348221809481</ele><time>2025-10-04T15:03:16.00700Z</time><extensions><mytracks:speed>65.11702135846006</mytracks:speed><mytracks:length>0.01785137049256598</mytracks:length></extensions></trkpt><trkpt lat="45.43740137060108" lon="-75.67202349668915"><ele>57.50761511429154</ele><time>2025-10-04T15:03:16.97800Z</time><extensions><mytracks:speed>65.7143796653632</mytracks:speed><mytracks:gradient>0.0001737788125246876</mytracks:gradient><mytracks:length>0.01781978786666292</mytracks:length></extensions></trkpt><trkpt lat="45.43746363834575" lon="-75.67236877316627"><ele>57.68035286078289</ele><time>2025-10-04T15:03:18.48700Z</time><extensions><mytracks:speed>66.37671735814955</mytracks:speed><mytracks:gradient>0.006210112957451403</mytracks:gradient><mytracks:length>0.02781555628293126</mytracks:length></extensions></trkpt><trkpt lat="45.43749904688605" lon="-75.67260028057275"><ele>57.61359877701032</ele><time>2025-10-04T15:03:19.48000Z</time><extensions><mytracks:speed>66.62533511035326</mytracks:speed><mytracks:gradient>0.002289303936681365</mytracks:gradient><mytracks:length>0.01848729344587289</mytracks:length></extensions></trkpt><trkpt lat="45.43753044972223" lon="-75.67283201913963"><ele>57.55436453057109</ele><time>2025-10-04T15:03:20.46400Z</time><extensions><mytracks:speed>67.16876071761325</mytracks:speed><mytracks:length>0.01841524556631929</mytracks:length></extensions></trkpt><trkpt lat="45.43755944620195" lon="-75.67307604890172"><ele>57.55009872928125</ele><time>2025-10-04T15:03:21.50300Z</time><extensions><mytracks:speed>66.90993909567496</mytracks:speed><mytracks:length>0.01931134245665726</mytracks:length></extensions></trkpt><trkpt lat="45.4375862294007" lon="-75.67330719257407"><ele>57.49548143897767</ele><time>2025-10-04T15:03:22.49700Z</time><extensions><mytracks:speed>66.57407815004983</mytracks:speed><mytracks:length>0.01827868162814524</mytracks:length></extensions></trkpt><trkpt lat="45.43761736764942" lon="-75.67354393341807"><ele>57.56651929306617</ele><time>2025-10-04T15:03:23.50100Z</time><extensions><mytracks:speed>67.40230942714189</mytracks:speed><mytracks:gradient>0.003779945745051323</mytracks:gradient><mytracks:length>0.01879335283621569</mytracks:length></extensions></trkpt><trkpt lat="45.43764765181446" lon="-75.67377779093954"><ele>57.6863467060914</ele><time>2025-10-04T15:03:24.49500Z</time><extensions><mytracks:speed>67.30219857184868</mytracks:speed><mytracks:gradient>0.005110509661630681</mytracks:gradient><mytracks:length>0.01855469050793865</mytracks:length></extensions></trkpt><trkpt lat="45.43768200736207" lon="-75.67402439659888"><ele>57.79737457332044</ele><time>2025-10-04T15:03:25.55400Z</time><extensions><mytracks:speed>66.65902750459706</mytracks:speed><mytracks:gradient>0.005659925108270207</mytracks:gradient><mytracks:length>0.01961649051977881</mytracks:length></extensions></trkpt><trkpt lat="45.43771281048531" lon="-75.67424636279519"><ele>57.94543227497985</ele><time>2025-10-04T15:03:26.50600Z</time><extensions><mytracks:speed>66.7191521627044</mytracks:speed><mytracks:gradient>0.006951439287786511</mytracks:gradient><mytracks:length>0.01765413697044771</mytracks:length></extensions></trkpt><trkpt lat="45.43774327984483" lon="-75.67447136275656"><ele>58.09143522697357</ele><time>2025-10-04T15:03:27.48700Z</time><extensions><mytracks:speed>66.17348262229062</mytracks:speed><mytracks:gradient>0.008275687498862061</mytracks:gradient><mytracks:length>0.01787936909853491</mytracks:length></extensions></trkpt><trkpt lat="45.4377742246784" lon="-75.67469484465123"><ele>58.20952442185472</ele><time>2025-10-04T15:03:28.47600Z</time><extensions><mytracks:speed>65.13857790540706</mytracks:speed><mytracks:gradient>0.00740742728956998</mytracks:gradient><mytracks:length>0.01777294258458302</mytracks:length></extensions></trkpt><trkpt lat="45.43780418875981" lon="-75.67492126001447"><ele>58.28728583151714</ele><time>2025-10-04T15:03:29.50300Z</time><extensions><mytracks:speed>63.02604869668549</mytracks:speed><mytracks:gradient>0.004325570309870486</mytracks:gradient><mytracks:length>0.01797714615457104</mytracks:length></extensions></trkpt><trkpt lat="45.43783208576635" lon="-75.67513682793856"><ele>58.35523991836269</ele><time>2025-10-04T15:03:30.51100Z</time><extensions><mytracks:speed>61.05976757837943</mytracks:speed><mytracks:gradient>0.003973260651557252</mytracks:gradient><mytracks:length>0.01710285148771194</mytracks:length></extensions></trkpt><trkpt lat="45.43785750486323" lon="-75.67534109096609"><ele>58.31652575483318</ele><time>2025-10-04T15:03:31.50700Z</time><extensions><mytracks:speed>59.79989536208558</mytracks:speed><mytracks:gradient>0.0008783729371226146</mytracks:gradient><mytracks:length>0.01618584188516172</mytracks:length></extensions></trkpt><trkpt lat="45.43788021723513" lon="-75.67553047080534"><ele>58.2437222280854</ele><time>2025-10-04T15:03:32.48100Z</time><extensions><mytracks:speed>56.97520966507051</mytracks:speed><mytracks:length>0.01499046091265566</mytracks:length></extensions></trkpt><trkpt lat="45.43790427988476" lon="-75.67571195056573"><ele>58.17905699106304</ele><time>2025-10-04T15:03:33.46800Z</time><extensions><mytracks:speed>53.9661915394496</mytracks:speed><mytracks:length>0.01441047776933308</mytracks:length></extensions></trkpt><trkpt lat="45.43793124287806" lon="-75.67588229794984"><ele>58.00412119614761</ele><time>2025-10-04T15:03:34.49200Z</time><extensions><mytracks:speed>47.92514230673071</mytracks:speed><mytracks:length>0.01362511713917661</mytracks:length></extensions></trkpt><trkpt lat="45.43795824276677" lon="-75.67603461248258"><ele>57.94028448403565</ele><time>2025-10-04T15:03:35.51600Z</time><extensions><mytracks:speed>43.09432340963777</mytracks:speed><mytracks:length>0.01225768745502498</mytracks:length></extensions></trkpt><trkpt lat="45.43799139351827" lon="-75.67621587403417"><ele>57.9240793661739</ele><time>2025-10-04T15:03:37.04400Z</time><extensions><mytracks:speed>34.4338050517041</mytracks:speed><mytracks:length>0.01461541168316438</mytracks:length></extensions></trkpt><trkpt lat="45.43800958771195" lon="-75.67630934340222"><ele>57.89193103773129</ele><time>2025-10-04T15:03:38.02500Z</time><extensions><mytracks:speed>31.82395543248098</mytracks:speed><mytracks:length>0.007568076184429711</mytracks:length></extensions></trkpt><trkpt lat="45.43802320033415" lon="-75.67638185925701"><ele>57.9121751771884</ele><time>2025-10-04T15:03:39.00900Z</time><extensions><mytracks:speed>24.59414899165906</mytracks:speed><mytracks:length>0.005856823140952646</mytracks:length></extensions></trkpt><trkpt lat="45.4380328282781" lon="-75.67643530605473"><ele>57.92506533942579</ele><time>2025-10-04T15:03:39.99500Z</time><extensions><mytracks:speed>18.5749253546444</mytracks:speed><mytracks:gradient>0.003260586270332023</mytracks:gradient><mytracks:length>0.004305710872246575</mytracks:length></extensions></trkpt><trkpt lat="45.43804110902153" lon="-75.67647454513228"><ele>57.98268020181481</ele><time>2025-10-04T15:03:40.99300Z</time><extensions><mytracks:speed>13.61001190694057</mytracks:speed><mytracks:gradient>0.009399303722933267</mytracks:gradient><mytracks:length>0.003198347504240235</mytracks:length></extensions></trkpt><trkpt lat="45.43805065597931" lon="-75.67650418284492"><ele>58.08475005087612</ele><time>2025-10-04T15:03:42.00700Z</time><extensions><mytracks:speed>9.030973106124693</mytracks:speed><mytracks:gradient>0.04012430588859581</mytracks:gradient><mytracks:length>0.002543840866548824</mytracks:length></extensions></trkpt><trkpt lat="45.43805777926963" lon="-75.67652734645168"><ele>58.23413461513901</ele><time>2025-10-04T15:03:43.00100Z</time><extensions><mytracks:speed>8.100503830675304</mytracks:speed><mytracks:gradient>0.05565413554644181</mytracks:gradient><mytracks:length>0.001973193114105706</mytracks:length></extensions></trkpt><trkpt lat="45.43806311815943" lon="-75.67654627808092"><ele>58.38703570349443</ele><time>2025-10-04T15:03:44.00200Z</time><extensions><mytracks:speed>5.722028822088005</mytracks:speed><mytracks:gradient>0.0960792709494073</mytracks:gradient><mytracks:length>0.001591405584623287</mytracks:length></extensions></trkpt><trkpt lat="45.43806765796629" lon="-75.67656204459489"><ele>58.58366059723986</ele><time>2025-10-04T15:03:45.00000Z</time><extensions><mytracks:speed>5.261277790887199</mytracks:speed><mytracks:gradient>0.1196400972423343</mytracks:gradient><mytracks:length>0.001332480404200788</mytracks:length></extensions></trkpt><trkpt lat="45.43807039927384" lon="-75.67657425358468"><ele>58.7030641072548</ele><time>2025-10-04T15:03:45.99600Z</time><extensions><mytracks:speed>4.206431893204282</mytracks:speed><mytracks:gradient>0.1356751011757537</mytracks:gradient><mytracks:length>0.001000205428293718</mytracks:length></extensions></trkpt><trkpt lat="45.43807111288229" lon="-75.6765774629402"><ele>58.75272856186997</ele><time>2025-10-04T15:03:48.56200Z</time><extensions><mytracks:speed>0.3523413535021117</mytracks:speed><mytracks:gradient>0.1977283457059106</mytracks:gradient><mytracks:length>0.0002511751890598611</mytracks:length></extensions></trkpt><trkpt lat="45.43807484946414" lon="-75.67659426770133"><ele>59.01278055272996</ele><time>2025-10-04T15:04:03.00000Z</time><extensions><mytracks:speed>0.3430339950543247</mytracks:speed><mytracks:gradient>0.1890265542697885</mytracks:gradient><mytracks:length>0.00137574316933711</mytracks:length></extensions></trkpt><trkpt lat="45.43807484946413" lon="-75.67659426770133"><ele>59.01278055272996</ele><time>2025-10-04T15:04:03.99200Z</time><extensions><mytracks:speed>0.3209666527649372</mytracks:speed><mytracks:gradient>0.1890265542697833</mytracks:gradient><mytracks:length>0</mytracks:length></extensions></trkpt><trkpt lat="45.43807484946414" lon="-75.67659426770133"><ele>59.01278055272996</ele><time>2025-10-04T15:04:04.99300Z</time><extensions><mytracks:speed>0.3007112390802468</mytracks:speed><mytracks:gradient>0.1894782312680323</mytracks:gradient><mytracks:length>0</mytracks:length></extensions></trkpt><trkpt lat="45.43807484946413" lon="-75.67659426770133"><ele>59.01278055272996</ele><time>2025-10-04T15:04:05.99800Z</time><extensions><mytracks:speed>0.2840535810173678</mytracks:speed><mytracks:gradient>0.1890265542697833</mytracks:gradient><mytracks:length>0</mytracks:length></extensions></trkpt><trkpt lat="45.43807484946414" lon="-75.67659426770133"><ele>59.01278055272996</ele><time>2025-10-04T15:04:07.00300Z</time><extensions><mytracks:speed>0.2685681470997058</mytracks:speed><mytracks:gradient>0.1890265542697885</mytracks:gradient><mytracks:length>0</mytracks:length></extensions></trkpt><trkpt lat="45.43807484946414" lon="-75.67659426770133"><ele>59.01278055272998</ele><time>2025-10-04T15:04:08.00500Z</time><extensions><mytracks:speed>0.2547292467921982</mytracks:speed><mytracks:gradient>0.1890265542697988</mytracks:gradient><mytracks:length>0</mytracks:length></extensions></trkpt><trkpt lat="45.43807484946414" lon="-75.67659426770133"><ele>59.01278055272997</ele><time>2025-10-04T15:04:09.00500Z</time><extensions><mytracks:speed>0.2416874259583156</mytracks:speed><mytracks:gradient>0.1894782312680426</mytracks:gradient><mytracks:length>0</mytracks:length></extensions></trkpt><trkpt lat="45.43807752082742" lon="-75.67659825111814"><ele>59.03510719885161</ele><time>2025-10-04T15:04:10.00300Z</time><extensions><mytracks:speed>0.7839262599806021</mytracks:speed><mytracks:gradient>0.05131993807459564</mytracks:gradient><mytracks:length>0.0004245635594323624</mytracks:length></extensions></trkpt><trkpt lat="45.43808156488377" lon="-75.67661014618261"><ele>59.05905908974279</ele><time>2025-10-04T15:04:11.00000Z</time><extensions><mytracks:speed>2.609004598712334</mytracks:speed><mytracks:gradient>0.03200426892479838</mytracks:gradient><mytracks:length>0.001031261302671383</mytracks:length></extensions></trkpt><trkpt lat="45.43808761026428" lon="-75.67663380557198"><ele>59.08706528591443</ele><time>2025-10-04T15:04:12.00300Z</time><extensions><mytracks:speed>7.05248859921104</mytracks:speed><mytracks:gradient>0.01425950744273708</mytracks:gradient><mytracks:length>0.001964036716142191</mytracks:length></extensions></trkpt><trkpt lat="45.43809601723549" lon="-75.67666942816894"><ele>59.12134645767308</ele><time>2025-10-04T15:04:13.00500Z</time><extensions><mytracks:speed>10.53847133824902</mytracks:speed><mytracks:gradient>0.01169105632559038</mytracks:gradient><mytracks:length>0.002932256145547126</mytracks:length></extensions></trkpt><trkpt lat="45.43810587496875" lon="-75.6767170027782"><ele>59.15287169946146</ele><time>2025-10-04T15:04:14.00600Z</time><extensions><mytracks:speed>13.91075586386521</mytracks:speed><mytracks:gradient>0.008145452184299498</mytracks:gradient><mytracks:length>0.003870287502166221</mytracks:length></extensions></trkpt><trkpt lat="45.43811496068059" lon="-75.67676918874001"><ele>59.15247576212813</ele><time>2025-10-04T15:04:15.00700Z</time><extensions><mytracks:speed>15.09493870101014</mytracks:speed><mytracks:length>0.004195452799423839</mytracks:length></extensions></trkpt><trkpt lat="45.43811980199004" lon="-75.67680654085814"><ele>59.16856254677401</ele><time>2025-10-04T15:04:17.04100Z</time><extensions><mytracks:speed>5.245582095173414</mytracks:speed><mytracks:gradient>0.005426742594578722</mytracks:gradient><mytracks:length>0.002964353728875261</mytracks:length></extensions></trkpt><trkpt lat="45.43815681874106" lon="-75.67704514616071"><ele>59.19491318799555</ele><time>2025-10-04T15:04:28.00000Z</time><extensions><mytracks:speed>6.263572123810149</mytracks:speed><mytracks:gradient>0.001382045812543501</mytracks:gradient><mytracks:length>0.01906640212819372</mytracks:length></extensions></trkpt><trkpt lat="45.43816464346369" lon="-75.67710244889706"><ele>59.17082076773347</ele><time>2025-10-04T15:04:28.99900Z</time><extensions><mytracks:speed>7.111256291762817</mytracks:speed><mytracks:gradient>9.560627017287445e-05</mytracks:gradient><mytracks:length>0.004554916054260115</mytracks:length></extensions></trkpt><trkpt lat="45.43817663211006" lon="-75.67716228193797"><ele>59.10273805767092</ele><time>2025-10-04T15:04:30.00200Z</time><extensions><mytracks:speed>17.42744941625463</mytracks:speed><mytracks:length>0.004854713044220386</mytracks:length></extensions></trkpt><trkpt lat="45.43818960460553" lon="-75.67722412972346"><ele>59.04690867826797</ele><time>2025-10-04T15:04:30.99800Z</time><extensions><mytracks:speed>17.80790015454582</mytracks:speed><mytracks:length>0.005036046881324936</mytracks:length></extensions></trkpt><trkpt lat="45.43820645879558" lon="-75.67728866109292"><ele>58.9697672277392</ele><time>2025-10-04T15:04:31.98900Z</time><extensions><mytracks:speed>18.84871004497088</mytracks:speed><mytracks:length>0.005372868199766463</mytracks:length></extensions></trkpt><trkpt lat="45.4382250786075" lon="-75.67735434619695"><ele>58.95169742345813</ele><time>2025-10-04T15:04:32.97800Z</time><extensions><mytracks:speed>19.81712571886609</mytracks:speed><mytracks:length>0.005527484926405687</mytracks:length></extensions></trkpt><trkpt lat="45.43824514340839" lon="-75.67741763656443"><ele>58.89782026163318</ele><time>2025-10-04T15:04:33.96900Z</time><extensions><mytracks:speed>19.89265824374376</mytracks:speed><mytracks:length>0.005417970014244823</mytracks:length></extensions></trkpt><trkpt lat="45.43826643001508" lon="-75.6774776308913"><ele>58.86003097238022</ele><time>2025-10-04T15:04:34.96800Z</time><extensions><mytracks:speed>19.28501609289331</mytracks:speed><mytracks:length>0.005245551074203499</mytracks:length></extensions></trkpt><trkpt lat="45.43828857300264" lon="-75.67753199910149"><ele>58.83991277624417</ele><time>2025-10-04T15:04:35.97100Z</time><extensions><mytracks:speed>17.60960492774157</mytracks:speed><mytracks:length>0.004904582054050873</mytracks:length></extensions></trkpt><trkpt lat="45.43831208776074" lon="-75.67757861714435"><ele>58.80024854440823</ele><time>2025-10-04T15:04:36.97300Z</time><extensions><mytracks:speed>16.10250397509624</mytracks:speed><mytracks:length>0.004480101221107</mytracks:length></extensions></trkpt><trkpt lat="45.43833864313475" lon="-75.677612738797"><ele>58.71490346604074</ele><time>2025-10-04T15:04:37.97500Z</time><extensions><mytracks:speed>14.27845316533397</mytracks:speed><mytracks:length>0.003975964630503437</mytracks:length></extensions></trkpt><trkpt lat="45.4383685946668" lon="-75.67763082996036"><ele>58.68582480264158</ele><time>2025-10-04T15:04:38.97600Z</time><extensions><mytracks:speed>13.0125309476687</mytracks:speed><mytracks:length>0.003617520709193829</mytracks:length></extensions></trkpt><trkpt lat="45.43840327398622" lon="-75.67763190445476"><ele>58.62712584650325</ele><time>2025-10-04T15:04:39.97600Z</time><extensions><mytracks:speed>13.21016211213266</mytracks:speed><mytracks:length>0.003857458428891387</mytracks:length></extensions></trkpt><trkpt lat="45.43844432698462" lon="-75.67761596546239"><ele>58.59946646634945</ele><time>2025-10-04T15:04:40.97500Z</time><extensions><mytracks:speed>15.31038943822721</mytracks:speed><mytracks:length>0.004731550869105959</mytracks:length></extensions></trkpt><trkpt lat="45.43849038653056" lon="-75.67758553079175"><ele>58.62113306544356</ele><time>2025-10-04T15:04:41.95500Z</time><extensions><mytracks:speed>18.80333148229932</mytracks:speed><mytracks:length>0.005646056862911198</mytracks:length></extensions></trkpt><trkpt lat="45.4385410371901" lon="-75.67754449544596"><ele>58.5522823694033</ele><time>2025-10-04T15:04:42.93200Z</time><extensions><mytracks:speed>22.28119445678823</mytracks:speed><mytracks:length>0.006478595078804454</mytracks:length></extensions></trkpt><trkpt lat="45.43859691765548" lon="-75.67750094903701"><ele>58.61269727299008</ele><time>2025-10-04T15:04:43.90200Z</time><extensions><mytracks:speed>25.07538871288932</mytracks:speed><mytracks:length>0.007081435086944916</mytracks:length></extensions></trkpt><trkpt lat="45.43913712854532" lon="-75.67707140266482"><ele>59.5463631497696</ele><time>2025-10-04T15:04:57.00000Z</time><extensions><mytracks:speed>18.90626588222378</mytracks:speed><mytracks:gradient>0.01357359451661548</mytracks:gradient><mytracks:length>0.06878545514503365</mytracks:length></extensions></trkpt><trkpt lat="45.43914845136435" lon="-75.67700941269651"><ele>59.21136289618794</ele><time>2025-10-04T15:04:58.06100Z</time><extensions><mytracks:speed>16.94718733680083</mytracks:speed><mytracks:length>0.004997421497783347</mytracks:length></extensions></trkpt><trkpt lat="45.43915093285293" lon="-75.67695725380204"><ele>58.86900704751843</ele><time>2025-10-04T15:04:59.07000Z</time><extensions><mytracks:speed>14.55464679817391</mytracks:speed><mytracks:length>0.004080009417563214</mytracks:length></extensions></trkpt><trkpt lat="45.43913653454145" lon="-75.67690238558488"><ele>58.57398080013959</ele><time>2025-10-04T15:05:00.07200Z</time><extensions><mytracks:speed>16.43204843405703</mytracks:speed><mytracks:length>0.004570718065485428</mytracks:length></extensions></trkpt><trkpt lat="45.4391105977498" lon="-75.67684553522012"><ele>58.35566163151663</ele><time>2025-10-04T15:05:01.06800Z</time><extensions><mytracks:speed>17.6662283699666</mytracks:speed><mytracks:length>0.005290886480021274</mytracks:length></extensions></trkpt><trkpt lat="45.43907356869457" lon="-75.67678811189887"><ele>58.07519029217141</ele><time>2025-10-04T15:05:02.07200Z</time><extensions><mytracks:speed>21.81598011145035</mytracks:speed><mytracks:length>0.0060854932977341</mytracks:length></extensions></trkpt><trkpt lat="45.43903663957979" lon="-75.67673337813504"><ele>57.92538956393624</ele><time>2025-10-04T15:05:03.04600Z</time><extensions><mytracks:speed>21.85790343302082</mytracks:speed><mytracks:length>0.005924145158146379</mytracks:length></extensions></trkpt><trkpt lat="45.43899786055027" lon="-75.67667533038755"><ele>57.63986525329025</ele><time>2025-10-04T15:05:04.01300Z</time><extensions><mytracks:speed>22.58329849725179</mytracks:speed><mytracks:length>0.006253491197782448</mytracks:length></extensions></trkpt><trkpt lat="45.43895996885409" lon="-75.67661388204314"><ele>57.58527345203721</ele><time>2025-10-04T15:05:05.01900Z</time><extensions><mytracks:speed>22.85512717834738</mytracks:speed><mytracks:length>0.006383295820054364</mytracks:length></extensions></trkpt><trkpt lat="45.4389216602698" lon="-75.6765529737725"><ele>57.52296578656214</ele><time>2025-10-04T15:05:06.03600Z</time><extensions><mytracks:speed>22.59487145284495</mytracks:speed><mytracks:length>0.00638188374265183</mytracks:length></extensions></trkpt><trkpt lat="45.43888847218155" lon="-75.67649647464648"><ele>57.44675520279074</ele><time>2025-10-04T15:05:07.05500Z</time><extensions><mytracks:speed>20.30548752309492</mytracks:speed><mytracks:length>0.005748879064931963</mytracks:length></extensions></trkpt><trkpt lat="45.43885438274548" lon="-75.67644278419691"><ele>57.28783115024268</ele><time>2025-10-04T15:05:08.07800Z</time><extensions><mytracks:speed>19.88401793924177</mytracks:speed><mytracks:length>0.005649248529001554</mytracks:length></extensions></trkpt><trkpt lat="45.43882769510202" lon="-75.67639990559098"><ele>57.27905560461915</ele><time>2025-10-04T15:05:09.06900Z</time><extensions><mytracks:speed>18.0902170354054</mytracks:speed><mytracks:length>0.004473054658258177</mytracks:length></extensions></trkpt><trkpt lat="45.43880494341256" lon="-75.67636429066576"><ele>57.18457098468097</ele><time>2025-10-04T15:05:10.06500Z</time><extensions><mytracks:speed>14.90878818491917</mytracks:speed><mytracks:length>0.003759246006080737</mytracks:length></extensions></trkpt><trkpt lat="45.43878704758763" lon="-75.67633476349762"><ele>57.1211744329576</ele><time>2025-10-04T15:05:11.05100Z</time><extensions><mytracks:speed>12.35353921458858</mytracks:speed><mytracks:length>0.003045337323366814</mytracks:length></extensions></trkpt><trkpt lat="45.438768813477" lon="-75.67631104399207"><ele>57.16654277627497</ele><time>2025-10-04T15:05:12.02800Z</time><extensions><mytracks:speed>10.60195625535584</mytracks:speed><mytracks:length>0.002746568575424847</mytracks:length></extensions></trkpt><trkpt lat="45.43870337838147" lon="-75.67623580049174"><ele>58.32530723698437</ele><time>2025-10-04T15:05:18.00000Z</time><extensions><mytracks:speed>5.636049186188094</mytracks:speed><mytracks:gradient>0.1239378532672303</mytracks:gradient><mytracks:length>0.009349560527008003</mytracks:length></extensions></trkpt><trkpt lat="45.43868457928574" lon="-75.67622232401699"><ele>58.35360743291676</ele><time>2025-10-04T15:05:19.00000Z</time><extensions><mytracks:speed>6.013704924455418</mytracks:speed><mytracks:gradient>0.101924457090344</mytracks:gradient><mytracks:length>0.002340881920630668</mytracks:length></extensions></trkpt><trkpt lat="45.43867692951801" lon="-75.67620076493172"><ele>58.05493777888268</ele><time>2025-10-04T15:05:20.02500Z</time><extensions><mytracks:speed>6.615364014486086</mytracks:speed><mytracks:length>0.001884411859217141</mytracks:length></extensions></trkpt><trkpt lat="45.43867925973684" lon="-75.67618149096269"><ele>58.10349254056886</ele><time>2025-10-04T15:06:31.34500Z</time><extensions><mytracks:speed>0.07697161650686964</mytracks:speed><mytracks:gradient>0.03184155408260966</mytracks:gradient><mytracks:length>0.001524886679846285</mytracks:length></extensions></trkpt><trkpt lat="45.43870115414354" lon="-75.67607317834786"><ele>59.0711466986686</ele><time>2025-10-04T15:12:08.00000Z</time><extensions><mytracks:speed>0.09404575549027164</mytracks:speed><mytracks:gradient>0.1100267270468671</mytracks:gradient><mytracks:length>0.008794719102091966</mytracks:length></extensions></trkpt><trkpt lat="45.43875031848837" lon="-75.67609210579472"><ele>58.80032341194814</ele><time>2025-10-04T15:12:09.51700Z</time><extensions><mytracks:speed>13.43722124401771</mytracks:speed><mytracks:length>0.005662793041072969</mytracks:length></extensions></trkpt><trkpt lat="45.4387717122109" lon="-75.67611761354408"><ele>58.50170197477532</ele><time>2025-10-04T15:12:10.51400Z</time><extensions><mytracks:speed>12.28243846224765</mytracks:speed><mytracks:length>0.003102511101396227</mytracks:length></extensions></trkpt><trkpt lat="45.43878678012675" lon="-75.6761540537948"><ele>58.23651922944171</ele><time>2025-10-04T15:12:11.51200Z</time><extensions><mytracks:speed>11.38167226301171</mytracks:speed><mytracks:length>0.003300964610090801</mytracks:length></extensions></trkpt><trkpt lat="45.43880224857237" lon="-75.67619786130498"><ele>58.06200955230007</ele><time>2025-10-04T15:12:12.50800Z</time><extensions><mytracks:speed>12.8583128070396</mytracks:speed><mytracks:length>0.003826964208067271</mytracks:length></extensions></trkpt><trkpt lat="45.4388230724371" lon="-75.67624261405071"><ele>58.06413656593953</ele><time>2025-10-04T15:12:13.50400Z</time><extensions><mytracks:speed>14.46727106233224</mytracks:speed><mytracks:length>0.004190078834365036</mytracks:length></extensions></trkpt><trkpt lat="45.43884949662295" lon="-75.67629096452086"><ele>58.10294294769738</ele><time>2025-10-04T15:12:14.50300Z</time><extensions><mytracks:speed>16.1806329768402</mytracks:speed><mytracks:gradient>0.004566050068973744</mytracks:gradient><mytracks:length>0.00478176194507127</mytracks:length></extensions></trkpt><trkpt lat="45.43888041114751" lon="-75.67634210390837"><ele>58.04120012689307</ele><time>2025-10-04T15:12:15.50200Z</time><extensions><mytracks:speed>18.09208677475774</mytracks:speed><mytracks:length>0.005266128666418526</mytracks:length></extensions></trkpt><trkpt lat="45.43891233374163" lon="-75.67638968766425"><ele>58.16674795810415</ele><time>2025-10-04T15:12:16.50300Z</time><extensions><mytracks:speed>18.48756082788635</mytracks:speed><mytracks:gradient>0.02443970507857799</mytracks:gradient><mytracks:length>0.005137043626648564</mytracks:length></extensions></trkpt><trkpt lat="45.43894242628084" lon="-75.67644205852611"><ele>58.20621758374318</ele><time>2025-10-04T15:12:17.50100Z</time><extensions><mytracks:speed>18.74922352961478</mytracks:speed><mytracks:gradient>0.0158511081605071</mytracks:gradient><mytracks:length>0.005282362410557701</mytracks:length></extensions></trkpt><trkpt lat="45.43898711886551" lon="-75.67652125093613"><ele>58.12001045075101</ele><time>2025-10-04T15:12:18.99800Z</time><extensions><mytracks:speed>19.07220909563534</mytracks:speed><mytracks:length>0.007929228874239136</mytracks:length></extensions></trkpt><trkpt lat="45.43900941597213" lon="-75.67656455798681"><ele>58.00175620972681</ele><time>2025-10-04T15:12:19.99200Z</time><extensions><mytracks:speed>17.51510507600224</mytracks:speed><mytracks:length>0.004190078834365036</mytracks:length></extensions></trkpt><trkpt lat="45.43902188805856" lon="-75.67660198957945"><ele>57.59477237298823</ele><time>2025-10-04T15:12:20.99100Z</time><extensions><mytracks:speed>13.35339113390489</mytracks:speed><mytracks:length>0.003231985738996569</mytracks:length></extensions></trkpt><trkpt lat="45.43903762140665" lon="-75.67663547752714"><ele>57.33925922649478</ele><time>2025-10-04T15:12:21.98800Z</time><extensions><mytracks:speed>11.46952487959282</mytracks:speed><mytracks:length>0.003144351085277176</mytracks:length></extensions></trkpt><trkpt lat="45.43904995488743" lon="-75.67665867553428"><ele>57.21204989540493</ele><time>2025-10-04T15:12:22.98300Z</time><extensions><mytracks:speed>9.779695131876061</mytracks:speed><mytracks:length>0.002270522093602997</mytracks:length></extensions></trkpt><trkpt lat="45.43905623844033" lon="-75.6766744546231"><ele>57.34423532721968</ele><time>2025-10-04T15:12:28.48400Z</time><extensions><mytracks:speed>0.9256131012914695</mytracks:speed><mytracks:gradient>0.09345001793254792</mytracks:gradient><mytracks:length>0.001414504081852167</mytracks:length></extensions></trkpt><trkpt lat="45.43912172856063" lon="-75.67682075896495"><ele>58.36883451789618</ele><time>2025-10-04T15:13:12.00000Z</time><extensions><mytracks:speed>1.120169615384625</mytracks:speed><mytracks:gradient>0.07567099868208804</mytracks:gradient><mytracks:length>0.01354018327392616</mytracks:length></extensions></trkpt><trkpt lat="45.43913216050592" lon="-75.67683867708404"><ele>58.26791559932354</ele><time>2025-10-04T15:13:13.01700Z</time><extensions><mytracks:speed>6.433500822856288</mytracks:speed><mytracks:length>0.001818698673106973</mytracks:length></extensions></trkpt><trkpt lat="45.43914361226366" lon="-75.67685661929556"><ele>58.22880643382879</ele><time>2025-10-04T15:13:14.01400Z</time><extensions><mytracks:speed>6.628092769735249</mytracks:speed><mytracks:length>0.001893953246085494</mytracks:length></extensions></trkpt><trkpt lat="45.43915638153057" lon="-75.67687288290148"><ele>58.50530354222639</ele><time>2025-10-04T15:13:26.34100Z</time><extensions><mytracks:speed>0.5551850559650503</mytracks:speed><mytracks:gradient>0.1454422852309123</mytracks:gradient><mytracks:length>0.001901077860256507</mytracks:length></extensions></trkpt><trkpt lat="45.43922764071517" lon="-75.6769657940245"><ele>59.69910668302327</ele><time>2025-10-04T15:14:23.00000Z</time><extensions><mytracks:speed>0.6823684145315171</mytracks:speed><mytracks:gradient>0.1111606082160126</mytracks:gradient><mytracks:length>0.0107394441246402</mytracks:length></extensions></trkpt><trkpt lat="45.4392476273601" lon="-75.67703183472466"><ele>58.62224012240767</ele><time>2025-10-04T15:14:27.00000Z</time><extensions><mytracks:speed>5.050463207540111</mytracks:speed><mytracks:length>0.005611631806776988</mytracks:length></extensions></trkpt><trkpt lat="45.43924730907193" lon="-75.6770471855192"><ele>58.83237895595539</ele><time>2025-10-04T15:14:29.17600Z</time><extensions><mytracks:speed>1.980354366737345</mytracks:speed><mytracks:gradient>0.1755415938396863</mytracks:gradient><mytracks:length>0.001197088558621761</mytracks:length></extensions></trkpt><trkpt lat="45.43922474755112" lon="-75.67718416506101"><ele>59.26916186045855</ele><time>2025-10-04T15:14:37.00000Z</time><extensions><mytracks:speed>5.051344309624004</mytracks:speed><mytracks:gradient>0.03978686589989598</mytracks:gradient><mytracks:length>0.01097806762669143</mytracks:length></extensions></trkpt><trkpt lat="45.43915315285334" lon="-75.67725130008806"><ele>58.50226391638137</ele><time>2025-10-04T15:14:38.90300Z</time><extensions><mytracks:speed>18.02961120007119</mytracks:speed><mytracks:length>0.009530009796980656</mytracks:length></extensions></trkpt><trkpt lat="45.43910849293636" lon="-75.67728502853582"><ele>58.24514535822142</ele><time>2025-10-04T15:14:39.90600Z</time><extensions><mytracks:speed>20.1714531628079</mytracks:speed><mytracks:length>0.0056196564523848</mytracks:length></extensions></trkpt><trkpt lat="45.43905928805867" lon="-75.67731603520552"><ele>57.97486745975388</ele><time>2025-10-04T15:14:40.94400Z</time><extensions><mytracks:speed>20.74322796707111</mytracks:speed><mytracks:length>0.005982430491562866</mytracks:length></extensions></trkpt><trkpt lat="45.43901194334804" lon="-75.67734508149967"><ele>57.95278824232897</ele><time>2025-10-04T15:14:41.98200Z</time><extensions><mytracks:speed>19.86854997907611</mytracks:speed><mytracks:length>0.005731608052337085</mytracks:length></extensions></trkpt><trkpt lat="45.43897238822927" lon="-75.67736299075854"><ele>58.07705708355044</ele><time>2025-10-04T15:14:42.96100Z</time><extensions><mytracks:speed>18.44404811255868</mytracks:speed><mytracks:gradient>0.009888677939990768</mytracks:gradient><mytracks:length>0.004614871137978839</mytracks:length></extensions></trkpt><trkpt lat="45.43893909954179" lon="-75.67737919079208"><ele>58.11786785273406</ele><time>2025-10-04T15:14:43.94300Z</time><extensions><mytracks:speed>15.65094013249401</mytracks:speed><mytracks:gradient>0.01936259366209542</mytracks:gradient><mytracks:length>0.003910827307286828</mytracks:length></extensions></trkpt><trkpt lat="45.43891347660477" lon="-75.67738900424023"><ele>58.19487653815629</ele><time>2025-10-04T15:14:44.94400Z</time><extensions><mytracks:speed>10.60945640725988</mytracks:speed><mytracks:gradient>0.02611249292590402</mytracks:gradient><mytracks:length>0.002949112734687795</mytracks:length></extensions></trkpt><trkpt lat="45.4388925476775" lon="-75.6773966922112"><ele>58.32072189198911</ele><time>2025-10-04T15:14:45.96100Z</time><extensions><mytracks:speed>8.505407407362492</mytracks:speed><mytracks:gradient>0.05235768713001249</mytracks:gradient><mytracks:length>0.002403569766562233</mytracks:length></extensions></trkpt><trkpt lat="45.43888092399962" lon="-75.67739631077198"><ele>58.45814961168067</ele><time>2025-10-04T15:14:50.94700Z</time><extensions><mytracks:speed>0.9349049581752691</mytracks:speed><mytracks:gradient>0.1061427048132678</mytracks:gradient><mytracks:length>0.001294744843117849</mytracks:length></extensions></trkpt><trkpt lat="45.43875260325616" lon="-75.67741593186216"><ele>59.4378448817879</ele><time>2025-10-04T15:15:34.00000Z</time><extensions><mytracks:speed>1.199952096064278</mytracks:speed><mytracks:gradient>0.06826996727308335</mytracks:gradient><mytracks:length>0.01435031111393972</mytracks:length></extensions></trkpt><trkpt lat="45.43870630085699" lon="-75.67745746926013"><ele>59.59446763129884</ele><time>2025-10-04T15:15:35.09800Z</time><extensions><mytracks:speed>19.93782598803745</mytracks:speed><mytracks:gradient>0.0257464676520379</mytracks:gradient><mytracks:length>0.006083271368627819</mytracks:length></extensions></trkpt><trkpt lat="45.43866749102222" lon="-75.67749113907"><ele>59.6562428555218</ele><time>2025-10-04T15:15:36.06100Z</time><extensions><mytracks:speed>19.44933525559203</mytracks:speed><mytracks:gradient>0.0196129641433507</mytracks:gradient><mytracks:length>0.005052127966045667</mytracks:length></extensions></trkpt><trkpt lat="45.43862257216998" lon="-75.67752942949362"><ele>59.68675144268362</ele><time>2025-10-04T15:15:37.04500Z</time><extensions><mytracks:speed>20.10160003973061</mytracks:speed><mytracks:gradient>0.008488485583352431</mytracks:gradient><mytracks:length>0.005819773808835138</mytracks:length></extensions></trkpt><trkpt lat="45.43857269192877" lon="-75.67757413452227"><ele>59.68365787674642</ele><time>2025-10-04T15:15:38.04600Z</time><extensions><mytracks:speed>23.57249032430591</mytracks:speed><mytracks:length>0.00655191128907422</mytracks:length></extensions></trkpt><trkpt lat="45.43852245075183" lon="-75.67761855828269"><ele>59.84474263616077</ele><time>2025-10-04T15:15:39.11000Z</time><extensions><mytracks:speed>22.23340658530397</mytracks:speed><mytracks:gradient>0.02450118828568583</mytracks:gradient><mytracks:length>0.006574569263175707</mytracks:length></extensions></trkpt><trkpt lat="45.43846817718701" lon="-75.67765765567663"><ele>59.69474213826702</ele><time>2025-10-04T15:15:40.13000Z</time><extensions><mytracks:speed>23.87924045814489</mytracks:speed><mytracks:length>0.006761766181099861</mytracks:length></extensions></trkpt><trkpt lat="45.43841194534983" lon="-75.67768373119377"><ele>59.57685299246696</ele><time>2025-10-04T15:15:41.13600Z</time><extensions><mytracks:speed>23.51599936053459</mytracks:speed><mytracks:length>0.006575254649600626</mytracks:length></extensions></trkpt><trkpt lat="45.43835663792522" lon="-75.67769475949198"><ele>59.49870071574715</ele><time>2025-10-04T15:15:42.15900Z</time><extensions><mytracks:speed>21.85897226851754</mytracks:speed><mytracks:length>0.006210103824635209</mytracks:length></extensions></trkpt><trkpt lat="45.4383057989464" lon="-75.67767906850962"><ele>59.34589810513317</ele><time>2025-10-04T15:15:43.17000Z</time><extensions><mytracks:speed>20.5938579841913</mytracks:speed><mytracks:length>0.005784045512373522</mytracks:length></extensions></trkpt><trkpt lat="45.43825839806133" lon="-75.67764414223032"><ele>58.93739036970996</ele><time>2025-10-04T15:15:44.18900Z</time><extensions><mytracks:speed>20.9762608356932</mytracks:speed><mytracks:length>0.00593478506822174</mytracks:length></extensions></trkpt><trkpt lat="45.43821647822333" lon="-75.67758977684706"><ele>58.57131654780975</ele><time>2025-10-04T15:15:45.17900Z</time><extensions><mytracks:speed>21.73791188379781</mytracks:speed><mytracks:length>0.00630301746831907</mytracks:length></extensions></trkpt><trkpt lat="45.43817671145235" lon="-75.67751733496669"><ele>58.33634827316929</ele><time>2025-10-04T15:15:46.17800Z</time><extensions><mytracks:speed>24.29988333246741</mytracks:speed><mytracks:length>0.007176254560047247</mytracks:length></extensions></trkpt><trkpt lat="45.43813788941249" lon="-75.67742411218117"><ele>58.05007442737366</ele><time>2025-10-04T15:15:47.20500Z</time><extensions><mytracks:speed>29.66273095622699</mytracks:speed><mytracks:length>0.008458303513682156</mytracks:length></extensions></trkpt><trkpt lat="45.43809947358196" lon="-75.67730539567862"><ele>57.89089725342252</ele><time>2025-10-04T15:15:48.22600Z</time><extensions><mytracks:speed>35.97082250444333</mytracks:speed><mytracks:length>0.01020057577712145</mytracks:length></extensions></trkpt><trkpt lat="45.43804097992372" lon="-75.67703582285051"><ele>58.55981010878185</ele><time>2025-10-04T15:15:50.03400Z</time><extensions><mytracks:speed>43.83620208808174</mytracks:speed><mytracks:gradient>0.03038390147279881</mytracks:gradient><mytracks:length>0.02201537073697316</mytracks:length></extensions></trkpt><trkpt lat="45.43798074933566" lon="-75.67666845475888"><ele>59.24198716765498</ele><time>2025-10-04T15:15:51.97100Z</time><extensions><mytracks:speed>54.7107651019947</mytracks:speed><mytracks:gradient>0.02317547409509916</mytracks:gradient><mytracks:length>0.02943530113230264</mytracks:length></extensions></trkpt><trkpt lat="45.43794592599544" lon="-75.67644864070489"><ele>59.51197201850545</ele><time>2025-10-04T15:15:53.05000Z</time><extensions><mytracks:speed>58.63601939153762</mytracks:speed><mytracks:gradient>0.01535552319142708</mytracks:gradient><mytracks:length>0.01758226323419585</mytracks:length></extensions></trkpt><trkpt lat="45.43790315112096" lon="-75.67623359911822"><ele>59.38131849527364</ele><time>2025-10-04T15:15:54.09300Z</time><extensions><mytracks:speed>60.22056959535378</mytracks:speed><mytracks:length>0.01743943594106782</mytracks:length></extensions></trkpt><trkpt lat="45.43786304228464" lon="-75.67602976011679"><ele>59.03651489169565</ele><time>2025-10-04T15:15:55.08000Z</time><extensions><mytracks:speed>60.23472209513605</mytracks:speed><mytracks:length>0.01651792341807345</mytracks:length></extensions></trkpt><trkpt lat="45.43780476379123" lon="-75.6756018131683"><ele>58.40461451179223</ele><time>2025-10-04T15:15:57.11700Z</time><extensions><mytracks:speed>60.10364740610548</mytracks:speed><mytracks:length>0.03401294710823986</mytracks:length></extensions></trkpt><trkpt lat="45.43776355051858" lon="-75.67528087875837"><ele>57.8286577037394</ele><time>2025-10-04T15:15:58.64400Z</time><extensions><mytracks:speed>60.02196383474639</mytracks:speed><mytracks:length>0.02545647131742398</mytracks:length></extensions></trkpt><trkpt lat="45.43773297554841" lon="-75.67506835632405"><ele>57.42812383872344</ele><time>2025-10-04T15:15:59.63400Z</time><extensions><mytracks:speed>60.62169368860511</mytracks:speed><mytracks:length>0.01692672668677539</mytracks:length></extensions></trkpt><trkpt lat="45.43765485116669" lon="-75.67465649673694"><ele>56.70844490438169</ele><time>2025-10-04T15:16:01.52900Z</time><extensions><mytracks:speed>63.24457114947514</mytracks:speed><mytracks:length>0.03328832817744787</mytracks:length></extensions></trkpt><trkpt lat="45.43761497863383" lon="-75.67443697109216"><ele>55.80731206631907</ele><time>2025-10-04T15:16:02.52500Z</time><extensions><mytracks:speed>63.468039081564</mytracks:speed><mytracks:length>0.01769314830446278</mytracks:length></extensions></trkpt><trkpt lat="45.43759092837885" lon="-75.67421718137705"><ele>55.39336355346899</ele><time>2025-10-04T15:16:03.51000Z</time><extensions><mytracks:speed>63.5948445656304</mytracks:speed><mytracks:length>0.01735603160474878</mytracks:length></extensions></trkpt><trkpt lat="45.43756728551412" lon="-75.67400313700676"><ele>55.11579867608214</ele><time>2025-10-04T15:16:04.49100Z</time><extensions><mytracks:speed>62.76434965444324</mytracks:speed><mytracks:length>0.01690621476254225</mytracks:length></extensions></trkpt><trkpt lat="45.43754265256775" lon="-75.67378820373426"><ele>55.00305978446505</ele><time>2025-10-04T15:16:05.48600Z</time><extensions><mytracks:speed>61.76630909814973</mytracks:speed><mytracks:length>0.01699235757322599</mytracks:length></extensions></trkpt><trkpt lat="45.43752248867104" lon="-75.67357127198609"><ele>55.62805734656448</ele><time>2025-10-04T15:16:06.52000Z</time><extensions><mytracks:speed>59.45156756266591</mytracks:speed><mytracks:gradient>0.03660612356337581</mytracks:gradient><mytracks:length>0.01707357953423773</mytracks:length></extensions></trkpt><trkpt lat="45.43749246473254" lon="-75.67337067122858"><ele>56.07788831905378</ele><time>2025-10-04T15:16:07.51400Z</time><extensions><mytracks:speed>58.66222677071671</mytracks:speed><mytracks:gradient>0.03251924489838167</mytracks:gradient><mytracks:length>0.01600356843959241</mytracks:length></extensions></trkpt><trkpt lat="45.43746561919318" lon="-75.67317942608905"><ele>56.29289654104295</ele><time>2025-10-04T15:16:08.50400Z</time><extensions><mytracks:speed>56.63948763836305</mytracks:speed><mytracks:gradient>0.02129490146811943</mytracks:gradient><mytracks:length>0.01521750936561508</mytracks:length></extensions></trkpt><trkpt lat="45.43744127165444" lon="-75.67299463743593"><ele>56.37835515123415</ele><time>2025-10-04T15:16:09.50100Z</time><extensions><mytracks:speed>54.15064300986045</mytracks:speed><mytracks:gradient>0.01005348548825291</mytracks:gradient><mytracks:length>0.01467019158670944</mytracks:length></extensions></trkpt><trkpt lat="45.4374180494527" lon="-75.67281592728361"><ele>56.39884832031487</ele><time>2025-10-04T15:16:10.50300Z</time><extensions><mytracks:speed>50.95688977152678</mytracks:speed><mytracks:gradient>0.001445147429719236</mytracks:gradient><mytracks:length>0.01418067711244123</mytracks:length></extensions></trkpt><trkpt lat="45.43739438020662" lon="-75.67264888127491"><ele>56.36484790443061</ele><time>2025-10-04T15:16:11.49600Z</time><extensions><mytracks:speed>49.57842649211133</mytracks:speed><mytracks:length>0.0132967043947582</mytracks:length></extensions></trkpt><trkpt lat="45.43737062917199" lon="-75.67248997535356"><ele>56.28386611101212</ele><time>2025-10-04T15:16:12.48900Z</time><extensions><mytracks:speed>47.07439777973418</mytracks:speed><mytracks:length>0.01267661759154075</mytracks:length></extensions></trkpt><trkpt lat="45.4373470534665" lon="-75.67233753372257"><ele>56.16477768006904</ele><time>2025-10-04T15:16:13.50100Z</time><extensions><mytracks:speed>43.34026147699682</mytracks:speed><mytracks:length>0.01217986944783473</mytracks:length></extensions></trkpt><trkpt lat="45.43732322946953" lon="-75.6721988580878"><ele>56.05576630899545</ele><time>2025-10-04T15:16:14.49100Z</time><extensions><mytracks:speed>41.92656304392471</mytracks:speed><mytracks:length>0.01114024361109621</mytracks:length></extensions></trkpt><trkpt lat="45.43730047345711" lon="-75.67207136992174"><ele>55.76894581074311</ele><time>2025-10-04T15:16:15.49000Z</time><extensions><mytracks:speed>38.73049803486391</mytracks:speed><mytracks:length>0.01026443321624638</mytracks:length></extensions></trkpt><trkpt lat="45.43727900829658" lon="-75.67196104602262"><ele>55.65377387203596</ele><time>2025-10-04T15:16:16.48600Z</time><extensions><mytracks:speed>34.6522321183477</mytracks:speed><mytracks:length>0.008933002934191461</mytracks:length></extensions></trkpt><trkpt lat="45.43725832640015" lon="-75.67186695510159"><ele>55.57541763644713</ele><time>2025-10-04T15:16:17.49800Z</time><extensions><mytracks:speed>27.35279965158601</mytracks:speed><mytracks:length>0.007693860184179981</mytracks:length></extensions></trkpt><trkpt lat="45.43724083496434" lon="-75.67179176994694"><ele>55.54720008751727</ele><time>2025-10-04T15:16:18.50200Z</time><extensions><mytracks:speed>22.1696144636046</mytracks:speed><mytracks:length>0.006180280606085223</mytracks:length></extensions></trkpt><trkpt lat="45.43722653064478" lon="-75.67173131718917"><ele>55.63555544001431</ele><time>2025-10-04T15:16:19.51000Z</time><extensions><mytracks:speed>17.77308174452696</mytracks:speed><mytracks:gradient>0.0177540231503202</mytracks:gradient><mytracks:length>0.004976638351147244</mytracks:length></extensions></trkpt><trkpt lat="45.43721603950353" lon="-75.67168440288775"><ele>55.75868307804741</ele><time>2025-10-04T15:16:20.50900Z</time><extensions><mytracks:speed>15.81855052151976</mytracks:speed><mytracks:gradient>0.02397962169567115</mytracks:gradient><mytracks:length>0.003841068546567046</mytracks:length></extensions></trkpt><trkpt lat="45.43720846306308" lon="-75.67165110202903"><ele>55.89845052537844</ele><time>2025-10-04T15:16:21.50100Z</time><extensions><mytracks:speed>11.8857539531923</mytracks:speed><mytracks:gradient>0.03999500309108132</mytracks:gradient><mytracks:length>0.002731762167962691</mytracks:length></extensions></trkpt><trkpt lat="45.43720379306506" lon="-75.67162975658464"><ele>56.06276001516396</ele><time>2025-10-04T15:16:22.50000Z</time><extensions><mytracks:speed>8.095075320510583</mytracks:speed><mytracks:gradient>0.06793381949071774</mytracks:gradient><mytracks:length>0.001745364217108893</mytracks:length></extensions></trkpt><trkpt lat="45.43720111684122" lon="-75.67161841831673"><ele>56.20334517673876</ele><time>2025-10-04T15:16:23.50100Z</time><extensions><mytracks:speed>3.362190824748232</mytracks:speed><mytracks:gradient>0.1503577781267245</mytracks:gradient><mytracks:length>0.0009350042500383114</mytracks:length></extensions></trkpt><trkpt lat="45.43719977527294" lon="-75.67161399935665"><ele>56.27660847667104</ele><time>2025-10-04T15:16:24.50300Z</time><extensions><mytracks:speed>1.320539992836862</mytracks:speed><mytracks:gradient>0.1992567896979675</mytracks:gradient><mytracks:length>0.0003676828279895702</mytracks:length></extensions></trkpt><trkpt lat="45.43719851143646" lon="-75.6716109025144"><ele>56.35865337523245</ele><time>2025-10-04T15:16:25.50000Z</time><extensions><mytracks:speed>1.184607404229367</mytracks:speed><mytracks:gradient>0.2361272154004169</mytracks:gradient><mytracks:length>0.0002848058938980103</mytracks:length></extensions></trkpt><trkpt lat="45.43719658602465" lon="-75.67160550096254"><ele>56.36784905400413</ele><time>2025-10-04T15:16:26.50000Z</time><extensions><mytracks:speed>1.708054699692891</mytracks:speed><mytracks:gradient>0.01937251784889426</mytracks:gradient><mytracks:length>0.0004746764898300172</mytracks:length></extensions></trkpt><trkpt lat="45.43719266994" lon="-75.67159283662762"><ele>56.39866007622326</ele><time>2025-10-04T15:16:27.50100Z</time><extensions><mytracks:speed>3.892372300394233</mytracks:speed><mytracks:gradient>0.02846470669951289</mytracks:gradient><mytracks:length>0.001082428937153014</mytracks:length></extensions></trkpt><trkpt lat="45.43718636086498" lon="-75.67156902725702"><ele>56.48366917886421</ele><time>2025-10-04T15:16:28.50300Z</time><extensions><mytracks:speed>7.144573499751235</mytracks:speed><mytracks:gradient>0.04273713983581402</mytracks:gradient><mytracks:length>0.001989115391613426</mytracks:length></extensions></trkpt><trkpt lat="45.43717760512985" lon="-75.6715330562201"><ele>56.54490343092097</ele><time>2025-10-04T15:16:29.50500Z</time><extensions><mytracks:speed>10.67937605970225</mytracks:speed><mytracks:gradient>0.02061462095805579</mytracks:gradient><mytracks:length>0.002970428230591717</mytracks:length></extensions></trkpt><trkpt lat="45.43716654252682" lon="-75.67148509402031"><ele>56.69324595093882</ele><time>2025-10-04T15:16:30.50500Z</time><extensions><mytracks:speed>14.17349631876806</mytracks:speed><mytracks:gradient>0.0376767740945495</mytracks:gradient><mytracks:length>0.003937240477265507</mytracks:length></extensions></trkpt><trkpt lat="45.43715307984807" lon="-75.67142558394943"><ele>56.80185816923513</ele><time>2025-10-04T15:16:31.50400Z</time><extensions><mytracks:speed>15.88129353582911</mytracks:speed><mytracks:gradient>0.02914063517239111</mytracks:gradient><mytracks:length>0.004878787679590169</mytracks:length></extensions></trkpt><trkpt lat="45.43713706658812" lon="-75.6713547517287"><ele>56.89651954062156</ele><time>2025-10-04T15:16:32.50300Z</time><extensions><mytracks:speed>19.2529051362658</mytracks:speed><mytracks:gradient>0.01902388497696472</mytracks:gradient><mytracks:length>0.005807371506387819</mytracks:length></extensions></trkpt><trkpt lat="45.43711782330271" lon="-75.6712724277084"><ele>57.00086903318537</ele><time>2025-10-04T15:16:33.50400Z</time><extensions><mytracks:speed>24.3538712479404</mytracks:speed><mytracks:gradient>0.01541103315800194</mytracks:gradient><mytracks:length>0.006771090003763378</mytracks:length></extensions></trkpt><trkpt lat="45.43709481829598" lon="-75.67117795675358"><ele>57.08852798397986</ele><time>2025-10-04T15:16:34.50400Z</time><extensions><mytracks:speed>26.21894729585219</mytracks:speed><mytracks:gradient>0.01317608940693019</mytracks:gradient><mytracks:length>0.007802041318942799</mytracks:length></extensions></trkpt><trkpt lat="45.43706832479637" lon="-75.67108175628"><ele>57.28612419941149</ele><time>2025-10-04T15:16:35.48900Z</time><extensions><mytracks:speed>28.75727376703758</mytracks:speed><mytracks:gradient>0.01798274026026066</mytracks:gradient><mytracks:length>0.008063913964151827</mytracks:length></extensions></trkpt><trkpt lat="45.43703799283599" lon="-75.67097547864196"><ele>57.42446829666903</ele><time>2025-10-04T15:16:36.49100Z</time><extensions><mytracks:speed>32.17730195544159</mytracks:speed><mytracks:gradient>0.01545372532987848</mytracks:gradient><mytracks:length>0.008952151944234934</mytracks:length></extensions></trkpt><trkpt lat="45.43700456392143" lon="-75.67086065244818"><ele>57.58386995808943</ele><time>2025-10-04T15:16:37.49800Z</time><extensions><mytracks:speed>34.69241792891133</mytracks:speed><mytracks:gradient>0.01643371220229387</mytracks:gradient><mytracks:length>0.009699674635785992</mytracks:length></extensions></trkpt><trkpt lat="45.43693643732711" lon="-75.670630728655"><ele>57.69444001760892</ele><time>2025-10-04T15:16:39.37100Z</time><extensions><mytracks:speed>37.42511173731937</mytracks:speed><mytracks:gradient>0.005677896106113764</mytracks:gradient><mytracks:length>0.01947377293508962</mytracks:length></extensions></trkpt><trkpt lat="45.43689917684647" lon="-75.67050466654285"><ele>57.73644161800119</ele><time>2025-10-04T15:16:40.34400Z</time><extensions><mytracks:speed>38.12244764948644</mytracks:speed><mytracks:gradient>0.0050609732481989</mytracks:gradient><mytracks:length>0.01067336238074417</mytracks:length></extensions></trkpt><trkpt lat="45.43685770946892" lon="-75.67036834740863"><ele>57.7350425114595</ele><time>2025-10-04T15:16:41.41400Z</time><extensions><mytracks:speed>39.00550320090388</mytracks:speed><mytracks:length>0.01159260672744721</mytracks:length></extensions></trkpt><trkpt lat="45.43681671764978" lon="-75.67023643474876"><ele>57.72405697115368</ele><time>2025-10-04T15:16:42.45200Z</time><extensions><mytracks:speed>39.03836154687895</mytracks:speed><mytracks:length>0.0112565403715236</mytracks:length></extensions></trkpt><trkpt lat="45.43677436934016" lon="-75.67010595299261"><ele>57.69538561278424</ele><time>2025-10-04T15:16:43.47900Z</time><extensions><mytracks:speed>39.35180170028171</mytracks:speed><mytracks:length>0.01121723920924175</mytracks:length></extensions></trkpt><trkpt lat="45.43669680269463" lon="-75.66988151263155"><ele>57.48202153341122</ele><time>2025-10-04T15:16:45.32200Z</time><extensions><mytracks:speed>38.11811795128114</mytracks:speed><mytracks:length>0.01952069190935122</mytracks:length></extensions></trkpt><trkpt lat="45.43652387917434" lon="-75.66942751187389"><ele>56.61050810664892</ele><time>2025-10-04T15:16:50.00000Z</time><extensions><mytracks:speed>31.01984909637509</mytracks:speed><mytracks:length>0.040305596654637</mytracks:length></extensions></trkpt><trkpt lat="45.43649441990916" lon="-75.66935456822912"><ele>56.72532598115504</ele><time>2025-10-04T15:16:51.00000Z</time><extensions><mytracks:speed>23.6388064756834</mytracks:speed><mytracks:gradient>0.01748582790230672</mytracks:gradient><mytracks:length>0.006566339045975009</mytracks:length></extensions></trkpt><trkpt lat="45.43645442175844" lon="-75.66926017027261"><ele>56.77272845249058</ele><time>2025-10-04T15:16:52.47800Z</time><extensions><mytracks:speed>20.95979609681086</mytracks:speed><mytracks:gradient>0.005508958269240955</mytracks:gradient><mytracks:length>0.008604616157687641</mytracks:length></extensions></trkpt><trkpt lat="45.43643213349728" lon="-75.6692091928612"><ele>56.76114925466671</ele><time>2025-10-04T15:16:53.45500Z</time><extensions><mytracks:speed>19.48572529755268</mytracks:speed><mytracks:gradient>0.00269538368109595</mytracks:gradient><mytracks:length>0.004686574038606699</mytracks:length></extensions></trkpt><trkpt lat="45.43637149761881" lon="-75.66907891385111"><ele>57.16332507506013</ele><time>2025-10-04T15:16:58.00000Z</time><extensions><mytracks:speed>9.663008766272412</mytracks:speed><mytracks:gradient>0.03296967772262744</mytracks:gradient><mytracks:length>0.01219835461471312</mytracks:length></extensions></trkpt><trkpt lat="45.43632607214295" lon="-75.6689920458854"><ele>57.83084324840456</ele><time>2025-10-04T15:17:03.00000Z</time><extensions><mytracks:speed>6.086140194836195</mytracks:speed><mytracks:gradient>0.07896843939712662</mytracks:gradient><mytracks:length>0.008452974105104601</mytracks:length></extensions></trkpt><trkpt lat="45.43628968344296" lon="-75.66890497822796"><ele>57.55053153958988</ele><time>2025-10-04T15:17:04.05200Z</time><extensions><mytracks:speed>27.05621188100257</mytracks:speed><mytracks:length>0.007907033250143298</mytracks:length></extensions></trkpt><trkpt lat="45.43625579152199" lon="-75.66882409437639"><ele>57.52767270064296</ele><time>2025-10-04T15:17:05.05200Z</time><extensions><mytracks:speed>26.45170290566855</mytracks:speed><mytracks:length>0.007350591897620874</mytracks:length></extensions></trkpt><trkpt lat="45.43601246937997" lon="-75.66831405329042"><ele>58.34998322930187</ele><time>2025-10-04T15:17:10.00000Z</time><extensions><mytracks:speed>35.01586006411429</mytracks:speed><mytracks:gradient>0.0170877748175609</mytracks:gradient><mytracks:length>0.04812273905984712</mytracks:length></extensions></trkpt><trkpt lat="45.43594770125505" lon="-75.6681919027137"><ele>58.02506509888917</ele><time>2025-10-04T15:17:11.00000Z</time><extensions><mytracks:speed>43.00564200261029</mytracks:speed><mytracks:length>0.01194601451554288</mytracks:length></extensions></trkpt><trkpt lat="45.43588691387998" lon="-75.66808832232759"><ele>57.88506019497264</ele><time>2025-10-04T15:17:11.95600Z</time><extensions><mytracks:speed>41.35354982392965</mytracks:speed><mytracks:length>0.01053567967487233</mytracks:length></extensions></trkpt><trkpt lat="45.43579674595635" lon="-75.66792159533102"><ele>57.82313233502192</ele><time>2025-10-04T15:17:13.49800Z</time><extensions><mytracks:speed>38.36442521679118</mytracks:speed><mytracks:length>0.01642435529790355</mytracks:length></extensions></trkpt><trkpt lat="45.43574099530689" lon="-75.66781629482097"><ele>57.99337367256528</ele><time>2025-10-04T15:17:14.53200Z</time><extensions><mytracks:speed>35.80607059724886</mytracks:speed><mytracks:gradient>0.01654034111141941</mytracks:gradient><mytracks:length>0.01029249254272139</mytracks:length></extensions></trkpt><trkpt lat="45.43563567024335" lon="-75.66762901255818"><ele>58.3454519472872</ele><time>2025-10-04T15:17:16.57000Z</time><extensions><mytracks:speed>33.08442942806477</mytracks:speed><mytracks:gradient>0.01880027286265406</mytracks:gradient><mytracks:length>0.0187272959969271</mytracks:length></extensions></trkpt><trkpt lat="45.43555055628693" lon="-75.66749613337842"><ele>58.61762521150636</ele><time>2025-10-04T15:17:18.12800Z</time><extensions><mytracks:speed>32.43258409454788</mytracks:speed><mytracks:gradient>0.01938755940794278</mytracks:gradient><mytracks:length>0.01403855217112358</mytracks:length></extensions></trkpt><trkpt lat="45.43547216686098" lon="-75.66738018034494"><ele>58.90625430816062</ele><time>2025-10-04T15:17:19.51800Z</time><extensions><mytracks:speed>32.54303482270947</mytracks:speed><mytracks:gradient>0.02297376204494555</mytracks:gradient><mytracks:length>0.01256342326910115</mytracks:length></extensions></trkpt><trkpt lat="45.43541281389899" lon="-75.6672912423757"><ele>58.92206717374557</ele><time>2025-10-04T15:17:20.53400Z</time><extensions><mytracks:speed>33.92594534879491</mytracks:speed><mytracks:gradient>0.001651179592255103</mytracks:gradient><mytracks:length>0.00957670846897498</mytracks:length></extensions></trkpt><trkpt lat="45.43532898472562" lon="-75.66716473242184"><ele>59.02288916036385</ele><time>2025-10-04T15:17:21.98000Z</time><extensions><mytracks:speed>33.82074967787651</mytracks:speed><mytracks:gradient>0.007426261850982194</mytracks:gradient><mytracks:length>0.01357641147611175</mytracks:length></extensions></trkpt><trkpt lat="45.4352264695173" lon="-75.66701210444003"><ele>59.20242514418307</ele><time>2025-10-04T15:17:23.87600Z</time><extensions><mytracks:speed>31.29242929662894</mytracks:speed><mytracks:gradient>0.01089076844146806</mytracks:gradient><mytracks:length>0.0164851529792523</mytracks:length></extensions></trkpt><trkpt lat="45.43477087592134" lon="-75.66643776518478"><ele>60.69973852857947</ele><time>2025-10-04T15:17:31.00000Z</time><extensions><mytracks:speed>34.18046721581791</mytracks:speed><mytracks:gradient>0.02213755960712637</mytracks:gradient><mytracks:length>0.06763678612137546</mytracks:length></extensions></trkpt><trkpt lat="45.43471089519138" lon="-75.66636263089599"><ele>60.26075187799804</ele><time>2025-10-04T15:17:32.03500Z</time><extensions><mytracks:speed>30.88759579002713</mytracks:speed><mytracks:length>0.008880383972502764</mytracks:length></extensions></trkpt><trkpt lat="45.43464987253549" lon="-75.66628485868911"><ele>60.06145040849541</ele><time>2025-10-04T15:17:33.04200Z</time><extensions><mytracks:speed>32.53582440245797</mytracks:speed><mytracks:length>0.009102904102221344</mytracks:length></extensions></trkpt><trkpt lat="45.43458431633011" lon="-75.666203437283"><ele>59.66644350268202</ele><time>2025-10-04T15:17:34.09900Z</time><extensions><mytracks:speed>32.93890046789379</mytracks:speed><mytracks:length>0.009668963187814756</mytracks:length></extensions></trkpt><trkpt lat="45.43452085103127" lon="-75.6661260656839"><ele>59.54722623062857</ele><time>2025-10-04T15:17:35.09800Z</time><extensions><mytracks:speed>33.18784056776948</mytracks:speed><mytracks:length>0.009287176231503278</mytracks:length></extensions></trkpt><trkpt lat="45.43445177251586" lon="-75.66604301881145"><ele>59.45802774693312</ele><time>2025-10-04T15:17:36.10900Z</time><extensions><mytracks:speed>35.79205114027438</mytracks:speed><mytracks:length>0.01004924994777379</mytracks:length></extensions></trkpt><trkpt lat="45.43434774675028" lon="-75.66592148959018"><ele>58.95039822851741</ele><time>2025-10-04T15:17:37.53700Z</time><extensions><mytracks:speed>37.69765930830486</mytracks:speed><mytracks:length>0.01495735672456427</mytracks:length></extensions></trkpt><trkpt lat="45.4342161399304" lon="-75.66578086602853"><ele>58.75783257379005</ele><time>2025-10-04T15:17:39.12200Z</time><extensions><mytracks:speed>41.56355786171509</mytracks:speed><mytracks:length>0.01829100428087779</mytracks:length></extensions></trkpt><trkpt lat="45.43413598430603" lon="-75.66569772770518"><ele>58.42734705722276</ele><time>2025-10-04T15:17:40.07900Z</time><extensions><mytracks:speed>41.52637019939391</mytracks:speed><mytracks:length>0.0110239463181657</mytracks:length></extensions></trkpt><trkpt lat="45.43397843255871" lon="-75.66553677917479"><ele>58.02987819797406</ele><time>2025-10-04T15:17:42.02600Z</time><extensions><mytracks:speed>39.85617527710585</mytracks:speed><mytracks:length>0.02155533066012607</mytracks:length></extensions></trkpt><trkpt lat="45.43389237421444" lon="-75.66545280003558"><ele>57.88970086813504</ele><time>2025-10-04T15:17:43.12000Z</time><extensions><mytracks:speed>38.14060398968695</mytracks:speed><mytracks:length>0.01159765907317735</mytracks:length></extensions></trkpt><trkpt lat="45.4338062855254" lon="-75.66537424497474"><ele>57.73923194611934</ele><time>2025-10-04T15:17:44.21000Z</time><extensions><mytracks:speed>37.56533673517816</mytracks:speed><mytracks:length>0.01136689148480413</mytracks:length></extensions></trkpt><trkpt lat="45.43372922344534" lon="-75.66530670289744"><ele>57.78137640857589</ele><time>2025-10-04T15:17:45.18900Z</time><extensions><mytracks:speed>37.2808064219336</mytracks:speed><mytracks:length>0.01006000643995962</mytracks:length></extensions></trkpt><trkpt lat="45.43359352157346" lon="-75.66519525765733"><ele>57.76358469035951</ele><time>2025-10-04T15:17:47.05400Z</time><extensions><mytracks:speed>33.61931652560729</mytracks:speed><mytracks:length>0.01741590563995501</mytracks:length></extensions></trkpt><trkpt lat="45.4335346944728" lon="-75.66514766606366"><ele>57.74536776250632</ele><time>2025-10-04T15:17:48.02800Z</time><extensions><mytracks:speed>31.62112994660563</mytracks:speed><mytracks:length>0.007522686429231254</mytracks:length></extensions></trkpt><trkpt lat="45.4334843766928" lon="-75.66510650074298"><ele>57.83405292316681</ele><time>2025-10-04T15:17:49.03400Z</time><extensions><mytracks:speed>23.09141047699483</mytracks:speed><mytracks:gradient>0.01374514286447374</mytracks:gradient><mytracks:length>0.006452109049350705</mytracks:length></extensions></trkpt><trkpt lat="45.43342389994419" lon="-75.66505798990441"><ele>57.86718536320409</ele><time>2025-10-04T15:17:50.51500Z</time><extensions><mytracks:speed>18.76109394697572</mytracks:speed><mytracks:gradient>0.004293619448120435</mytracks:gradient><mytracks:length>0.007716668986998598</mytracks:length></extensions></trkpt><trkpt lat="45.43336063741243" lon="-75.66500819697421"><ele>58.04512905767075</ele><time>2025-10-04T15:17:52.46300Z</time><extensions><mytracks:speed>14.85419434992954</mytracks:speed><mytracks:gradient>0.02214352658679717</mytracks:gradient><mytracks:length>0.008035923897178719</mytracks:length></extensions></trkpt><trkpt lat="45.43331838359071" lon="-75.66497466722522"><ele>58.37069161394998</ele><time>2025-10-04T15:17:53.88500Z</time><extensions><mytracks:speed>13.61607311051575</mytracks:speed><mytracks:gradient>0.06053713638554712</mytracks:gradient><mytracks:length>0.005377898191381191</mytracks:length></extensions></trkpt><trkpt lat="45.4332769812792" lon="-75.6649383034009"><ele>58.82887210962319</ele><time>2025-10-04T15:17:55.46200Z</time><extensions><mytracks:speed>12.34211262692996</mytracks:speed><mytracks:gradient>0.08472303976009925</mytracks:gradient><mytracks:length>0.00540797989508627</mytracks:length></extensions></trkpt><trkpt lat="45.43324487349283" lon="-75.66491996705254"><ele>58.93681952861213</ele><time>2025-10-04T15:17:57.00000Z</time><extensions><mytracks:speed>9.000350968493935</mytracks:speed><mytracks:gradient>0.02806921418844208</mytracks:gradient><mytracks:length>0.003845758497699284</mytracks:length></extensions></trkpt><trkpt lat="45.43322847904505" lon="-75.66490893076804"><ele>58.98759759128149</ele><time>2025-10-04T15:17:58.02700Z</time><extensions><mytracks:speed>7.069523588452503</mytracks:speed><mytracks:gradient>0.02518605448300251</mytracks:gradient><mytracks:length>0.002016118193646434</mytracks:length></extensions></trkpt><trkpt lat="45.4332169723048" lon="-75.66489762544882"><ele>59.09528919621184</ele><time>2025-10-04T15:18:00.13400Z</time><extensions><mytracks:speed>2.655797793269059</mytracks:speed><mytracks:gradient>0.06929258041035082</mytracks:gradient><mytracks:length>0.00155415780870913</mytracks:length></extensions></trkpt><trkpt lat="45.43315488851011" lon="-75.66484943576565"><ele>59.63545357901603</ele><time>2025-10-04T15:18:11.00000Z</time><extensions><mytracks:speed>2.60429781001673</mytracks:speed><mytracks:gradient>0.068716783393764</mytracks:gradient><mytracks:length>0.007860734395975994</mytracks:length></extensions></trkpt><trkpt lat="45.43308040686107" lon="-75.66479674014116"><ele>59.92103046513584</ele><time>2025-10-04T15:18:12.50500Z</time><extensions><mytracks:speed>22.11459752869769</mytracks:speed><mytracks:gradient>0.03088543879652097</mytracks:gradient><mytracks:length>0.009246327630351853</mytracks:length></extensions></trkpt><trkpt lat="45.43302468354728" lon="-75.66475740873628"><ele>60.07325710675389</ele><time>2025-10-04T15:18:13.50300Z</time><extensions><mytracks:speed>23.24139044027309</mytracks:speed><mytracks:gradient>0.02709005217357144</mytracks:gradient><mytracks:length>0.006914653338631054</mytracks:length></extensions></trkpt><trkpt lat="45.43296661861923" lon="-75.66472201799643"><ele>60.03818074737182</ele><time>2025-10-04T15:18:14.50100Z</time><extensions><mytracks:speed>25.12147364013298</mytracks:speed><mytracks:gradient>0.008408977363005724</mytracks:gradient><mytracks:length>0.00702264576189232</mytracks:length></extensions></trkpt><trkpt lat="45.43290784700319" lon="-75.66468719629336"><ele>59.95992997922638</ele><time>2025-10-04T15:18:15.50200Z</time><extensions><mytracks:speed>25.47443988998191</mytracks:speed><mytracks:length>0.007077615885721348</mytracks:length></extensions></trkpt><trkpt lat="45.43285086253434" lon="-75.66466288785399"><ele>59.98634561174947</ele><time>2025-10-04T15:18:16.50000Z</time><extensions><mytracks:speed>24.63108478245677</mytracks:speed><mytracks:length>0.006614885557096857</mytracks:length></extensions></trkpt><trkpt lat="45.43279962205909" lon="-75.66464363678767"><ele>59.78423825910513</ele><time>2025-10-04T15:18:17.50000Z</time><extensions><mytracks:speed>21.21032435758952</mytracks:speed><mytracks:length>0.005892874910601233</mytracks:length></extensions></trkpt><trkpt lat="45.43274693412656" lon="-75.66462096647396"><ele>59.69826423656295</ele><time>2025-10-04T15:18:18.50200Z</time><extensions><mytracks:speed>21.98841225269582</mytracks:speed><mytracks:length>0.006120198206297059</mytracks:length></extensions></trkpt><trkpt lat="45.43269336570968" lon="-75.66460262435621"><ele>59.55746793609709</ele><time>2025-10-04T15:18:19.50200Z</time><extensions><mytracks:speed>22.01572917776198</mytracks:speed><mytracks:length>0.006126085844220672</mytracks:length></extensions></trkpt><trkpt lat="45.43263727490567" lon="-75.6645781659917"><ele>59.24598762801029</ele><time>2025-10-04T15:18:20.50200Z</time><extensions><mytracks:speed>22.76214238017005</mytracks:speed><mytracks:length>0.006522960040219669</mytracks:length></extensions></trkpt><trkpt lat="45.43256787332267" lon="-75.66455501916148"><ele>59.04703142272267</ele><time>2025-10-04T15:18:21.50200Z</time><extensions><mytracks:speed>28.52101492513767</mytracks:speed><mytracks:length>0.007925249621587218</mytracks:length></extensions></trkpt><trkpt lat="45.43250494438709" lon="-75.66454075106996"><ele>58.83793890426819</ele><time>2025-10-04T15:18:22.51600Z</time><extensions><mytracks:speed>25.15179509728407</mytracks:speed><mytracks:length>0.007085252229484419</mytracks:length></extensions></trkpt><trkpt lat="45.43243742186117" lon="-75.66452256412434"><ele>58.66207008358892</ele><time>2025-10-04T15:18:23.52500Z</time><extensions><mytracks:speed>27.26976332421336</mytracks:speed><mytracks:length>0.007640374850157517</mytracks:length></extensions></trkpt><trkpt lat="45.43236754444408" lon="-75.6645087542111"><ele>58.97446846154874</ele><time>2025-10-04T15:18:24.52200Z</time><extensions><mytracks:speed>27.77582998784143</mytracks:speed><mytracks:gradient>0.00881941533593948</mytracks:gradient><mytracks:length>0.007844091829579961</mytracks:length></extensions></trkpt><trkpt lat="45.43231066449506" lon="-75.66449407428254"><ele>59.04285141715479</ele><time>2025-10-04T15:18:25.51500Z</time><extensions><mytracks:speed>25.8087452442664</mytracks:speed><mytracks:gradient>0.02668638930159783</mytracks:gradient><mytracks:length>0.006427617467360431</mytracks:length></extensions></trkpt><trkpt lat="45.43224297968916" lon="-75.66447121154991"><ele>58.96925590440203</ele><time>2025-10-04T15:18:26.51600Z</time><extensions><mytracks:speed>27.81156202578696</mytracks:speed><mytracks:length>0.007734751081302018</mytracks:length></extensions></trkpt><trkpt lat="45.43217663022563" lon="-75.66445072033015"><ele>59.23364026451384</ele><time>2025-10-04T15:18:27.52100Z</time><extensions><mytracks:speed>27.05079684081634</mytracks:speed><mytracks:gradient>0.03502244418099099</mytracks:gradient><mytracks:length>0.00754899797242889</mytracks:length></extensions></trkpt><trkpt lat="45.43211199880729" lon="-75.66443052828288"><ele>58.90951260328647</ele><time>2025-10-04T15:18:28.51100Z</time><extensions><mytracks:speed>26.89502023684787</mytracks:speed><mytracks:length>0.007357332469323953</mytracks:length></extensions></trkpt><trkpt lat="45.4320431468348" lon="-75.66441061377878"><ele>58.72204104060317</ele><time>2025-10-04T15:18:29.49300Z</time><extensions><mytracks:speed>27.68459179432019</mytracks:speed><mytracks:length>0.007812430962055845</mytracks:length></extensions></trkpt><trkpt lat="45.43197755120101" lon="-75.66438954073033"><ele>58.81242641426241</ele><time>2025-10-04T15:18:30.47700Z</time><extensions><mytracks:speed>28.00843149763186</mytracks:speed><mytracks:length>0.007477623807236352</mytracks:length></extensions></trkpt><trkpt lat="45.43191762151044" lon="-75.66437373542432"><ele>58.66643538367353</ele><time>2025-10-04T15:18:31.48500Z</time><extensions><mytracks:speed>24.18456983428806</mytracks:speed><mytracks:length>0.006777742024233683</mytracks:length></extensions></trkpt><trkpt lat="45.43186635835653" lon="-75.66435733363002"><ele>58.47779294902389</ele><time>2025-10-04T15:18:32.49100Z</time><extensions><mytracks:speed>20.92295506695774</mytracks:speed><mytracks:length>0.005842957171672603</mytracks:length></extensions></trkpt><trkpt lat="45.43182178946815" lon="-75.66434199230889"><ele>58.42856019368297</ele><time>2025-10-04T15:18:33.49900Z</time><extensions><mytracks:speed>18.21138686919484</mytracks:speed><mytracks:length>0.005098299515220272</mytracks:length></extensions></trkpt><trkpt lat="45.43178360617241" lon="-75.6643297868968"><ele>58.2958579131549</ele><time>2025-10-04T15:18:34.49900Z</time><extensions><mytracks:speed>15.65594357176254</mytracks:speed><mytracks:length>0.004350481890524063</mytracks:length></extensions></trkpt><trkpt lat="45.4317485440027" lon="-75.66431070918982"><ele>57.95208523954717</ele><time>2025-10-04T15:18:35.51300Z</time><extensions><mytracks:speed>14.82104155292197</mytracks:speed><mytracks:length>0.004172835638435277</mytracks:length></extensions></trkpt><trkpt lat="45.43172356287722" lon="-75.66429907500248"><ele>57.9360868466984</ele><time>2025-10-04T15:18:36.51000Z</time><extensions><mytracks:speed>12.69730983843964</mytracks:speed><mytracks:length>0.002919935687082805</mytracks:length></extensions></trkpt><trkpt lat="45.43170531379071" lon="-75.66428982625519"><ele>58.09861810209988</ele><time>2025-10-04T15:18:37.50600Z</time><extensions><mytracks:speed>9.163359233961504</mytracks:speed><mytracks:gradient>0.02887700816929036</mytracks:gradient><mytracks:length>0.002150237345119275</mytracks:length></extensions></trkpt><trkpt lat="45.43168881089402" lon="-75.66428200968757"><ele>58.19595829887521</ele><time>2025-10-04T15:18:38.50100Z</time><extensions><mytracks:speed>7.392171529112602</mytracks:speed><mytracks:gradient>0.06357348077505877</mytracks:gradient><mytracks:length>0.001933979054166817</mytracks:length></extensions></trkpt><trkpt lat="45.4316815775022" lon="-75.66428228201221"><ele>58.41364512096919</ele><time>2025-10-04T15:18:39.50000Z</time><extensions><mytracks:speed>4.884934307180491</mytracks:speed><mytracks:gradient>0.1164506912940007</mytracks:gradient><mytracks:length>0.0008111275413843697</mytracks:length></extensions></trkpt><trkpt lat="45.43167380748325" lon="-75.66428113471864"><ele>58.54483142418531</ele><time>2025-10-04T15:18:40.50200Z</time><extensions><mytracks:speed>3.143105380092448</mytracks:speed><mytracks:gradient>0.14988263283485</mytracks:gradient><mytracks:length>0.0008752602001639161</mytracks:length></extensions></trkpt><trkpt lat="45.43166857380675" lon="-75.66428070310857"><ele>58.51349187642996</ele><time>2025-10-04T15:18:41.50300Z</time><extensions><mytracks:speed>2.105079021556094</mytracks:speed><mytracks:length>0.0005852204801576639</mytracks:length></extensions></trkpt><trkpt lat="45.4316695167585" lon="-75.66428249789806"><ele>58.45460139376059</ele><time>2025-10-04T15:18:42.50200Z</time><extensions><mytracks:speed>0.8716206930935217</mytracks:speed><mytracks:length>0.0001898705959320068</mytracks:length></extensions></trkpt><trkpt lat="45.4316684571363" lon="-75.66428358640339"><ele>58.42174349347726</ele><time>2025-10-04T15:18:43.50200Z</time><extensions><mytracks:speed>0.4831667839658064</mytracks:speed><mytracks:length>0.0001342587859314529</mytracks:length></extensions></trkpt><trkpt lat="45.43166401507438" lon="-75.66428078795076"><ele>58.33487471607294</ele><time>2025-10-04T15:18:44.50100Z</time><extensions><mytracks:speed>1.121099347988861</mytracks:speed><mytracks:length>0.0005453617665334611</mytracks:length></extensions></trkpt><trkpt lat="45.43166102530759" lon="-75.6642792015739"><ele>58.34074057987566</ele><time>2025-10-04T15:18:45.49900Z</time><extensions><mytracks:speed>1.605481347881813</mytracks:speed><mytracks:length>0.0003422940846678775</mytracks:length></extensions></trkpt><trkpt lat="45.43166126410765" lon="-75.66428079469223"><ele>58.3771558573073</ele><time>2025-10-04T15:18:48.27400Z</time><extensions><mytracks:speed>0.2717147070290356</mytracks:speed><mytracks:gradient>0.1484559910459682</mytracks:gradient><mytracks:length>0</mytracks:length></extensions></trkpt><trkpt lat="45.43166227309194" lon="-75.66428752597768"><ele>58.53101864550263</ele><time>2025-10-04T15:19:01.00000Z</time><extensions><mytracks:speed>0.151921452509255</mytracks:speed><mytracks:gradient>0.286504132909935</mytracks:gradient><mytracks:length>0.0005370351437258119</mytracks:length></extensions></trkpt><trkpt lat="45.43166227309193" lon="-75.66428752597768"><ele>58.53101864550263</ele><time>2025-10-04T15:19:02.50400Z</time><extensions><mytracks:speed>0.1358589397666899</mytracks:speed><mytracks:gradient>0.286504132909935</mytracks:gradient><mytracks:length>0</mytracks:length></extensions></trkpt><trkpt lat="45.43166227309193" lon="-75.66428752597768"><ele>58.53101864550263</ele><time>2025-10-04T15:19:03.50000Z</time><extensions><mytracks:speed>0.1269748248286419</mytracks:speed><mytracks:gradient>0.286504132909935</mytracks:gradient><mytracks:length>0</mytracks:length></extensions></trkpt><trkpt lat="45.43166227309193" lon="-75.66428752597768"><ele>58.53101864550262</ele><time>2025-10-04T15:19:04.49900Z</time><extensions><mytracks:speed>0.1191568519960492</mytracks:speed><mytracks:gradient>0.2865041329099218</mytracks:gradient><mytracks:length>0</mytracks:length></extensions></trkpt><trkpt lat="45.43166227309194" lon="-75.6642875259777"><ele>58.53101864550263</ele><time>2025-10-04T15:19:05.50100Z</time><extensions><mytracks:speed>0.1104606375809713</mytracks:speed><mytracks:gradient>0.2910884901251297</mytracks:gradient><mytracks:length>0</mytracks:length></extensions></trkpt><trkpt lat="45.43166227309194" lon="-75.66428752597768"><ele>58.53101864550263</ele><time>2025-10-04T15:19:06.50400Z</time><extensions><mytracks:speed>0.1060513195015868</mytracks:speed><mytracks:gradient>0.2865041329099483</mytracks:gradient><mytracks:length>0</mytracks:length></extensions></trkpt><trkpt lat="45.43166227309194" lon="-75.6642875259777"><ele>58.53101864550263</ele><time>2025-10-04T15:19:07.50300Z</time><extensions><mytracks:speed>0.09895695164555446</mytracks:speed><mytracks:gradient>0.2910884901251432</mytracks:gradient><mytracks:length>0</mytracks:length></extensions></trkpt><trkpt lat="45.43166227309194" lon="-75.66428752597768"><ele>58.53101864550264</ele><time>2025-10-04T15:19:08.50400Z</time><extensions><mytracks:speed>0.0955686916813675</mytracks:speed><mytracks:gradient>0.2865041329099615</mytracks:gradient><mytracks:length>0</mytracks:length></extensions></trkpt><trkpt lat="45.43166227309194" lon="-75.66428752597768"><ele>58.53101864550263</ele><time>2025-10-04T15:19:09.50200Z</time><extensions><mytracks:speed>0.09107636128471949</mytracks:speed><mytracks:gradient>0.286504132909935</mytracks:gradient><mytracks:length>0</mytracks:length></extensions></trkpt><trkpt lat="45.43166227309194" lon="-75.66428752597768"><ele>58.53101864550262</ele><time>2025-10-04T15:19:10.50000Z</time><extensions><mytracks:speed>0.08698387312359457</mytracks:speed><mytracks:gradient>0.2865041329099218</mytracks:gradient><mytracks:length>0</mytracks:length></extensions></trkpt><trkpt lat="45.43166227309193" lon="-75.66428752597768"><ele>58.53101864550263</ele><time>2025-10-04T15:19:11.50000Z</time><extensions><mytracks:speed>0.08324068858710663</mytracks:speed><mytracks:gradient>0.286504132909935</mytracks:gradient><mytracks:length>0</mytracks:length></extensions></trkpt><trkpt lat="45.43166227309194" lon="-75.66428752597768"><ele>58.53101864550263</ele><time>2025-10-04T15:19:12.50300Z</time><extensions><mytracks:speed>0.07979488630769081</mytracks:speed><mytracks:gradient>0.2865041329099483</mytracks:gradient><mytracks:length>0</mytracks:length></extensions></trkpt><trkpt lat="45.43166227309193" lon="-75.66428752597767"><ele>58.53101864550262</ele><time>2025-10-04T15:19:13.50300Z</time><extensions><mytracks:speed>0.07542393391048642</mytracks:speed><mytracks:gradient>0.2910884901251162</mytracks:gradient><mytracks:length>0</mytracks:length></extensions></trkpt><trkpt lat="45.43166227309194" lon="-75.66428752597768"><ele>58.53101864550263</ele><time>2025-10-04T15:19:14.50500Z</time><extensions><mytracks:speed>0.07370490568781816</mytracks:speed><mytracks:gradient>0.2865041329099483</mytracks:gradient><mytracks:length>0</mytracks:length></extensions></trkpt><trkpt lat="45.43166227309194" lon="-75.66428752597768"><ele>58.53101864550263</ele><time>2025-10-04T15:19:15.50500Z</time><extensions><mytracks:speed>0.07099876552488411</mytracks:speed><mytracks:gradient>0.286504132909935</mytracks:gradient><mytracks:length>0</mytracks:length></extensions></trkpt><trkpt lat="45.43166227309192" lon="-75.66428752597767"><ele>58.53101864550261</ele><time>2025-10-04T15:19:16.50400Z</time><extensions><mytracks:speed>0.06848436359810545</mytracks:speed><mytracks:gradient>0.2865041329099086</mytracks:gradient><mytracks:length>0</mytracks:length></extensions></trkpt><trkpt lat="45.43166227309194" lon="-75.66428752597768"><ele>58.53101864550262</ele><time>2025-10-04T15:19:17.50100Z</time><extensions><mytracks:speed>0.06614840673586111</mytracks:speed><mytracks:gradient>0.2865041329099218</mytracks:gradient><mytracks:length>0</mytracks:length></extensions></trkpt><trkpt lat="45.43166227309194" lon="-75.66428752597768"><ele>58.53101864550262</ele><time>2025-10-04T15:19:18.50000Z</time><extensions><mytracks:speed>0.06396254283893833</mytracks:speed><mytracks:gradient>0.2865041329099218</mytracks:gradient><mytracks:length>0</mytracks:length></extensions></trkpt><trkpt lat="45.43166227309195" lon="-75.6642875259777"><ele>58.53101864550263</ele><time>2025-10-04T15:19:19.50100Z</time><extensions><mytracks:speed>0.1140621782993617</mytracks:speed><mytracks:gradient>2.245348414078441e-13</mytracks:gradient><mytracks:length>0</mytracks:length></extensions></trkpt><trkpt lat="45.43166227309194" lon="-75.66428752597768"><ele>58.53101864550263</ele><time>2025-10-04T15:19:20.50300Z</time><extensions><mytracks:speed>0.3408180679760237</mytracks:speed><mytracks:length>9.493529796600342e-05</mytracks:length></extensions></trkpt><trkpt lat="45.43166227309194" lon="-75.66428752597768"><ele>58.53101864550263</ele><time>2025-10-04T15:19:21.50100Z</time><extensions><mytracks:speed>0.1708286747396292</mytracks:speed><mytracks:length>0</mytracks:length></extensions></trkpt><trkpt lat="45.43166227309194" lon="-75.66428752597768"><ele>58.53101864550262</ele><time>2025-10-04T15:19:22.50100Z</time><extensions><mytracks:speed>0.1139174415929488</mytracks:speed><mytracks:length>0</mytracks:length></extensions></trkpt><trkpt lat="45.43166227309194" lon="-75.66428752597767"><ele>58.53101864550263</ele><time>2025-10-04T15:19:23.50100Z</time><extensions><mytracks:speed>0.05401708080624835</mytracks:speed><mytracks:gradient>0.2910884901251297</mytracks:gradient><mytracks:length>0</mytracks:length></extensions></trkpt><trkpt lat="45.43166227309192" lon="-75.66428752597768"><ele>58.53101864550263</ele><time>2025-10-04T15:19:24.50400Z</time><extensions><mytracks:speed>0.1706387846640256</mytracks:speed><mytracks:gradient>7.484494713594805e-14</mytracks:gradient><mytracks:length>0</mytracks:length></extensions></trkpt><trkpt lat="45.43166227309194" lon="-75.66428752597768"><ele>58.53101864550262</ele><time>2025-10-04T15:19:25.50300Z</time><extensions><mytracks:speed>0.05693450199841204</mytracks:speed><mytracks:length>9.493529796600342e-05</mytracks:length></extensions></trkpt><trkpt lat="45.43166227309194" lon="-75.66428752597768"><ele>58.53101864550263</ele><time>2025-10-04T15:19:26.50200Z</time><extensions><mytracks:speed>0.1710022589154152</mytracks:speed><mytracks:gradient>7.484494713594805e-14</mytracks:gradient><mytracks:length>0</mytracks:length></extensions></trkpt><trkpt lat="45.43166227309193" lon="-75.66428752597767"><ele>58.53101864550262</ele><time>2025-10-04T15:19:27.50200Z</time><extensions><mytracks:speed>0.04850858476642322</mytracks:speed><mytracks:gradient>0.2910884901251162</mytracks:gradient><mytracks:length>0</mytracks:length></extensions></trkpt><trkpt lat="45.43166227309193" lon="-75.66428752597768"><ele>58.53101864550263</ele><time>2025-10-04T15:19:28.50200Z</time><extensions><mytracks:speed>0.08547581387318416</mytracks:speed><mytracks:gradient>7.484494713594805e-14</mytracks:gradient><mytracks:length>0</mytracks:length></extensions></trkpt><trkpt lat="45.43166227309193" lon="-75.66428752597767"><ele>58.53101864550263</ele><time>2025-10-04T15:19:29.50100Z</time><extensions><mytracks:speed>0.04615609886260524</mytracks:speed><mytracks:gradient>0.2910884901251297</mytracks:gradient><mytracks:length>0</mytracks:length></extensions></trkpt><trkpt lat="45.43166227309193" lon="-75.66428752597768"><ele>58.53101864550263</ele><time>2025-10-04T15:19:30.49600Z</time><extensions><mytracks:speed>0.05703364528516196</mytracks:speed><mytracks:gradient>0</mytracks:gradient><mytracks:length>0</mytracks:length></extensions></trkpt><trkpt lat="45.43166227309194" lon="-75.66428752597768"><ele>58.53101864550262</ele><time>2025-10-04T15:19:31.49400Z</time><extensions><mytracks:speed>0.04889031293432583</mytracks:speed><mytracks:length>0</mytracks:length></extensions></trkpt><trkpt lat="45.43166227309194" lon="-75.66428752597768"><ele>58.53101864550263</ele><time>2025-10-04T15:19:32.49500Z</time><extensions><mytracks:speed>0.04276927007022905</mytracks:speed><mytracks:gradient>0</mytracks:gradient><mytracks:length>0</mytracks:length></extensions></trkpt><trkpt lat="45.43166227309194" lon="-75.66428752597768"><ele>58.53101864550263</ele><time>2025-10-04T15:19:33.49800Z</time><extensions><mytracks:speed>0.03799573822719555</mytracks:speed><mytracks:gradient>7.484494713594805e-14</mytracks:gradient><mytracks:length>0</mytracks:length></extensions></trkpt><trkpt lat="45.43166227309194" lon="-75.66428752597768"><ele>58.53101864550263</ele><time>2025-10-04T15:19:34.50100Z</time><extensions><mytracks:speed>0.03418711711803133</mytracks:speed><mytracks:gradient>0</mytracks:gradient><mytracks:length>0</mytracks:length></extensions></trkpt><trkpt lat="45.43166227309193" lon="-75.66428752597768"><ele>58.53101864550263</ele><time>2025-10-04T15:19:35.50300Z</time><extensions><mytracks:speed>0.03107036555903379</mytracks:speed><mytracks:gradient>0</mytracks:gradient><mytracks:length>0</mytracks:length></extensions></trkpt><trkpt lat="45.43166227309194" lon="-75.66428752597768"><ele>58.53101864550262</ele><time>2025-10-04T15:19:36.50400Z</time><extensions><mytracks:speed>0.02848077046566306</mytracks:speed><mytracks:length>0</mytracks:length></extensions></trkpt><trkpt lat="45.43166227309194" lon="-75.66428752597768"><ele>58.53101864550263</ele><time>2025-10-04T15:19:37.50300Z</time><extensions><mytracks:speed>0.02629091130179512</mytracks:speed><mytracks:gradient>0</mytracks:gradient><mytracks:length>0</mytracks:length></extensions></trkpt><trkpt lat="45.43166227309194" lon="-75.66428752597768"><ele>58.53101864550263</ele><time>2025-10-04T15:19:38.50100Z</time><extensions><mytracks:speed>0.02441597306677882</mytracks:speed><mytracks:gradient>7.484494713594805e-14</mytracks:gradient><mytracks:length>0</mytracks:length></extensions></trkpt><trkpt lat="45.43166227309194" lon="-75.66428752597767"><ele>58.53101864550263</ele><time>2025-10-04T15:19:39.50100Z</time><extensions><mytracks:speed>0.03714620366676775</mytracks:speed><mytracks:gradient>0.2910884901251297</mytracks:gradient><mytracks:length>0</mytracks:length></extensions></trkpt><trkpt lat="45.43166227309194" lon="-75.66428752597767"><ele>58.53101864550261</ele><time>2025-10-04T15:19:40.50200Z</time><extensions><mytracks:speed>0.0364344250244019</mytracks:speed><mytracks:gradient>0.2910884901251028</mytracks:gradient><mytracks:length>0</mytracks:length></extensions></trkpt><trkpt lat="45.43166227309194" lon="-75.66428752597768"><ele>58.53101864550263</ele><time>2025-10-04T15:19:41.49400Z</time><extensions><mytracks:speed>0.02011518265318344</mytracks:speed><mytracks:gradient>0</mytracks:gradient><mytracks:length>0</mytracks:length></extensions></trkpt><trkpt lat="45.43166227309194" lon="-75.66428752597768"><ele>58.53101864550263</ele><time>2025-10-04T15:19:42.49100Z</time><extensions><mytracks:speed>0.01899994614047602</mytracks:speed><mytracks:gradient>0</mytracks:gradient><mytracks:length>0</mytracks:length></extensions></trkpt><trkpt lat="45.43166227309194" lon="-75.66428752597768"><ele>58.53101864550263</ele><time>2025-10-04T15:19:43.49100Z</time><extensions><mytracks:speed>0.01799960141519892</mytracks:speed><mytracks:gradient>0</mytracks:gradient><mytracks:length>0</mytracks:length></extensions></trkpt><trkpt lat="45.43165912208455" lon="-75.6642920458049"><ele>58.45169466930751</ele><time>2025-10-04T15:19:44.49600Z</time><extensions><mytracks:speed>1.767539702703684</mytracks:speed><mytracks:length>0.0004932982785264248</mytracks:length></extensions></trkpt><trkpt lat="45.43164268286017" lon="-75.66428739679137"><ele>58.39674672693305</ele><time>2025-10-04T15:19:45.49600Z</time><extensions><mytracks:speed>6.704105675222787</mytracks:speed><mytracks:length>0.001862765057101716</mytracks:length></extensions></trkpt><trkpt lat="45.43161038487489" lon="-75.66427707028123"><ele>58.3514208454024</ele><time>2025-10-04T15:19:46.49900Z</time><extensions><mytracks:speed>13.21069909983832</mytracks:speed><mytracks:length>0.003680503271597627</mytracks:length></extensions></trkpt><trkpt lat="45.43155912876266" lon="-75.66425993227675"><ele>58.30851836845459</ele><time>2025-10-04T15:19:47.50400Z</time><extensions><mytracks:speed>20.96283393137554</mytracks:speed><mytracks:length>0.005854514426662448</mytracks:length></extensions></trkpt><trkpt lat="45.43149345334439" lon="-75.66423519444891"><ele>58.32949506568922</ele><time>2025-10-04T15:19:48.49600Z</time><extensions><mytracks:speed>24.16254214574495</mytracks:speed><mytracks:length>0.007553772042770066</mytracks:length></extensions></trkpt><trkpt lat="45.43142086350948" lon="-75.66421408174072"><ele>58.32109854687952</ele><time>2025-10-04T15:19:49.48100Z</time><extensions><mytracks:speed>28.74960009705208</mytracks:speed><mytracks:gradient>0.0007969573433594066</mytracks:gradient><mytracks:length>0.008238064840920481</mytracks:length></extensions></trkpt><trkpt lat="45.43134243238137" lon="-75.66419336842816"><ele>58.32741825912169</ele><time>2025-10-04T15:19:50.47300Z</time><extensions><mytracks:speed>31.15911217432576</mytracks:speed><mytracks:length>0.00886972111017512</mytracks:length></extensions></trkpt><trkpt lat="45.43125601282484" lon="-75.66417273736099"><ele>58.37319751987131</ele><time>2025-10-04T15:19:51.48800Z</time><extensions><mytracks:speed>34.5419431880661</mytracks:speed><mytracks:gradient>0.004698339554141111</mytracks:gradient><mytracks:length>0.009743710564569351</mytracks:length></extensions></trkpt><trkpt lat="45.43116155239104" lon="-75.66414567669277"><ele>58.52070522476414</ele><time>2025-10-04T15:19:52.51100Z</time><extensions><mytracks:speed>37.72751072138438</mytracks:speed><mytracks:gradient>0.0137679874915798</mytracks:gradient><mytracks:length>0.01071381746845984</mytracks:length></extensions></trkpt><trkpt lat="45.43106347405088" lon="-75.66411632648757"><ele>58.59944293916252</ele><time>2025-10-04T15:19:53.51900Z</time><extensions><mytracks:speed>39.77301240064903</mytracks:speed><mytracks:gradient>0.00706581066441758</mytracks:gradient><mytracks:length>0.01114347923231201</mytracks:length></extensions></trkpt><trkpt lat="45.43095968191426" lon="-75.66408435124022"><ele>58.7380644154039</ele><time>2025-10-04T15:19:54.52700Z</time><extensions><mytracks:speed>42.19227682077459</mytracks:speed><mytracks:gradient>0.01174009691327943</mytracks:gradient><mytracks:length>0.01180752401494902</mytracks:length></extensions></trkpt><trkpt lat="45.43085431677403" lon="-75.66405158968256"><ele>58.79621609199256</ele><time>2025-10-04T15:19:55.53000Z</time><extensions><mytracks:speed>43.03961618582569</mytracks:speed><mytracks:gradient>0.00484937889948992</mytracks:gradient><mytracks:length>0.01199157207426736</mytracks:length></extensions></trkpt><trkpt lat="45.4307484773597" lon="-75.66402344067431"><ele>58.83095440907918</ele><time>2025-10-04T15:19:56.52200Z</time><extensions><mytracks:speed>43.2389940247435</mytracks:speed><mytracks:gradient>0.003876722203366558</mytracks:gradient><mytracks:length>0.01197201486178305</mytracks:length></extensions></trkpt><trkpt lat="45.43064014393352" lon="-75.66399596092427"><ele>59.09190331366179</ele><time>2025-10-04T15:19:57.50700Z</time><extensions><mytracks:speed>44.08628276626644</mytracks:speed><mytracks:gradient>0.01221475318512715</mytracks:gradient><mytracks:length>0.01223560946978461</mytracks:length></extensions></trkpt><trkpt lat="45.43052950756618" lon="-75.66396917919248"><ele>59.12731891178554</ele><time>2025-10-04T15:19:58.49800Z</time><extensions><mytracks:speed>45.01523779844653</mytracks:speed><mytracks:gradient>0.01199193695308609</mytracks:gradient><mytracks:length>0.01247812452971263</mytracks:length></extensions></trkpt><trkpt lat="45.43041820759257" lon="-75.66394289855589"><ele>59.19537385821015</ele><time>2025-10-04T15:19:59.48900Z</time><extensions><mytracks:speed>45.45142002509125</mytracks:speed><mytracks:gradient>0.004134992623760259</mytracks:gradient><mytracks:length>0.01254439837402326</mytracks:length></extensions></trkpt><trkpt lat="45.43031000683152" lon="-75.66391566326726"><ele>59.2127681972423</ele><time>2025-10-04T15:20:00.46300Z</time><extensions><mytracks:speed>45.382225499649</mytracks:speed><mytracks:gradient>0.003450808876729837</mytracks:gradient><mytracks:length>0.01221791835701514</mytracks:length></extensions></trkpt><trkpt lat="45.43019950225553" lon="-75.66388644587734"><ele>59.17296481953606</ele><time>2025-10-04T15:20:01.48000Z</time><extensions><mytracks:speed>44.1962490429387</mytracks:speed><mytracks:length>0.01249725031562586</mytracks:length></extensions></trkpt><trkpt lat="45.43009015079937" lon="-75.66385657908182"><ele>59.44533071969109</ele><time>2025-10-04T15:20:02.50300Z</time><extensions><mytracks:speed>43.57696446463975</mytracks:speed><mytracks:gradient>0.02199876964624581</mytracks:gradient><mytracks:length>0.01238096059619943</mytracks:length></extensions></trkpt><trkpt lat="45.4299817172669" lon="-75.66382530741906"><ele>59.75418967288073</ele><time>2025-10-04T15:20:03.52300Z</time><extensions><mytracks:speed>43.43392496635185</mytracks:speed><mytracks:gradient>0.02510771147273562</mytracks:gradient><mytracks:length>0.01230135823111679</mytracks:length></extensions></trkpt><trkpt lat="45.42987932903589" lon="-75.66379431040225"><ele>60.0339749369876</ele><time>2025-10-04T15:20:04.49300Z</time><extensions><mytracks:speed>43.31983201675601</mytracks:speed><mytracks:gradient>0.02458765399008286</mytracks:gradient><mytracks:length>0.01163916045225094</mytracks:length></extensions></trkpt><trkpt lat="45.42977492075207" lon="-75.6637628325893"><ele>60.13026194821917</ele><time>2025-10-04T15:20:05.48500Z</time><extensions><mytracks:speed>43.12838314658168</mytracks:speed><mytracks:gradient>0.0159989731461321</mytracks:gradient><mytracks:length>0.01186691224575214</mytracks:length></extensions></trkpt><trkpt lat="45.42961347301434" lon="-75.66371245113865"><ele>60.07857558478821</ele><time>2025-10-04T15:20:07.00400Z</time><extensions><mytracks:speed>43.56385993039877</mytracks:speed><mytracks:length>0.01837776712540064</mytracks:length></extensions></trkpt><trkpt lat="45.42950735244655" lon="-75.66367916722564"><ele>60.07560288445107</ele><time>2025-10-04T15:20:08.01600Z</time><extensions><mytracks:speed>42.98537629826007</mytracks:speed><mytracks:length>0.01208254482866604</mytracks:length></extensions></trkpt><trkpt lat="45.42940465822799" lon="-75.66364712936743"><ele>60.00353393012429</ele><time>2025-10-04T15:20:08.99500Z</time><extensions><mytracks:speed>42.97872695771702</mytracks:speed><mytracks:length>0.01168976993563299</mytracks:length></extensions></trkpt><trkpt lat="45.42925208620751" lon="-75.66359977935241"><ele>60.04072698476047</ele><time>2025-10-04T15:20:10.48200Z</time><extensions><mytracks:speed>42.02740709219446</mytracks:speed><mytracks:gradient>0.00214204987001513</mytracks:gradient><mytracks:length>0.01736330005982261</mytracks:length></extensions></trkpt><trkpt lat="45.42915500967568" lon="-75.66356935176042"><ele>59.96173851882013</ele><time>2025-10-04T15:20:11.50200Z</time><extensions><mytracks:speed>39.03199520667243</mytracks:speed><mytracks:length>0.01105252379241013</mytracks:length></extensions></trkpt><trkpt lat="45.42906390901162" lon="-75.66354083010704"><ele>59.9061777243809</ele><time>2025-10-04T15:20:12.51200Z</time><extensions><mytracks:speed>36.95432184636592</mytracks:speed><mytracks:length>0.0103718713888843</mytracks:length></extensions></trkpt><trkpt lat="45.42898221875805" lon="-75.66351460726624"><ele>59.97272970218469</ele><time>2025-10-04T15:20:13.48500Z</time><extensions><mytracks:speed>35.71682599122142</mytracks:speed><mytracks:gradient>0.0005584165354691927</mytracks:gradient><mytracks:length>0.009311405795850287</mytracks:length></extensions></trkpt><trkpt lat="45.42890352064366" lon="-75.66348842173485"><ele>60.04004163769991</ele><time>2025-10-04T15:20:14.48500Z</time><extensions><mytracks:speed>33.37934719140856</mytracks:speed><mytracks:gradient>0.007316102338527176</mytracks:gradient><mytracks:length>0.008985815269426722</mytracks:length></extensions></trkpt><trkpt lat="45.42882864283425" lon="-75.66346263874337"><ele>60.12526148562174</ele><time>2025-10-04T15:20:15.48300Z</time><extensions><mytracks:speed>31.63198854361267</mytracks:speed><mytracks:gradient>0.00869040963832211</mytracks:gradient><mytracks:length>0.008565773673285263</mytracks:length></extensions></trkpt><trkpt lat="45.42875694894378" lon="-75.66343696293596"><ele>60.17992876293889</ele><time>2025-10-04T15:20:16.47000Z</time><extensions><mytracks:speed>30.4438574555278</mytracks:speed><mytracks:gradient>0.008333772642039104</mytracks:gradient><mytracks:length>0.008219993483380239</mytracks:length></extensions></trkpt><trkpt lat="45.42868307792046" lon="-75.66341002034825"><ele>60.2320336060473</ele><time>2025-10-04T15:20:17.48100Z</time><extensions><mytracks:speed>30.19142437137066</mytracks:speed><mytracks:gradient>0.006145508194046866</mytracks:gradient><mytracks:length>0.008478524714828869</mytracks:length></extensions></trkpt><trkpt lat="45.42859880059587" lon="-75.66337641862263"><ele>60.22738108429569</ele><time>2025-10-04T15:20:18.52200Z</time><extensions><mytracks:speed>33.67078480506845</mytracks:speed><mytracks:length>0.009730752266073945</mytracks:length></extensions></trkpt><trkpt lat="45.42851086480956" lon="-75.66333972886557"><ele>60.15031473760754</ele><time>2025-10-04T15:20:19.54900Z</time><extensions><mytracks:speed>35.68634613463598</mytracks:speed><mytracks:length>0.01018819857886563</mytracks:length></extensions></trkpt><trkpt lat="45.42842403476912" lon="-75.66330228250114"><ele>60.07519355405428</ele><time>2025-10-04T15:20:20.50900Z</time><extensions><mytracks:speed>36.73303869211853</mytracks:speed><mytracks:length>0.01008774095829303</mytracks:length></extensions></trkpt><trkpt lat="45.4283292046788" lon="-75.66326165689811"><ele>60.03889613557394</ele><time>2025-10-04T15:20:21.50100Z</time><extensions><mytracks:speed>38.91224595472541</mytracks:speed><mytracks:length>0.01101044835460402</mytracks:length></extensions></trkpt><trkpt lat="45.42823873990837" lon="-75.66323184848329"><ele>60.17652927521885</ele><time>2025-10-04T15:20:22.48200Z</time><extensions><mytracks:speed>38.91105613145046</mytracks:speed><mytracks:gradient>0.004752116109187902</mytracks:gradient><mytracks:length>0.01032484108067373</mytracks:length></extensions></trkpt><trkpt lat="45.4281383981459" lon="-75.6632006043392"><ele>60.47156697962262</ele><time>2025-10-04T15:20:23.50900Z</time><extensions><mytracks:speed>40.0226392515733</mytracks:speed><mytracks:gradient>0.02583363537693157</mytracks:gradient><mytracks:length>0.01142068083329968</mytracks:length></extensions></trkpt><trkpt lat="45.42803671268037" lon="-75.66317298312904"><ele>60.76939834949343</ele><time>2025-10-04T15:20:24.49400Z</time><extensions><mytracks:speed>41.00997707149683</mytracks:speed><mytracks:gradient>0.02585652757116082</mytracks:gradient><mytracks:length>0.01150990165238938</mytracks:length></extensions></trkpt><trkpt lat="45.42792533653501" lon="-75.66314527139377"><ele>60.99463352484402</ele><time>2025-10-04T15:20:25.51300Z</time><extensions><mytracks:speed>44.43154159752474</mytracks:speed><mytracks:gradient>0.01791660062509095</mytracks:gradient><mytracks:length>0.0125713119393399</mytracks:length></extensions></trkpt><trkpt lat="45.42781067539457" lon="-75.66311638040101"><ele>61.1001359577989</ele><time>2025-10-04T15:20:26.49600Z</time><extensions><mytracks:speed>45.90034018246308</mytracks:speed><mytracks:gradient>0.01296032524617126</mytracks:gradient><mytracks:length>0.01294744843118069</mytracks:length></extensions></trkpt><trkpt lat="45.42768863844341" lon="-75.66309063008394"><ele>61.08076074095183</ele><time>2025-10-04T15:20:27.49700Z</time><extensions><mytracks:speed>49.34311803973417</mytracks:speed><mytracks:length>0.01371773993014361</mytracks:length></extensions></trkpt><trkpt lat="45.42756730910568" lon="-75.66306694545351"><ele>60.96542917795123</ele><time>2025-10-04T15:20:28.49000Z</time><extensions><mytracks:speed>49.34441857301459</mytracks:speed><mytracks:length>0.01361717709354941</mytracks:length></extensions></trkpt><trkpt lat="45.4274433021115" lon="-75.66304514176223"><ele>60.8455753285299</ele><time>2025-10-04T15:20:29.50500Z</time><extensions><mytracks:speed>49.31075687969885</mytracks:speed><mytracks:length>0.01389367625620387</mytracks:length></extensions></trkpt><trkpt lat="45.42731769647542" lon="-75.66302035839637"><ele>60.72907188888745</ele><time>2025-10-04T15:20:30.52000Z</time><extensions><mytracks:speed>50.00653878645021</mytracks:speed><mytracks:length>0.01410004920328081</mytracks:length></extensions></trkpt><trkpt lat="45.42719938111845" lon="-75.66299613373729"><ele>60.6445052875377</ele><time>2025-10-04T15:20:31.50000Z</time><extensions><mytracks:speed>49.42471464869553</mytracks:speed><mytracks:length>0.01329128076555391</mytracks:length></extensions></trkpt><trkpt lat="45.42707691682713" lon="-75.6629708736925"><ele>60.55162913769729</ele><time>2025-10-04T15:20:32.48900Z</time><extensions><mytracks:speed>49.43635089297642</mytracks:speed><mytracks:length>0.01375939690039661</mytracks:length></extensions></trkpt><trkpt lat="45.42695436549942" lon="-75.66294477542257"><ele>60.44021659242496</ele><time>2025-10-04T15:20:33.50400Z</time><extensions><mytracks:speed>48.90571789356673</mytracks:speed><mytracks:length>0.01377870650677479</mytracks:length></extensions></trkpt><trkpt lat="45.42683686541159" lon="-75.6629218034337"><ele>60.20829401049888</ele><time>2025-10-04T15:20:34.53000Z</time><extensions><mytracks:speed>46.27466014137912</mytracks:speed><mytracks:length>0.01318814971921435</mytracks:length></extensions></trkpt><trkpt lat="45.42672648302763" lon="-75.66289773576699"><ele>59.97932370570656</ele><time>2025-10-04T15:20:35.51600Z</time><extensions><mytracks:speed>45.80323406367402</mytracks:speed><mytracks:length>0.01241730471417339</mytracks:length></extensions></trkpt><trkpt lat="45.42652531203594" lon="-75.66285190834213"><ele>59.58815505243851</ele><time>2025-10-04T15:20:37.41100Z</time><extensions><mytracks:speed>43.04011886553891</mytracks:speed><mytracks:length>0.02265296260567471</mytracks:length></extensions></trkpt><trkpt lat="45.42641716431412" lon="-75.66282413244453"><ele>59.47196202250993</ele><time>2025-10-04T15:20:38.39100Z</time><extensions><mytracks:speed>43.66361857616203</mytracks:speed><mytracks:length>0.01221939359468739</mytracks:length></extensions></trkpt><trkpt lat="45.42630022732608" lon="-75.66279512040236"><ele>59.31921569049113</ele><time>2025-10-04T15:20:39.44300Z</time><extensions><mytracks:speed>45.1718038267894</mytracks:speed><mytracks:length>0.01319873808555994</mytracks:length></extensions></trkpt><trkpt lat="45.42618377186978" lon="-75.66276567739243"><ele>59.17334394930616</ele><time>2025-10-04T15:20:40.49500Z</time><extensions><mytracks:speed>45.02322246052133</mytracks:speed><mytracks:length>0.01315153728507905</mytracks:length></extensions></trkpt><trkpt lat="45.42607136314975" lon="-75.66273795186389"><ele>59.03955982512311</ele><time>2025-10-04T15:20:41.51900Z</time><extensions><mytracks:speed>44.57488281814694</mytracks:speed><mytracks:length>0.01268514637760866</mytracks:length></extensions></trkpt><trkpt lat="45.42596461690928" lon="-75.66271179504872"><ele>58.92814766186447</ele><time>2025-10-04T15:20:42.51400Z</time><extensions><mytracks:speed>44.07536972934903</mytracks:speed><mytracks:length>0.01204369410162575</mytracks:length></extensions></trkpt><trkpt lat="45.42586015296217" lon="-75.66268558750812"><ele>58.8449683143787</ele><time>2025-10-04T15:20:43.50100Z</time><extensions><mytracks:speed>43.29546545513824</mytracks:speed><mytracks:length>0.01179415865950605</mytracks:length></extensions></trkpt><trkpt lat="45.42574958579056" lon="-75.66266108535898"><ele>58.83540299159187</ele><time>2025-10-04T15:20:44.54500Z</time><extensions><mytracks:speed>42.9310275630307</mytracks:speed><mytracks:length>0.01244232025828888</mytracks:length></extensions></trkpt><trkpt lat="45.42563804701952" lon="-75.66263549173301"><ele>58.74512826626897</ele><time>2025-10-04T15:20:45.56100Z</time><extensions><mytracks:speed>44.51873461472585</mytracks:speed><mytracks:length>0.01256234715752564</mytracks:length></extensions></trkpt><trkpt lat="45.42552969814295" lon="-75.66260976181756"><ele>58.74421733570722</ele><time>2025-10-04T15:20:46.52200Z</time><extensions><mytracks:speed>45.10374716712694</mytracks:speed><mytracks:length>0.01221422948329892</mytracks:length></extensions></trkpt><trkpt lat="45.42529146947933" lon="-75.66255354542747"><ele>58.80754811810078</ele><time>2025-10-04T15:20:48.47900Z</time><extensions><mytracks:speed>49.4100808464509</mytracks:speed><mytracks:gradient>0.002358637196727556</mytracks:gradient><mytracks:length>0.02685058239623447</mytracks:length></extensions></trkpt><trkpt lat="45.42516092457255" lon="-75.66252149014213"><ele>58.95849768020369</ele><time>2025-10-04T15:20:49.49800Z</time><extensions><mytracks:speed>52.02052367203329</mytracks:speed><mytracks:gradient>0.01024799799476258</mytracks:gradient><mytracks:length>0.01472966350891769</mytracks:length></extensions></trkpt><trkpt lat="45.42502480747875" lon="-75.66248571547851"><ele>59.05608761775917</ele><time>2025-10-04T15:20:50.53000Z</time><extensions><mytracks:speed>53.66780464129961</mytracks:speed><mytracks:gradient>0.006340859303820668</mytracks:gradient><mytracks:length>0.01539064862970126</mytracks:length></extensions></trkpt><trkpt lat="45.42489460967639" lon="-75.66245062343872"><ele>59.15246416006188</ele><time>2025-10-04T15:20:51.52600Z</time><extensions><mytracks:speed>53.47043776213971</mytracks:speed><mytracks:gradient>0.006438780785623999</mytracks:gradient><mytracks:length>0.0147336401587096</mytracks:length></extensions></trkpt><trkpt lat="45.42476509670541" lon="-75.66241813970365"><ele>59.25128460016411</ele><time>2025-10-04T15:20:52.55100Z</time><extensions><mytracks:speed>51.33979396349346</mytracks:speed><mytracks:gradient>0.006758107694119281</mytracks:gradient><mytracks:length>0.01462250153074964</mytracks:length></extensions></trkpt><trkpt lat="45.42464513716018" lon="-75.66238854334485"><ele>59.32339694624461</ele><time>2025-10-04T15:20:53.51100Z</time><extensions><mytracks:speed>51.08018151231674</mytracks:speed><mytracks:gradient>0.006070064901812627</mytracks:gradient><mytracks:length>0.01353785337917022</mytracks:length></extensions></trkpt><trkpt lat="45.42452162736077" lon="-75.66236088214841"><ele>59.49791687003871</ele><time>2025-10-04T15:20:54.51700Z</time><extensions><mytracks:speed>49.74424672009241</mytracks:speed><mytracks:gradient>0.01255319489617199</mytracks:gradient><mytracks:length>0.01390243083434693</mytracks:length></extensions></trkpt><trkpt lat="45.42439534235245" lon="-75.66233269254809"><ele>59.80309736660782</ele><time>2025-10-04T15:20:55.52900Z</time><extensions><mytracks:speed>50.54938054591612</mytracks:speed><mytracks:gradient>0.0214708876069996</mytracks:gradient><mytracks:length>0.01421368795529522</mytracks:length></extensions></trkpt><trkpt lat="45.42426737508099" lon="-75.66230201191044"><ele>60.09693525496762</ele><time>2025-10-04T15:20:56.52900Z</time><extensions><mytracks:speed>51.25431684133246</mytracks:speed><mytracks:gradient>0.02091364369418185</mytracks:gradient><mytracks:length>0.01442922839892823</mytracks:length></extensions></trkpt><trkpt lat="45.42413763801713" lon="-75.66227037098606"><ele>60.40633416776434</ele><time>2025-10-04T15:20:57.52100Z</time><extensions><mytracks:speed>52.52582451495344</mytracks:speed><mytracks:gradient>0.02075457534943645</mytracks:gradient><mytracks:length>0.01463605514788638</mytracks:length></extensions></trkpt><trkpt lat="45.42400644189933" lon="-75.66223461535282"><ele>60.67333155120004</ele><time>2025-10-04T15:20:58.51500Z</time><extensions><mytracks:speed>53.42784776093049</mytracks:speed><mytracks:gradient>0.01954726812217805</mytracks:gradient><mytracks:length>0.01485305136865491</mytracks:length></extensions></trkpt><trkpt lat="45.42376973341036" lon="-75.6621586133675"><ele>61.02029530643023</ele><time>2025-10-04T15:21:00.34300Z</time><extensions><mytracks:speed>53.1535456321844</mytracks:speed><mytracks:gradient>0.01285963558822944</mytracks:gradient><mytracks:length>0.0269808388309058</mytracks:length></extensions></trkpt><trkpt lat="45.42365038205769" lon="-75.66210874652323"><ele>61.21324108287428</ele><time>2025-10-04T15:21:01.32500Z</time><extensions><mytracks:speed>52.26200120581384</mytracks:speed><mytracks:gradient>0.01323548285419357</mytracks:gradient><mytracks:length>0.01383028420916296</mytracks:length></extensions></trkpt><trkpt lat="45.4235274503109" lon="-75.66205265747027"><ele>61.42482501496971</ele><time>2025-10-04T15:21:02.41900Z</time><extensions><mytracks:speed>47.25872875015146</mytracks:speed><mytracks:gradient>0.0147409798385814</mytracks:gradient><mytracks:length>0.01435345101969769</mytracks:length></extensions></trkpt><trkpt lat="45.42341846968432" lon="-75.66199669452233"><ele>61.64797947803653</ele><time>2025-10-04T15:21:03.47100Z</time><extensions><mytracks:speed>44.08839279580036</mytracks:speed><mytracks:gradient>0.0173236408036377</mytracks:gradient><mytracks:length>0.01288149907956765</mytracks:length></extensions></trkpt><trkpt lat="45.42332100239506" lon="-75.66194027679595"><ele>61.77164737188444</ele><time>2025-10-04T15:21:04.48600Z</time><extensions><mytracks:speed>41.48446258161306</mytracks:speed><mytracks:gradient>0.01057148868153203</mytracks:gradient><mytracks:length>0.01169824776561117</mytracks:length></extensions></trkpt><trkpt lat="45.42322681195295" lon="-75.66188002896038"><ele>61.98017532472578</ele><time>2025-10-04T15:21:05.49300Z</time><extensions><mytracks:speed>41.05524606850742</mytracks:speed><mytracks:gradient>0.01816304356002189</mytracks:gradient><mytracks:length>0.01148089262420319</mytracks:length></extensions></trkpt><trkpt lat="45.42313326197971" lon="-75.6618115999735"><ele>62.11551759404092</ele><time>2025-10-04T15:21:06.49600Z</time><extensions><mytracks:speed>41.95185681003083</mytracks:speed><mytracks:gradient>0.01157402241978279</mytracks:gradient><mytracks:length>0.01169362425666345</mytracks:length></extensions></trkpt><trkpt lat="45.42304066751002" lon="-75.66173538387861"><ele>62.30975134414916</ele><time>2025-10-04T15:21:07.49800Z</time><extensions><mytracks:speed>42.72819101391362</mytracks:speed><mytracks:gradient>0.01633477614164257</mytracks:gradient><mytracks:length>0.01189081187424878</mytracks:length></extensions></trkpt><trkpt lat="45.42294764727634" lon="-75.66165211483832"><ele>62.5493709912886</ele><time>2025-10-04T15:21:08.49900Z</time><extensions><mytracks:speed>43.93049769242277</mytracks:speed><mytracks:gradient>0.01961629561335579</mytracks:gradient><mytracks:length>0.01221533626238297</mytracks:length></extensions></trkpt><trkpt lat="45.42285650482381" lon="-75.66156394530341"><ele>62.69632965313937</ele><time>2025-10-04T15:21:09.49900Z</time><extensions><mytracks:speed>44.07715807091407</mytracks:speed><mytracks:gradient>0.01199666004048172</mytracks:gradient><mytracks:length>0.01224996468640946</mytracks:length></extensions></trkpt><trkpt lat="45.42276657897575" lon="-75.66146861755377"><ele>62.79048877029086</ele><time>2025-10-04T15:21:10.50000Z</time><extensions><mytracks:speed>44.85682413623963</mytracks:speed><mytracks:gradient>0.007554685984681959</mytracks:gradient><mytracks:length>0.01246367054069627</mytracks:length></extensions></trkpt><trkpt lat="45.42268160181958" lon="-75.66136829496054"><ele>62.66946513785013</ele><time>2025-10-04T15:21:11.50000Z</time><extensions><mytracks:speed>44.1711355170093</mytracks:speed><mytracks:length>0.0122716496346446</mytracks:length></extensions></trkpt><trkpt lat="45.42260041680473" lon="-75.66126340275365"><ele>62.46184177413375</ele><time>2025-10-04T15:21:12.50000Z</time><extensions><mytracks:speed>43.86784825732185</mytracks:speed><mytracks:length>0.01218652733803589</mytracks:length></extensions></trkpt><trkpt lat="45.42252522329272" lon="-75.66115426693744"><ele>62.13077223092981</ele><time>2025-10-04T15:21:13.50000Z</time><extensions><mytracks:speed>42.96437718016815</mytracks:speed><mytracks:length>0.01193506992825614</mytracks:length></extensions></trkpt><trkpt lat="45.42244905377591" lon="-75.66103369559865"><ele>61.75143288326014</ele><time>2025-10-04T15:21:14.57500Z</time><extensions><mytracks:speed>42.38441162066356</mytracks:speed><mytracks:length>0.01266025469196276</mytracks:length></extensions></trkpt><trkpt lat="45.42237607779069" lon="-75.66091228940289"><ele>61.44720556274774</ele><time>2025-10-04T15:21:15.64200Z</time><extensions><mytracks:speed>42.09684371949132</mytracks:speed><mytracks:length>0.01247451260254352</mytracks:length></extensions></trkpt><trkpt lat="45.42231156569554" lon="-75.66079820343832"><ele>61.25333296459866</ele><time>2025-10-04T15:21:16.64600Z</time><extensions><mytracks:speed>40.98072275108304</mytracks:speed><mytracks:length>0.01143408863282489</mytracks:length></extensions></trkpt><trkpt lat="45.42219955730865" lon="-75.66058348674962"><ele>60.97997025558443</ele><time>2025-10-04T15:21:18.54100Z</time><extensions><mytracks:speed>39.68128997394446</mytracks:speed><mytracks:length>0.02087886002562534</mytracks:length></extensions></trkpt><trkpt lat="45.42214578561816" lon="-75.66047277526577"><ele>60.83748875440472</ele><time>2025-10-04T15:21:19.52600Z</time><extensions><mytracks:speed>39.22930270264134</mytracks:speed><mytracks:length>0.01050741201717743</mytracks:length></extensions></trkpt><trkpt lat="45.42209537391435" lon="-75.66036385871566"><ele>60.63760999659166</ele><time>2025-10-04T15:21:20.52200Z</time><extensions><mytracks:speed>37.58739576608614</mytracks:speed><mytracks:length>0.01018244690838116</mytracks:length></extensions></trkpt><trkpt lat="45.42204957687485" lon="-75.66026203132445"><ele>60.44018451528603</ele><time>2025-10-04T15:21:21.50400Z</time><extensions><mytracks:speed>35.71730197494216</mytracks:speed><mytracks:length>0.009438784151413094</mytracks:length></extensions></trkpt><trkpt lat="45.42200725792677" lon="-75.66016421480927"><ele>60.35378222018102</ele><time>2025-10-04T15:21:22.48400Z</time><extensions><mytracks:speed>33.77263939024267</mytracks:speed><mytracks:length>0.008967743220424308</mytracks:length></extensions></trkpt><trkpt lat="45.42196471061919" lon="-75.6600679547889"><ele>60.38116046799521</ele><time>2025-10-04T15:21:23.48900Z</time><extensions><mytracks:speed>31.82110602205715</mytracks:speed><mytracks:gradient>0.0030838839412286</mytracks:gradient><mytracks:length>0.008877846357370942</mytracks:length></extensions></trkpt><trkpt lat="45.42192251971551" lon="-75.65997016494026"><ele>60.53550575624549</ele><time>2025-10-04T15:21:24.50100Z</time><extensions><mytracks:speed>31.85195376361462</mytracks:speed><mytracks:gradient>0.01722951619744461</mytracks:gradient><mytracks:length>0.008958190495980093</mytracks:length></extensions></trkpt><trkpt lat="45.42187975882619" lon="-75.65986990499751"><ele>60.79154399674943</ele><time>2025-10-04T15:21:25.52000Z</time><extensions><mytracks:speed>32.35989820466729</mytracks:speed><mytracks:gradient>0.02796333391134113</mytracks:gradient><mytracks:length>0.009156212965010537</mytracks:length></extensions></trkpt><trkpt lat="45.42183786470702" lon="-75.6597736954331"><ele>61.07719255729125</ele><time>2025-10-04T15:21:26.51400Z</time><extensions><mytracks:speed>32.1767294392495</mytracks:speed><mytracks:gradient>0.03010637155233438</mytracks:gradient><mytracks:length>0.008836125489120951</mytracks:length></extensions></trkpt><trkpt lat="45.42179627010232" lon="-75.65967339637915"><ele>61.36455181795142</ele><time>2025-10-04T15:21:27.51600Z</time><extensions><mytracks:speed>32.67883928927451</mytracks:speed><mytracks:gradient>0.03160398034501691</mytracks:gradient><mytracks:length>0.009092502195074816</mytracks:length></extensions></trkpt><trkpt lat="45.42175382064158" lon="-75.65957282990053"><ele>61.61806603157073</ele><time>2025-10-04T15:21:28.50700Z</time><extensions><mytracks:speed>32.96603984011338</mytracks:speed><mytracks:gradient>0.02963560070915735</mytracks:gradient><mytracks:length>0.00915867345277833</mytracks:length></extensions></trkpt><trkpt lat="45.42170934719892" lon="-75.65946853286388"><ele>61.84413232016233</ele><time>2025-10-04T15:21:29.49800Z</time><extensions><mytracks:speed>33.93745220978636</mytracks:speed><mytracks:gradient>0.02566906512529159</mytracks:gradient><mytracks:length>0.009524333793024503</mytracks:length></extensions></trkpt><trkpt lat="45.42166300144414" lon="-75.65935869785959"><ele>62.03633531110147</ele><time>2025-10-04T15:21:30.48900Z</time><extensions><mytracks:speed>35.46811267775699</mytracks:speed><mytracks:gradient>0.02142089111942919</mytracks:gradient><mytracks:length>0.0100020542829382</mytracks:length></extensions></trkpt><trkpt lat="45.42161388227049" lon="-75.65924427255828"><ele>62.09803475807028</ele><time>2025-10-04T15:21:31.48700Z</time><extensions><mytracks:speed>37.04024002541656</mytracks:speed><mytracks:gradient>0.01240366529308357</mytracks:gradient><mytracks:length>0.010468742203662</mytracks:length></extensions></trkpt><trkpt lat="45.42156152607176" lon="-75.65912392769727"><ele>62.082969909685</ele><time>2025-10-04T15:21:32.48100Z</time><extensions><mytracks:speed>38.88471741255154</mytracks:speed><mytracks:gradient>0.002167185839452093</mytracks:gradient><mytracks:length>0.01105048499513901</mytracks:length></extensions></trkpt><trkpt lat="45.42150445302566" lon="-75.65899524802711"><ele>62.01729784785982</ele><time>2025-10-04T15:21:33.48900Z</time><extensions><mytracks:speed>42.41727063136231</mytracks:speed><mytracks:length>0.01188019575286445</mytracks:length></extensions></trkpt><trkpt lat="45.42144260154789" lon="-75.65885812652856"><ele>61.91766258323128</ele><time>2025-10-04T15:21:34.50800Z</time><extensions><mytracks:speed>44.96025951100647</mytracks:speed><mytracks:length>0.01272132992744657</mytracks:length></extensions></trkpt><trkpt lat="45.42137800783101" lon="-75.65871890151635"><ele>61.85387015996454</ele><time>2025-10-04T15:21:35.50200Z</time><extensions><mytracks:speed>46.06455432263748</mytracks:speed><mytracks:length>0.01302517823667918</mytracks:length></extensions></trkpt><trkpt lat="45.42130997816156" lon="-75.65857895943499"><ele>61.79073577510931</ele><time>2025-10-04T15:21:36.49000Z</time><extensions><mytracks:speed>47.78791240486601</mytracks:speed><mytracks:length>0.01328585492228427</mytracks:length></extensions></trkpt><trkpt lat="45.42123496710329" lon="-75.6584365698197"><ele>61.59520918687996</ele><time>2025-10-04T15:21:37.50000Z</time><extensions><mytracks:speed>49.50695887714038</mytracks:speed><mytracks:length>0.01389497357879469</mytracks:length></extensions></trkpt><trkpt lat="45.42115307604605" lon="-75.65829437158902"><ele>61.41110612482018</ele><time>2025-10-04T15:21:38.52800Z</time><extensions><mytracks:speed>50.28605880879211</mytracks:speed><mytracks:length>0.01435564854510099</mytracks:length></extensions></trkpt><trkpt lat="45.42107172658875" lon="-75.65816352496195"><ele>61.33551147932803</ele><time>2025-10-04T15:21:39.49600Z</time><extensions><mytracks:speed>50.50798097989181</mytracks:speed><mytracks:length>0.01364230471796753</mytracks:length></extensions></trkpt><trkpt lat="45.42098402542536" lon="-75.65803528294718"><ele>61.24695548903894</ele><time>2025-10-04T15:21:40.48900Z</time><extensions><mytracks:speed>50.69641685641122</mytracks:speed><mytracks:length>0.01397452745577389</mytracks:length></extensions></trkpt><trkpt lat="45.42089284663367" lon="-75.65791270954567"><ele>61.29183279693754</ele><time>2025-10-04T15:21:41.49900Z</time><extensions><mytracks:speed>49.67664636834696</mytracks:speed><mytracks:gradient>0.003219472890526728</mytracks:gradient><mytracks:length>0.01393933399180137</mytracks:length></extensions></trkpt><trkpt lat="45.42080105734297" lon="-75.65780026472983"><ele>61.36023358398479</ele><time>2025-10-04T15:21:42.49600Z</time><extensions><mytracks:speed>49.13061119293694</mytracks:speed><mytracks:gradient>0.004135307793465953</mytracks:gradient><mytracks:length>0.01346074061562488</mytracks:length></extensions></trkpt><trkpt lat="45.42071228894348" lon="-75.6577007859522"><ele>61.36732177958223</ele><time>2025-10-04T15:21:43.46600Z</time><extensions><mytracks:speed>47.60818185030535</mytracks:speed><mytracks:gradient>0.0029019946998661</mytracks:gradient><mytracks:length>0.01255840062617026</mytracks:length></extensions></trkpt><trkpt lat="45.42062835604263" lon="-75.65761115264836"><ele>61.40779283245453</ele><time>2025-10-04T15:21:44.44200Z</time><extensions><mytracks:speed>44.79585615608632</mytracks:speed><mytracks:gradient>0.00196360200026735</mytracks:gradient><mytracks:length>0.01166352677424954</mytracks:length></extensions></trkpt><trkpt lat="45.42055319372931" lon="-75.65753351863675"><ele>61.46148917163799</ele><time>2025-10-04T15:21:45.45900Z</time><extensions><mytracks:speed>36.55387403185951</mytracks:speed><mytracks:gradient>0.005201793594262456</mytracks:gradient><mytracks:length>0.01032265856197755</mytracks:length></extensions></trkpt><trkpt lat="45.42049732827102" lon="-75.65747323653612"><ele>61.53819658947755</ele><time>2025-10-04T15:21:46.47200Z</time><extensions><mytracks:speed>27.69032998457743</mytracks:speed><mytracks:gradient>0.00984410805353331</mytracks:gradient><mytracks:length>0.007792216158378338</mytracks:length></extensions></trkpt><trkpt lat="45.42045862901536" lon="-75.65743358691606"><ele>61.61805216241311</ele><time>2025-10-04T15:21:47.51400Z</time><extensions><mytracks:speed>18.30715417623223</mytracks:speed><mytracks:gradient>0.01506638673342282</mytracks:gradient><mytracks:length>0.005300247122849156</mytracks:length></extensions></trkpt><trkpt lat="45.42043446500389" lon="-75.65740875157304"><ele>61.71157134391363</ele><time>2025-10-04T15:21:48.52000Z</time><extensions><mytracks:speed>11.86086659080245</mytracks:speed><mytracks:gradient>0.02821441997019353</mytracks:gradient><mytracks:length>0.003314588129024608</mytracks:length></extensions></trkpt><trkpt lat="45.42041470797905" lon="-75.65738843293659"><ele>61.75795890951404</ele><time>2025-10-04T15:21:49.52400Z</time><extensions><mytracks:speed>9.725465121991695</mytracks:speed><mytracks:gradient>0.01711571551482278</mytracks:gradient><mytracks:length>0.00271023233356729</mytracks:length></extensions></trkpt><trkpt lat="45.42039390646742" lon="-75.6573700679854"><ele>61.79312417589525</ele><time>2025-10-04T15:21:50.51600Z</time><extensions><mytracks:speed>9.789349031823521</mytracks:speed><mytracks:gradient>0.01502463286976035</mytracks:gradient><mytracks:length>0.002721846483090635</mytracks:length></extensions></trkpt><trkpt lat="45.42037397628469" lon="-75.65734980767391"><ele>61.78985392860828</ele><time>2025-10-04T15:21:51.51800Z</time><extensions><mytracks:speed>9.786660198704233</mytracks:speed><mytracks:length>0.002723501604242735</mytracks:length></extensions></trkpt><trkpt lat="45.42035695431515" lon="-75.65733306930517"><ele>61.73655195117643</ele><time>2025-10-04T15:21:52.51200Z</time><extensions><mytracks:speed>9.057460916096799</mytracks:speed><mytracks:length>0.002298140232609371</mytracks:length></extensions></trkpt><trkpt lat="45.42034606091789" lon="-75.6573217956598"><ele>61.73157026779894</ele><time>2025-10-04T15:21:53.51000Z</time><extensions><mytracks:speed>6.863170362470195</mytracks:speed><mytracks:length>0.00149504256741194</mytracks:length></extensions></trkpt><trkpt lat="45.42034195581906" lon="-75.65731769825727"><ele>61.7134327907167</ele><time>2025-10-04T15:21:54.50800Z</time><extensions><mytracks:speed>3.704071564431443</mytracks:speed><mytracks:length>0.0005616447969992111</mytracks:length></extensions></trkpt><trkpt lat="45.42034028971726" lon="-75.65731657835532"><ele>61.68331557912561</ele><time>2025-10-04T15:21:55.50900Z</time><extensions><mytracks:speed>0.7638070363298038</mytracks:speed><mytracks:length>0.0002122817797161812</mytracks:length></extensions></trkpt><trkpt lat="45.42034082609064" lon="-75.65731771981568"><ele>61.70167112856473</ele><time>2025-10-04T15:21:56.50600Z</time><extensions><mytracks:speed>0.2419074306166403</mytracks:speed><mytracks:length>9.493529796600342e-05</mytracks:length></extensions></trkpt><trkpt lat="45.42034118409715" lon="-75.65731936384137"><ele>61.65936807882165</ele><time>2025-10-04T15:21:59.69100Z</time><extensions><mytracks:speed>0.1517615365136857</mytracks:speed><mytracks:length>0.0001342587859314529</mytracks:length></extensions></trkpt><trkpt lat="45.42034256773999" lon="-75.65732571776036"><ele>61.49587297346443</ele><time>2025-10-04T15:22:13.00000Z</time><extensions><mytracks:speed>0.1406536713360105</mytracks:speed><mytracks:length>0.000519982041994544</mytracks:length></extensions></trkpt><trkpt lat="45.42034256773999" lon="-75.65732571776036"><ele>61.49587297346443</ele><time>2025-10-04T15:22:14.00300Z</time><extensions><mytracks:speed>0.1307938727131327</mytracks:speed><mytracks:length>0</mytracks:length></extensions></trkpt><trkpt lat="45.42034060270752" lon="-75.6573233646136"><ele>61.52374033198989</ele><time>2025-10-04T15:22:15.00300Z</time><extensions><mytracks:speed>0.4826583272100131</mytracks:speed><mytracks:gradient>0.1037822528042605</mytracks:gradient><mytracks:length>0.0002685175718629059</mytracks:length></extensions></trkpt><trkpt lat="45.4203317398203" lon="-75.65731493928232"><ele>61.58078334611035</ele><time>2025-10-04T15:22:16.50100Z</time><extensions><mytracks:speed>2.839586338895695</mytracks:speed><mytracks:gradient>0.04826239818283276</mytracks:gradient><mytracks:length>0.001181934927981888</mytracks:length></extensions></trkpt><trkpt lat="45.42031332962727" lon="-75.65729844240695"><ele>61.62801376940846</ele><time>2025-10-04T15:22:17.50100Z</time><extensions><mytracks:speed>8.706126505116812</mytracks:speed><mytracks:gradient>0.01952862975630239</mytracks:gradient><mytracks:length>0.002418522133272958</mytracks:length></extensions></trkpt><trkpt lat="45.42028410475767" lon="-75.65727564129217"><ele>61.70764131210673</ele><time>2025-10-04T15:22:18.50100Z</time><extensions><mytracks:speed>13.33273251173421</mytracks:speed><mytracks:gradient>0.02149949552807429</mytracks:gradient><mytracks:length>0.003703693539892148</mytracks:length></extensions></trkpt><trkpt lat="45.42024649570234" lon="-75.65724895390734"><ele>61.79490215695166</ele><time>2025-10-04T15:22:19.50100Z</time><extensions><mytracks:speed>15.07726747797503</mytracks:speed><mytracks:gradient>0.01992621837565408</mytracks:gradient><mytracks:length>0.004672128589555717</mytracks:length></extensions></trkpt><trkpt lat="45.420199462675" lon="-75.65721687872309"><ele>61.87923258394849</ele><time>2025-10-04T15:22:20.49800Z</time><extensions><mytracks:speed>18.877272599811</mytracks:speed><mytracks:gradient>0.01638879874327037</mytracks:gradient><mytracks:length>0.005798052369857174</mytracks:length></extensions></trkpt><trkpt lat="45.42014471593025" lon="-75.65718281791938"><ele>61.97188658844792</ele><time>2025-10-04T15:22:21.49800Z</time><extensions><mytracks:speed>23.90696593539115</mytracks:speed><mytracks:gradient>0.01394812310760095</mytracks:gradient><mytracks:length>0.00664275786675115</mytracks:length></extensions></trkpt><trkpt lat="45.42008298788945" lon="-75.65714587357814"><ele>62.046356626258</ele><time>2025-10-04T15:22:22.49100Z</time><extensions><mytracks:speed>25.44732446402688</mytracks:speed><mytracks:gradient>0.01186348862104896</mytracks:gradient><mytracks:length>0.007445009833395353</mytracks:length></extensions></trkpt><trkpt lat="45.42001091550777" lon="-75.65710620019198"><ele>62.08402718544452</ele><time>2025-10-04T15:22:23.49300Z</time><extensions><mytracks:speed>30.88088078902496</mytracks:speed><mytracks:gradient>0.00438462441957692</mytracks:gradient><mytracks:length>0.008591513338821155</mytracks:length></extensions></trkpt><trkpt lat="45.41992928539621" lon="-75.65706618002878"><ele>62.11445502115102</ele><time>2025-10-04T15:22:24.50100Z</time><extensions><mytracks:speed>34.26040326650289</mytracks:speed><mytracks:gradient>0.00316980776106617</mytracks:gradient><mytracks:length>0.009599268473072945</mytracks:length></extensions></trkpt><trkpt lat="45.41984308433117" lon="-75.65702689565606"><ele>62.18508895667317</ele><time>2025-10-04T15:22:25.51500Z</time><extensions><mytracks:speed>35.73178185901717</mytracks:speed><mytracks:gradient>0.007018449395131433</mytracks:gradient><mytracks:length>0.01006403716056475</mytracks:length></extensions></trkpt><trkpt lat="45.41975386264496" lon="-75.65698881005557"><ele>62.33516925757579</ele><time>2025-10-04T15:22:26.50600Z</time><extensions><mytracks:speed>36.67288715544201</mytracks:speed><mytracks:gradient>0.01080900537986637</mytracks:gradient><mytracks:length>0.01035665347636776</mytracks:length></extensions></trkpt><trkpt lat="45.41966183902952" lon="-75.65695206310104"><ele>62.50875951452914</ele><time>2025-10-04T15:22:27.48000Z</time><extensions><mytracks:speed>38.45465767397996</mytracks:speed><mytracks:gradient>0.01542548221441357</mytracks:gradient><mytracks:length>0.01062724230614396</mytracks:length></extensions></trkpt><trkpt lat="45.41956458638371" lon="-75.65691742345599"><ele>62.70617491044995</ele><time>2025-10-04T15:22:28.48400Z</time><extensions><mytracks:speed>39.93631400434283</mytracks:speed><mytracks:gradient>0.01770999397961234</mytracks:gradient><mytracks:length>0.01114711818355615</mytracks:length></extensions></trkpt><trkpt lat="45.41945984140831" lon="-75.65688605731812"><ele>62.86982627552988</ele><time>2025-10-04T15:22:29.50500Z</time><extensions><mytracks:speed>41.99209029862158</mytracks:speed><mytracks:gradient>0.01375057643106409</mytracks:gradient><mytracks:length>0.01190141852600659</mytracks:length></extensions></trkpt><trkpt lat="45.41935021381396" lon="-75.65686034739279"><ele>62.98271242790378</ele><time>2025-10-04T15:22:30.51600Z</time><extensions><mytracks:speed>43.99211615163046</mytracks:speed><mytracks:gradient>0.009137621721528915</mytracks:gradient><mytracks:length>0.01235399711370576</mytracks:length></extensions></trkpt><trkpt lat="45.419241337051" lon="-75.65684020007809"><ele>63.10166173794398</ele><time>2025-10-04T15:22:31.48400Z</time><extensions><mytracks:speed>44.68041053124203</mytracks:speed><mytracks:gradient>0.009439977065759468</mytracks:gradient><mytracks:length>0.01220869408285301</mytracks:length></extensions></trkpt><trkpt lat="45.41912596229302" lon="-75.65682282121547"><ele>63.25335087800496</ele><time>2025-10-04T15:22:32.48600Z</time><extensions><mytracks:speed>46.33666044132954</mytracks:speed><mytracks:gradient>0.01175818681077148</mytracks:gradient><mytracks:length>0.0129007254691702</mytracks:length></extensions></trkpt><trkpt lat="45.41900697090269" lon="-75.65680800147901"><ele>63.4859803157703</ele><time>2025-10-04T15:22:33.50300Z</time><extensions><mytracks:speed>47.00714431628791</mytracks:speed><mytracks:gradient>0.01751537136209205</mytracks:gradient><mytracks:length>0.01328144479247594</mytracks:length></extensions></trkpt><trkpt lat="45.41889039038403" lon="-75.6567943329669"><ele>63.74552170980913</ele><time>2025-10-04T15:22:34.50000Z</time><extensions><mytracks:speed>46.98335561812851</mytracks:speed><mytracks:gradient>0.01872190054745384</mytracks:gradient><mytracks:length>0.01300717521738161</mytracks:length></extensions></trkpt><trkpt lat="45.4187729716466" lon="-75.65678132701989"><ele>64.12143196477315</ele><time>2025-10-04T15:22:35.49700Z</time><extensions><mytracks:speed>47.13195685229422</mytracks:speed><mytracks:gradient>0.02434427065619137</mytracks:gradient><mytracks:length>0.01309625467536579</mytracks:length></extensions></trkpt><trkpt lat="45.41865610399706" lon="-75.65676981846889"><ele>64.53139974468105</ele><time>2025-10-04T15:22:36.48700Z</time><extensions><mytracks:speed>47.32799959954083</mytracks:speed><mytracks:gradient>0.03008505498665698</mytracks:gradient><mytracks:length>0.01302621611327176</mytracks:length></extensions></trkpt><trkpt lat="45.41853469833615" lon="-75.65675807566973"><ele>64.80459058301587</ele><time>2025-10-04T15:22:37.51100Z</time><extensions><mytracks:speed>47.58575194215194</mytracks:speed><mytracks:gradient>0.02019020316035314</mytracks:gradient><mytracks:length>0.01353086128777886</mytracks:length></extensions></trkpt><trkpt lat="45.41841626812201" lon="-75.65674654068931"><ele>65.21586816500184</ele><time>2025-10-04T15:22:38.51300Z</time><extensions><mytracks:speed>47.38862040657629</mytracks:speed><mytracks:gradient>0.03115795361750428</mytracks:gradient><mytracks:length>0.01319976231542107</mytracks:length></extensions></trkpt><trkpt lat="45.41829819892991" lon="-75.65673479513757"><ele>65.47147287301065</ele><time>2025-10-04T15:22:39.53000Z</time><extensions><mytracks:speed>46.58726288040354</mytracks:speed><mytracks:gradient>0.01942169083612268</mytracks:gradient><mytracks:length>0.01316078554465582</mytracks:length></extensions></trkpt><trkpt lat="45.41818761901733" lon="-75.65672567054285"><ele>65.82317085428548</ele><time>2025-10-04T15:22:40.50900Z</time><extensions><mytracks:speed>45.96740634361467</mytracks:speed><mytracks:gradient>0.02383745978781517</mytracks:gradient><mytracks:length>0.01231673447728174</mytracks:length></extensions></trkpt><trkpt lat="45.41807853364833" lon="-75.65671872288679"><ele>66.25847822049818</ele><time>2025-10-04T15:22:41.50200Z</time><extensions><mytracks:speed>44.65949003162788</mytracks:speed><mytracks:gradient>0.03217812873999137</mytracks:gradient><mytracks:length>0.01214207244520919</mytracks:length></extensions></trkpt><trkpt lat="45.41797086984306" lon="-75.65671240404464"><ele>66.48040092824483</ele><time>2025-10-04T15:22:42.50300Z</time><extensions><mytracks:speed>43.09805214637935</mytracks:speed><mytracks:gradient>0.01852223548623625</mytracks:gradient><mytracks:length>0.01198142135227501</mytracks:length></extensions></trkpt><trkpt lat="45.41786456682038" lon="-75.65670768561114"><ele>66.63797584428386</ele><time>2025-10-04T15:22:43.50100Z</time><extensions><mytracks:speed>42.87222504565894</mytracks:speed><mytracks:gradient>0.01594033526543776</mytracks:gradient><mytracks:length>0.01182544801566491</mytracks:length></extensions></trkpt><trkpt lat="45.41775871975371" lon="-75.65670114637904"><ele>66.62232044622007</ele><time>2025-10-04T15:22:44.48900Z</time><extensions><mytracks:speed>42.77788071906559</mytracks:speed><mytracks:gradient>0.006011893442872769</mytracks:gradient><mytracks:length>0.01178077814100601</mytracks:length></extensions></trkpt><trkpt lat="45.41765154906771" lon="-75.65669312157553"><ele>66.60849036321697</ele><time>2025-10-04T15:22:45.48500Z</time><extensions><mytracks:speed>43.02065565428306</mytracks:speed><mytracks:length>0.01193355954228094</mytracks:length></extensions></trkpt><trkpt lat="45.41754125427946" lon="-75.65668482778817"><ele>66.61914239867865</ele><time>2025-10-04T15:22:46.48700Z</time><extensions><mytracks:speed>44.13303922470934</mytracks:speed><mytracks:gradient>0.0008673193829621249</mytracks:gradient><mytracks:length>0.01228156048501453</mytracks:length></extensions></trkpt><trkpt lat="45.41742450499108" lon="-75.65667579173939"><ele>66.445433921842</ele><time>2025-10-04T15:22:47.50200Z</time><extensions><mytracks:speed>46.12799709929548</mytracks:speed><mytracks:length>0.01300059097235461</mytracks:length></extensions></trkpt><trkpt lat="45.41730605966175" lon="-75.65666811145455"><ele>66.24894529159488</ele><time>2025-10-04T15:22:48.51300Z</time><extensions><mytracks:speed>46.93425121898427</mytracks:speed><mytracks:length>0.01318370690572325</mytracks:length></extensions></trkpt><trkpt lat="45.41718684099974" lon="-75.65666525127911"><ele>65.99337433884071</ele><time>2025-10-04T15:22:49.51800Z</time><extensions><mytracks:speed>47.49230205189024</mytracks:speed><mytracks:length>0.01325835251610068</mytracks:length></extensions></trkpt><trkpt lat="45.41706962472442" lon="-75.65666546177798"><ele>65.82017604969026</ele><time>2025-10-04T15:22:50.50000Z</time><extensions><mytracks:speed>47.6319339102615</mytracks:speed><mytracks:length>0.01303382468300301</mytracks:length></extensions></trkpt><trkpt lat="45.41695289958727" lon="-75.65667213895371"><ele>65.84672954895458</ele><time>2025-10-04T15:22:51.49700Z</time><extensions><mytracks:speed>47.32640220610571</mytracks:speed><mytracks:length>0.01298984109200998</mytracks:length></extensions></trkpt><trkpt lat="45.41683742556449" lon="-75.65669006259142"><ele>65.87489353699412</ele><time>2025-10-04T15:22:52.50100Z</time><extensions><mytracks:speed>46.30754233511312</mytracks:speed><mytracks:gradient>0.002180535813611328</mytracks:gradient><mytracks:length>0.01291608597470969</mytracks:length></extensions></trkpt><trkpt lat="45.4167236044774" lon="-75.65671751575316"><ele>65.98942397212335</ele><time>2025-10-04T15:22:53.50600Z</time><extensions><mytracks:speed>46.00644333252771</mytracks:speed><mytracks:gradient>0.008922392838143389</mytracks:gradient><mytracks:length>0.01283629147548914</mytracks:length></extensions></trkpt><trkpt lat="45.41661535868449" lon="-75.65676494425583"><ele>65.90851220149791</ele><time>2025-10-04T15:22:54.49800Z</time><extensions><mytracks:speed>45.74800219599182</mytracks:speed><mytracks:gradient>0.001324868876500772</mytracks:gradient><mytracks:length>0.01259244352035712</mytracks:length></extensions></trkpt><trkpt lat="45.41651349164351" lon="-75.65683193574635"><ele>65.75360740644757</ele><time>2025-10-04T15:22:55.49500Z</time><extensions><mytracks:speed>45.27265628905039</mytracks:speed><mytracks:length>0.01247595749889429</mytracks:length></extensions></trkpt><trkpt lat="45.41641999297299" lon="-75.65691496406185"><ele>65.69174014598941</ele><time>2025-10-04T15:22:56.47100Z</time><extensions><mytracks:speed>45.03452920607541</mytracks:speed><mytracks:length>0.01225143606527327</mytracks:length></extensions></trkpt><trkpt lat="45.41633527870528" lon="-75.65702334105805"><ele>65.28884309781347</ele><time>2025-10-04T15:22:57.47000Z</time><extensions><mytracks:speed>45.22892591368591</mytracks:speed><mytracks:length>0.01266096656211384</mytracks:length></extensions></trkpt><trkpt lat="45.41626580729429" lon="-75.65715049491089"><ele>64.75410480019802</ele><time>2025-10-04T15:22:58.47600Z</time><extensions><mytracks:speed>44.98906600295456</mytracks:speed><mytracks:length>0.01257632942584555</mytracks:length></extensions></trkpt><trkpt lat="45.41621757065638" lon="-75.6572902057942"><ele>64.16646411338508</ele><time>2025-10-04T15:22:59.45200Z</time><extensions><mytracks:speed>44.68908566707447</mytracks:speed><mytracks:length>0.01215208897499955</mytracks:length></extensions></trkpt><trkpt lat="45.41619085349424" lon="-75.65744546761547"><ele>63.45063962243886</ele><time>2025-10-04T15:23:00.44000Z</time><extensions><mytracks:speed>44.8864652354929</mytracks:speed><mytracks:length>0.01247776338404508</mytracks:length></extensions></trkpt><trkpt lat="45.41619017387551" lon="-75.65761662059214"><ele>62.88665298251013</ele><time>2025-10-04T15:23:01.49500Z</time><extensions><mytracks:speed>45.61593003710838</mytracks:speed><mytracks:length>0.01335925519104877</mytracks:length></extensions></trkpt><trkpt lat="45.41621660183182" lon="-75.65778924204363"><ele>62.34887325519078</ele><time>2025-10-04T15:23:02.56300Z</time><extensions><mytracks:speed>46.4803921741866</mytracks:speed><mytracks:length>0.01379047535760223</mytracks:length></extensions></trkpt><trkpt lat="45.41625968749506" lon="-75.65792455660426"><ele>62.03759576124126</ele><time>2025-10-04T15:23:03.51400Z</time><extensions><mytracks:speed>45.01647191324509</mytracks:speed><mytracks:length>0.01159765907317735</mytracks:length></extensions></trkpt><trkpt lat="45.41632667106853" lon="-75.65804572657672"><ele>61.71215294206687</ele><time>2025-10-04T15:23:04.48600Z</time><extensions><mytracks:speed>43.91282715584549</mytracks:speed><mytracks:length>0.01203845462101911</mytracks:length></extensions></trkpt><trkpt lat="45.41641389357315" lon="-75.65814870118244"><ele>61.42625184234416</ele><time>2025-10-04T15:23:05.51200Z</time><extensions><mytracks:speed>44.22940536631363</mytracks:speed><mytracks:length>0.01259637938584667</mytracks:length></extensions></trkpt><trkpt lat="45.41651388768322" lon="-75.65822350467811"><ele>61.26747520257229</ele><time>2025-10-04T15:23:06.52100Z</time><extensions><mytracks:speed>44.77686481561985</mytracks:speed><mytracks:length>0.01255875945299509</mytracks:length></extensions></trkpt><trkpt lat="45.41662001977137" lon="-75.65827023171332"><ele>61.20153179322274</ele><time>2025-10-04T15:23:07.49600Z</time><extensions><mytracks:speed>45.00958556672359</mytracks:speed><mytracks:length>0.01235253795145964</mytracks:length></extensions></trkpt><trkpt lat="45.4167303361015" lon="-75.65828297121799"><ele>61.09632151344493</ele><time>2025-10-04T15:23:08.47700Z</time><extensions><mytracks:speed>45.12058152320392</mytracks:speed><mytracks:length>0.01230721811389817</mytracks:length></extensions></trkpt><trkpt lat="45.41684405165452" lon="-75.65826017379551"><ele>61.08509891656979</ele><time>2025-10-04T15:23:09.50100Z</time><extensions><mytracks:speed>44.87694897502001</mytracks:speed><mytracks:length>0.0127690622631787</mytracks:length></extensions></trkpt><trkpt lat="45.41694936834019" lon="-75.65819279462546"><ele>61.12881867071334</ele><time>2025-10-04T15:23:10.51000Z</time><extensions><mytracks:speed>45.80260742091788</mytracks:speed><mytracks:gradient>0.003405669585621278</mytracks:gradient><mytracks:length>0.01283734462325114</mytracks:length></extensions></trkpt><trkpt lat="45.41704273734062" lon="-75.65809082685654"><ele>61.11730361397091</ele><time>2025-10-04T15:23:11.51200Z</time><extensions><mytracks:speed>47.02846999396396</mytracks:speed><mytracks:length>0.01308179470364998</mytracks:length></extensions></trkpt><trkpt lat="45.41712046812081" lon="-75.65795804054254"><ele>61.26313758084683</ele><time>2025-10-04T15:23:12.50600Z</time><extensions><mytracks:speed>47.65124341833166</mytracks:speed><mytracks:gradient>0.005085102218947048</mytracks:gradient><mytracks:length>0.01349551258175558</mytracks:length></extensions></trkpt><trkpt lat="45.41718720919955" lon="-75.65779131841082"><ele>61.32356541735194</ele><time>2025-10-04T15:23:13.50800Z</time><extensions><mytracks:speed>53.81469031314816</mytracks:speed><mytracks:gradient>0.004033675279484063</mytracks:gradient><mytracks:length>0.0149808381483901</mytracks:length></extensions></trkpt><trkpt lat="45.41724416621368" lon="-75.65760217026855"><ele>61.27545587305933</ele><time>2025-10-04T15:23:14.53100Z</time><extensions><mytracks:speed>56.5068037483826</mytracks:speed><mytracks:length>0.01606483656173001</mytracks:length></extensions></trkpt><trkpt lat="45.41729563110351" lon="-75.65740231682345"><ele>61.04566587965599</ele><time>2025-10-04T15:23:15.53500Z</time><extensions><mytracks:speed>59.63356651911226</mytracks:speed><mytracks:length>0.01661557574152954</mytracks:length></extensions></trkpt><trkpt lat="45.41734478768499" lon="-75.65719223696485"><ele>60.61315406911962</ele><time>2025-10-04T15:23:16.51200Z</time><extensions><mytracks:speed>61.60693650823289</mytracks:speed><mytracks:length>0.017284482566599</mytracks:length></extensions></trkpt><trkpt lat="45.41739474289315" lon="-75.65697257145742"><ele>60.18122513334202</ele><time>2025-10-04T15:23:17.50200Z</time><extensions><mytracks:speed>64.61452326851995</mytracks:speed><mytracks:length>0.01802296063190482</mytracks:length></extensions></trkpt><trkpt lat="45.41745144143458" lon="-75.65673976989864"><ele>59.84100402365972</ele><time>2025-10-04T15:23:18.50500Z</time><extensions><mytracks:speed>68.97451667711591</mytracks:speed><mytracks:length>0.01923324470990593</mytracks:length></extensions></trkpt><trkpt lat="45.41751010826555" lon="-75.65651048432602"><ele>59.7776865248331</ele><time>2025-10-04T15:23:19.46300Z</time><extensions><mytracks:speed>70.25111260084572</mytracks:speed><mytracks:length>0.01904819443890672</mytracks:length></extensions></trkpt><trkpt lat="45.41757629079255" lon="-75.65627180240037"><ele>59.91064062477405</ele><time>2025-10-04T15:23:20.45000Z</time><extensions><mytracks:speed>72.35564679850494</mytracks:speed><mytracks:gradient>0.001782128619646442</mytracks:gradient><mytracks:length>0.02003044798997779</mytracks:length></extensions></trkpt><trkpt lat="45.41765538785263" lon="-75.65600342500169"><ele>60.08730882177658</ele><time>2025-10-04T15:23:21.48900Z</time><extensions><mytracks:speed>78.69005697872439</mytracks:speed><mytracks:gradient>0.007776329438619344</mytracks:gradient><mytracks:length>0.02271871303768918</mytracks:length></extensions></trkpt><trkpt lat="45.41773978327264" lon="-75.65572583219749"><ele>60.34919256070422</ele><time>2025-10-04T15:23:22.53900Z</time><extensions><mytracks:speed>80.93427593506732</mytracks:speed><mytracks:gradient>0.0110913108655666</mytracks:gradient><mytracks:length>0.02361161291950366</mytracks:length></extensions></trkpt><trkpt lat="45.41782382999098" lon="-75.65545982500144"><ele>60.53196472124915</ele><time>2025-10-04T15:23:23.51800Z</time><extensions><mytracks:speed>82.29723858482635</mytracks:speed><mytracks:gradient>0.00958746503622405</mytracks:gradient><mytracks:length>0.02276844554420978</mytracks:length></extensions></trkpt><trkpt lat="45.41791652135943" lon="-75.65518374567536"><ele>60.73254024240482</ele><time>2025-10-04T15:23:24.50300Z</time><extensions><mytracks:speed>85.50754110141543</mytracks:speed><mytracks:gradient>0.008217178881541543</mytracks:gradient><mytracks:length>0.02388636996068571</mytracks:length></extensions></trkpt><trkpt lat="45.418018297019" lon="-75.65490528385281"><ele>60.76757372025961</ele><time>2025-10-04T15:23:25.51800Z</time><extensions><mytracks:speed>86.9654276852591</mytracks:speed><mytracks:gradient>0.001429684416184731</mytracks:gradient><mytracks:length>0.02450434337689684</mytracks:length></extensions></trkpt><trkpt lat="45.4181278569969" lon="-75.65462674733517"><ele>60.69950909242459</ele><time>2025-10-04T15:23:26.51700Z</time><extensions><mytracks:speed>88.36037147275026</mytracks:speed><mytracks:length>0.02492065133757699</mytracks:length></extensions></trkpt><trkpt lat="45.41824364836925" lon="-75.65434521718895"><ele>60.46316586875691</ele><time>2025-10-04T15:23:27.50300Z</time><extensions><mytracks:speed>91.36068153335644</mytracks:speed><mytracks:length>0.02546779820530281</mytracks:length></extensions></trkpt><trkpt lat="45.41836396233293" lon="-75.65405624392295"><ele>60.11140426522714</ele><time>2025-10-04T15:23:28.49100Z</time><extensions><mytracks:speed>94.24595783441704</mytracks:speed><mytracks:length>0.02622363145606786</mytracks:length></extensions></trkpt><trkpt lat="45.41848461570016" lon="-75.65375633474325"><ele>59.88224799363531</ele><time>2025-10-04T15:23:29.48300Z</time><extensions><mytracks:speed>96.7309806922611</mytracks:speed><mytracks:length>0.02698017074030694</mytracks:length></extensions></trkpt><trkpt lat="45.41859820358759" lon="-75.65344380679537"><ele>59.8875119891569</ele><time>2025-10-04T15:23:30.47500Z</time><extensions><mytracks:speed>98.77223600702506</mytracks:speed><mytracks:length>0.02746880294911816</mytracks:length></extensions></trkpt><trkpt lat="45.41870594097886" lon="-75.65311061131632"><ele>60.06268708597494</ele><time>2025-10-04T15:23:31.50400Z</time><extensions><mytracks:speed>100.247542693062</mytracks:speed><mytracks:gradient>0.006118005648534573</mytracks:gradient><mytracks:length>0.02863271250166362</mytracks:length></extensions></trkpt><trkpt lat="45.41879970879468" lon="-75.65277260957326"><ele>60.31431043621945</ele><time>2025-10-04T15:23:32.52600Z</time><extensions><mytracks:speed>99.86270471250609</mytracks:speed><mytracks:gradient>0.008870360442184195</mytracks:gradient><mytracks:length>0.02836675599425236</mytracks:length></extensions></trkpt><trkpt lat="45.41887807824978" lon="-75.65243689021337"><ele>60.63994467179985</ele><time>2025-10-04T15:23:33.53100Z</time><extensions><mytracks:speed>98.90742328400283</mytracks:speed><mytracks:gradient>0.01179238796568102</mytracks:gradient><mytracks:length>0.02761393506795098</mytracks:length></extensions></trkpt><trkpt lat="45.41894229489323" lon="-75.65211073492439"><ele>60.84182601138335</ele><time>2025-10-04T15:23:34.50600Z</time><extensions><mytracks:speed>98.28063328701022</mytracks:speed><mytracks:gradient>0.009762036468240868</mytracks:gradient><mytracks:length>0.02643892654647632</mytracks:length></extensions></trkpt><trkpt lat="45.41899611971222" lon="-75.65177823902845"><ele>61.18367868801479</ele><time>2025-10-04T15:23:35.48900Z</time><extensions><mytracks:speed>97.54804867987309</mytracks:speed><mytracks:gradient>0.01024817123008984</mytracks:gradient><mytracks:length>0.02663235465615234</mytracks:length></extensions></trkpt><trkpt lat="45.41903935755017" lon="-75.65144326695223"><ele>61.58016474647228</ele><time>2025-10-04T15:23:36.47000Z</time><extensions><mytracks:speed>97.49795124671132</mytracks:speed><mytracks:gradient>0.01387805283323462</mytracks:gradient><mytracks:length>0.02658273105357504</mytracks:length></extensions></trkpt><trkpt lat="45.41907536281763" lon="-75.65109241476394"><ele>62.13437422820784</ele><time>2025-10-04T15:23:37.49300Z</time><extensions><mytracks:speed>97.39281983784547</mytracks:speed><mytracks:gradient>0.02002558976735834</mytracks:gradient><mytracks:length>0.02767506416409877</mytracks:length></extensions></trkpt><trkpt lat="45.41910422825741" lon="-75.65074321272088"><ele>62.60943908408532</ele><time>2025-10-04T15:23:38.52100Z</time><extensions><mytracks:speed>96.09142274537633</mytracks:speed><mytracks:gradient>0.01731073769028505</mytracks:gradient><mytracks:length>0.02744336286396939</mytracks:length></extensions></trkpt><trkpt lat="45.41912870208675" lon="-75.65040629994112"><ele>62.95311539919915</ele><time>2025-10-04T15:23:39.52600Z</time><extensions><mytracks:speed>94.7313977968837</mytracks:speed><mytracks:gradient>0.01300021652819016</mytracks:gradient><mytracks:length>0.02643619930241811</mytracks:length></extensions></trkpt><trkpt lat="45.41915135179038" lon="-75.65008617250245"><ele>63.23299627367894</ele><time>2025-10-04T15:23:40.50200Z</time><extensions><mytracks:speed>93.6752504070048</mytracks:speed><mytracks:gradient>0.0120965222168143</mytracks:gradient><mytracks:length>0.02511231545238689</mytracks:length></extensions></trkpt><trkpt lat="45.41919224748136" lon="-75.64951018823584"><ele>63.52703319925818</ele><time>2025-10-04T15:23:42.29300Z</time><extensions><mytracks:speed>90.8143446324718</mytracks:speed><mytracks:gradient>0.006507456787081928</mytracks:gradient><mytracks:length>0.04518461438928645</mytracks:length></extensions></trkpt><trkpt lat="45.4192169914265" lon="-75.64918783982768"><ele>63.681087665154</ele><time>2025-10-04T15:23:43.30600Z</time><extensions><mytracks:speed>89.9490967461919</mytracks:speed><mytracks:gradient>0.006086873148633014</mytracks:gradient><mytracks:length>0.02530929463026772</mytracks:length></extensions></trkpt><trkpt lat="45.41924765968054" lon="-75.64881788527855"><ele>63.83833658021546</ele><time>2025-10-04T15:23:44.45700Z</time><extensions><mytracks:speed>90.9412169472655</mytracks:speed><mytracks:gradient>0.005408329597479492</mytracks:gradient><mytracks:length>0.02907532024948153</mytracks:length></extensions></trkpt><trkpt lat="45.41928530230052" lon="-75.64828455767561"><ele>64.33536649864429</ele><time>2025-10-04T15:23:45.99400Z</time><extensions><mytracks:speed>97.9988409027028</mytracks:speed><mytracks:gradient>0.01188049877090907</mytracks:gradient><mytracks:length>0.04183577878446242</mytracks:length></extensions></trkpt><trkpt lat="45.41948439731548" lon="-75.64546692917909"><ele>66.40239886939526</ele><time>2025-10-04T15:23:54.00000Z</time><extensions><mytracks:speed>99.38715689394398</mytracks:speed><mytracks:gradient>0.009352039566031195</mytracks:gradient><mytracks:length>0.2210247675019375</mytracks:length></extensions></trkpt><trkpt lat="45.41952544960653" lon="-75.64490439545536"><ele>66.72988607553049</ele><time>2025-10-04T15:23:55.53700Z</time><extensions><mytracks:speed>103.4201153210123</mytracks:speed><mytracks:gradient>0.007418973119039821</mytracks:gradient><mytracks:length>0.04414185101908218</mytracks:length></extensions></trkpt><trkpt lat="45.41955191165536" lon="-75.64456617098888"><ele>66.82811978907729</ele><time>2025-10-04T15:23:56.49400Z</time><extensions><mytracks:speed>102.0663260603774</mytracks:speed><mytracks:gradient>0.006021270760389203</mytracks:gradient><mytracks:length>0.0265615323619838</mytracks:length></extensions></trkpt><trkpt lat="45.41957445768018" lon="-75.64422966004601"><ele>67.70868000344134</ele><time>2025-10-04T15:23:57.47400Z</time><extensions><mytracks:speed>98.39814274506915</mytracks:speed><mytracks:gradient>0.01848751190392987</mytracks:gradient><mytracks:length>0.02638364490798791</mytracks:length></extensions></trkpt><trkpt lat="45.41962087821499" lon="-75.6436173874274"><ele>68.54948599771819</ele><time>2025-10-04T15:23:59.31900Z</time><extensions><mytracks:speed>93.75483825496136</mytracks:speed><mytracks:gradient>0.01749306142899072</mytracks:gradient><mytracks:length>0.04806511414196526</mytracks:length></extensions></trkpt><trkpt lat="45.41965460802033" lon="-75.64313312647998"><ele>68.7441157481536</ele><time>2025-10-04T15:24:00.80900Z</time><extensions><mytracks:speed>91.75763387240561</mytracks:speed><mytracks:gradient>0.00512431751372084</mytracks:gradient><mytracks:length>0.03798159460538331</mytracks:length></extensions></trkpt><trkpt lat="45.41968078168767" lon="-75.64269590405461"><ele>68.74246012561487</ele><time>2025-10-04T15:24:02.12200Z</time><extensions><mytracks:speed>93.95997840108453</mytracks:speed><mytracks:length>0.03424836104610278</mytracks:length></extensions></trkpt><trkpt lat="45.41971164165042" lon="-75.64221115148499"><ele>68.84418628682505</ele><time>2025-10-04T15:24:03.56800Z</time><extensions><mytracks:speed>94.56292971031665</mytracks:speed><mytracks:gradient>0.002677741111625264</mytracks:gradient><mytracks:length>0.03798954304004299</mytracks:length></extensions></trkpt><trkpt lat="45.41976016916423" lon="-75.64158722116484"><ele>69.32873866248188</ele><time>2025-10-04T15:24:05.48400Z</time><extensions><mytracks:speed>92.07364389463216</mytracks:speed><mytracks:gradient>0.009889854900943811</mytracks:gradient><mytracks:length>0.04899489229215999</mytracks:length></extensions></trkpt><trkpt lat="45.41978854017681" lon="-75.6412640870556"><ele>69.65217759575656</ele><time>2025-10-04T15:24:06.49500Z</time><extensions><mytracks:speed>90.4817137748623</mytracks:speed><mytracks:gradient>0.01272549451888912</mytracks:gradient><mytracks:length>0.02541661015959541</mytracks:length></extensions></trkpt><trkpt lat="45.41981519056699" lon="-75.64093770925892"><ele>70.16922509949293</ele><time>2025-10-04T15:24:07.51500Z</time><extensions><mytracks:speed>90.49100453436347</mytracks:speed><mytracks:gradient>0.02016158184640819</mytracks:gradient><mytracks:length>0.0256451853666676</mytracks:length></extensions></trkpt><trkpt lat="45.41983890018476" lon="-75.64060954987264"><ele>70.34755932110684</ele><time>2025-10-04T15:24:08.52600Z</time><extensions><mytracks:speed>91.68606657243619</mytracks:speed><mytracks:gradient>0.006926199051120021</mytracks:gradient><mytracks:length>0.02574777598762065</mytracks:length></extensions></trkpt><trkpt lat="45.41985682118344" lon="-75.64029566838376"><ele>70.3002108517308</ele><time>2025-10-04T15:24:09.49600Z</time><extensions><mytracks:speed>91.46759404473835</mytracks:speed><mytracks:gradient>0.002602865226310409</mytracks:gradient><mytracks:length>0.02457889348440312</mytracks:length></extensions></trkpt><trkpt lat="45.41987617791569" lon="-75.63997865410326"><ele>70.27399788798388</ele><time>2025-10-04T15:24:10.48800Z</time><extensions><mytracks:speed>90.68335353659137</mytracks:speed><mytracks:length>0.02483587957843886</mytracks:length></extensions></trkpt><trkpt lat="45.41989692509176" lon="-75.63965350114285"><ele>70.11234296322738</ele><time>2025-10-04T15:24:11.50200Z</time><extensions><mytracks:speed>90.44741353775436</mytracks:speed><mytracks:length>0.02548248026433883</mytracks:length></extensions></trkpt><trkpt lat="45.41992085284445" lon="-75.63933822432949"><ele>70.07866435363484</ele><time>2025-10-04T15:24:12.50200Z</time><extensions><mytracks:speed>89.79130322059615</mytracks:speed><mytracks:length>0.02475008919048891</mytracks:length></extensions></trkpt><trkpt lat="45.41994616404833" lon="-75.63901795886447"><ele>70.22575037409972</ele><time>2025-10-04T15:24:13.50000Z</time><extensions><mytracks:speed>89.89347519042398</mytracks:speed><mytracks:gradient>0.002272502732754168</mytracks:gradient><mytracks:length>0.02515409209247215</mytracks:length></extensions></trkpt><trkpt lat="45.41997044017015" lon="-75.63868967665853"><ele>70.11365474484809</ele><time>2025-10-04T15:24:14.49900Z</time><extensions><mytracks:speed>91.76856362816395</mytracks:speed><mytracks:gradient>0.0006871983327790648</mytracks:gradient><mytracks:length>0.02576352290120059</mytracks:length></extensions></trkpt><trkpt lat="45.41999380014957" lon="-75.63836179347324"><ele>70.1265175368498</ele><time>2025-10-04T15:24:15.48800Z</time><extensions><mytracks:speed>93.27780962355347</mytracks:speed><mytracks:length>0.02572221049077832</mytracks:length></extensions></trkpt><trkpt lat="45.42001672708074" lon="-75.63803095374062"><ele>70.08188461220888</ele><time>2025-10-04T15:24:16.47700Z</time><extensions><mytracks:speed>94.01988005310366</mytracks:speed><mytracks:length>0.02594687811745763</mytracks:length></extensions></trkpt><trkpt lat="45.42003579074669" lon="-75.63769002585376"><ele>70.11590640786126</ele><time>2025-10-04T15:24:17.48700Z</time><extensions><mytracks:speed>95.20492575696858</mytracks:speed><mytracks:gradient>0.001274549192587236</mytracks:gradient><mytracks:length>0.02669319932902481</mytracks:length></extensions></trkpt><trkpt lat="45.42007492413218" lon="-75.63719663108378"><ele>70.45546097138021</ele><time>2025-10-04T15:24:18.96600Z</time><extensions><mytracks:speed>94.32478337375653</mytracks:speed><mytracks:gradient>0.00876188276115677</mytracks:gradient><mytracks:length>0.03875360727539751</mytracks:length></extensions></trkpt><trkpt lat="45.42010268402083" lon="-75.63687504554464"><ele>70.7216788347024</ele><time>2025-10-04T15:24:19.96000Z</time><extensions><mytracks:speed>93.21506051235086</mytracks:speed><mytracks:gradient>0.009459110863851396</mytracks:gradient><mytracks:length>0.0252882758369824</mytracks:length></extensions></trkpt><trkpt lat="45.42012913997944" lon="-75.6365543773336"><ele>71.11096298015708</ele><time>2025-10-04T15:24:20.96700Z</time><extensions><mytracks:speed>90.1266102904722</mytracks:speed><mytracks:gradient>0.01544783703055714</mytracks:gradient><mytracks:length>0.0251999127570186</mytracks:length></extensions></trkpt><trkpt lat="45.42016935378729" lon="-75.63608302181606"><ele>71.59791596045699</ele><time>2025-10-04T15:24:22.48000Z</time><extensions><mytracks:speed>88.14573085152441</mytracks:speed><mytracks:gradient>0.0131398694600456</mytracks:gradient><mytracks:length>0.03705919467317251</mytracks:length></extensions></trkpt><trkpt lat="45.42019600334758" lon="-75.6357776506082"><ele>71.80472455239735</ele><time>2025-10-04T15:24:23.47100Z</time><extensions><mytracks:speed>87.80222051793204</mytracks:speed><mytracks:gradient>0.0113589576899276</mytracks:gradient><mytracks:length>0.02401731701534311</mytracks:length></extensions></trkpt><trkpt lat="45.42022303397803" lon="-75.63545968907408"><ele>72.02770177869243</ele><time>2025-10-04T15:24:24.47300Z</time><extensions><mytracks:speed>89.80936018425493</mytracks:speed><mytracks:gradient>0.008919957698957834</mytracks:gradient><mytracks:length>0.02499756543925512</mytracks:length></extensions></trkpt><trkpt lat="45.4202497306246" lon="-75.63512586488932"><ele>72.24662519201193</ele><time>2025-10-04T15:24:25.50000Z</time><extensions><mytracks:speed>91.90267786313719</mytracks:speed><mytracks:gradient>0.008348599127392669</mytracks:gradient><mytracks:length>0.02622277222548508</mytracks:length></extensions></trkpt><trkpt lat="45.42027722706719" lon="-75.6347892827561"><ele>72.49437649913384</ele><time>2025-10-04T15:24:26.51800Z</time><extensions><mytracks:speed>93.5246343548565</mytracks:speed><mytracks:gradient>0.00936786421132184</mytracks:gradient><mytracks:length>0.02644693619944599</mytracks:length></extensions></trkpt><trkpt lat="45.42029574083207" lon="-75.63444738242846"><ele>72.63994007805422</ele><time>2025-10-04T15:24:27.54200Z</time><extensions><mytracks:speed>94.12575949307538</mytracks:speed><mytracks:gradient>0.005438780629533135</mytracks:gradient><mytracks:length>0.02676400995656325</mytracks:length></extensions></trkpt><trkpt lat="45.4203108104095" lon="-75.63412263131876"><ele>72.61605443943914</ele><time>2025-10-04T15:24:28.50700Z</time><extensions><mytracks:speed>94.3969397718475</mytracks:speed><mytracks:gradient>0.002332577234792653</mytracks:gradient><mytracks:length>0.02540153522106204</mytracks:length></extensions></trkpt><trkpt lat="45.42032927911602" lon="-75.63377996917801"><ele>72.58002084768347</ele><time>2025-10-04T15:24:29.51800Z</time><extensions><mytracks:speed>95.60057084513836</mytracks:speed><mytracks:length>0.02682287601535281</mytracks:length></extensions></trkpt><trkpt lat="45.42034754700907" lon="-75.63344808869711"><ele>72.62510047333495</ele><time>2025-10-04T15:24:30.48400Z</time><extensions><mytracks:speed>96.16136081559318</mytracks:speed><mytracks:gradient>0.0001713109317641713</mytracks:gradient><mytracks:length>0.02598211046729239</mytracks:length></extensions></trkpt><trkpt lat="45.42036961148366" lon="-75.63310156131267"><ele>72.65436695265531</ele><time>2025-10-04T15:24:31.49100Z</time><extensions><mytracks:speed>97.1255816816028</mytracks:speed><mytracks:gradient>0.001077691478333577</mytracks:gradient><mytracks:length>0.02715663982572275</mytracks:length></extensions></trkpt><trkpt lat="45.42039249478517" lon="-75.63275547726548"><ele>72.72219530551912</ele><time>2025-10-04T15:24:32.49300Z</time><extensions><mytracks:speed>97.50274136055565</mytracks:speed><mytracks:gradient>0.002500070612929209</mytracks:gradient><mytracks:length>0.02713057483778114</mytracks:length></extensions></trkpt><trkpt lat="45.42041952444119" lon="-75.63240339290934"><ele>72.61516066883451</ele><time>2025-10-04T15:24:33.53500Z</time><extensions><mytracks:speed>95.46085251025451</mytracks:speed><mytracks:length>0.02764329390432694</mytracks:length></extensions></trkpt><trkpt lat="45.42044937526281" lon="-75.63207053091811"><ele>72.4006706049386</ele><time>2025-10-04T15:24:34.53600Z</time><extensions><mytracks:speed>94.19622696441553</mytracks:speed><mytracks:length>0.02619027263791821</mytracks:length></extensions></trkpt><trkpt lat="45.42047923201329" lon="-75.63175274079009"><ele>72.35834194028591</ele><time>2025-10-04T15:24:35.49600Z</time><extensions><mytracks:speed>94.03023372113084</mytracks:speed><mytracks:length>0.02502387127657569</mytracks:length></extensions></trkpt><trkpt lat="45.42051064079671" lon="-75.63143156873811"><ele>72.3947429934135</ele><time>2025-10-04T15:24:36.47500Z</time><extensions><mytracks:speed>93.47447434513377</mytracks:speed><mytracks:length>0.02530876047042404</mytracks:length></extensions></trkpt><trkpt lat="45.42054475067301" lon="-75.63109790062963"><ele>72.56671641898768</ele><time>2025-10-04T15:24:37.48100Z</time><extensions><mytracks:speed>94.13675569905446</mytracks:speed><mytracks:gradient>0.006534744962942954</mytracks:gradient><mytracks:length>0.02631677694376779</mytracks:length></extensions></trkpt><trkpt lat="45.42058293274189" lon="-75.63075538998204"><ele>72.85521369461351</ele><time>2025-10-04T15:24:38.51500Z</time><extensions><mytracks:speed>94.18852530364383</mytracks:speed><mytracks:gradient>0.01065854953783033</mytracks:gradient><mytracks:length>0.02706721722330675</mytracks:length></extensions></trkpt><trkpt lat="45.42062686415867" lon="-75.6304262611784"><ele>72.95732427865492</ele><time>2025-10-04T15:24:39.53700Z</time><extensions><mytracks:speed>92.12853300899519</mytracks:speed><mytracks:gradient>0.003905114397790367</mytracks:gradient><mytracks:length>0.02614791108275587</mytracks:length></extensions></trkpt><trkpt lat="45.42067594206016" lon="-75.63010823566961"><ele>73.08167973634137</ele><time>2025-10-04T15:24:40.53600Z</time><extensions><mytracks:speed>91.87745967680584</mytracks:speed><mytracks:gradient>0.004392564071136005</mytracks:gradient><mytracks:length>0.02541359588726573</mytracks:length></extensions></trkpt><trkpt lat="45.42077495966118" lon="-75.62953422249237"><ele>73.36531712308602</ele><time>2025-10-04T15:24:42.35300Z</time><extensions><mytracks:speed>91.37117254463743</mytracks:speed><mytracks:gradient>0.006148229332537638</mytracks:gradient><mytracks:length>0.04613318264554304</mytracks:length></extensions></trkpt><trkpt lat="45.42083748559999" lon="-75.62918062578301"><ele>73.68594362950195</ele><time>2025-10-04T15:24:43.44500Z</time><extensions><mytracks:speed>93.83666516032115</mytracks:speed><mytracks:gradient>0.01126617299842828</mytracks:gradient><mytracks:length>0.02845922093160331</mytracks:length></extensions></trkpt><trkpt lat="45.42090565991356" lon="-75.62880813070176"><ele>73.91959488380301</ele><time>2025-10-04T15:24:44.57300Z</time><extensions><mytracks:speed>95.85393109583769</mytracks:speed><mytracks:gradient>0.007776895252102525</mytracks:gradient><mytracks:length>0.03004428460546601</mytracks:length></extensions></trkpt><trkpt lat="45.42096900757151" lon="-75.62847338438011"><ele>73.9272203755843</ele><time>2025-10-04T15:24:45.57400Z</time><extensions><mytracks:speed>97.32140101676849</mytracks:speed><mytracks:gradient>0.0002818109442229083</mytracks:gradient><mytracks:length>0.02705889156402526</mytracks:length></extensions></trkpt><trkpt lat="45.42103055191389" lon="-75.62815964049369"><ele>74.05055463892849</ele><time>2025-10-04T15:24:46.52800Z</time><extensions><mytracks:speed>96.6486382202921</mytracks:speed><mytracks:gradient>0.002495263470594634</mytracks:gradient><mytracks:length>0.0254251191171889</mytracks:length></extensions></trkpt><trkpt lat="45.42109737503232" lon="-75.62782845123888"><ele>73.89068786673145</ele><time>2025-10-04T15:24:47.53500Z</time><extensions><mytracks:speed>96.17722509054913</mytracks:speed><mytracks:length>0.02689502079156949</mytracks:length></extensions></trkpt><trkpt lat="45.42117120475523" lon="-75.62749329229929"><ele>73.74057651658818</ele><time>2025-10-04T15:24:48.55100Z</time><extensions><mytracks:speed>97.11249754206375</mytracks:speed><mytracks:length>0.02741609117454032</mytracks:length></extensions></trkpt><trkpt lat="45.42124404476382" lon="-75.62716998714798"><ele>73.65679225117387</ele><time>2025-10-04T15:24:49.52700Z</time><extensions><mytracks:speed>97.45082781401382</mytracks:speed><mytracks:length>0.02650106557050001</mytracks:length></extensions></trkpt><trkpt lat="45.42131989230001" lon="-75.62683064240059"><ele>73.21657288186077</ele><time>2025-10-04T15:24:50.52600Z</time><extensions><mytracks:speed>98.97227187314959</mytracks:speed><mytracks:length>0.02779497359339142</mytracks:length></extensions></trkpt><trkpt lat="45.42146846665439" lon="-75.62622654402752"><ele>72.74521067521772</ele><time>2025-10-04T15:24:52.31300Z</time><extensions><mytracks:speed>100.688237229533</mytracks:speed><mytracks:length>0.04995825169931184</mytracks:length></extensions></trkpt><trkpt lat="45.42165719330848" lon="-75.62559771459567"><ele>72.38508041337866</ele><time>2025-10-04T15:24:54.21700Z</time><extensions><mytracks:speed>100.9094241357101</mytracks:speed><mytracks:length>0.05337609962306267</mytracks:length></extensions></trkpt><trkpt lat="45.42181832666903" lon="-75.62511507022549"><ele>72.20957137120045</ele><time>2025-10-04T15:24:55.68600Z</time><extensions><mytracks:speed>102.2347603380832</mytracks:speed><mytracks:length>0.04171258647901042</mytracks:length></extensions></trkpt><trkpt lat="45.42227256025434" lon="-75.62373232527547"><ele>70.8453145455569</ele><time>2025-10-04T15:25:00.00000Z</time><extensions><mytracks:speed>99.42466800410345</mytracks:speed><mytracks:length>0.1191518549390525</mytracks:length></extensions></trkpt><trkpt lat="45.42236441973704" lon="-75.62339444579955"><ele>70.2077294671908</ele><time>2025-10-04T15:25:01.00000Z</time><extensions><mytracks:speed>101.80423287926</mytracks:speed><mytracks:length>0.02827908842213084</mytracks:length></extensions></trkpt><trkpt lat="45.42248803263277" lon="-75.62285139834124"><ele>69.50314654012971</ele><time>2025-10-04T15:25:02.55200Z</time><extensions><mytracks:speed>103.3180259160705</mytracks:speed><mytracks:length>0.04455510864327805</mytracks:length></extensions></trkpt><trkpt lat="45.42255338859663" lon="-75.62251384424204"><ele>69.26443675756109</ele><time>2025-10-04T15:25:03.51300Z</time><extensions><mytracks:speed>102.9402874072905</mytracks:speed><mytracks:length>0.027328177175281</mytracks:length></extensions></trkpt><trkpt lat="45.42261121628675" lon="-75.62215265647937"><ele>69.14001627074273</ele><time>2025-10-04T15:25:04.53800Z</time><extensions><mytracks:speed>101.5715744505832</mytracks:speed><mytracks:length>0.02891290308536985</mytracks:length></extensions></trkpt><trkpt lat="45.42265586656312" lon="-75.62181114085409"><ele>68.99267281214863</ele><time>2025-10-04T15:25:05.50700Z</time><extensions><mytracks:speed>101.1604010164106</mytracks:speed><mytracks:length>0.02711179917873493</mytracks:length></extensions></trkpt><trkpt lat="45.42269374048623" lon="-75.62147216280805"><ele>69.15263638154552</ele><time>2025-10-04T15:25:06.50000Z</time><extensions><mytracks:speed>98.88042343671022</mytracks:speed><mytracks:gradient>0.0002341578199740502</mytracks:gradient><mytracks:length>0.02678841301796367</mytracks:length></extensions></trkpt><trkpt lat="45.42272068894258" lon="-75.62114343158433"><ele>69.32496652141857</ele><time>2025-10-04T15:25:07.48700Z</time><extensions><mytracks:speed>95.60401434629659</mytracks:speed><mytracks:gradient>0.006316509034293513</mytracks:gradient><mytracks:length>0.02582990403359362</mytracks:length></extensions></trkpt><trkpt lat="45.42273164772361" lon="-75.62083478727027"><ele>68.7449404360304</ele><time>2025-10-04T15:25:08.48900Z</time><extensions><mytracks:speed>86.66071539521754</mytracks:speed><mytracks:length>0.02411861092928537</mytracks:length></extensions></trkpt><trkpt lat="45.42272916926219" lon="-75.62053242280629"><ele>68.0044423146917</ele><time>2025-10-04T15:25:09.49300Z</time><extensions><mytracks:speed>84.61958203869635</mytracks:speed><mytracks:length>0.02359958609552459</mytracks:length></extensions></trkpt><trkpt lat="45.42271765194823" lon="-75.62022514690034"><ele>67.71412166229514</ele><time>2025-10-04T15:25:10.47300Z</time><extensions><mytracks:speed>86.37960288600374</mytracks:speed><mytracks:length>0.0240154406477893</mytracks:length></extensions></trkpt><trkpt lat="45.42269541756365" lon="-75.61991376416746"><ele>67.56463442125221</ele><time>2025-10-04T15:25:11.48400Z</time><extensions><mytracks:speed>87.01713571426956</mytracks:speed><mytracks:length>0.02442698314972407</mytracks:length></extensions></trkpt><trkpt lat="45.42267247356322" lon="-75.61958875188667"><ele>68.14739033851555</ele><time>2025-10-04T15:25:12.49700Z</time><extensions><mytracks:speed>90.58626481162513</mytracks:speed><mytracks:gradient>0.02285921047576774</mytracks:gradient><mytracks:length>0.02549326530245219</mytracks:length></extensions></trkpt><trkpt lat="45.42264609468982" lon="-75.61926066124391"><ele>68.92569904053599</ele><time>2025-10-04T15:25:13.51400Z</time><extensions><mytracks:speed>91.24926167030735</mytracks:speed><mytracks:gradient>0.03019844161029741</mytracks:gradient><mytracks:length>0.02577314127875534</mytracks:length></extensions></trkpt><trkpt lat="45.42260230378164" lon="-75.61896379144962"><ele>69.16957004562501</ele><time>2025-10-04T15:25:14.49500Z</time><extensions><mytracks:speed>88.98586745619106</mytracks:speed><mytracks:gradient>0.02069402556111306</mytracks:gradient><mytracks:length>0.02367527212235677</mytracks:length></extensions></trkpt><trkpt lat="45.4225491061663" lon="-75.61865640083927"><ele>69.07025540483021</ele><time>2025-10-04T15:25:15.51100Z</time><extensions><mytracks:speed>87.59775901165614</mytracks:speed><mytracks:length>0.02470872375468985</mytracks:length></extensions></trkpt><trkpt lat="45.42248381348568" lon="-75.61834813320246"><ele>68.97018978637935</ele><time>2025-10-04T15:25:16.51000Z</time><extensions><mytracks:speed>89.02491377012804</mytracks:speed><mytracks:length>0.02513025384790573</mytracks:length></extensions></trkpt><trkpt lat="45.42240389136335" lon="-75.61804961075522"><ele>69.73467233919747</ele><time>2025-10-04T15:25:17.50100Z</time><extensions><mytracks:speed>90.50037284441403</mytracks:speed><mytracks:gradient>0.01327931821553841</mytracks:gradient><mytracks:length>0.02493547483756166</mytracks:length></extensions></trkpt><trkpt lat="45.42232220431966" lon="-75.61775005286961"><ele>70.28482311155832</ele><time>2025-10-04T15:25:18.50100Z</time><extensions><mytracks:speed>90.27332087030372</mytracks:speed><mytracks:gradient>0.02193442721203279</mytracks:gradient><mytracks:length>0.02508161106933531</mytracks:length></extensions></trkpt><trkpt lat="45.42222870196764" lon="-75.61745770430599"><ele>70.64338051478946</ele><time>2025-10-04T15:25:19.51400Z</time><extensions><mytracks:speed>89.1390867391205</mytracks:speed><mytracks:gradient>0.01430023928609009</mytracks:gradient><mytracks:length>0.02507352471926129</mytracks:length></extensions></trkpt><trkpt lat="45.42212906983872" lon="-75.6171921264604"><ele>70.69051185216345</ele><time>2025-10-04T15:25:20.51700Z</time><extensions><mytracks:speed>84.33438805169314</mytracks:speed><mytracks:gradient>0.002005418191618258</mytracks:gradient><mytracks:length>0.02350199951859673</mytracks:length></extensions></trkpt><trkpt lat="45.42202658097543" lon="-75.61694410855212"><ele>70.00358153112549</ele><time>2025-10-04T15:25:21.49000Z</time><extensions><mytracks:speed>83.74095223308309</mytracks:speed><mytracks:length>0.02246238163487969</mytracks:length></extensions></trkpt><trkpt lat="45.42191228391593" lon="-75.6166977292379"><ele>69.49360472601828</ele><time>2025-10-04T15:25:22.48900Z</time><extensions><mytracks:speed>83.06074348667144</mytracks:speed><mytracks:length>0.02304934410177267</mytracks:length></extensions></trkpt><trkpt lat="45.42178958783062" lon="-75.61645516403576"><ele>69.20069653247569</ele><time>2025-10-04T15:25:23.49500Z</time><extensions><mytracks:speed>83.47482794494513</mytracks:speed><mytracks:length>0.02333497264617629</mytracks:length></extensions></trkpt><trkpt lat="45.42165607819079" lon="-75.61621584582781"><ele>69.20004520806155</ele><time>2025-10-04T15:25:24.51600Z</time><extensions><mytracks:speed>84.18189521330693</mytracks:speed><mytracks:length>0.0238589988648468</mytracks:length></extensions></trkpt><trkpt lat="45.42152012204482" lon="-75.61599594732103"><ele>69.13645676831163</ele><time>2025-10-04T15:25:25.50500Z</time><extensions><mytracks:speed>83.67646653574823</mytracks:speed><mytracks:length>0.02287093591011966</mytracks:length></extensions></trkpt><trkpt lat="45.42137544380399" lon="-75.61578348421617"><ele>68.86336115003024</ele><time>2025-10-04T15:25:26.50700Z</time><extensions><mytracks:speed>83.05093380336152</mytracks:speed><mytracks:length>0.02310324158430367</mytracks:length></extensions></trkpt><trkpt lat="45.42122625141307" lon="-75.61558626137665"><ele>68.57980007482459</ele><time>2025-10-04T15:25:27.50600Z</time><extensions><mytracks:speed>82.27777261808021</mytracks:speed><mytracks:length>0.0226304723435837</mytracks:length></extensions></trkpt><trkpt lat="45.42106994805654" lon="-75.61539564172658"><ele>68.35197135352767</ele><time>2025-10-04T15:25:28.50700Z</time><extensions><mytracks:speed>82.20970406867168</mytracks:speed><mytracks:length>0.02287802803988137</mytracks:length></extensions></trkpt><trkpt lat="45.42090797440676" lon="-75.61521570235151"><ele>68.14597911170522</ele><time>2025-10-04T15:25:29.50400Z</time><extensions><mytracks:speed>82.35434313559009</mytracks:speed><mytracks:length>0.02283879676218551</mytracks:length></extensions></trkpt><trkpt lat="45.42073801338492" lon="-75.61504737572106"><ele>68.07791739985586</ele><time>2025-10-04T15:25:30.50100Z</time><extensions><mytracks:speed>82.77659597891325</mytracks:speed><mytracks:length>0.02301647514515498</mytracks:length></extensions></trkpt><trkpt lat="45.42056094994855" lon="-75.61488695357785"><ele>68.07168499349744</ele><time>2025-10-04T15:25:31.50000Z</time><extensions><mytracks:speed>83.53977747430426</mytracks:speed><mytracks:length>0.02333226886624181</mytracks:length></extensions></trkpt><trkpt lat="45.4203790994731" lon="-75.61473873280815"><ele>67.94618684701946</ele><time>2025-10-04T15:25:32.50000Z</time><extensions><mytracks:speed>83.94470714526082</mytracks:speed><mytracks:length>0.02329593056343131</mytracks:length></extensions></trkpt><trkpt lat="45.42019512598709" lon="-75.6146051164515"><ele>67.78142650986183</ele><time>2025-10-04T15:25:33.48600Z</time><extensions><mytracks:speed>83.86516379499551</mytracks:speed><mytracks:length>0.0229617852484157</mytracks:length></extensions></trkpt><trkpt lat="45.42000372885066" lon="-75.61448146708716"><ele>67.64730134292577</ele><time>2025-10-04T15:25:34.48200Z</time><extensions><mytracks:speed>84.12201251778771</mytracks:speed><mytracks:length>0.02336835782347961</mytracks:length></extensions></trkpt><trkpt lat="45.41963546194297" lon="-75.61427795857141"><ele>67.13123443117476</ele><time>2025-10-04T15:25:36.35000Z</time><extensions><mytracks:speed>84.65835635048475</mytracks:speed><mytracks:length>0.04392201849405968</mytracks:length></extensions></trkpt><trkpt lat="45.41942797673142" lon="-75.61417815727573"><ele>67.0760077751759</ele><time>2025-10-04T15:25:37.35600Z</time><extensions><mytracks:speed>87.17667740156854</mytracks:speed><mytracks:length>0.02435085766348566</mytracks:length></extensions></trkpt><trkpt lat="45.41919294650389" lon="-75.61407527863666"><ele>66.86558586940626</ele><time>2025-10-04T15:25:38.46700Z</time><extensions><mytracks:speed>88.53091159738049</mytracks:speed><mytracks:length>0.02733988240995823</mytracks:length></extensions></trkpt><trkpt lat="45.41896495845663" lon="-75.61398759180111"><ele>66.85889233196086</ele><time>2025-10-04T15:25:39.49100Z</time><extensions><mytracks:speed>92.36152385764245</mytracks:speed><mytracks:length>0.02625866408915075</mytracks:length></extensions></trkpt><trkpt lat="45.41871846184852" lon="-75.6139142371057"><ele>67.16731750326196</ele><time>2025-10-04T15:25:40.56100Z</time><extensions><mytracks:speed>94.21513050375255</mytracks:speed><mytracks:gradient>0.01101488437894351</mytracks:gradient><mytracks:length>0.02800076339345818</mytracks:length></extensions></trkpt><trkpt lat="45.41847602323858" lon="-75.61385301664632"><ele>67.14550763457987</ele><time>2025-10-04T15:25:41.61200Z</time><extensions><mytracks:speed>93.74066637538959</mytracks:speed><mytracks:length>0.02737809560754593</mytracks:length></extensions></trkpt><trkpt lat="45.41824570434922" lon="-75.61379638822869"><ele>67.03636525688644</ele><time>2025-10-04T15:25:42.59400Z</time><extensions><mytracks:speed>94.48744877514723</mytracks:speed><mytracks:length>0.02598904716927078</mytracks:length></extensions></trkpt><trkpt lat="45.41642787640418" lon="-75.61309129974978"><ele>67.6723959883675</ele><time>2025-10-04T15:25:50.00000Z</time><extensions><mytracks:speed>101.83199421119</mytracks:speed><mytracks:gradient>0.003036074566567655</mytracks:gradient><mytracks:length>0.2094911430980112</mytracks:length></extensions></trkpt><trkpt lat="45.41618176144538" lon="-75.61293241490519"><ele>67.59935827922367</ele><time>2025-10-04T15:25:51.05600Z</time><extensions><mytracks:speed>102.4549593329142</mytracks:speed><mytracks:length>0.03004563448908079</mytracks:length></extensions></trkpt><trkpt lat="45.41585611525807" lon="-75.61269092301805"><ele>67.41972802022703</ele><time>2025-10-04T15:25:52.48700Z</time><extensions><mytracks:speed>102.7188106591989</mytracks:speed><mytracks:length>0.04082250929375208</mytracks:length></extensions></trkpt><trkpt lat="45.41546011166098" lon="-75.61234078463272"><ele>67.33468484568878</ele><time>2025-10-04T15:25:54.27600Z</time><extensions><mytracks:speed>104.2503256553067</mytracks:speed><mytracks:length>0.05182536958652951</mytracks:length></extensions></trkpt><trkpt lat="45.41512884589218" lon="-75.61199467873723"><ele>67.11861218776336</ele><time>2025-10-04T15:25:55.84300Z</time><extensions><mytracks:speed>104.9239163404148</mytracks:speed><mytracks:length>0.0456797638984919</mytracks:length></extensions></trkpt><trkpt lat="45.41486005982294" lon="-75.61170157041178"><ele>67.34482174803728</ele><time>2025-10-04T15:25:57.15100Z</time><extensions><mytracks:speed>103.6098609863035</mytracks:speed><mytracks:gradient>0.006009968035345636</mytracks:gradient><mytracks:length>0.03763906212870659</mytracks:length></extensions></trkpt><trkpt lat="45.41459324757357" lon="-75.61133867944949"><ele>67.09570655218394</ele><time>2025-10-04T15:25:58.53000Z</time><extensions><mytracks:speed>107.1278594699402</mytracks:speed><mytracks:length>0.04101875078161201</mytracks:length></extensions></trkpt><trkpt lat="45.4144082829411" lon="-75.61106750479068"><ele>67.12150742535518</ele><time>2025-10-04T15:25:59.53000Z</time><extensions><mytracks:speed>106.1892380808961</mytracks:speed><mytracks:gradient>0.0008742079347526445</mytracks:gradient><mytracks:length>0.0295134282652507</mytracks:length></extensions></trkpt><trkpt lat="45.41407809414867" lon="-75.61050194608853"><ele>66.8695897386759</ele><time>2025-10-04T15:26:01.47600Z</time><extensions><mytracks:speed>106.2326372200668</mytracks:speed><mytracks:length>0.05741804233167382</mytracks:length></extensions></trkpt><trkpt lat="45.41392986908637" lon="-75.61021651988307"><ele>66.48778363080211</ele><time>2025-10-04T15:26:02.46600Z</time><extensions><mytracks:speed>104.3610681905406</mytracks:speed><mytracks:length>0.027713465612149</mytracks:length></extensions></trkpt><trkpt lat="45.41377790088462" lon="-75.60989775777911"><ele>66.17615528172858</ele><time>2025-10-04T15:26:03.50100Z</time><extensions><mytracks:speed>104.5724804506266</mytracks:speed><mytracks:length>0.03007726440071015</mytracks:length></extensions></trkpt><trkpt lat="45.4136396067772" lon="-75.60957568335097"><ele>65.81425050993614</ele><time>2025-10-04T15:26:04.51300Z</time><extensions><mytracks:speed>104.8875373901187</mytracks:speed><mytracks:length>0.02947018579533763</mytracks:length></extensions></trkpt><trkpt lat="45.4135084909224" lon="-75.60924334607022"><ele>66.09594455750805</ele><time>2025-10-04T15:26:05.53400Z</time><extensions><mytracks:speed>104.9012411460575</mytracks:speed><mytracks:gradient>0.009466326131615193</mytracks:gradient><mytracks:length>0.02975748391248798</mytracks:length></extensions></trkpt><trkpt lat="45.41329602839235" lon="-75.60860873284021"><ele>66.66092242092553</ele><time>2025-10-04T15:26:07.40900Z</time><extensions><mytracks:speed>105.3640165864671</mytracks:speed><mytracks:gradient>0.01029454103151162</mytracks:gradient><mytracks:length>0.05488130667390447</mytracks:length></extensions></trkpt><trkpt lat="45.41318960305128" lon="-75.60822621190557"><ele>66.68403138340166</ele><time>2025-10-04T15:26:08.52300Z</time><extensions><mytracks:speed>103.7934996048301</mytracks:speed><mytracks:gradient>0.0007194949597400739</mytracks:gradient><mytracks:length>0.03211831043886392</mytracks:length></extensions></trkpt><trkpt lat="45.41309201811502" lon="-75.60784286677705"><ele>66.64122391184402</ele><time>2025-10-04T15:26:09.63800Z</time><extensions><mytracks:speed>102.7481214465091</mytracks:speed><mytracks:length>0.0318298106566749</mytracks:length></extensions></trkpt><trkpt lat="45.41296279102982" lon="-75.60718438836442"><ele>67.11152585680863</ele><time>2025-10-04T15:26:11.50100Z</time><extensions><mytracks:speed>103.1601799268926</mytracks:speed><mytracks:gradient>0.008812071867650652</mytracks:gradient><mytracks:length>0.05337018944331292</mytracks:length></extensions></trkpt><trkpt lat="45.41290985798684" lon="-75.60682587688196"><ele>67.91215453146314</ele><time>2025-10-04T15:26:12.50100Z</time><extensions><mytracks:speed>102.9038042002648</mytracks:speed><mytracks:gradient>0.02799698176459752</mytracks:gradient><mytracks:length>0.02859696382225465</mytracks:length></extensions></trkpt><trkpt lat="45.41286238050644" lon="-75.60646085049299"><ele>68.31843057721727</ele><time>2025-10-04T15:26:13.49400Z</time><extensions><mytracks:speed>104.0046592826693</mytracks:speed><mytracks:gradient>0.02096374784831793</mytracks:gradient><mytracks:length>0.0289781346992721</mytracks:length></extensions></trkpt><trkpt lat="45.41281787508308" lon="-75.60610022195725"><ele>68.81033331910224</ele><time>2025-10-04T15:26:14.49900Z</time><extensions><mytracks:speed>102.3396790009182</mytracks:speed><mytracks:gradient>0.01721042428749652</mytracks:gradient><mytracks:length>0.02858167431946122</mytracks:length></extensions></trkpt><trkpt lat="45.41277894244793" lon="-75.6057369258565"><ele>69.93282063582154</ele><time>2025-10-04T15:26:15.49300Z</time><extensions><mytracks:speed>103.1151927392207</mytracks:speed><mytracks:gradient>0.02819166724721192</mytracks:gradient><mytracks:length>0.02868680180358379</mytracks:length></extensions></trkpt><trkpt lat="45.41273554284842" lon="-75.60537667488704"><ele>70.54902981687349</ele><time>2025-10-04T15:26:16.47400Z</time><extensions><mytracks:speed>104.2702667725846</mytracks:speed><mytracks:gradient>0.03038829976216801</mytracks:gradient><mytracks:length>0.02853165045314016</mytracks:length></extensions></trkpt><trkpt lat="45.4126892791482" lon="-75.60501095009737"><ele>71.46939997660219</ele><time>2025-10-04T15:26:17.48100Z</time><extensions><mytracks:speed>103.7642017128073</mytracks:speed><mytracks:gradient>0.03172851443387238</mytracks:gradient><mytracks:length>0.02900766632635489</mytracks:length></extensions></trkpt><trkpt lat="45.41263695584104" lon="-75.60462998059461"><ele>72.41651970160743</ele><time>2025-10-04T15:26:18.51300Z</time><extensions><mytracks:speed>105.642546224058</mytracks:speed><mytracks:gradient>0.03125640962303623</mytracks:gradient><mytracks:length>0.03030161609819709</mytracks:length></extensions></trkpt><trkpt lat="45.41257665555581" lon="-75.60426224810911"><ele>73.18299399594862</ele><time>2025-10-04T15:26:19.53400Z</time><extensions><mytracks:speed>104.0050992500912</mytracks:speed><mytracks:gradient>0.02600212459742774</mytracks:gradient><mytracks:length>0.02947737179972659</mytracks:length></extensions></trkpt><trkpt lat="45.4125125214379" lon="-75.60391806433918"><ele>73.90282032614657</ele><time>2025-10-04T15:26:20.50900Z</time><extensions><mytracks:speed>103.325232276367</mytracks:speed><mytracks:gradient>0.02595359136367126</mytracks:gradient><mytracks:length>0.0277967569488983</mytracks:length></extensions></trkpt><trkpt lat="45.41243736639653" lon="-75.60357902981504"><ele>74.51548800918098</ele><time>2025-10-04T15:26:21.49200Z</time><extensions><mytracks:speed>102.1130414617961</mytracks:speed><mytracks:gradient>0.02399396317719354</mytracks:gradient><mytracks:length>0.02775262581339911</mytracks:length></extensions></trkpt><trkpt lat="45.41234978279352" lon="-75.60324139785098"><ele>74.34924314926928</ele><time>2025-10-04T15:26:22.49200Z</time><extensions><mytracks:speed>101.1230502654935</mytracks:speed><mytracks:length>0.02809699920606437</mytracks:length></extensions></trkpt><trkpt lat="45.41225287109046" lon="-75.60291563097012"><ele>74.30273154437522</ele><time>2025-10-04T15:26:23.48200Z</time><extensions><mytracks:speed>100.7278457834723</mytracks:speed><mytracks:length>0.02761801455041638</mytracks:length></extensions></trkpt><trkpt lat="45.41208931010118" lon="-75.60245700597504"><ele>74.84400470186894</ele><time>2025-10-04T15:26:24.94700Z</time><extensions><mytracks:speed>98.68375761463099</mytracks:speed><mytracks:gradient>0.01347969174737174</mytracks:gradient><mytracks:length>0.04015471330041777</mytracks:length></extensions></trkpt><trkpt lat="45.4119649438435" lon="-75.6021429142376"><ele>75.29225815360883</ele><time>2025-10-04T15:26:25.98800Z</time><extensions><mytracks:speed>97.38811381033636</mytracks:speed><mytracks:gradient>0.0159243591728559</mytracks:gradient><mytracks:length>0.02814891619023292</mytracks:length></extensions></trkpt><trkpt lat="45.41183482279855" lon="-75.60184603400859"><ele>76.10182066128107</ele><time>2025-10-04T15:26:27.01300Z</time><extensions><mytracks:speed>95.93074999418729</mytracks:speed><mytracks:gradient>0.02963249133433328</mytracks:gradient><mytracks:length>0.02732009598984515</mytracks:length></extensions></trkpt><trkpt lat="45.4116299355786" lon="-75.60142912618288"><ele>77.11032272051723</ele><time>2025-10-04T15:26:28.51900Z</time><extensions><mytracks:speed>94.93354323058557</mytracks:speed><mytracks:gradient>0.02538661275244411</mytracks:gradient><mytracks:length>0.03972574321239726</mytracks:length></extensions></trkpt><trkpt lat="45.41148631842918" lon="-75.60118184955775"><ele>77.53976183382872</ele><time>2025-10-04T15:26:29.48300Z</time><extensions><mytracks:speed>94.3356744338963</mytracks:speed><mytracks:gradient>0.02221509159422849</mytracks:gradient><mytracks:length>0.02505212823818003</mytracks:length></extensions></trkpt><trkpt lat="45.41132460654296" lon="-75.60092411480068"><ele>77.71497864550436</ele><time>2025-10-04T15:26:30.51700Z</time><extensions><mytracks:speed>93.98157665948443</mytracks:speed><mytracks:gradient>0.00649351731661404</mytracks:gradient><mytracks:length>0.02698334402332878</mytracks:length></extensions></trkpt><trkpt lat="45.41116081308854" lon="-75.60068572550365"><ele>77.98939351033032</ele><time>2025-10-04T15:26:31.51000Z</time><extensions><mytracks:speed>94.16552137099976</mytracks:speed><mytracks:gradient>0.008482309402622403</mytracks:gradient><mytracks:length>0.02603841768127546</mytracks:length></extensions></trkpt><trkpt lat="45.41099002447619" lon="-75.60045367759103"><ele>78.16472990038588</ele><time>2025-10-04T15:26:32.49200Z</time><extensions><mytracks:speed>95.28517660909894</mytracks:speed><mytracks:gradient>0.008603568782944703</mytracks:gradient><mytracks:length>0.02624424455075173</mytracks:length></extensions></trkpt><trkpt lat="45.41081526205272" lon="-75.6002425871706"><ele>78.37085367731299</ele><time>2025-10-04T15:26:33.46100Z</time><extensions><mytracks:speed>95.38337829062721</mytracks:speed><mytracks:gradient>0.007378239404456943</mytracks:gradient><mytracks:length>0.02547858945830439</mytracks:length></extensions></trkpt><trkpt lat="45.41061596129035" lon="-75.6000196302026"><ele>78.08215946720321</ele><time>2025-10-04T15:26:34.51300Z</time><extensions><mytracks:speed>96.46240943640463</mytracks:speed><mytracks:length>0.02817851724599332</mytracks:length></extensions></trkpt><trkpt lat="45.41041652583679" lon="-75.59981841729903"><ele>77.63975690047333</ele><time>2025-10-04T15:26:35.51800Z</time><extensions><mytracks:speed>97.32651972626351</mytracks:speed><mytracks:length>0.0271752186786716</mytracks:length></extensions></trkpt><trkpt lat="45.41020571282822" lon="-75.59962664054484"><ele>76.85966419920415</ele><time>2025-10-04T15:26:36.53100Z</time><extensions><mytracks:speed>98.81725502528653</mytracks:speed><mytracks:length>0.02781377413279466</mytracks:length></extensions></trkpt><trkpt lat="45.40999579044624" lon="-75.59945187193364"><ele>76.37479984563697</ele><time>2025-10-04T15:26:37.48800Z</time><extensions><mytracks:speed>100.2109747840172</mytracks:speed><mytracks:length>0.02703673283030492</mytracks:length></extensions></trkpt><trkpt lat="45.40976702313964" lon="-75.59928603017944"><ele>75.92681131552804</ele><time>2025-10-04T15:26:38.49100Z</time><extensions><mytracks:speed>102.4444880462969</mytracks:speed><mytracks:length>0.02854254639350469</mytracks:length></extensions></trkpt><trkpt lat="45.40954238186898" lon="-75.59914091667031"><ele>75.49602859322485</ele><time>2025-10-04T15:26:39.45100Z</time><extensions><mytracks:speed>102.5864991252854</mytracks:speed><mytracks:length>0.02742743029042097</mytracks:length></extensions></trkpt><trkpt lat="45.40929794220096" lon="-75.59900448215551"><ele>74.95525699470545</ele><time>2025-10-04T15:26:40.48000Z</time><extensions><mytracks:speed>102.1319721393535</mytracks:speed><mytracks:length>0.02919271989909563</mytracks:length></extensions></trkpt><trkpt lat="45.40904995676352" lon="-75.5988831931937"><ele>74.07338400500336</ele><time>2025-10-04T15:26:41.51300Z</time><extensions><mytracks:speed>101.6506080969701</mytracks:speed><mytracks:length>0.02915503033220635</mytracks:length></extensions></trkpt><trkpt lat="45.40879646548599" lon="-75.59877555365576"><ele>73.24720972381579</ele><time>2025-10-04T15:26:42.55500Z</time><extensions><mytracks:speed>101.6044015447149</mytracks:speed><mytracks:length>0.02941278776759775</mytracks:length></extensions></trkpt><trkpt lat="45.40855342819292" lon="-75.59868714093865"><ele>72.40365862388803</ele><time>2025-10-04T15:26:43.53300Z</time><extensions><mytracks:speed>102.0911954123022</mytracks:speed><mytracks:length>0.02789191945396516</mytracks:length></extensions></trkpt><trkpt lat="45.40830790718782" lon="-75.59860207574448"><ele>71.51018457238948</ele><time>2025-10-04T15:26:44.51500Z</time><extensions><mytracks:speed>102.8433526782562</mytracks:speed><mytracks:length>0.02809667843293905</mytracks:length></extensions></trkpt><trkpt lat="45.40805864678344" lon="-75.5985165834191"><ele>70.96557886016414</ele><time>2025-10-04T15:26:45.49700Z</time><extensions><mytracks:speed>103.7631191933497</mytracks:speed><mytracks:length>0.0285085815466744</mytracks:length></extensions></trkpt><trkpt lat="45.40780333508659" lon="-75.59843023254003"><ele>70.55265116945577</ele><time>2025-10-04T15:26:46.50400Z</time><extensions><mytracks:speed>104.3037324138823</mytracks:speed><mytracks:length>0.02917882367634208</mytracks:length></extensions></trkpt><trkpt lat="45.40754829832467" lon="-75.59833923809576"><ele>70.39413305888985</ele><time>2025-10-04T15:26:47.50100Z</time><extensions><mytracks:speed>104.9412015573665</mytracks:speed><mytracks:length>0.02923483136868475</mytracks:length></extensions></trkpt><trkpt lat="45.40705219860426" lon="-75.59816537381887"><ele>69.85541843733066</ele><time>2025-10-04T15:26:49.43400Z</time><extensions><mytracks:speed>105.7790068295948</mytracks:speed><mytracks:length>0.05680892058317755</mytracks:length></extensions></trkpt><trkpt lat="45.4067779821164" lon="-75.59805590950646"><ele>69.533596154075</ele><time>2025-10-04T15:26:50.50200Z</time><extensions><mytracks:speed>106.8216130261829</mytracks:speed><mytracks:length>0.03166615213263926</mytracks:length></extensions></trkpt><trkpt lat="45.40650920979886" lon="-75.59794210300764"><ele>69.22833725867481</ele><time>2025-10-04T15:26:51.57300Z</time><extensions><mytracks:speed>104.8004114861803</mytracks:speed><mytracks:length>0.03117869443832585</mytracks:length></extensions></trkpt><trkpt lat="45.40604016120365" lon="-75.59771324525175"><ele>69.13358631974998</ele><time>2025-10-04T15:26:53.46600Z</time><extensions><mytracks:speed>104.8096484764288</mytracks:speed><mytracks:length>0.05513117620888539</mytracks:length></extensions></trkpt><trkpt lat="45.40578848921857" lon="-75.59757963740249"><ele>69.21225043948203</ele><time>2025-10-04T15:26:54.49900Z</time><extensions><mytracks:speed>104.0862302179385</mytracks:speed><mytracks:gradient>0.002633967118332226</mytracks:gradient><mytracks:length>0.02986526262403076</mytracks:length></extensions></trkpt><trkpt lat="45.40553626820921" lon="-75.59742880149423"><ele>69.3887696599076</ele><time>2025-10-04T15:26:55.52900Z</time><extensions><mytracks:speed>106.3209644302581</mytracks:speed><mytracks:gradient>0.005803232877814791</mytracks:gradient><mytracks:length>0.03041739391510161</mytracks:length></extensions></trkpt><trkpt lat="45.40529911594494" lon="-75.59727631826428"><ele>69.69074711494552</ele><time>2025-10-04T15:26:56.49500Z</time><extensions><mytracks:speed>107.0219188746551</mytracks:speed><mytracks:gradient>0.008063000971338458</mytracks:gradient><mytracks:length>0.02893253473833186</mytracks:length></extensions></trkpt><trkpt lat="45.40506107808944" lon="-75.59711797766671"><ele>69.7016771070606</ele><time>2025-10-04T15:26:57.47300Z</time><extensions><mytracks:speed>107.6976927023535</mytracks:speed><mytracks:gradient>0.005381575523742368</mytracks:gradient><mytracks:length>0.02921293481014608</mytracks:length></extensions></trkpt><trkpt lat="45.40481275854391" lon="-75.59694269229243"><ele>69.30827127495037</ele><time>2025-10-04T15:26:58.50000Z</time><extensions><mytracks:speed>107.9601373226458</mytracks:speed><mytracks:length>0.03081685171618715</mytracks:length></extensions></trkpt><trkpt lat="45.40456397859248" lon="-75.59676221658202"><ele>68.45516809553943</ele><time>2025-10-04T15:26:59.52900Z</time><extensions><mytracks:speed>108.6055756831236</mytracks:speed><mytracks:length>0.03104471338873264</mytracks:length></extensions></trkpt><trkpt lat="45.40432750757071" lon="-75.59658151238121"><ele>67.6921311024764</ele><time>2025-10-04T15:27:00.52400Z</time><extensions><mytracks:speed>108.2808730589828</mytracks:speed><mytracks:length>0.02983990241585821</mytracks:length></extensions></trkpt><trkpt lat="45.40409057625033" lon="-75.59639361007044"><ele>67.48545990488239</ele><time>2025-10-04T15:27:01.51300Z</time><extensions><mytracks:speed>108.8617218895093</mytracks:speed><mytracks:length>0.03015432605601041</mytracks:length></extensions></trkpt><trkpt lat="45.40386028692171" lon="-75.59620331761788"><ele>67.83202531094143</ele><time>2025-10-04T15:27:02.47300Z</time><extensions><mytracks:speed>110.3714518269466</mytracks:speed><mytracks:gradient>0.002341072060511838</mytracks:gradient><mytracks:length>0.02960444284758041</mytracks:length></extensions></trkpt><trkpt lat="45.40362531025563" lon="-75.59600426075306"><ele>68.36259309427886</ele><time>2025-10-04T15:27:03.47300Z</time><extensions><mytracks:speed>110.2366217454759</mytracks:speed><mytracks:gradient>0.01461789608494631</mytracks:gradient><mytracks:length>0.03040035182106399</mytracks:length></extensions></trkpt><trkpt lat="45.4033838571108" lon="-75.59579895899481"><ele>68.5691549376716</ele><time>2025-10-04T15:27:04.50400Z</time><extensions><mytracks:speed>109.1697764527643</mytracks:speed><mytracks:gradient>0.006606014731210168</mytracks:gradient><mytracks:length>0.0312687530678415</mytracks:length></extensions></trkpt><trkpt lat="45.40314488097634" lon="-75.59559243366562"><ele>68.38279333068213</ele><time>2025-10-04T15:27:05.52900Z</time><extensions><mytracks:speed>109.110915607803</mytracks:speed><mytracks:length>0.03108214131579319</mytracks:length></extensions></trkpt><trkpt lat="45.40291711976604" lon="-75.5954002520443"><ele>68.1390459357972</ele><time>2025-10-04T15:27:06.50400Z</time><extensions><mytracks:speed>108.9376350196801</mytracks:speed><mytracks:length>0.02943667894220638</mytracks:length></extensions></trkpt><trkpt lat="45.4026846484926" lon="-75.59520591237163"><ele>67.41366426197061</ele><time>2025-10-04T15:27:07.49600Z</time><extensions><mytracks:speed>108.7780521063633</mytracks:speed><mytracks:length>0.02997355585624562</mytracks:length></extensions></trkpt><trkpt lat="45.40244833887586" lon="-75.59501242520686"><ele>67.23521799677788</ele><time>2025-10-04T15:27:08.48700Z</time><extensions><mytracks:speed>109.4349962796013</mytracks:speed><mytracks:length>0.03030919969932088</mytracks:length></extensions></trkpt><trkpt lat="45.40220936052175" lon="-75.59482344902916"><ele>66.95756420726276</ele><time>2025-10-04T15:27:09.49300Z</time><extensions><mytracks:speed>108.7810644258247</mytracks:speed><mytracks:length>0.03039442189633604</mytracks:length></extensions></trkpt><trkpt lat="45.40176830733432" lon="-75.59449765764798"><ele>66.14322860518682</ele><time>2025-10-04T15:27:11.31600Z</time><extensions><mytracks:speed>109.1135900142465</mytracks:speed><mytracks:length>0.05524638924956072</mytracks:length></extensions></trkpt><trkpt lat="45.40151705498371" lon="-75.59433540024301"><ele>65.13846478919189</ele><time>2025-10-04T15:27:12.33400Z</time><extensions><mytracks:speed>108.4179173654662</mytracks:speed><mytracks:length>0.03067585568338616</mytracks:length></extensions></trkpt><trkpt lat="45.40122388034809" lon="-75.59416108934909"><ele>64.31268350874588</ele><time>2025-10-04T15:27:13.49100Z</time><extensions><mytracks:speed>109.9588178570951</mytracks:speed><mytracks:length>0.03532626502916066</mytracks:length></extensions></trkpt><trkpt lat="45.40096747700534" lon="-75.59402198672781"><ele>64.06252654538154</ele><time>2025-10-04T15:27:14.47900Z</time><extensions><mytracks:speed>110.4931247059684</mytracks:speed><mytracks:length>0.0305092567263317</mytracks:length></extensions></trkpt><trkpt lat="45.40069204365096" lon="-75.59388038101683"><ele>63.27168238293751</ele><time>2025-10-04T15:27:15.52300Z</time><extensions><mytracks:speed>112.2810302618247</mytracks:speed><mytracks:length>0.03256114648425975</mytracks:length></extensions></trkpt><trkpt lat="45.40042083688173" lon="-75.59374589454715"><ele>63.29738603464425</ele><time>2025-10-04T15:27:16.54200Z</time><extensions><mytracks:speed>112.7851189367424</mytracks:speed><mytracks:gradient>0.0008049387988390333</mytracks:gradient><mytracks:length>0.03193242982424804</mytracks:length></extensions></trkpt><trkpt lat="45.39992838988115" lon="-75.59353620332826"><ele>63.10839544986157</ele><time>2025-10-04T15:27:18.38000Z</time><extensions><mytracks:speed>111.9381119194373</mytracks:speed><mytracks:length>0.05715278404753556</mytracks:length></extensions></trkpt><trkpt lat="45.39957811436197" lon="-75.59341195814031"><ele>64.20934448784783</ele><time>2025-10-04T15:27:19.67600Z</time><extensions><mytracks:speed>111.5089029453562</mytracks:speed><mytracks:gradient>0.02742856650653552</mytracks:gradient><mytracks:length>0.04013877421278774</mytracks:length></extensions></trkpt><trkpt lat="45.39922717943128" lon="-75.59330479392018"><ele>64.39253133296742</ele><time>2025-10-04T15:27:20.96900Z</time><extensions><mytracks:speed>111.1327646974502</mytracks:speed><mytracks:gradient>0.00459009058568169</mytracks:gradient><mytracks:length>0.03990920041774891</mytracks:length></extensions></trkpt><trkpt lat="45.39882361892341" lon="-75.59320231443598"><ele>64.6251275611617</ele><time>2025-10-04T15:27:22.45500Z</time><extensions><mytracks:speed>110.4266053426571</mytracks:speed><mytracks:gradient>0.00510284253408785</mytracks:gradient><mytracks:length>0.04558169816930467</mytracks:length></extensions></trkpt><trkpt lat="45.39855172642816" lon="-75.59314644095245"><ele>64.65335109397645</ele><time>2025-10-04T15:27:23.45400Z</time><extensions><mytracks:speed>110.2520147302262</mytracks:speed><mytracks:gradient>0.003426527605704471</mytracks:gradient><mytracks:length>0.03054616053930834</mytracks:length></extensions></trkpt><trkpt lat="45.39827427813093" lon="-75.59309733461805"><ele>64.46059859561113</ele><time>2025-10-04T15:27:24.46700Z</time><extensions><mytracks:speed>110.4633956700699</mytracks:speed><mytracks:length>0.03108808501528737</mytracks:length></extensions></trkpt><trkpt lat="45.39776587519407" lon="-75.5930451856597"><ele>63.61741623130566</ele><time>2025-10-04T15:27:26.30200Z</time><extensions><mytracks:speed>111.2487175556913</mytracks:speed><mytracks:length>0.05667820159328411</mytracks:length></extensions></trkpt><trkpt lat="45.39738832545173" lon="-75.59302760141054"><ele>62.89471956896882</ele><time>2025-10-04T15:27:27.65400Z</time><extensions><mytracks:speed>111.8106631290554</mytracks:speed><mytracks:length>0.0420040150331419</mytracks:length></extensions></trkpt><trkpt lat="45.3969316091266" lon="-75.593023361524"><ele>63.28203775400721</ele><time>2025-10-04T15:27:29.27900Z</time><extensions><mytracks:speed>112.5180311252023</mytracks:speed><mytracks:gradient>0.007626523291102276</mytracks:gradient><mytracks:length>0.05078568179163179</mytracks:length></extensions></trkpt><trkpt lat="45.3965636460125" lon="-75.59302516892204"><ele>64.54406529269654</ele><time>2025-10-04T15:27:30.58000Z</time><extensions><mytracks:speed>113.2133757796291</mytracks:speed><mytracks:gradient>0.03084450974212732</mytracks:gradient><mytracks:length>0.04091579179699736</mytracks:length></extensions></trkpt><trkpt lat="45.39616942492842" lon="-75.59303059300092"><ele>65.68393408291605</ele><time>2025-10-04T15:27:31.97700Z</time><extensions><mytracks:speed>112.9624347320187</mytracks:speed><mytracks:gradient>0.02600214057073903</mytracks:gradient><mytracks:length>0.04383749819052347</mytracks:length></extensions></trkpt><trkpt lat="45.39569932942742" lon="-75.59304115313"><ele>66.34403898905941</ele><time>2025-10-04T15:27:33.66800Z</time><extensions><mytracks:speed>111.3162242924437</mytracks:speed><mytracks:gradient>0.01262663720562852</mytracks:gradient><mytracks:length>0.05227875762907863</mytracks:length></extensions></trkpt><trkpt lat="45.39539517028678" lon="-75.59304563609794"><ele>66.23952573629194</ele><time>2025-10-04T15:27:34.79400Z</time><extensions><mytracks:speed>108.1233439697275</mytracks:speed><mytracks:length>0.03382282338648289</mytracks:length></extensions></trkpt><trkpt lat="45.39492068793592" lon="-75.59306111199831"><ele>68.67923926640007</ele><time>2025-10-04T15:27:36.54100Z</time><extensions><mytracks:speed>108.7090850236794</mytracks:speed><mytracks:gradient>0.04622957819405752</mytracks:gradient><mytracks:length>0.05277386524849893</mytracks:length></extensions></trkpt><trkpt lat="45.39441432689605" lon="-75.59307613937358"><ele>70.81502124605184</ele><time>2025-10-04T15:27:38.42500Z</time><extensions><mytracks:speed>107.6278241470358</mytracks:speed><mytracks:gradient>0.03792425851987239</mytracks:gradient><mytracks:length>0.05631703988444792</mytracks:length></extensions></trkpt><trkpt lat="45.39412920491411" lon="-75.59307955126505"><ele>70.72450075993878</ele><time>2025-10-04T15:27:39.50400Z</time><extensions><mytracks:speed>105.7887712229971</mytracks:speed><mytracks:length>0.03170526275490294</mytracks:length></extensions></trkpt><trkpt lat="45.39385585334744" lon="-75.59307212279664"><ele>70.38382995570315</ele><time>2025-10-04T15:27:40.56900Z</time><extensions><mytracks:speed>102.7462866934169</mytracks:speed><mytracks:length>0.03040079651878991</mytracks:length></extensions></trkpt><trkpt lat="45.3935999772737" lon="-75.59306231077021"><ele>70.28738362268631</ele><time>2025-10-04T15:27:41.57500Z</time><extensions><mytracks:speed>101.8345363618885</mytracks:speed><mytracks:length>0.0284625459676503</mytracks:length></extensions></trkpt><trkpt lat="45.39335693700729" lon="-75.59304445147139"><ele>70.02619484308788</ele><time>2025-10-04T15:27:42.54900Z</time><extensions><mytracks:speed>100.9448314290537</mytracks:speed><mytracks:length>0.02706088995586206</mytracks:length></extensions></trkpt><trkpt lat="45.39312042497063" lon="-75.59302182613283"><ele>69.63840572569124</ele><time>2025-10-04T15:27:43.51200Z</time><extensions><mytracks:speed>99.27915597343832</mytracks:speed><mytracks:length>0.02635835422465539</mytracks:length></extensions></trkpt><trkpt lat="45.39287227410594" lon="-75.59299332700242"><ele>69.84547308806472</ele><time>2025-10-04T15:27:44.51800Z</time><extensions><mytracks:speed>99.14442954004623</mytracks:speed><mytracks:gradient>0.007479979332909534</mytracks:gradient><mytracks:length>0.02768287894358858</mytracks:length></extensions></trkpt><trkpt lat="45.39263429133493" lon="-75.59295624063816"><ele>70.16555898097239</ele><time>2025-10-04T15:27:45.49900Z</time><extensions><mytracks:speed>98.38470935160129</mytracks:speed><mytracks:gradient>0.009708592883887191</mytracks:gradient><mytracks:length>0.02662050759799829</mytracks:length></extensions></trkpt><trkpt lat="45.39239269401493" lon="-75.59291207009417"><ele>70.82201788454032</ele><time>2025-10-04T15:27:46.50000Z</time><extensions><mytracks:speed>97.47283008201785</mytracks:speed><mytracks:gradient>0.02423711711997223</mytracks:gradient><mytracks:length>0.0270848591570727</mytracks:length></extensions></trkpt><trkpt lat="45.39215502975244" lon="-75.59285848451471"><ele>71.69088517456937</ele><time>2025-10-04T15:27:47.50100Z</time><extensions><mytracks:speed>96.17529148963783</mytracks:speed><mytracks:gradient>0.03247321196807718</mytracks:gradient><mytracks:length>0.02675643206724358</mytracks:length></extensions></trkpt><trkpt lat="45.39192390321001" lon="-75.59280022332071"><ele>72.26336334827087</ele><time>2025-10-04T15:27:48.49600Z</time><extensions><mytracks:speed>95.28852464739745</mytracks:speed><mytracks:gradient>0.0272704588684493</mytracks:gradient><mytracks:length>0.02609961101180877</mytracks:length></extensions></trkpt><trkpt lat="45.39169326063173" lon="-75.59273510329433"><ele>72.57845230000497</ele><time>2025-10-04T15:27:49.49300Z</time><extensions><mytracks:speed>94.44106384843485</mytracks:speed><mytracks:gradient>0.01698938379430457</mytracks:gradient><mytracks:length>0.02614532584095498</mytracks:length></extensions></trkpt><trkpt lat="45.39146231412885" lon="-75.59266167872867"><ele>73.00557419435734</ele><time>2025-10-04T15:27:50.50000Z</time><extensions><mytracks:speed>94.01801753054305</mytracks:speed><mytracks:gradient>0.01623276936563372</mytracks:gradient><mytracks:length>0.02631232445503874</mytracks:length></extensions></trkpt><trkpt lat="45.39122736692765" lon="-75.59257643124229"><ele>73.34416785781157</ele><time>2025-10-04T15:27:51.50700Z</time><extensions><mytracks:speed>96.40091210558876</mytracks:speed><mytracks:gradient>0.01255928969382614</mytracks:gradient><mytracks:length>0.0269596188724493</mytracks:length></extensions></trkpt><trkpt lat="45.39099727917209" lon="-75.59248320538335"><ele>73.80864272967308</ele><time>2025-10-04T15:27:52.48400Z</time><extensions><mytracks:speed>97.15963431024494</mytracks:speed><mytracks:gradient>0.01499529505134885</mytracks:gradient><mytracks:length>0.02660018607978325</mytracks:length></extensions></trkpt><trkpt lat="45.39076305980668" lon="-75.59237885345011"><ele>74.59638201698061</ele><time>2025-10-04T15:27:53.48500Z</time><extensions><mytracks:speed>98.22586900583815</mytracks:speed><mytracks:gradient>0.02886647778393922</mytracks:gradient><mytracks:length>0.02728906842059597</mytracks:length></extensions></trkpt><trkpt lat="45.39052746341961" lon="-75.59226651548214"><ele>75.32154328752824</ele><time>2025-10-04T15:27:54.48600Z</time><extensions><mytracks:speed>99.27958118386844</mytracks:speed><mytracks:gradient>0.02624829348556933</mytracks:gradient><mytracks:length>0.02762698729143312</mytracks:length></extensions></trkpt><trkpt lat="45.39029106006885" lon="-75.59214712083806"><ele>76.02344134261561</ele><time>2025-10-04T15:27:55.50800Z</time><extensions><mytracks:speed>98.24083275770947</mytracks:speed><mytracks:gradient>0.02516536209958845</mytracks:gradient><mytracks:length>0.02789143475502973</mytracks:length></extensions></trkpt><trkpt lat="45.39006499597036" lon="-75.59202635324364"><ele>76.31629957777763</ele><time>2025-10-04T15:27:56.49700Z</time><extensions><mytracks:speed>98.02146120381211</mytracks:speed><mytracks:gradient>0.01817334838734938</mytracks:gradient><mytracks:length>0.02684789696874184</mytracks:length></extensions></trkpt><trkpt lat="45.38983589460295" lon="-75.59189541052737"><ele>76.57724988157187</ele><time>2025-10-04T15:27:57.50600Z</time><extensions><mytracks:speed>97.89165789824727</mytracks:speed><mytracks:gradient>0.009506296726108776</mytracks:gradient><mytracks:length>0.02745025863515846</mytracks:length></extensions></trkpt><trkpt lat="45.38961171936331" lon="-75.59175414600836"><ele>76.51421499689083</ele><time>2025-10-04T15:27:58.50700Z</time><extensions><mytracks:speed>98.07163242975781</mytracks:speed><mytracks:length>0.02725899744851931</mytracks:length></extensions></trkpt><trkpt lat="45.38939071706386" lon="-75.59160619885553"><ele>76.41447538373042</ele><time>2025-10-04T15:27:59.51200Z</time><extensions><mytracks:speed>97.26439530542703</mytracks:speed><mytracks:length>0.02715464848040629</mytracks:length></extensions></trkpt><trkpt lat="45.38918345936531" lon="-75.59145730258697"><ele>76.61599958927752</ele><time>2025-10-04T15:28:00.46400Z</time><extensions><mytracks:speed>97.40802133695787</mytracks:speed><mytracks:gradient>0.001921817758619542</mytracks:gradient><mytracks:length>0.02581315017869504</mytracks:length></extensions></trkpt><trkpt lat="45.38896758806428" lon="-75.59129302963829"><ele>76.68621914217785</ele><time>2025-10-04T15:28:01.45900Z</time><extensions><mytracks:speed>98.04908761744203</mytracks:speed><mytracks:gradient>0.005124716853790642</mytracks:gradient><mytracks:length>0.0272166435831754</mytracks:length></extensions></trkpt><trkpt lat="45.38874365378972" lon="-75.5911174011372"><ele>76.88344837984583</ele><time>2025-10-04T15:28:02.50800Z</time><extensions><mytracks:speed>97.5585332476972</mytracks:speed><mytracks:gradient>0.006937926267868749</mytracks:gradient><mytracks:length>0.02842769295220108</mytracks:length></extensions></trkpt><trkpt lat="45.38852281998177" lon="-75.59093582108861"><ele>76.72091611776476</ele><time>2025-10-04T15:28:03.55500Z</time><extensions><mytracks:speed>97.49836673999391</mytracks:speed><mytracks:length>0.02835579250509951</mytracks:length></extensions></trkpt><trkpt lat="45.38832086251718" lon="-75.59076242733251"><ele>76.32182367346445</ele><time>2025-10-04T15:28:04.53400Z</time><extensions><mytracks:speed>96.98366912601217</mytracks:speed><mytracks:length>0.02622311592109663</mytracks:length></extensions></trkpt><trkpt lat="45.3881246727574" lon="-75.59058617247648"><ele>75.71935513216943</ele><time>2025-10-04T15:28:05.50600Z</time><extensions><mytracks:speed>95.96688400848055</mytracks:speed><mytracks:length>0.02579446378764778</mytracks:length></extensions></trkpt><trkpt lat="45.38792737662019" lon="-75.5903989059736"><ele>75.10079012231779</ele><time>2025-10-04T15:28:06.49100Z</time><extensions><mytracks:speed>95.92878333058567</mytracks:speed><mytracks:length>0.0263658756104857</mytracks:length></extensions></trkpt><trkpt lat="45.38772836275926" lon="-75.59019853358409"><ele>74.61315084408065</ele><time>2025-10-04T15:28:07.48300Z</time><extensions><mytracks:speed>97.33968300486981</mytracks:speed><mytracks:length>0.0271024896071054</mytracks:length></extensions></trkpt><trkpt lat="45.38752666790469" lon="-75.58998311077362"><ele>74.16703628434169</ele><time>2025-10-04T15:28:08.48300Z</time><extensions><mytracks:speed>99.65164507047329</mytracks:speed><mytracks:length>0.02803582568020445</mytracks:length></extensions></trkpt><trkpt lat="45.38732224510236" lon="-75.58975135451179"><ele>73.82131766974712</ele><time>2025-10-04T15:28:09.49400Z</time><extensions><mytracks:speed>103.4571396880954</mytracks:speed><mytracks:length>0.02905609525505311</mytracks:length></extensions></trkpt><trkpt lat="45.38711618340359" lon="-75.58950539984508"><ele>73.59311330596832</ele><time>2025-10-04T15:28:10.51200Z</time><extensions><mytracks:speed>105.6819062502867</mytracks:speed><mytracks:length>0.02989874133471027</mytracks:length></extensions></trkpt><trkpt lat="45.38691379270423" lon="-75.58925141286269"><ele>73.43309362552201</ele><time>2025-10-04T15:28:11.52200Z</time><extensions><mytracks:speed>106.941977173096</mytracks:speed><mytracks:length>0.02999805197888463</mytracks:length></extensions></trkpt><trkpt lat="45.38671850132884" lon="-75.58899504797486"><ele>73.23065727098212</ele><time>2025-10-04T15:28:12.51000Z</time><extensions><mytracks:speed>107.286623671358</mytracks:speed><mytracks:length>0.02953617006108422</mytracks:length></extensions></trkpt><trkpt lat="45.3865268840616" lon="-75.58873077303068"><ele>73.0087232796798</ele><time>2025-10-04T15:28:13.49300Z</time><extensions><mytracks:speed>108.0975378725547</mytracks:speed><mytracks:length>0.02966359689614236</mytracks:length></extensions></trkpt><trkpt lat="45.38633421536628" lon="-75.5884504131931"><ele>72.70172005429221</ele><time>2025-10-04T15:28:14.50100Z</time><extensions><mytracks:speed>109.4075355976896</mytracks:speed><mytracks:length>0.03063263594489962</mytracks:length></extensions></trkpt><trkpt lat="45.38614406118462" lon="-75.58815871480381"><ele>72.43848657052993</ele><time>2025-10-04T15:28:15.51000Z</time><extensions><mytracks:speed>110.9123088002183</mytracks:speed><mytracks:length>0.03108083644913275</mytracks:length></extensions></trkpt><trkpt lat="45.38533433310019" lon="-75.58675323916545"><ele>72.39237692672759</ele><time>2025-10-04T15:28:20.00000Z</time><extensions><mytracks:speed>113.8215924557017</mytracks:speed><mytracks:length>0.1419660173052262</mytracks:length></extensions></trkpt><trkpt lat="45.38516215906041" lon="-75.58641303303999"><ele>72.06435117777437</ele><time>2025-10-04T15:28:21.00000Z</time><extensions><mytracks:speed>117.8916844218532</mytracks:speed><mytracks:length>0.03274786188565187</mytracks:length></extensions></trkpt><trkpt lat="45.38490683209456" lon="-75.58590055622506"><ele>71.8261783002572</ele><time>2025-10-04T15:28:22.48300Z</time><extensions><mytracks:speed>119.1771925093432</mytracks:speed><mytracks:length>0.04906997916694019</mytracks:length></extensions></trkpt><trkpt lat="45.38413105502437" lon="-75.58433786807579"><ele>71.23678331077099</ele><time>2025-10-04T15:28:27.00000Z</time><extensions><mytracks:speed>119.0899903893671</mytracks:speed><mytracks:length>0.1494502325425008</mytracks:length></extensions></trkpt><trkpt lat="45.38386496233555" lon="-75.58381781480551"><ele>71.30675879482878</ele><time>2025-10-04T15:28:28.46200Z</time><extensions><mytracks:speed>123.7329062925207</mytracks:speed><mytracks:gradient>0.001392551462800627</mytracks:gradient><mytracks:length>0.05024983702725165</mytracks:length></extensions></trkpt><trkpt lat="45.38367497965449" lon="-75.58345412190273"><ele>71.33708089345318</ele><time>2025-10-04T15:28:29.51000Z</time><extensions><mytracks:speed>121.6271411211475</mytracks:speed><mytracks:gradient>0.000856595354728711</mytracks:gradient><mytracks:length>0.0353983925514036</mytracks:length></extensions></trkpt><trkpt lat="45.3834110849272" lon="-75.58294763695861"><ele>71.13408354947551</ele><time>2025-10-04T15:28:30.99700Z</time><extensions><mytracks:speed>119.2285827568161</mytracks:speed><mytracks:length>0.04925166036033213</mytracks:length></extensions></trkpt><trkpt lat="45.38322681663352" lon="-75.58260331693714"><ele>71.40451473308744</ele><time>2025-10-04T15:28:32.01600Z</time><extensions><mytracks:speed>119.4328461406316</mytracks:speed><mytracks:gradient>0.007999116571277467</mytracks:gradient><mytracks:length>0.03380763128055589</mytracks:length></extensions></trkpt><trkpt lat="45.38304195716611" lon="-75.58226928239621"><ele>71.49292700121045</ele><time>2025-10-04T15:28:33.02000Z</time><extensions><mytracks:speed>119.091410428984</mytracks:speed><mytracks:gradient>0.002661990641040122</mytracks:gradient><mytracks:length>0.03321283957950459</mytracks:length></extensions></trkpt><trkpt lat="45.38275854758285" lon="-75.58176210746205"><ele>71.66996675360257</ele><time>2025-10-04T15:28:34.53900Z</time><extensions><mytracks:speed>119.9605863366648</mytracks:speed><mytracks:gradient>0.003497635155314769</mytracks:gradient><mytracks:length>0.05061698677264878</mytracks:length></extensions></trkpt><trkpt lat="45.38256820963326" lon="-75.58144524839608"><ele>72.0148271752732</ele><time>2025-10-04T15:28:35.50800Z</time><extensions><mytracks:speed>120.3506431614733</mytracks:speed><mytracks:gradient>0.006275302686511975</mytracks:gradient><mytracks:length>0.03256294559172773</mytracks:length></extensions></trkpt><trkpt lat="45.38236347927744" lon="-75.58111488351778"><ele>71.8648299763554</ele><time>2025-10-04T15:28:36.53500Z</time><extensions><mytracks:speed>120.6262440949376</mytracks:speed><mytracks:length>0.03440890552825727</mytracks:length></extensions></trkpt><trkpt lat="45.38196029836141" lon="-75.58050484928224"><ele>72.30993654162602</ele><time>2025-10-04T15:28:38.47300Z</time><extensions><mytracks:speed>121.5125171582161</mytracks:speed><mytracks:gradient>0.006803780391058912</mytracks:gradient><mytracks:length>0.06542047798243911</mytracks:length></extensions></trkpt><trkpt lat="45.38174697388359" lon="-75.58019872548596"><ele>72.40022346005959</ele><time>2025-10-04T15:28:39.48200Z</time><extensions><mytracks:speed>120.1887328304227</mytracks:speed><mytracks:gradient>0.002680784326200422</mytracks:gradient><mytracks:length>0.0336792921202819</mytracks:length></extensions></trkpt><trkpt lat="45.38151160262807" lon="-75.5798741464419"><ele>72.62226846352654</ele><time>2025-10-04T15:28:40.56900Z</time><extensions><mytracks:speed>120.6958395822625</mytracks:speed><mytracks:gradient>0.006094070740301737</mytracks:gradient><mytracks:length>0.03643623661906348</mytracks:length></extensions></trkpt><trkpt lat="45.38104019533539" lon="-75.57926567317055"><ele>72.90875629346952</ele><time>2025-10-04T15:28:42.68900Z</time><extensions><mytracks:speed>120.11753868098</mytracks:speed><mytracks:gradient>0.004049091008231639</mytracks:gradient><mytracks:length>0.07075361590059756</mytracks:length></extensions></trkpt><trkpt lat="45.38080692784455" lon="-75.57898031852861"><ele>73.42170901499951</ele><time>2025-10-04T15:28:43.70700Z</time><extensions><mytracks:speed>120.9682700111925</mytracks:speed><mytracks:gradient>0.01499958357346093</mytracks:gradient><mytracks:length>0.03419779749336255</mytracks:length></extensions></trkpt><trkpt lat="45.38039153544276" lon="-75.57849800442827"><ele>74.28706068628638</ele><time>2025-10-04T15:28:45.50200Z</time><extensions><mytracks:speed>119.5623386963079</mytracks:speed><mytracks:gradient>0.01451862001359713</mytracks:gradient><mytracks:length>0.05960288722181896</mytracks:length></extensions></trkpt><trkpt lat="45.38015644546766" lon="-75.57824087480404"><ele>74.8081778453101</ele><time>2025-10-04T15:28:46.50100Z</time><extensions><mytracks:speed>119.2758520823223</mytracks:speed><mytracks:gradient>0.01497940907463751</mytracks:gradient><mytracks:length>0.03296442822854397</mytracks:length></extensions></trkpt><trkpt lat="45.37991921985697" lon="-75.57799268729336"><ele>75.0618080641286</ele><time>2025-10-04T15:28:47.50000Z</time><extensions><mytracks:speed>118.3573750906662</mytracks:speed><mytracks:gradient>0.01179300516931226</mytracks:gradient><mytracks:length>0.03273464888837113</mytracks:length></extensions></trkpt><trkpt lat="45.37968050835615" lon="-75.57775008749357"><ele>75.4223887001899</ele><time>2025-10-04T15:28:48.50000Z</time><extensions><mytracks:speed>117.4047480928427</mytracks:speed><mytracks:gradient>0.01105648592937575</mytracks:gradient><mytracks:length>0.03261258942167881</mytracks:length></extensions></trkpt><trkpt lat="45.37944100161767" lon="-75.5775124796901"><ele>75.72435585398811</ele><time>2025-10-04T15:28:49.50000Z</time><extensions><mytracks:speed>116.8561021160383</mytracks:speed><mytracks:gradient>0.009302678560731106</mytracks:gradient><mytracks:length>0.0324602373205599</mytracks:length></extensions></trkpt><trkpt lat="45.37920159603136" lon="-75.57727745832585"><ele>76.17640283542266</ele><time>2025-10-04T15:28:50.50000Z</time><extensions><mytracks:speed>116.407739209689</mytracks:speed><mytracks:gradient>0.01397972999671898</mytracks:gradient><mytracks:length>0.03233588785624928</mytracks:length></extensions></trkpt><trkpt lat="45.37896214199483" lon="-75.57704455278056"><ele>76.68012988866492</ele><time>2025-10-04T15:28:51.50000Z</time><extensions><mytracks:speed>116.0878733504905</mytracks:speed><mytracks:gradient>0.01562090009059048</mytracks:gradient><mytracks:length>0.03224699283146217</mytracks:length></extensions></trkpt><trkpt lat="45.37872255257604" lon="-75.57681378089602"><ele>77.26084021398145</ele><time>2025-10-04T15:28:52.50000Z</time><extensions><mytracks:speed>115.7956524598696</mytracks:speed><mytracks:gradient>0.01805363547638806</mytracks:gradient><mytracks:length>0.03216583862436066</mytracks:length></extensions></trkpt><trkpt lat="45.37848369100367" lon="-75.57658489842615"><ele>77.79680915383555</ele><time>2025-10-04T15:28:53.50000Z</time><extensions><mytracks:speed>115.2568351941345</mytracks:speed><mytracks:gradient>0.01674058253684524</mytracks:gradient><mytracks:length>0.0320161463123794</mytracks:length></extensions></trkpt><trkpt lat="45.3782460674152" lon="-75.57635786692887"><ele>78.27282354241655</ele><time>2025-10-04T15:28:54.50000Z</time><extensions><mytracks:speed>114.5553817928334</mytracks:speed><mytracks:gradient>0.01495897921401122</mytracks:gradient><mytracks:length>0.0318213149287043</mytracks:length></extensions></trkpt><trkpt lat="45.37801046834903" lon="-75.57613148504949"><ele>78.71208176709148</ele><time>2025-10-04T15:28:55.50000Z</time><extensions><mytracks:speed>113.7810129741368</mytracks:speed><mytracks:gradient>0.01389785716299524</mytracks:gradient><mytracks:length>0.03160618356652197</mytracks:length></extensions></trkpt><trkpt lat="45.37777818634612" lon="-75.5759045628493"><ele>79.08425882680834</ele><time>2025-10-04T15:28:56.50000Z</time><extensions><mytracks:speed>112.7690314102221</mytracks:speed><mytracks:gradient>0.01188113139179065</mytracks:gradient><mytracks:length>0.03132505208839117</mytracks:length></extensions></trkpt><trkpt lat="45.37754896142963" lon="-75.57567445982356"><ele>79.49045131701979</ele><time>2025-10-04T15:28:57.50000Z</time><extensions><mytracks:speed>112.2748573518979</mytracks:speed><mytracks:gradient>0.01302408336471778</mytracks:gradient><mytracks:length>0.03118779869851168</mytracks:length></extensions></trkpt><trkpt lat="45.37732434358499" lon="-75.57543833469569"><ele>79.76920553986544</ele><time>2025-10-04T15:28:58.50000Z</time><extensions><mytracks:speed>111.770928890796</mytracks:speed><mytracks:gradient>0.008978238979777621</mytracks:gradient><mytracks:length>0.0310477615346961</mytracks:length></extensions></trkpt><trkpt lat="45.37711046789694" lon="-75.5751988034818"><ele>80.13088722340598</ele><time>2025-10-04T15:28:59.48000Z</time><extensions><mytracks:speed>111.4483776926118</mytracks:speed><mytracks:gradient>0.01044763387094746</mytracks:gradient><mytracks:length>0.03025905323822504</mytracks:length></extensions></trkpt><trkpt lat="45.37689535712445" lon="-75.5749410459336"><ele>80.54874021428323</ele><time>2025-10-04T15:29:00.49100Z</time><extensions><mytracks:speed>111.2942021017999</mytracks:speed><mytracks:gradient>0.01336524777851268</mytracks:gradient><mytracks:length>0.03126414098727245</mytracks:length></extensions></trkpt><trkpt lat="45.3766842011683" lon="-75.57467150130974"><ele>80.84558030104847</ele><time>2025-10-04T15:29:01.50500Z</time><extensions><mytracks:speed>112.0025275396026</mytracks:speed><mytracks:gradient>0.009412664927703273</mytracks:gradient><mytracks:length>0.03153624282232615</mytracks:length></extensions></trkpt><trkpt lat="45.37648335970667" lon="-75.57439795214167"><ele>81.19253492855756</ele><time>2025-10-04T15:29:02.50400Z</time><extensions><mytracks:speed>111.6532965601507</mytracks:speed><mytracks:gradient>0.01031133948482286</mytracks:gradient><mytracks:length>0.03090738148716941</mytracks:length></extensions></trkpt><trkpt lat="45.37629126392837" lon="-75.57411907552444"><ele>81.58238257430284</ele><time>2025-10-04T15:29:03.48900Z</time><extensions><mytracks:speed>111.4237254447365</mytracks:speed><mytracks:gradient>0.01199856966344465</mytracks:gradient><mytracks:length>0.03050807506721486</mytracks:length></extensions></trkpt><trkpt lat="45.37609905666408" lon="-75.57382491070273"><ele>81.7288713505518</ele><time>2025-10-04T15:29:04.50300Z</time><extensions><mytracks:speed>111.4004116208032</mytracks:speed><mytracks:gradient>0.004668184610017361</mytracks:gradient><mytracks:length>0.03138024488890412</mytracks:length></extensions></trkpt><trkpt lat="45.37591438860047" lon="-75.57352213529252"><ele>81.76201161215228</ele><time>2025-10-04T15:29:05.51800Z</time><extensions><mytracks:speed>111.0797491800863</mytracks:speed><mytracks:gradient>0.001058112762847274</mytracks:gradient><mytracks:length>0.03132016053875239</mytracks:length></extensions></trkpt><trkpt lat="45.37574407233246" lon="-75.5732299946424"><ele>81.68947067193928</ele><time>2025-10-04T15:29:06.47600Z</time><extensions><mytracks:speed>111.2644411075122</mytracks:speed><mytracks:length>0.02965387272053401</mytracks:length></extensions></trkpt><trkpt lat="45.3755762619919" lon="-75.5729256244433"><ele>81.49784514014726</ele><time>2025-10-04T15:29:07.45100Z</time><extensions><mytracks:speed>111.4824746598221</mytracks:speed><mytracks:length>0.03022239527266089</mytracks:length></extensions></trkpt><trkpt lat="45.37541006113376" lon="-75.57260515540419"><ele>81.31741550421887</ele><time>2025-10-04T15:29:08.47600Z</time><extensions><mytracks:speed>109.3590369441289</mytracks:speed><mytracks:length>0.03111460036693581</mytracks:length></extensions></trkpt><trkpt lat="45.37525139528919" lon="-75.57228301681158"><ele>81.24954433953775</ele><time>2025-10-04T15:29:09.49900Z</time><extensions><mytracks:speed>108.0914106547834</mytracks:speed><mytracks:length>0.0307311879672672</mytracks:length></extensions></trkpt><trkpt lat="45.37510138775115" lon="-75.57195258745098"><ele>81.20304235335941</ele><time>2025-10-04T15:29:10.52700Z</time><extensions><mytracks:speed>107.6607382833763</mytracks:speed><mytracks:length>0.03073060141026056</mytracks:length></extensions></trkpt><trkpt lat="45.37496273201377" lon="-75.57162887190981"><ele>81.15110043354777</ele><time>2025-10-04T15:29:11.52500Z</time><extensions><mytracks:speed>107.2063037317004</mytracks:speed><mytracks:length>0.02961524841669321</mytracks:length></extensions></trkpt><trkpt lat="45.37483653511588" lon="-75.57129248821678"><ele>81.39139516784773</ele><time>2025-10-04T15:29:12.53100Z</time><extensions><mytracks:speed>106.6264765802422</mytracks:speed><mytracks:gradient>0.008066978168253594</mytracks:gradient><mytracks:length>0.02978745315632685</mytracks:length></extensions></trkpt><trkpt lat="45.37472177475454" lon="-75.57095946611629"><ele>81.65012952630325</ele><time>2025-10-04T15:29:13.49300Z</time><extensions><mytracks:speed>107.4952225734133</mytracks:speed><mytracks:gradient>0.008493736041594247</mytracks:gradient><mytracks:length>0.02897393565702733</mytracks:length></extensions></trkpt><trkpt lat="45.37461174650057" lon="-75.57061331743964"><ele>81.94548716829864</ele><time>2025-10-04T15:29:14.47800Z</time><extensions><mytracks:speed>108.4614221832025</mytracks:speed><mytracks:gradient>0.009448380552999482</mytracks:gradient><mytracks:length>0.0296769624349801</mytracks:length></extensions></trkpt><trkpt lat="45.37450795226568" lon="-75.57025369306766"><ele>82.23844474772017</ele><time>2025-10-04T15:29:15.48400Z</time><extensions><mytracks:speed>108.6929326403625</mytracks:speed><mytracks:gradient>0.009646533785497968</mytracks:gradient><mytracks:length>0.03036920679860579</mytracks:length></extensions></trkpt><trkpt lat="45.37440354237118" lon="-75.56988927737903"><ele>82.35189191450664</ele><time>2025-10-04T15:29:16.49300Z</time><extensions><mytracks:speed>109.6800561611037</mytracks:speed><mytracks:gradient>0.003690364750304078</mytracks:gradient><mytracks:length>0.03074145090322679</mytracks:length></extensions></trkpt><trkpt lat="45.3743054178242" lon="-75.56952782225044"><ele>82.41185938664577</ele><time>2025-10-04T15:29:17.50000Z</time><extensions><mytracks:speed>108.189841865658</mytracks:speed><mytracks:gradient>0.001981159218827902</mytracks:gradient><mytracks:length>0.03026888074882408</mytracks:length></extensions></trkpt><trkpt lat="45.374213436587" lon="-75.56916101318716"><ele>82.43111814623566</ele><time>2025-10-04T15:29:18.51600Z</time><extensions><mytracks:speed>107.810361218831</mytracks:speed><mytracks:gradient>0.0006330354903616944</mytracks:gradient><mytracks:length>0.03042287499376181</mytracks:length></extensions></trkpt><trkpt lat="45.374127303408" lon="-75.56878891353601"><ele>82.44285147544178</ele><time>2025-10-04T15:29:19.52700Z</time><extensions><mytracks:speed>108.9769982033909</mytracks:speed><mytracks:gradient>0.0003834075725970812</mytracks:gradient><mytracks:length>0.03060275812145648</mytracks:length></extensions></trkpt><trkpt lat="45.37405014889521" lon="-75.56842237617194"><ele>82.46624354137575</ele><time>2025-10-04T15:29:20.50500Z</time><extensions><mytracks:speed>109.4809242694427</mytracks:speed><mytracks:gradient>0.0005807229588422921</mytracks:gradient><mytracks:length>0.02988864135045816</mytracks:length></extensions></trkpt><trkpt lat="45.37398073927974" lon="-75.56804742848739"><ele>82.50585022275499</ele><time>2025-10-04T15:29:21.48700Z</time><extensions><mytracks:speed>110.4789813175959</mytracks:speed><mytracks:gradient>0.001047049793548838</mytracks:gradient><mytracks:length>0.03028763350523318</mytracks:length></extensions></trkpt><trkpt lat="45.37391411747377" lon="-75.5676643210011"><ele>82.53719981154558</ele><time>2025-10-04T15:29:22.47100Z</time><extensions><mytracks:speed>111.9099271775253</mytracks:speed><mytracks:gradient>0.001161037843275258</mytracks:gradient><mytracks:length>0.03082854791522723</mytracks:length></extensions></trkpt><trkpt lat="45.37384779178774" lon="-75.56727053916865"><ele>82.48919306304138</ele><time>2025-10-04T15:29:23.47200Z</time><extensions><mytracks:speed>113.700298301953</mytracks:speed><mytracks:length>0.0316306975246875</mytracks:length></extensions></trkpt><trkpt lat="45.37377825928482" lon="-75.5668595993989"><ele>82.5871148340769</ele><time>2025-10-04T15:29:24.50200Z</time><extensions><mytracks:speed>115.3777666167353</mytracks:speed><mytracks:gradient>0.002965772498306278</mytracks:gradient><mytracks:length>0.03301729012978504</mytracks:length></extensions></trkpt><trkpt lat="45.37370828355227" lon="-75.56644394378326"><ele>82.51073120752288</ele><time>2025-10-04T15:29:25.53100Z</time><extensions><mytracks:speed>116.8689058140567</mytracks:speed><mytracks:length>0.03338713950676551</mytracks:length></extensions></trkpt><trkpt lat="45.37364043719876" lon="-75.56604301336182"><ele>82.56305376333371</ele><time>2025-10-04T15:29:26.51700Z</time><extensions><mytracks:speed>117.2164183731288</mytracks:speed><mytracks:length>0.03221343657668938</mytracks:length></extensions></trkpt><trkpt lat="45.37356830051209" lon="-75.56564928638579"><ele>82.67656013481485</ele><time>2025-10-04T15:29:27.49600Z</time><extensions><mytracks:speed>117.242961918726</mytracks:speed><mytracks:gradient>0.002591302959522662</mytracks:gradient><mytracks:length>0.03178362318425949</mytracks:length></extensions></trkpt><trkpt lat="45.37349148604298" lon="-75.56523666571958"><ele>82.55462791044319</ele><time>2025-10-04T15:29:28.52100Z</time><extensions><mytracks:speed>117.0969775965468</mytracks:speed><mytracks:length>0.03334337964491667</mytracks:length></extensions></trkpt><trkpt lat="45.37341815163373" lon="-75.56483610053482"><ele>82.5485496142029</ele><time>2025-10-04T15:29:29.52000Z</time><extensions><mytracks:speed>116.8185780609354</mytracks:speed><mytracks:length>0.03233421548332866</mytracks:length></extensions></trkpt><trkpt lat="45.37334369907207" lon="-75.56443762486835"><ele>82.38236080202479</ele><time>2025-10-04T15:29:30.50200Z</time><extensions><mytracks:speed>117.2470811331572</mytracks:speed><mytracks:length>0.0322081202970616</mytracks:length></extensions></trkpt><trkpt lat="45.37327690236897" lon="-75.56403600826077"><ele>82.1022857004962</ele><time>2025-10-04T15:29:31.47200Z</time><extensions><mytracks:speed>118.8387465161856</mytracks:speed><mytracks:length>0.03223874682327427</mytracks:length></extensions></trkpt><trkpt lat="45.37321010882613" lon="-75.56361532463603"><ele>81.94471685026755</ele><time>2025-10-04T15:29:32.48500Z</time><extensions><mytracks:speed>119.68400771434</mytracks:speed><mytracks:length>0.0336897270568593</mytracks:length></extensions></trkpt><trkpt lat="45.37314256986435" lon="-75.56319087303038"><ele>81.92975401093913</ele><time>2025-10-04T15:29:33.50400Z</time><extensions><mytracks:speed>120.1252068817438</mytracks:speed><mytracks:length>0.03399505633220706</mytracks:length></extensions></trkpt><trkpt lat="45.37307894983672" lon="-75.56277150047917"><ele>81.84801568652563</ele><time>2025-10-04T15:29:34.52100Z</time><extensions><mytracks:speed>118.6381798228112</mytracks:speed><mytracks:length>0.03351350484766644</mytracks:length></extensions></trkpt><trkpt lat="45.37301311655945" lon="-75.56236848027122"><ele>81.99579750243629</ele><time>2025-10-04T15:29:35.50700Z</time><extensions><mytracks:speed>118.3272032608137</mytracks:speed><mytracks:gradient>0.001003203218554125</mytracks:gradient><mytracks:length>0.0323211122349949</mytracks:length></extensions></trkpt><trkpt lat="45.37294460560594" lon="-75.56196778656057"><ele>82.04622071027693</ele><time>2025-10-04T15:29:36.48700Z</time><extensions><mytracks:speed>118.1670200025321</mytracks:speed><mytracks:gradient>0.003071356536464177</mytracks:gradient><mytracks:length>0.0322132966858344</mytracks:length></extensions></trkpt><trkpt lat="45.37286967921678" lon="-75.56155952573141"><ele>82.0152525686282</ele><time>2025-10-04T15:29:37.47900Z</time><extensions><mytracks:speed>118.9575769191007</mytracks:speed><mytracks:gradient>0.0002985192910682005</mytracks:gradient><mytracks:length>0.03296073702518237</mytracks:length></extensions></trkpt><trkpt lat="45.37278652930919" lon="-75.56114397288692"><ele>82.10947963045905</ele><time>2025-10-04T15:29:38.49200Z</time><extensions><mytracks:speed>119.9961628917405</mytracks:speed><mytracks:gradient>0.002791802567515735</mytracks:gradient><mytracks:length>0.03375133432687437</mytracks:length></extensions></trkpt><trkpt lat="45.37269788984477" lon="-75.56072009603139"><ele>82.06136474678924</ele><time>2025-10-04T15:29:39.51800Z</time><extensions><mytracks:speed>121.134520868755</mytracks:speed><mytracks:length>0.03454627532315558</mytracks:length></extensions></trkpt><trkpt lat="45.37261238025311" lon="-75.56031873367178"><ele>82.02100846839781</ele><time>2025-10-04T15:29:40.49000Z</time><extensions><mytracks:speed>121.2442043325994</mytracks:speed><mytracks:length>0.03276189485642313</mytracks:length></extensions></trkpt><trkpt lat="45.37252624877583" lon="-75.55991071981607"><ele>81.9762058629025</ele><time>2025-10-04T15:29:41.48200Z</time><extensions><mytracks:speed>121.0433006556482</mytracks:speed><mytracks:length>0.03327939233124119</mytracks:length></extensions></trkpt><trkpt lat="45.37243971531093" lon="-75.55948401991949"><ele>81.89038305314462</ele><time>2025-10-04T15:29:42.51200Z</time><extensions><mytracks:speed>121.3477566699649</mytracks:speed><mytracks:length>0.03469219490764456</mytracks:length></extensions></trkpt><trkpt lat="45.37235771904071" lon="-75.55905920110969"><ele>81.78038577808699</ele><time>2025-10-04T15:29:43.53700Z</time><extensions><mytracks:speed>120.8678168974632</mytracks:speed><mytracks:length>0.03441401277639287</mytracks:length></extensions></trkpt><trkpt lat="45.37227976616062" lon="-75.55865345132892"><ele>81.71200312257515</ele><time>2025-10-04T15:29:44.52200Z</time><extensions><mytracks:speed>120.4576693327812</mytracks:speed><mytracks:length>0.03285858644230572</mytracks:length></extensions></trkpt><trkpt lat="45.37220536948303" lon="-75.55825414504824"><ele>81.62035867690591</ele><time>2025-10-04T15:29:45.49200Z</time><extensions><mytracks:speed>119.9268770943992</mytracks:speed><mytracks:length>0.03226976322399595</mytracks:length></extensions></trkpt><trkpt lat="45.3721302001526" lon="-75.55784267882798"><ele>81.40653570279702</ele><time>2025-10-04T15:29:46.49300Z</time><extensions><mytracks:speed>119.4417559089013</mytracks:speed><mytracks:length>0.0332103972294748</mytracks:length></extensions></trkpt><trkpt lat="45.37205382361429" lon="-75.55743310396707"><ele>81.19836308801501</ele><time>2025-10-04T15:29:47.49000Z</time><extensions><mytracks:speed>119.4814851501304</mytracks:speed><mytracks:length>0.03310166635532961</mytracks:length></extensions></trkpt><trkpt lat="45.37197741951334" lon="-75.55701036834634"><ele>81.15738689151947</ele><time>2025-10-04T15:29:48.51100Z</time><extensions><mytracks:speed>120.1694951363919</mytracks:speed><mytracks:length>0.03409723841849194</mytracks:length></extensions></trkpt><trkpt lat="45.37190315762975" lon="-75.55659499484332"><ele>81.0933786968756</ele><time>2025-10-04T15:29:49.51400Z</time><extensions><mytracks:speed>120.140055405633</mytracks:speed><mytracks:length>0.03348108337362722</mytracks:length></extensions></trkpt><trkpt lat="45.371830144946" lon="-75.55618576250397"><ele>81.26039991152957</ele><time>2025-10-04T15:29:50.50200Z</time><extensions><mytracks:speed>120.1770239893171</mytracks:speed><mytracks:gradient>0.001549932361709786</mytracks:gradient><mytracks:length>0.03298192164530772</mytracks:length></extensions></trkpt><trkpt lat="45.37176227280117" lon="-75.55577481276408"><ele>81.51489198982995</ele><time>2025-10-04T15:29:51.49100Z</time><extensions><mytracks:speed>120.1087389982364</mytracks:speed><mytracks:gradient>0.006390840140274905</mytracks:gradient><mytracks:length>0.03297645594943793</mytracks:length></extensions></trkpt><trkpt lat="45.3716956036146" lon="-75.5553588825386"><ele>81.66467399162107</ele><time>2025-10-04T15:29:52.49400Z</time><extensions><mytracks:speed>119.604610159123</mytracks:speed><mytracks:gradient>0.004494529771141812</mytracks:gradient><mytracks:length>0.03332539985669568</mytracks:length></extensions></trkpt><trkpt lat="45.37162728873358" lon="-75.55494063063557"><ele>81.94160804409418</ele><time>2025-10-04T15:29:53.50600Z</time><extensions><mytracks:speed>119.4280128741446</mytracks:speed><mytracks:gradient>0.008256039518719635</mytracks:gradient><mytracks:length>0.03354320819870019</mytracks:length></extensions></trkpt><trkpt lat="45.37156064030672" lon="-75.55452884239494"><ele>82.00866464210144</ele><time>2025-10-04T15:29:54.50800Z</time><extensions><mytracks:speed>118.5981299235024</mytracks:speed><mytracks:gradient>0.002031432725043037</mytracks:gradient><mytracks:length>0.03300950958434257</mytracks:length></extensions></trkpt><trkpt lat="45.37149777797256" lon="-75.55411844917988"><ele>81.98942273026142</ele><time>2025-10-04T15:29:55.50800Z</time><extensions><mytracks:speed>118.0436914752005</mytracks:speed><mytracks:length>0.03281110033280963</mytracks:length></extensions></trkpt><trkpt lat="45.37143610145868" lon="-75.55371066207989"><ele>81.83025714775079</ele><time>2025-10-04T15:29:56.50300Z</time><extensions><mytracks:speed>117.986361203721</mytracks:speed><mytracks:length>0.03258438883551155</mytracks:length></extensions></trkpt><trkpt lat="45.37137679009879" lon="-75.55330268572835"><ele>81.51856138734101</ele><time>2025-10-04T15:29:57.49600Z</time><extensions><mytracks:speed>117.931303868104</mytracks:speed><mytracks:length>0.03254439617449721</mytracks:length></extensions></trkpt><trkpt lat="45.37132036704641" lon="-75.5529020310709"><ele>81.23096050927121</ele><time>2025-10-04T15:29:58.47200Z</time><extensions><mytracks:speed>117.8520580512334</mytracks:speed><mytracks:length>0.03191986753135626</mytracks:length></extensions></trkpt><trkpt lat="45.37125880245594" lon="-75.55250245467616"><ele>81.05571927764446</ele><time>2025-10-04T15:29:59.45000Z</time><extensions><mytracks:speed>117.7003065999975</mytracks:speed><mytracks:length>0.0319550013019639</mytracks:length></extensions></trkpt><trkpt lat="45.3711921767648" lon="-75.55207911748985"><ele>80.79610718809411</ele><time>2025-10-04T15:30:00.48400Z</time><extensions><mytracks:speed>117.9324998489001</mytracks:speed><mytracks:length>0.03388897607040942</mytracks:length></extensions></trkpt><trkpt lat="45.37112555733039" lon="-75.55165898265264"><ele>80.49866820172097</ele><time>2025-10-04T15:30:01.51500Z</time><extensions><mytracks:speed>117.5313616094688</mytracks:speed><mytracks:length>0.03364488744293401</mytracks:length></extensions></trkpt><trkpt lat="45.37105664156051" lon="-75.55125184932305"><ele>80.28309322691956</ele><time>2025-10-04T15:30:02.51800Z</time><extensions><mytracks:speed>117.420617712572</mytracks:speed><mytracks:length>0.03271371739505229</mytracks:length></extensions></trkpt><trkpt lat="45.37098846711496" lon="-75.55085468047534"><ele>79.96396680126168</ele><time>2025-10-04T15:30:03.50100Z</time><extensions><mytracks:speed>117.2058579092806</mytracks:speed><mytracks:length>0.03193779199460919</mytracks:length></extensions></trkpt><trkpt lat="45.37091742722841" lon="-75.55044989927188"><ele>79.74014252921052</ele><time>2025-10-04T15:30:04.51000Z</time><extensions><mytracks:speed>116.2537804566722</mytracks:speed><mytracks:length>0.03259144126967395</mytracks:length></extensions></trkpt><trkpt lat="45.37084606253879" lon="-75.55005285701186"><ele>79.54852477631188</ele><time>2025-10-04T15:30:05.50500Z</time><extensions><mytracks:speed>116.0498929499534</mytracks:speed><mytracks:length>0.03201445723678735</mytracks:length></extensions></trkpt><trkpt lat="45.37077595842707" lon="-75.54965604277974"><ele>79.39641525073617</ele><time>2025-10-04T15:30:06.49900Z</time><extensions><mytracks:speed>115.777720923224</mytracks:speed><mytracks:length>0.03196275656608032</mytracks:length></extensions></trkpt><trkpt lat="45.37070797776808" lon="-75.54927242861574"><ele>79.30756360040546</ele><time>2025-10-04T15:30:07.46200Z</time><extensions><mytracks:speed>115.6432086044644</mytracks:speed><mytracks:length>0.0309051943810652</mytracks:length></extensions></trkpt><trkpt lat="45.37063897937102" lon="-75.54888954768192"><ele>79.26543563506453</ele><time>2025-10-04T15:30:08.42600Z</time><extensions><mytracks:speed>115.4637756468551</mytracks:speed><mytracks:length>0.03087762357096539</mytracks:length></extensions></trkpt><trkpt lat="45.37056272936308" lon="-75.54847892419514"><ele>79.23866609779138</ele><time>2025-10-04T15:30:09.46500Z</time><extensions><mytracks:speed>114.9652490459056</mytracks:speed><mytracks:length>0.03317808702998296</mytracks:length></extensions></trkpt><trkpt lat="45.37048219521638" lon="-75.54804673699518"><ele>79.21032233000651</ele><time>2025-10-04T15:30:10.56200Z</time><extensions><mytracks:speed>114.5487397642523</mytracks:speed><mytracks:length>0.03492857852004125</mytracks:length></extensions></trkpt><trkpt lat="45.37040677204558" lon="-75.54764435656763"><ele>79.26874872774572</ele><time>2025-10-04T15:30:11.58500Z</time><extensions><mytracks:speed>114.5092332039896</mytracks:speed><mytracks:gradient>0.001795947809108321</mytracks:gradient><mytracks:length>0.03253234723353104</mytracks:length></extensions></trkpt><trkpt lat="45.37027233275355" lon="-75.54689783860729"><ele>79.56528563164134</ele><time>2025-10-04T15:30:13.49700Z</time><extensions><mytracks:speed>113.3642947475591</mytracks:speed><mytracks:gradient>0.004925765516554332</mytracks:gradient><mytracks:length>0.06020118150144133</mytracks:length></extensions></trkpt><trkpt lat="45.37020391930009" lon="-75.54650650255236"><ele>79.68222394361467</ele><time>2025-10-04T15:30:14.50700Z</time><extensions><mytracks:speed>112.2695558849383</mytracks:speed><mytracks:gradient>0.003712066273316486</mytracks:gradient><mytracks:length>0.03150221557570727</mytracks:length></extensions></trkpt><trkpt lat="45.37014131547973" lon="-75.54611999079863"><ele>79.84268100950882</ele><time>2025-10-04T15:30:15.51100Z</time><extensions><mytracks:speed>111.0671552356057</mytracks:speed><mytracks:gradient>0.005178492108407604</mytracks:gradient><mytracks:length>0.03098528732594527</mytracks:length></extensions></trkpt><trkpt lat="45.37008182435329" lon="-75.54575678947688"><ele>79.9133896277319</ele><time>2025-10-04T15:30:16.46600Z</time><extensions><mytracks:speed>110.479072146732</mytracks:speed><mytracks:gradient>0.0038451729596167</mytracks:gradient><mytracks:length>0.02913322847624483</mytracks:length></extensions></trkpt><trkpt lat="45.37001991238568" lon="-75.5453806930731"><ele>79.84378534266401</ele><time>2025-10-04T15:30:17.46900Z</time><extensions><mytracks:speed>108.2722830085598</mytracks:speed><mytracks:length>0.03017524083423657</mytracks:length></extensions></trkpt><trkpt lat="45.36995611615774" lon="-75.54499903160577"><ele>79.7205562935106</ele><time>2025-10-04T15:30:18.51300Z</time><extensions><mytracks:speed>105.7015642575337</mytracks:speed><mytracks:length>0.03064660817217379</mytracks:length></extensions></trkpt><trkpt lat="45.36989014888615" lon="-75.54463574309217"><ele>79.51487886950764</ele><time>2025-10-04T15:30:19.54600Z</time><extensions><mytracks:speed>102.1500143728566</mytracks:speed><mytracks:length>0.02931180172823562</mytracks:length></extensions></trkpt><trkpt lat="45.36982985132638" lon="-75.54430861672766"><ele>79.29959361772755</ele><time>2025-10-04T15:30:20.51500Z</time><extensions><mytracks:speed>100.2143541693366</mytracks:speed><mytracks:length>0.02641948878950499</mytracks:length></extensions></trkpt><trkpt lat="45.36976738633643" lon="-75.54399864909148"><ele>79.23104529709238</ele><time>2025-10-04T15:30:21.48900Z</time><extensions><mytracks:speed>95.60529980192928</mytracks:speed><mytracks:length>0.02519061217993229</mytracks:length></extensions></trkpt><trkpt lat="45.36970411825256" lon="-75.54369760320144"><ele>79.28275514574544</ele><time>2025-10-04T15:30:22.49000Z</time><extensions><mytracks:speed>88.33489615662076</mytracks:speed><mytracks:gradient>0.002106583131631671</mytracks:gradient><mytracks:length>0.02454678758061121</mytracks:length></extensions></trkpt><trkpt lat="45.36963885922162" lon="-75.54341550764174"><ele>79.15139853184778</ele><time>2025-10-04T15:30:23.49000Z</time><extensions><mytracks:speed>83.50686592668778</mytracks:speed><mytracks:length>0.02320056307727585</mytracks:length></extensions></trkpt><trkpt lat="45.36956790751939" lon="-75.54314458528071"><ele>78.91633366265818</ele><time>2025-10-04T15:30:24.50500Z</time><extensions><mytracks:speed>80.10023135985922</mytracks:speed><mytracks:length>0.02258642223564693</mytracks:length></extensions></trkpt><trkpt lat="45.36949043148785" lon="-75.54288388351721"><ele>78.77162001286131</ele><time>2025-10-04T15:30:25.51200Z</time><extensions><mytracks:speed>79.01680708908432</mytracks:speed><mytracks:length>0.02211258915249709</mytracks:length></extensions></trkpt><trkpt lat="45.36939882988514" lon="-75.54263305492033"><ele>78.55724053125917</ele><time>2025-10-04T15:30:26.51800Z</time><extensions><mytracks:speed>79.07190332188333</mytracks:speed><mytracks:length>0.02208383587161308</mytracks:length></extensions></trkpt><trkpt lat="45.36929346873399" lon="-75.5423975151791"><ele>78.4952936641576</ele><time>2025-10-04T15:30:27.50000Z</time><extensions><mytracks:speed>79.43963994072726</mytracks:speed><mytracks:length>0.02181343775476165</mytracks:length></extensions></trkpt><trkpt lat="45.36916832972862" lon="-75.54217092895571"><ele>78.62008216104778</ele><time>2025-10-04T15:30:28.50000Z</time><extensions><mytracks:speed>80.42350878059987</mytracks:speed><mytracks:gradient>0.001419387819001487</mytracks:gradient><mytracks:length>0.02251508231500292</mytracks:length></extensions></trkpt><trkpt lat="45.36902768913391" lon="-75.54196251012056"><ele>78.81845626108182</ele><time>2025-10-04T15:30:29.50200Z</time><extensions><mytracks:speed>81.04627182544827</mytracks:speed><mytracks:gradient>0.008787161876467553</mytracks:gradient><mytracks:length>0.02257544618192365</mytracks:length></extensions></trkpt><trkpt lat="45.36887143614432" lon="-75.54177475060938"><ele>79.27737071555015</ele><time>2025-10-04T15:30:30.50700Z</time><extensions><mytracks:speed>81.48050657344081</mytracks:speed><mytracks:gradient>0.02018275833844508</mytracks:gradient><mytracks:length>0.02273794526856945</mytracks:length></extensions></trkpt><trkpt lat="45.36870391925068" lon="-75.54160830757445"><ele>79.83647078537669</ele><time>2025-10-04T15:30:31.50200Z</time><extensions><mytracks:speed>81.73136911422155</mytracks:speed><mytracks:gradient>0.02242008019625223</mytracks:gradient><mytracks:length>0.02271613428487491</mytracks:length></extensions></trkpt><trkpt lat="45.36852527238624" lon="-75.54145863752584"><ele>80.4067229069372</ele><time>2025-10-04T15:30:32.50100Z</time><extensions><mytracks:speed>82.54774873491546</mytracks:speed><mytracks:gradient>0.02469494637257717</mytracks:gradient><mytracks:length>0.0230499306214644</mytracks:length></extensions></trkpt><trkpt lat="45.36833959379494" lon="-75.54132080939895"><ele>80.87043017363114</ele><time>2025-10-04T15:30:33.50100Z</time><extensions><mytracks:speed>83.44285954008858</mytracks:speed><mytracks:gradient>0.02232197145711488</mytracks:gradient><mytracks:length>0.02328548248228964</mytracks:length></extensions></trkpt><trkpt lat="45.36815314207657" lon="-75.54118942716552"><ele>81.20216696461675</ele><time>2025-10-04T15:30:34.50100Z</time><extensions><mytracks:speed>83.58188689684745</mytracks:speed><mytracks:gradient>0.01713696526687176</mytracks:gradient><mytracks:length>0.02313403942265779</mytracks:length></extensions></trkpt><trkpt lat="45.36796848630132" lon="-75.54106038019953"><ele>81.4654958087156</ele><time>2025-10-04T15:30:35.50100Z</time><extensions><mytracks:speed>82.8224821197641</mytracks:speed><mytracks:gradient>0.01293399308680452</mytracks:gradient><mytracks:length>0.02287408823926321</mytracks:length></extensions></trkpt><trkpt lat="45.3677053977035" lon="-75.54086469378616"><ele>81.52308748074927</ele><time>2025-10-04T15:30:37.00000Z</time><extensions><mytracks:speed>79.23607563625164</mytracks:speed><mytracks:gradient>0.001744800440283057</mytracks:gradient><mytracks:length>0.03300759829262961</mytracks:length></extensions></trkpt><trkpt lat="45.36753738771154" lon="-75.54072877817134"><ele>81.46821616149482</ele><time>2025-10-04T15:30:38.00000Z</time><extensions><mytracks:speed>78.47846815028103</mytracks:speed><mytracks:gradient>4.99258910076057e-05</mytracks:gradient><mytracks:length>0.02148853706333215</mytracks:length></extensions></trkpt><trkpt lat="45.36737842432288" lon="-75.54058648683151"><ele>81.45348637035028</ele><time>2025-10-04T15:30:38.98900Z</time><extensions><mytracks:speed>76.69124367685878</mytracks:speed><mytracks:length>0.02088058662145428</mytracks:length></extensions></trkpt><trkpt lat="45.36715033206701" lon="-75.54035498580339"><ele>81.42348346110025</ele><time>2025-10-04T15:30:40.49300Z</time><extensions><mytracks:speed>74.55368582458578</mytracks:speed><mytracks:length>0.03115035305677457</mytracks:length></extensions></trkpt><trkpt lat="45.36701427331347" lon="-75.54018386975075"><ele>81.53533366821867</ele><time>2025-10-04T15:30:41.50000Z</time><extensions><mytracks:speed>72.12608397823409</mytracks:speed><mytracks:gradient>0.005540311610775964</mytracks:gradient><mytracks:length>0.02018843252442202</mytracks:length></extensions></trkpt><trkpt lat="45.36689280944552" lon="-75.54000429587425"><ele>81.73462397807256</ele><time>2025-10-04T15:30:42.50900Z</time><extensions><mytracks:speed>69.54323767494689</mytracks:speed><mytracks:gradient>0.01023390170576857</mytracks:gradient><mytracks:length>0.01947354152732956</mytracks:length></extensions></trkpt><trkpt lat="45.36679020331067" lon="-75.5398227152062"><ele>81.83856367904517</ele><time>2025-10-04T15:30:43.50200Z</time><extensions><mytracks:speed>67.70068783086764</mytracks:speed><mytracks:gradient>0.008055976538723208</mytracks:gradient><mytracks:length>0.01820432300615221</mytracks:length></extensions></trkpt><trkpt lat="45.36670812509038" lon="-75.5396417583827"><ele>81.99256638890124</ele><time>2025-10-04T15:30:44.48900Z</time><extensions><mytracks:speed>63.57915667575624</mytracks:speed><mytracks:gradient>0.007373205616824526</mytracks:gradient><mytracks:length>0.01682686312090373</mytracks:length></extensions></trkpt><trkpt lat="45.36664828264889" lon="-75.53945736432898"><ele>82.0592361966238</ele><time>2025-10-04T15:30:45.48800Z</time><extensions><mytracks:speed>59.11013736422925</mytracks:speed><mytracks:gradient>0.006766195885348746</mytracks:gradient><mytracks:length>0.01586783229104608</mytracks:length></extensions></trkpt><trkpt lat="45.36661091568695" lon="-75.53927265396879"><ele>82.08344550764228</ele><time>2025-10-04T15:30:46.49500Z</time><extensions><mytracks:speed>53.67593229523975</mytracks:speed><mytracks:gradient>0.001612203050266128</mytracks:gradient><mytracks:length>0.01501629153628314</mytracks:length></extensions></trkpt><trkpt lat="45.36659909179285" lon="-75.53909290444692"><ele>82.05008625726603</ele><time>2025-10-04T15:30:47.50400Z</time><extensions><mytracks:speed>50.33349375939295</mytracks:speed><mytracks:length>0.01410388386454378</mytracks:length></extensions></trkpt><trkpt lat="45.36660834359039" lon="-75.53891977766769"><ele>81.9278029549303</ele><time>2025-10-04T15:30:48.50400Z</time><extensions><mytracks:speed>49.41254721494148</mytracks:speed><mytracks:length>0.01356445689955564</mytracks:length></extensions></trkpt><trkpt lat="45.36663148348072" lon="-75.53875480856549"><ele>81.88615252930508</ele><time>2025-10-04T15:30:49.50500Z</time><extensions><mytracks:speed>47.25306488483194</mytracks:speed><mytracks:length>0.01314228251747873</mytracks:length></extensions></trkpt><trkpt lat="45.36666395756904" lon="-75.53860254002281"><ele>81.80913201607201</ele><time>2025-10-04T15:30:50.49400Z</time><extensions><mytracks:speed>46.20595269889578</mytracks:speed><mytracks:length>0.01243181261106476</mytracks:length></extensions></trkpt><trkpt lat="45.366696884139" lon="-75.53846264741024"><ele>81.72501912771122</ele><time>2025-10-04T15:30:51.48600Z</time><extensions><mytracks:speed>43.54358939953102</mytracks:speed><mytracks:length>0.01152555180803382</mytracks:length></extensions></trkpt><trkpt lat="45.36672716150779" lon="-75.53833711674949"><ele>81.59215621805315</ele><time>2025-10-04T15:30:52.49400Z</time><extensions><mytracks:speed>37.00208456922385</mytracks:speed><mytracks:length>0.01036839497806471</mytracks:length></extensions></trkpt><trkpt lat="45.36675110694826" lon="-75.5382320158063"><ele>81.35154678202663</ele><time>2025-10-04T15:30:53.51300Z</time><extensions><mytracks:speed>30.51586066732</mytracks:speed><mytracks:length>0.008631806310543227</mytracks:length></extensions></trkpt><trkpt lat="45.36676662794253" lon="-75.53815510728737"><ele>81.13949580206562</ele><time>2025-10-04T15:30:54.50500Z</time><extensions><mytracks:speed>26.63841332172868</mytracks:speed><mytracks:length>0.006252049802996037</mytracks:length></extensions></trkpt><trkpt lat="45.36678044701625" lon="-75.53806065876852"><ele>81.07386560634211</ele><time>2025-10-04T15:30:56.38800Z</time><extensions><mytracks:speed>14.41116017705167</mytracks:speed><mytracks:length>0.007536451649213818</mytracks:length></extensions></trkpt><trkpt lat="45.36678212604836" lon="-75.53802262056065"><ele>81.17051151985399</ele><time>2025-10-04T15:30:57.35900Z</time><extensions><mytracks:speed>13.23781944377096</mytracks:speed><mytracks:gradient>0.002955899108555321</mytracks:gradient><mytracks:length>0.002976490335327132</mytracks:length></extensions></trkpt><trkpt lat="45.36678088641586" lon="-75.53798198665008"><ele>81.26368616471517</ele><time>2025-10-04T15:30:58.38800Z</time><extensions><mytracks:speed>11.11781342771426</mytracks:speed><mytracks:gradient>0.0293134693672315</mytracks:gradient><mytracks:length>0.003178560807453779</mytracks:length></extensions></trkpt><trkpt lat="45.36677613727637" lon="-75.5379448805712"><ele>81.57695361673751</ele><time>2025-10-04T15:30:59.41700Z</time><extensions><mytracks:speed>10.31214988147375</mytracks:speed><mytracks:gradient>0.1062793867925493</mytracks:gradient><mytracks:length>0.002947584300931499</mytracks:length></extensions></trkpt><trkpt lat="45.36677147276573" lon="-75.53793109439862"><ele>81.75783509952163</ele><time>2025-10-04T15:31:00.59600Z</time><extensions><mytracks:speed>3.656680405721675</mytracks:speed><mytracks:gradient>0.1511011708209538</mytracks:gradient><mytracks:length>0.001197088558621761</mytracks:length></extensions></trkpt><trkpt lat="45.36670381989364" lon="-75.53779479657584"><ele>82.88144736364484</ele><time>2025-10-04T15:31:07.00000Z</time><extensions><mytracks:speed>7.328438867597336</mytracks:speed><mytracks:gradient>0.0861868359356245</mytracks:gradient><mytracks:length>0.01303693599986046</mytracks:length></extensions></trkpt><trkpt lat="45.36593398613151" lon="-75.53737260981332"><ele>86.21325974166393</ele><time>2025-10-04T15:31:12.00000Z</time><extensions><mytracks:speed>66.04918657959701</mytracks:speed><mytracks:gradient>0.03631965362631619</mytracks:gradient><mytracks:length>0.09173579716093323</mytracks:length></extensions></trkpt><trkpt lat="45.36564858558342" lon="-75.53721320711463"><ele>85.43326375466171</ele><time>2025-10-04T15:31:13.48900Z</time><extensions><mytracks:speed>82.43493754922764</mytracks:speed><mytracks:length>0.0340910262438649</mytracks:length></extensions></trkpt><trkpt lat="45.36546185106658" lon="-75.53710852305572"><ele>84.93603923803731</ele><time>2025-10-04T15:31:14.47300Z</time><extensions><mytracks:speed>82.10063003840357</mytracks:speed><mytracks:length>0.02231645969639996</mytracks:length></extensions></trkpt><trkpt lat="45.36525318601618" lon="-75.53699927915353"><ele>84.5528954357888</ele><time>2025-10-04T15:31:15.58100Z</time><extensions><mytracks:speed>80.3303796973929</mytracks:speed><mytracks:length>0.02472239840500044</mytracks:length></extensions></trkpt><trkpt lat="45.36504651897811" lon="-75.53688885162323"><ele>84.56645014558198</ele><time>2025-10-04T15:31:16.68600Z</time><extensions><mytracks:speed>79.97647511326342</mytracks:speed><mytracks:gradient>0.0005522071880527149</mytracks:gradient><mytracks:length>0.0245464204132914</mytracks:length></extensions></trkpt><trkpt lat="45.36486067269556" lon="-75.53678936372081"><ele>84.82672754886184</ele><time>2025-10-04T15:31:17.68000Z</time><extensions><mytracks:speed>79.96075548233576</mytracks:speed><mytracks:gradient>0.0058731082849275</mytracks:gradient><mytracks:length>0.02207852975910187</mytracks:length></extensions></trkpt><trkpt lat="45.36449996631435" lon="-75.53658519850052"><ele>85.20048134623937</ele><time>2025-10-04T15:31:19.55800Z</time><extensions><mytracks:speed>82.74461103747082</mytracks:speed><mytracks:gradient>0.008658936344695294</mytracks:gradient><mytracks:length>0.04316393867550532</mytracks:length></extensions></trkpt><trkpt lat="45.36430836815904" lon="-75.53647655680456"><ele>85.07480552679698</ele><time>2025-10-04T15:31:20.52100Z</time><extensions><mytracks:speed>83.76915293964132</mytracks:speed><mytracks:gradient>0.003753233796186926</mytracks:gradient><mytracks:length>0.02293311418053758</mytracks:length></extensions></trkpt><trkpt lat="45.36411415099637" lon="-75.53636680609154"><ele>84.54761430432276</ele><time>2025-10-04T15:31:21.49200Z</time><extensions><mytracks:speed>85.95630989405009</mytracks:speed><mytracks:length>0.02323588690943902</mytracks:length></extensions></trkpt><trkpt lat="45.36391427052786" lon="-75.5362576297219"><ele>84.18737476278993</ele><time>2025-10-04T15:31:22.49800Z</time><extensions><mytracks:speed>85.20878678214955</mytracks:speed><mytracks:length>0.02380624456985151</mytracks:length></extensions></trkpt><trkpt lat="45.36371788674762" lon="-75.53615069622704"><ele>83.76006530778331</ele><time>2025-10-04T15:31:23.51200Z</time><extensions><mytracks:speed>82.99813664262909</mytracks:speed><mytracks:length>0.02338031084985346</mytracks:length></extensions></trkpt><trkpt lat="45.36353065670859" lon="-75.53604655002403"><ele>83.39289816269086</ele><time>2025-10-04T15:31:24.50900Z</time><extensions><mytracks:speed>81.87216738690215</mytracks:speed><mytracks:length>0.02235257588320031</mytracks:length></extensions></trkpt><trkpt lat="45.36334770293379" lon="-75.53594345874758"><ele>83.51935997179528</ele><time>2025-10-04T15:31:25.50400Z</time><extensions><mytracks:speed>79.92990142220822</mytracks:speed><mytracks:length>0.02187985739346654</mytracks:length></extensions></trkpt><trkpt lat="45.36316912677257" lon="-75.53584373755814"><ele>83.30021626554336</ele><time>2025-10-04T15:31:26.49300Z</time><extensions><mytracks:speed>78.38229964950966</mytracks:speed><mytracks:length>0.02133046364501875</mytracks:length></extensions></trkpt><trkpt lat="45.36299133686545" lon="-75.53574549933379"><ele>83.35353999001167</ele><time>2025-10-04T15:31:27.49500Z</time><extensions><mytracks:speed>76.23172312733676</mytracks:speed><mytracks:gradient>0.002514446995086046</mytracks:gradient><mytracks:length>0.02120693916893993</mytracks:length></extensions></trkpt><trkpt lat="45.3628175457142" lon="-75.53564701837375"><ele>83.36578963732562</ele><time>2025-10-04T15:31:28.49900Z</time><extensions><mytracks:speed>74.5843076854685</mytracks:speed><mytracks:gradient>0.0005889211527808974</mytracks:gradient><mytracks:length>0.02080014829847347</mytracks:length></extensions></trkpt><trkpt lat="45.36264067379373" lon="-75.53555198190035"><ele>82.97543221820496</ele><time>2025-10-04T15:31:29.50700Z</time><extensions><mytracks:speed>75.06326335299346</mytracks:speed><mytracks:length>0.0210221136273781</mytracks:length></extensions></trkpt><trkpt lat="45.36246569592065" lon="-75.53545704550807"><ele>82.66328855977859</ele><time>2025-10-04T15:31:30.50100Z</time><extensions><mytracks:speed>75.24746540551111</mytracks:speed><mytracks:length>0.02082245130744408</mytracks:length></extensions></trkpt><trkpt lat="45.36228906810668" lon="-75.53536282955692"><ele>82.26140929712511</ele><time>2025-10-04T15:31:31.49600Z</time><extensions><mytracks:speed>75.65244017984794</mytracks:speed><mytracks:length>0.02097404143562266</mytracks:length></extensions></trkpt><trkpt lat="45.36210821746727" lon="-75.53526821066096"><ele>82.00834253458792</ele><time>2025-10-04T15:31:32.50300Z</time><extensions><mytracks:speed>76.62646121159361</mytracks:speed><mytracks:length>0.0214255317759496</mytracks:length></extensions></trkpt><trkpt lat="45.36193079439884" lon="-75.53517033011011"><ele>81.73447041587056</ele><time>2025-10-04T15:31:33.50900Z</time><extensions><mytracks:speed>75.70301294442484</mytracks:speed><mytracks:length>0.02115907391605641</mytracks:length></extensions></trkpt><trkpt lat="45.36176657462042" lon="-75.53507259888849"><ele>81.30931401247845</ele><time>2025-10-04T15:31:34.47300Z</time><extensions><mytracks:speed>74.79797846053854</mytracks:speed><mytracks:length>0.01979258668361721</mytracks:length></extensions></trkpt><trkpt lat="45.3616174397553" lon="-75.53497854699256"><ele>80.75234519119164</ele><time>2025-10-04T15:31:35.43100Z</time><extensions><mytracks:speed>71.02700494593176</mytracks:speed><mytracks:length>0.01813835701047775</mytracks:length></extensions></trkpt><trkpt lat="45.361467698041" lon="-75.53488682961492"><ele>80.11312772286834</ele><time>2025-10-04T15:31:36.48100Z</time><extensions><mytracks:speed>62.15907175146577</mytracks:speed><mytracks:length>0.01812692501067822</mytracks:length></extensions></trkpt><trkpt lat="45.36132967455504" lon="-75.53480657159331"><ele>79.42290882726314</ele><time>2025-10-04T15:31:37.54900Z</time><extensions><mytracks:speed>55.87754471777955</mytracks:speed><mytracks:length>0.01657946521110128</mytracks:length></extensions></trkpt><trkpt lat="45.36121119821348" lon="-75.5347463607185"><ele>78.86366226995447</ele><time>2025-10-04T15:31:38.56000Z</time><extensions><mytracks:speed>49.83491273383029</mytracks:speed><mytracks:length>0.013989031045722</mytracks:length></extensions></trkpt><trkpt lat="45.36110430086224" lon="-75.53469330762513"><ele>78.5472914805809</ele><time>2025-10-04T15:31:39.51200Z</time><extensions><mytracks:speed>48.74779378083281</mytracks:speed><mytracks:length>0.01258850642429773</mytracks:length></extensions></trkpt><trkpt lat="45.36100040380347" lon="-75.53463878342346"><ele>78.23335651490443</ele><time>2025-10-04T15:31:40.50000Z</time><extensions><mytracks:speed>46.21260285889807</mytracks:speed><mytracks:length>0.01231344118379024</mytracks:length></extensions></trkpt><trkpt lat="45.36090241474784" lon="-75.534584247174"><ele>77.89101967218564</ele><time>2025-10-04T15:31:41.49900Z</time><extensions><mytracks:speed>43.50916555541374</mytracks:speed><mytracks:length>0.01169901817278811</mytracks:length></extensions></trkpt><trkpt lat="45.36081151525505" lon="-75.53453129564339"><ele>77.84232795956366</ele><time>2025-10-04T15:31:42.49300Z</time><extensions><mytracks:speed>40.83960846722606</mytracks:speed><mytracks:length>0.01092127349377464</mytracks:length></extensions></trkpt><trkpt lat="45.36072954370682" lon="-75.53448233605246"><ele>77.69879741495076</ele><time>2025-10-04T15:31:43.50000Z</time><extensions><mytracks:speed>35.36944598186978</mytracks:speed><mytracks:length>0.009885130777711984</mytracks:length></extensions></trkpt><trkpt lat="45.36065620025737" lon="-75.53444178930918"><ele>77.47736762300734</ele><time>2025-10-04T15:31:44.49900Z</time><extensions><mytracks:speed>33.44066288791216</mytracks:speed><mytracks:length>0.008749512302654954</mytracks:length></extensions></trkpt><trkpt lat="45.36059310925893" lon="-75.53440420954888"><ele>77.45516508012615</ele><time>2025-10-04T15:31:45.50600Z</time><extensions><mytracks:speed>27.2034553779159</mytracks:speed><mytracks:length>0.00760490402325537</mytracks:length></extensions></trkpt><trkpt lat="45.36053931761672" lon="-75.53437047271994"><ele>77.49863847093118</ele><time>2025-10-04T15:31:46.50100Z</time><extensions><mytracks:speed>25.43463336616605</mytracks:speed><mytracks:gradient>0.001504241549731568</mytracks:gradient><mytracks:length>0.006536762340968233</mytracks:length></extensions></trkpt><trkpt lat="45.36048710619134" lon="-75.534340663439"><ele>77.64048860027594</ele><time>2025-10-04T15:31:47.50100Z</time><extensions><mytracks:speed>22.5161865030996</mytracks:speed><mytracks:gradient>0.02267551235502872</mytracks:gradient><mytracks:length>0.006255652667239627</mytracks:length></extensions></trkpt><trkpt lat="45.36043922844364" lon="-75.53431257795269"><ele>77.89681449813126</ele><time>2025-10-04T15:31:48.50100Z</time><extensions><mytracks:speed>21.62413248802648</mytracks:speed><mytracks:gradient>0.03314343212462829</mytracks:gradient><mytracks:length>0.005759060317761192</mytracks:length></extensions></trkpt><trkpt lat="45.36039384149102" lon="-75.53428832153274"><ele>78.27163469468157</ele><time>2025-10-04T15:31:49.50300Z</time><extensions><mytracks:speed>19.36811602301667</mytracks:speed><mytracks:gradient>0.06952330457319057</mytracks:gradient><mytracks:length>0.005391288559301886</mytracks:length></extensions></trkpt><trkpt lat="45.36035210087522" lon="-75.5342671853177"><ele>78.53463184340254</ele><time>2025-10-04T15:31:50.50200Z</time><extensions><mytracks:speed>18.55775173334657</mytracks:speed><mytracks:gradient>0.06182208657378412</mytracks:gradient><mytracks:length>0.004926584027915829</mytracks:length></extensions></trkpt><trkpt lat="45.36031489708419" lon="-75.53424749186279"><ele>78.86256629003189</ele><time>2025-10-04T15:31:51.50100Z</time><extensions><mytracks:speed>16.83275908658695</mytracks:speed><mytracks:gradient>0.06326620941582542</mytracks:gradient><mytracks:length>0.004414236145628288</mytracks:length></extensions></trkpt><trkpt lat="45.36027997583227" lon="-75.53422646787874"><ele>79.12396825839669</ele><time>2025-10-04T15:31:52.49900Z</time><extensions><mytracks:speed>15.55307735644881</mytracks:speed><mytracks:gradient>0.06830804030909586</mytracks:gradient><mytracks:length>0.00421474233928854</mytracks:length></extensions></trkpt><trkpt lat="45.36024872462593" lon="-75.53420734238841"><ele>79.33573176663471</ele><time>2025-10-04T15:31:53.49900Z</time><extensions><mytracks:speed>13.61717374461474</mytracks:speed><mytracks:gradient>0.05597552252351656</mytracks:gradient><mytracks:length>0.003783144822793843</mytracks:length></extensions></trkpt><trkpt lat="45.36022215818945" lon="-75.5341909775026"><ele>79.58393284758721</ele><time>2025-10-04T15:31:54.50100Z</time><extensions><mytracks:speed>11.57260906009036</mytracks:speed><mytracks:gradient>0.07709514517666705</mytracks:gradient><mytracks:length>0.003219412589258816</mytracks:length></extensions></trkpt><trkpt lat="45.36019476048975" lon="-75.53417444501784"><ele>79.80610636639015</ele><time>2025-10-04T15:31:55.50100Z</time><extensions><mytracks:speed>11.90557188717243</mytracks:speed><mytracks:gradient>0.06713924245154239</mytracks:gradient><mytracks:length>0.003309145451906168</mytracks:length></extensions></trkpt><trkpt lat="45.36016070329583" lon="-75.53415391393894"><ele>80.1154125990145</ele><time>2025-10-04T15:31:56.50100Z</time><extensions><mytracks:speed>13.35535771299712</mytracks:speed><mytracks:gradient>0.07161481321432556</mytracks:gradient><mytracks:length>0.004113010840175521</mytracks:length></extensions></trkpt><trkpt lat="45.36011242172118" lon="-75.53412505374283"><ele>80.4222915944719</ele><time>2025-10-04T15:31:57.49900Z</time><extensions><mytracks:speed>17.90589646240922</mytracks:speed><mytracks:gradient>0.06201789494652404</mytracks:gradient><mytracks:length>0.005822870256943996</mytracks:length></extensions></trkpt><trkpt lat="45.36004168882975" lon="-75.53408355019012"><ele>80.61550176923139</ele><time>2025-10-04T15:31:58.50000Z</time><extensions><mytracks:speed>30.60320902359004</mytracks:speed><mytracks:gradient>0.02271143119864342</mytracks:gradient><mytracks:length>0.008507177423984902</mytracks:length></extensions></trkpt><trkpt lat="45.35995207498509" lon="-75.53403136176394"><ele>80.77099501170781</ele><time>2025-10-04T15:31:59.49300Z</time><extensions><mytracks:speed>34.80175642813796</mytracks:speed><mytracks:gradient>0.01809193539073839</mytracks:gradient><mytracks:length>0.01076710262879769</mytracks:length></extensions></trkpt><trkpt lat="45.35984654489467" lon="-75.53396997047251"><ele>80.78791263541532</ele><time>2025-10-04T15:32:00.49700Z</time><extensions><mytracks:speed>45.44325190766099</mytracks:speed><mytracks:gradient>0.001334516024541384</mytracks:gradient><mytracks:length>0.01267697307218724</mytracks:length></extensions></trkpt><trkpt lat="45.35972924123967" lon="-75.53390209599395"><ele>80.78965140673715</ele><time>2025-10-04T15:32:01.48600Z</time><extensions><mytracks:speed>48.3324008572198</mytracks:speed><mytracks:gradient>0.0006972413367238464</mytracks:gradient><mytracks:length>0.01408054019475622</mytracks:length></extensions></trkpt><trkpt lat="45.35959918907709" lon="-75.53382690782209"><ele>80.81729264671277</ele><time>2025-10-04T15:32:02.49900Z</time><extensions><mytracks:speed>55.47104625425385</mytracks:speed><mytracks:gradient>0.001770853692641594</mytracks:gradient><mytracks:length>0.01560899135285981</mytracks:length></extensions></trkpt><trkpt lat="45.35946260068581" lon="-75.53374831387461"><ele>80.84005202616767</ele><time>2025-10-04T15:32:03.50700Z</time><extensions><mytracks:speed>58.50796284952</mytracks:speed><mytracks:gradient>0.001389264492783175</mytracks:gradient><mytracks:length>0.01638232285725645</mytracks:length></extensions></trkpt><trkpt lat="45.35932039447713" lon="-75.53366682940609"><ele>80.89344237846322</ele><time>2025-10-04T15:32:04.52100Z</time><extensions><mytracks:speed>60.5239165380347</mytracks:speed><mytracks:gradient>0.003132065364261235</mytracks:gradient><mytracks:length>0.0170463723090736</mytracks:length></extensions></trkpt><trkpt lat="45.35917673178765" lon="-75.53358436829616"><ele>80.83621573748439</ele><time>2025-10-04T15:32:05.50900Z</time><extensions><mytracks:speed>61.61709276653168</mytracks:speed><mytracks:length>0.01722493656106421</mytracks:length></extensions></trkpt><trkpt lat="45.35902809370872" lon="-75.53349800037853"><ele>80.63410165492519</ele><time>2025-10-04T15:32:06.50400Z</time><extensions><mytracks:speed>63.68256467183293</mytracks:speed><mytracks:length>0.01785238021402342</mytracks:length></extensions></trkpt><trkpt lat="45.35887422128956" lon="-75.5334078530758"><ele>80.56512883373684</ele><time>2025-10-04T15:32:07.48900Z</time><extensions><mytracks:speed>66.10718245907945</mytracks:speed><mytracks:length>0.01850288713809303</mytracks:length></extensions></trkpt><trkpt lat="45.35870814440595" lon="-75.53330775790793"><ele>80.60246892344362</ele><time>2025-10-04T15:32:08.48400Z</time><extensions><mytracks:speed>70.10192873033748</mytracks:speed><mytracks:length>0.02005450589605227</mytracks:length></extensions></trkpt><trkpt lat="45.35854003224857" lon="-75.53320894282055"><ele>80.71540019078616</ele><time>2025-10-04T15:32:09.45400Z</time><extensions><mytracks:speed>73.79215268617395</mytracks:speed><mytracks:gradient>0.003730743143085696</mytracks:gradient><mytracks:length>0.0202250066097474</mytracks:length></extensions></trkpt><trkpt lat="45.35836514625969" lon="-75.53310745184397"><ele>80.95664053829549</ele><time>2025-10-04T15:32:10.42400Z</time><extensions><mytracks:speed>76.48946702632151</mytracks:speed><mytracks:gradient>0.008591005075741943</mytracks:gradient><mytracks:length>0.02100131015948303</mytracks:length></extensions></trkpt><trkpt lat="45.35817363920243" lon="-75.53299845078925"><ele>80.98242158217592</ele><time>2025-10-04T15:32:11.45900Z</time><extensions><mytracks:speed>79.76998486550005</mytracks:speed><mytracks:gradient>0.001124107116123061</mytracks:gradient><mytracks:length>0.02293468612612723</mytracks:length></extensions></trkpt><trkpt lat="45.35797296511785" lon="-75.53289232813286"><ele>80.67776169487244</ele><time>2025-10-04T15:32:12.53900Z</time><extensions><mytracks:speed>79.31781575782668</mytracks:speed><mytracks:length>0.02380473017770177</mytracks:length></extensions></trkpt><trkpt lat="45.35777634559575" lon="-75.53278841448667"><ele>80.47251651030409</ele><time>2025-10-04T15:32:13.57700Z</time><extensions><mytracks:speed>80.9358588304395</mytracks:speed><mytracks:length>0.02332222351074188</mytracks:length></extensions></trkpt><trkpt lat="45.35740552986234" lon="-75.53259679931359"><ele>80.13110281132727</ele><time>2025-10-04T15:32:15.50200Z</time><extensions><mytracks:speed>82.02118651175792</mytracks:speed><mytracks:length>0.04386688822896991</mytracks:length></extensions></trkpt><trkpt lat="45.35721019781366" lon="-75.53249342339656"><ele>80.28436523673474</ele><time>2025-10-04T15:32:16.50100Z</time><extensions><mytracks:speed>82.538267714447</mytracks:speed><mytracks:length>0.0231733542585157</mytracks:length></extensions></trkpt><trkpt lat="45.35700624989518" lon="-75.53238641510744"><ele>80.29810954871434</ele><time>2025-10-04T15:32:17.52400Z</time><extensions><mytracks:speed>85.02385039095702</mytracks:speed><mytracks:gradient>0.0005686400226504745</mytracks:gradient><mytracks:length>0.02417049703172486</mytracks:length></extensions></trkpt><trkpt lat="45.3568045028836" lon="-75.53227827872774"><ele>80.32896404903894</ele><time>2025-10-04T15:32:18.51600Z</time><extensions><mytracks:speed>85.99959065603338</mytracks:speed><mytracks:gradient>0.0009264080307557684</mytracks:gradient><mytracks:length>0.02397167970525032</mytracks:length></extensions></trkpt><trkpt lat="45.35659895868741" lon="-75.53217132771488"><ele>80.51832075048448</ele><time>2025-10-04T15:32:19.51300Z</time><extensions><mytracks:speed>87.42403184320978</mytracks:speed><mytracks:gradient>0.004558634372164892</mytracks:gradient><mytracks:length>0.02433530770794044</mytracks:length></extensions></trkpt><trkpt lat="45.3563904902729" lon="-75.53206051503011"><ele>80.60214090027833</ele><time>2025-10-04T15:32:20.50400Z</time><extensions><mytracks:speed>88.89508092747144</mytracks:speed><mytracks:gradient>0.005565962265903531</mytracks:gradient><mytracks:length>0.02474480847216156</mytracks:length></extensions></trkpt><trkpt lat="45.3561773573332" lon="-75.53194446279718"><ele>80.84838333483083</ele><time>2025-10-04T15:32:21.50200Z</time><extensions><mytracks:speed>90.73264214911079</mytracks:speed><mytracks:gradient>0.006585541990513561</mytracks:gradient><mytracks:length>0.02537473294945324</mytracks:length></extensions></trkpt><trkpt lat="45.35596082291045" lon="-75.53182842997869"><ele>81.32384082391668</ele><time>2025-10-04T15:32:22.50100Z</time><extensions><mytracks:speed>92.11316761738728</mytracks:speed><mytracks:gradient>0.01412256141685164</mytracks:gradient><mytracks:length>0.02572799121556721</mytracks:length></extensions></trkpt><trkpt lat="45.35574378309149" lon="-75.53170987408411"><ele>81.55864844878532</ele><time>2025-10-04T15:32:23.48700Z</time><extensions><mytracks:speed>93.56196626454418</mytracks:speed><mytracks:gradient>0.01377065035780815</mytracks:gradient><mytracks:length>0.02585065676089964</mytracks:length></extensions></trkpt><trkpt lat="45.35552185939074" lon="-75.53159186259008"><ele>81.80948515233104</ele><time>2025-10-04T15:32:24.48900Z</time><extensions><mytracks:speed>94.63446564588058</mytracks:speed><mytracks:gradient>0.009521776961153524</mytracks:gradient><mytracks:length>0.02634347607269806</mytracks:length></extensions></trkpt><trkpt lat="45.35530943938357" lon="-75.5314804988966"><ele>82.08392489021973</ele><time>2025-10-04T15:32:25.44400Z</time><extensions><mytracks:speed>94.73671694006957</mytracks:speed><mytracks:gradient>0.01019654290791155</mytracks:gradient><mytracks:length>0.02517200071660101</mytracks:length></extensions></trkpt><trkpt lat="45.35508844699333" lon="-75.53136224686442"><ele>82.13002065367773</ele><time>2025-10-04T15:32:26.43500Z</time><extensions><mytracks:speed>95.12602400507882</mytracks:speed><mytracks:gradient>0.006233113617643414</mytracks:gradient><mytracks:length>0.02625282856340737</mytracks:length></extensions></trkpt><trkpt lat="45.35485794683287" lon="-75.53124044084464"><ele>82.03741670657594</ele><time>2025-10-04T15:32:27.46100Z</time><extensions><mytracks:speed>95.93021845361248</mytracks:speed><mytracks:length>0.02734054171068202</mytracks:length></extensions></trkpt><trkpt lat="45.35461294658714" lon="-75.53110888523743"><ele>82.07723578088967</ele><time>2025-10-04T15:32:28.54600Z</time><extensions><mytracks:speed>96.6304013041683</mytracks:speed><mytracks:gradient>0.001367518635038533</mytracks:gradient><mytracks:length>0.0291177562729186</mytracks:length></extensions></trkpt><trkpt lat="45.35438236155976" lon="-75.53098464477159"><ele>82.00385556858274</ele><time>2025-10-04T15:32:29.56700Z</time><extensions><mytracks:speed>96.65710749914481</mytracks:speed><mytracks:length>0.02741641991056286</mytracks:length></extensions></trkpt><trkpt lat="45.35416297545257" lon="-75.53086791940591"><ele>81.82803832706701</ele><time>2025-10-04T15:32:30.53800Z</time><extensions><mytracks:speed>96.58428051535674</mytracks:speed><mytracks:length>0.02604412822117408</mytracks:length></extensions></trkpt><trkpt lat="45.35394324834811" lon="-75.53075072386319"><ele>81.81883389608051</ele><time>2025-10-04T15:32:31.51200Z</time><extensions><mytracks:speed>96.47781693472339</mytracks:speed><mytracks:length>0.02609218558119142</mytracks:length></extensions></trkpt><trkpt lat="45.3537179797969" lon="-75.53063216700848"><ele>81.61016152681218</ele><time>2025-10-04T15:32:32.50200Z</time><extensions><mytracks:speed>96.78230699221649</mytracks:speed><mytracks:length>0.02670687027702505</mytracks:length></extensions></trkpt><trkpt lat="45.35349216845358" lon="-75.53051296285061"><ele>81.27425960439773</ele><time>2025-10-04T15:32:33.50100Z</time><extensions><mytracks:speed>96.82866235909387</mytracks:speed><mytracks:length>0.02678117856735601</mytracks:length></extensions></trkpt><trkpt lat="45.35327007794418" lon="-75.53039428207506"><ele>81.12178011602653</ele><time>2025-10-04T15:32:34.49800Z</time><extensions><mytracks:speed>95.88668118975474</mytracks:speed><mytracks:length>0.02637937453505671</mytracks:length></extensions></trkpt><trkpt lat="45.35304658578835" lon="-75.53027785615399"><ele>80.98729060599194</ele><time>2025-10-04T15:32:35.50500Z</time><extensions><mytracks:speed>94.60431703694131</mytracks:speed><mytracks:length>0.02646431051131238</mytracks:length></extensions></trkpt><trkpt lat="45.35282518265807" lon="-75.53016188942547"><ele>80.89786257736574</ele><time>2025-10-04T15:32:36.51300Z</time><extensions><mytracks:speed>93.6805723159091</mytracks:speed><mytracks:length>0.02623376825164214</mytracks:length></extensions></trkpt><trkpt lat="45.3526064228332" lon="-75.53004533122014"><ele>80.91845362780688</ele><time>2025-10-04T15:32:37.50100Z</time><extensions><mytracks:speed>94.18474490227921</mytracks:speed><mytracks:length>0.02597413096982821</mytracks:length></extensions></trkpt><trkpt lat="45.3523885019757" lon="-75.52993012688125"><ele>80.76619005909978</ele><time>2025-10-04T15:32:38.47800Z</time><extensions><mytracks:speed>94.94422100626636</mytracks:speed><mytracks:length>0.02584995946083179</mytracks:length></extensions></trkpt><trkpt lat="45.35216244764028" lon="-75.52980776784038"><ele>80.63277772332563</ele><time>2025-10-04T15:32:39.49300Z</time><extensions><mytracks:speed>95.38132131607367</mytracks:speed><mytracks:length>0.02689317763969434</mytracks:length></extensions></trkpt><trkpt lat="45.35193664950584" lon="-75.52968406890827"><ele>80.42939076755212</ele><time>2025-10-04T15:32:40.51100Z</time><extensions><mytracks:speed>95.18924419637905</mytracks:speed><mytracks:length>0.02690389966252757</mytracks:length></extensions></trkpt><trkpt lat="45.35171977556599" lon="-75.52956772547599"><ele>80.21219518068025</ele><time>2025-10-04T15:32:41.49300Z</time><extensions><mytracks:speed>94.84189520120162</mytracks:speed><mytracks:length>0.02577209217564385</mytracks:length></extensions></trkpt><trkpt lat="45.35138962346659" lon="-75.5293884328473"><ele>80.23607429788454</ele><time>2025-10-04T15:32:42.98200Z</time><extensions><mytracks:speed>95.01106527977873</mytracks:speed><mytracks:gradient>0.0006077050622041472</mytracks:gradient><mytracks:length>0.03929392511176136</mytracks:length></extensions></trkpt><trkpt lat="45.35116112202471" lon="-75.52926380971157"><ele>80.22595197201423</ele><time>2025-10-04T15:32:44.00900Z</time><extensions><mytracks:speed>95.31892248931764</mytracks:speed><mytracks:length>0.02721068228370625</mytracks:length></extensions></trkpt><trkpt lat="45.35093079359115" lon="-75.52913856739751"><ele>80.37019575624538</ele><time>2025-10-04T15:32:45.04000Z</time><extensions><mytracks:speed>95.72756103242914</mytracks:speed><mytracks:gradient>0.00526099803280264</mytracks:gradient><mytracks:length>0.02741757045560213</mytracks:length></extensions></trkpt><trkpt lat="45.35060602723958" lon="-75.5289638869737"><ele>80.5875327040474</ele><time>2025-10-04T15:32:46.49800Z</time><extensions><mytracks:speed>95.32544724160086</mytracks:speed><mytracks:gradient>0.005629616303961156</mytracks:gradient><mytracks:length>0.03860599658436766</mytracks:length></extensions></trkpt><trkpt lat="45.35038426288873" lon="-75.52884582492442"><ele>80.74806975000124</ele><time>2025-10-04T15:32:47.50000Z</time><extensions><mytracks:speed>94.58822708613312</mytracks:speed><mytracks:gradient>0.006097481580287178</mytracks:gradient><mytracks:length>0.02632841835436422</mytracks:length></extensions></trkpt><trkpt lat="45.35016373882505" lon="-75.52873267824494"><ele>80.92466380864099</ele><time>2025-10-04T15:32:48.49800Z</time><extensions><mytracks:speed>94.32310423663172</mytracks:speed><mytracks:gradient>0.006434530293352005</mytracks:gradient><mytracks:length>0.02606643923696034</mytracks:length></extensions></trkpt><trkpt lat="45.34994439812711" lon="-75.52862227463362"><ele>80.93173295795316</ele><time>2025-10-04T15:32:49.48800Z</time><extensions><mytracks:speed>94.0708783798365</mytracks:speed><mytracks:gradient>0.00353628202594111</mytracks:gradient><mytracks:length>0.02587052191203412</mytracks:length></extensions></trkpt><trkpt lat="45.34972371154765" lon="-75.52850648631659"><ele>80.97745416437999</ele><time>2025-10-04T15:32:50.48800Z</time><extensions><mytracks:speed>94.12744807150398</mytracks:speed><mytracks:gradient>0.001748134314147564</mytracks:gradient><mytracks:length>0.02615428691995452</mytracks:length></extensions></trkpt><trkpt lat="45.34950489116733" lon="-75.52839317083928"><ele>81.06581950943335</ele><time>2025-10-04T15:32:51.48300Z</time><extensions><mytracks:speed>93.93741166205707</mytracks:speed><mytracks:gradient>0.002576256038534187</mytracks:gradient><mytracks:length>0.02589298251832389</mytracks:length></extensions></trkpt><trkpt lat="45.34928195038395" lon="-75.52827286454456"><ele>81.10357232850873</ele><time>2025-10-04T15:32:52.49300Z</time><extensions><mytracks:speed>94.46591954550124</mytracks:speed><mytracks:gradient>0.001423956230779112</mytracks:gradient><mytracks:length>0.02651262606205458</mytracks:length></extensions></trkpt><trkpt lat="45.34907441095437" lon="-75.52815921607593"><ele>81.12450144751712</ele><time>2025-10-04T15:32:53.45100Z</time><extensions><mytracks:speed>93.72830827364359</mytracks:speed><mytracks:gradient>0.001145242730024632</mytracks:gradient><mytracks:length>0.02472713718521346</mytracks:length></extensions></trkpt><trkpt lat="45.34885658973856" lon="-75.52804211011278"><ele>81.22066975398785</ele><time>2025-10-04T15:32:54.44600Z</time><extensions><mytracks:speed>93.29167936630276</mytracks:speed><mytracks:gradient>0.002313316300539261</mytracks:gradient><mytracks:length>0.0258917642256882</mytracks:length></extensions></trkpt><trkpt lat="45.3486371603419" lon="-75.52792279409172"><ele>81.1275768129248</ele><time>2025-10-04T15:32:55.44300Z</time><extensions><mytracks:speed>94.00217692221189</mytracks:speed><mytracks:gradient>5.912801811107177e-05</mytracks:gradient><mytracks:length>0.02612032197856145</mytracks:length></extensions></trkpt><trkpt lat="45.34840777059643" lon="-75.52779827282426"><ele>81.10916899481583</ele><time>2025-10-04T15:32:56.48700Z</time><extensions><mytracks:speed>94.10992191695885</mytracks:speed><mytracks:length>0.02730013016246557</mytracks:length></extensions></trkpt><trkpt lat="45.34818252900907" lon="-75.52767338111063"><ele>81.29490606087687</ele><time>2025-10-04T15:32:57.49400Z</time><extensions><mytracks:speed>96.11063255720977</mytracks:speed><mytracks:gradient>0.00690979115834597</mytracks:gradient><mytracks:length>0.02688027203784519</mytracks:length></extensions></trkpt><trkpt lat="45.34795588412637" lon="-75.52754877410149"><ele>81.45086073770771</ele><time>2025-10-04T15:32:58.49900Z</time><extensions><mytracks:speed>96.79769676973444</mytracks:speed><mytracks:gradient>0.005772309692131811</mytracks:gradient><mytracks:length>0.02701772516527061</mytracks:length></extensions></trkpt><trkpt lat="45.3477286989894" lon="-75.52742428344523"><ele>81.43990114024221</ele><time>2025-10-04T15:32:59.49900Z</time><extensions><mytracks:speed>97.38941831027586</mytracks:speed><mytracks:length>0.02707054677005383</mytracks:length></extensions></trkpt><trkpt lat="45.34749859961013" lon="-75.52729736155024"><ele>81.38892324872224</ele><time>2025-10-04T15:33:00.50000Z</time><extensions><mytracks:speed>98.74158207805959</mytracks:speed><mytracks:length>0.02744106388849192</mytracks:length></extensions></trkpt><trkpt lat="45.34726606911947" lon="-75.52717108754808"><ele>81.32170351175614</ele><time>2025-10-04T15:33:01.50000Z</time><extensions><mytracks:speed>99.62487145070331</mytracks:speed><mytracks:length>0.02767538982396786</mytracks:length></extensions></trkpt><trkpt lat="45.34703225961856" lon="-75.5270419067762"><ele>81.0656789664131</ele><time>2025-10-04T15:33:02.50000Z</time><extensions><mytracks:speed>100.3978598061192</mytracks:speed><mytracks:length>0.02788965745353071</mytracks:length></extensions></trkpt><trkpt lat="45.34679703424649" lon="-75.52691128686082"><ele>81.15286396304471</ele><time>2025-10-04T15:33:03.50000Z</time><extensions><mytracks:speed>101.0766834158413</mytracks:speed><mytracks:gradient>0.003105181260533174</mytracks:gradient><mytracks:length>0.02807726484109859</mytracks:length></extensions></trkpt><trkpt lat="45.34656100119889" lon="-75.52678333483506"><ele>81.26081159002717</ele><time>2025-10-04T15:33:04.50000Z</time><extensions><mytracks:speed>101.1085892201205</mytracks:speed><mytracks:gradient>0.003843455022028533</mytracks:gradient><mytracks:length>0.02808609086453982</mytracks:length></extensions></trkpt><trkpt lat="45.34632696208881" lon="-75.52665558185784"><ele>81.17077228118352</ele><time>2025-10-04T15:33:05.50000Z</time><extensions><mytracks:speed>100.3430070381829</mytracks:speed><mytracks:length>0.02787333329697919</mytracks:length></extensions></trkpt><trkpt lat="45.34609746490064" lon="-75.52653298360761"><ele>80.99684916597158</ele><time>2025-10-04T15:33:06.50000Z</time><extensions><mytracks:speed>98.12849094855662</mytracks:speed><mytracks:length>0.02725817085470672</mytracks:length></extensions></trkpt><trkpt lat="45.34587052323891" lon="-75.52641133152369"><ele>80.7186223194641</ele><time>2025-10-04T15:33:07.50000Z</time><extensions><mytracks:speed>97.07781533530125</mytracks:speed><mytracks:length>0.02696630412532873</mytracks:length></extensions></trkpt><trkpt lat="45.34565089457084" lon="-75.52629024031887"><ele>80.31678719603406</ele><time>2025-10-04T15:33:08.50000Z</time><extensions><mytracks:speed>94.28595180859041</mytracks:speed><mytracks:length>0.02619078881937096</mytracks:length></extensions></trkpt><trkpt lat="45.34543596612917" lon="-75.52617197914584"><ele>80.10033980548965</ele><time>2025-10-04T15:33:09.50000Z</time><extensions><mytracks:speed>92.24461237178714</mytracks:speed><mytracks:length>0.02562373863769985</mytracks:length></extensions></trkpt><trkpt lat="45.34522296954953" lon="-75.52605590587328"><ele>79.95901373310637</ele><time>2025-10-04T15:33:10.50000Z</time><extensions><mytracks:speed>91.30216791918997</mytracks:speed><mytracks:length>0.02536194308562485</mytracks:length></extensions></trkpt><trkpt lat="45.34501384353965" lon="-75.52594309675459"><ele>79.81403011508618</ele><time>2025-10-04T15:33:11.50000Z</time><extensions><mytracks:speed>89.52718079542301</mytracks:speed><mytracks:length>0.02486888071064521</mytracks:length></extensions></trkpt><trkpt lat="45.34480357917109" lon="-75.52583242657325"><ele>79.87123633834973</ele><time>2025-10-04T15:33:12.50000Z</time><extensions><mytracks:speed>89.74288532226966</mytracks:speed><mytracks:gradient>0.002294785647979131</mytracks:gradient><mytracks:length>0.0249287872764616</mytracks:length></extensions></trkpt><trkpt lat="45.3445943823872" lon="-75.52572477462256"><ele>79.79435319967796</ele><time>2025-10-04T15:33:13.50000Z</time><extensions><mytracks:speed>89.05038312738617</mytracks:speed><mytracks:length>0.02473642984804319</mytracks:length></extensions></trkpt><trkpt lat="45.34438765193246" lon="-75.52561863303673"><ele>79.76529346508006</ele><time>2025-10-04T15:33:14.50000Z</time><extensions><mytracks:speed>87.97754063298585</mytracks:speed><mytracks:length>0.0244384183994484</mytracks:length></extensions></trkpt><trkpt lat="45.34418583193471" lon="-75.52551524318304"><ele>79.67600904029318</ele><time>2025-10-04T15:33:15.50000Z</time><extensions><mytracks:speed>85.86583748021553</mytracks:speed><mytracks:length>0.02385182055572203</mytracks:length></extensions></trkpt><trkpt lat="45.34399445493478" lon="-75.52541779461779"><ele>79.23347189997692</ele><time>2025-10-04T15:33:16.50000Z</time><extensions><mytracks:speed>81.36571845356926</mytracks:speed><mytracks:length>0.02260177975599531</mytracks:length></extensions></trkpt><trkpt lat="45.34380984122858" lon="-75.52532396600652"><ele>78.7718444465924</ele><time>2025-10-04T15:33:17.50000Z</time><extensions><mytracks:speed>78.47414630885041</mytracks:speed><mytracks:length>0.02179855847305659</mytracks:length></extensions></trkpt><trkpt lat="45.34363197391498" lon="-75.52523092292395"><ele>78.31034909423911</ele><time>2025-10-04T15:33:18.50000Z</time><extensions><mytracks:speed>75.86012813112377</mytracks:speed><mytracks:length>0.02107242863080511</mytracks:length></extensions></trkpt><trkpt lat="45.34346258164098" lon="-75.5251429214201"><ele>77.66434251897844</ele><time>2025-10-04T15:33:19.50000Z</time><extensions><mytracks:speed>72.1867371818242</mytracks:speed><mytracks:length>0.02005203398451131</mytracks:length></extensions></trkpt><trkpt lat="45.3432993742494" lon="-75.52505653170337"><ele>77.34483421471208</ele><time>2025-10-04T15:33:20.50000Z</time><extensions><mytracks:speed>69.70567602662933</mytracks:speed><mytracks:length>0.01936284474360813</mytracks:length></extensions></trkpt><trkpt lat="45.34314768199085" lon="-75.52497291086149"><ele>77.1214097793718</ele><time>2025-10-04T15:33:21.50000Z</time><extensions><mytracks:speed>65.12113844364413</mytracks:speed><mytracks:length>0.0180893474457197</mytracks:length></extensions></trkpt><trkpt lat="45.34300747508796" lon="-75.52489722287136"><ele>76.95926946287496</ele><time>2025-10-04T15:33:22.50000Z</time><extensions><mytracks:speed>60.02805645255396</mytracks:speed><mytracks:length>0.01667459529274651</mytracks:length></extensions></trkpt><trkpt lat="45.34287928281375" lon="-75.52482687364883"><ele>77.09292659478088</ele><time>2025-10-04T15:33:23.50000Z</time><extensions><mytracks:speed>54.99964862273866</mytracks:speed><mytracks:gradient>0.00874845387595013</mytracks:gradient><mytracks:length>0.01527780037491532</mytracks:length></extensions></trkpt><trkpt lat="45.34276376012549" lon="-75.52476327823041"><ele>77.31896741603208</ele><time>2025-10-04T15:33:24.50000Z</time><extensions><mytracks:speed>49.5841174351343</mytracks:speed><mytracks:gradient>0.01641131663208375</mytracks:gradient><mytracks:length>0.01377347267856003</mytracks:length></extensions></trkpt><trkpt lat="45.3426620296186" lon="-75.52470888614997"><ele>77.54103294994221</ele><time>2025-10-04T15:33:25.50000Z</time><extensions><mytracks:speed>43.503531941263</mytracks:speed><mytracks:gradient>0.01837620065867004</mytracks:gradient><mytracks:length>0.0120844095052561</mytracks:length></extensions></trkpt><trkpt lat="45.34257759066665" lon="-75.52466303724702"><ele>77.76569270215619</ele><time>2025-10-04T15:33:26.50000Z</time><extensions><mytracks:speed>36.17701517799134</mytracks:speed><mytracks:gradient>0.02235587266527784</mytracks:gradient><mytracks:length>0.01004924994777379</mytracks:length></extensions></trkpt><trkpt lat="45.34250983805914" lon="-75.52462610108428"><ele>77.91200501801904</ele><time>2025-10-04T15:33:27.50000Z</time><extensions><mytracks:speed>29.04393739318052</mytracks:speed><mytracks:gradient>0.01813528665381584</mytracks:gradient><mytracks:length>0.008067824824377515</mytracks:length></extensions></trkpt><trkpt lat="45.34246031225369" lon="-75.52459948463733"><ele>78.05263639856619</ele><time>2025-10-04T15:33:28.50000Z</time><extensions><mytracks:speed>21.19215282955863</mytracks:speed><mytracks:gradient>0.02388946094881096</mytracks:gradient><mytracks:length>0.005886754031348204</mytracks:length></extensions></trkpt><trkpt lat="45.34242650946162" lon="-75.52458135513639"><ele>78.26710022229088</ele><time>2025-10-04T15:33:29.50000Z</time><extensions><mytracks:speed>14.45950310676212</mytracks:speed><mytracks:gradient>0.05339490418805784</mytracks:gradient><mytracks:length>0.004016559763256427</mytracks:length></extensions></trkpt><trkpt lat="45.34240355738305" lon="-75.52456919276538"><ele>78.51249120266404</ele><time>2025-10-04T15:33:30.50000Z</time><extensions><mytracks:speed>9.804533310203929</mytracks:speed><mytracks:gradient>0.09010127990777872</mytracks:gradient><mytracks:length>0.002723501604242735</mytracks:length></extensions></trkpt><trkpt lat="45.34238604576559" lon="-75.52455957566153"><ele>78.81790933033167</ele><time>2025-10-04T15:33:31.50000Z</time><extensions><mytracks:speed>7.511045949064059</mytracks:speed><mytracks:gradient>0.1463839720186847</mytracks:gradient><mytracks:length>0.002086417819217611</mytracks:length></extensions></trkpt><trkpt lat="45.34237091010826" lon="-75.52455005948391"><ele>79.02380366019457</ele><time>2025-10-04T15:33:32.50000Z</time><extensions><mytracks:speed>6.627060436145321</mytracks:speed><mytracks:gradient>0.1118465896535444</mytracks:gradient><mytracks:length>0.001840863726830455</mytracks:length></extensions></trkpt><trkpt lat="45.34235457106341" lon="-75.52453587303592"><ele>79.19761305856811</ele><time>2025-10-04T15:33:33.50000Z</time><extensions><mytracks:speed>7.664979563447641</mytracks:speed><mytracks:gradient>0.08163220845713096</mytracks:gradient><mytracks:length>0.002129176726424241</mytracks:length></extensions></trkpt><trkpt lat="45.34233931886247" lon="-75.52450877446555"><ele>79.31797044750523</ele><time>2025-10-04T15:33:34.50000Z</time><extensions><mytracks:speed>9.768726114253855</mytracks:speed><mytracks:gradient>0.0443541245211315</mytracks:gradient><mytracks:length>0.002713555734366514</mytracks:length></extensions></trkpt><trkpt lat="45.3423353195134" lon="-75.52445801239192"><ele>79.35301916294326</ele><time>2025-10-04T15:33:35.50000Z</time><extensions><mytracks:speed>14.37443455360291</mytracks:speed><mytracks:gradient>0.008777694693377471</mytracks:gradient><mytracks:length>0.003992929426500392</mytracks:length></extensions></trkpt><trkpt lat="45.34234475817907" lon="-75.524386723967"><ele>79.41493912901176</ele><time>2025-10-04T15:33:36.50000Z</time><extensions><mytracks:speed>20.41452485674978</mytracks:speed><mytracks:gradient>0.01091919367060153</mytracks:gradient><mytracks:length>0.005670745289115302</mytracks:length></extensions></trkpt><trkpt lat="45.3423672739661" lon="-75.52429794353219"><ele>79.53331561439109</ele><time>2025-10-04T15:33:37.50000Z</time><extensions><mytracks:speed>26.55446115567157</mytracks:speed><mytracks:gradient>0.01604822984676137</mytracks:gradient><mytracks:length>0.007376295486147859</mytracks:length></extensions></trkpt><trkpt lat="45.34239921193617" lon="-75.52420521552443"><ele>79.68201116091245</ele><time>2025-10-04T15:33:38.50000Z</time><extensions><mytracks:speed>29.05199331673369</mytracks:speed><mytracks:gradient>0.01842558413941355</mytracks:gradient><mytracks:length>0.008070058750718095</mytracks:length></extensions></trkpt><trkpt lat="45.34242387265019" lon="-75.52411547769843"><ele>79.86855355695329</ele><time>2025-10-04T15:33:39.50000Z</time><extensions><mytracks:speed>27.10948790842147</mytracks:speed><mytracks:gradient>0.0247716808435784</mytracks:gradient><mytracks:length>0.007530469862693743</mytracks:length></extensions></trkpt><trkpt lat="45.3424300718829" lon="-75.52401936778573"><ele>79.9558587619197</ele><time>2025-10-04T15:33:40.50000Z</time><extensions><mytracks:speed>27.1546901507844</mytracks:speed><mytracks:gradient>0.01157429437455726</mytracks:gradient><mytracks:length>0.007543026135427116</mytracks:length></extensions></trkpt><trkpt lat="45.34241501693019" lon="-75.52392658090223"><ele>79.96162403253332</ele><time>2025-10-04T15:33:41.50000Z</time><extensions><mytracks:speed>26.79093684362397</mytracks:speed><mytracks:gradient>0.0007746955045900094</mytracks:gradient><mytracks:length>0.007441982791256241</mytracks:length></extensions></trkpt><trkpt lat="45.34237177799609" lon="-75.523840891487"><ele>80.02899217470475</ele><time>2025-10-04T15:33:42.50000Z</time><extensions><mytracks:speed>29.6804322168148</mytracks:speed><mytracks:gradient>0.0081711576384464</mytracks:gradient><mytracks:length>0.008244626422877445</mytracks:length></extensions></trkpt><trkpt lat="45.34230189682675" lon="-75.52376202861852"><ele>80.21797831050503</ele><time>2025-10-04T15:33:43.50000Z</time><extensions><mytracks:speed>35.7058091039095</mytracks:speed><mytracks:gradient>0.01905418411012918</mytracks:gradient><mytracks:length>0.009918353612412761</mytracks:length></extensions></trkpt><trkpt lat="45.34220804610881" lon="-75.52369807558567"><ele>80.8815005048604</ele><time>2025-10-04T15:33:44.50000Z</time><extensions><mytracks:speed>41.65602742184117</mytracks:speed><mytracks:gradient>0.05734252216246057</mytracks:gradient><mytracks:length>0.01157120700891916</mytracks:length></extensions></trkpt><trkpt lat="45.34209118642522" lon="-75.52363585146097"><ele>81.57620022400607</ele><time>2025-10-04T15:33:45.50000Z</time><extensions><mytracks:speed>49.94793275797928</mytracks:speed><mytracks:gradient>0.05007015635812914</mytracks:gradient><mytracks:length>0.01387452665769211</mytracks:length></extensions></trkpt><trkpt lat="45.34195854538612" lon="-75.52356633531977"><ele>82.28244030329473</ele><time>2025-10-04T15:33:46.50000Z</time><extensions><mytracks:speed>56.58448536112469</mytracks:speed><mytracks:gradient>0.04493184798023125</mytracks:gradient><mytracks:length>0.01571802877102646</mytracks:length></extensions></trkpt><trkpt lat="45.34181706505836" lon="-75.52349578464893"><ele>83.04205953770858</ele><time>2025-10-04T15:33:47.50000Z</time><extensions><mytracks:speed>60.01253807885894</mytracks:speed><mytracks:gradient>0.04556730053401997</mytracks:gradient><mytracks:length>0.01667027068778685</mytracks:length></extensions></trkpt><trkpt lat="45.34166837507376" lon="-75.523416423122"><ele>83.30743888060272</ele><time>2025-10-04T15:33:48.50000Z</time><extensions><mytracks:speed>63.57189562496789</mytracks:speed><mytracks:gradient>0.01502800556390886</mytracks:gradient><mytracks:length>0.01765898620183296</mytracks:length></extensions></trkpt><trkpt lat="45.34151668160094" lon="-75.52333759286715"><ele>83.57750268276295</ele><time>2025-10-04T15:33:49.50000Z</time><extensions><mytracks:speed>64.64682151998207</mytracks:speed><mytracks:gradient>0.01503898380840288</mytracks:gradient><mytracks:length>0.01795758314530147</mytracks:length></extensions></trkpt><trkpt lat="45.34136296422083" lon="-75.52325593644656"><ele>83.77187871049382</ele><time>2025-10-04T15:33:50.50000Z</time><extensions><mytracks:speed>65.68195341077281</mytracks:speed><mytracks:gradient>0.0106535888728884</mytracks:gradient><mytracks:length>0.0182451219068086</mytracks:length></extensions></trkpt><trkpt lat="45.34120637152326" lon="-75.52316944623415"><ele>83.72813058280431</ele><time>2025-10-04T15:33:51.50000Z</time><extensions><mytracks:speed>67.24167800124675</mytracks:speed><mytracks:length>0.01867838416630681</mytracks:length></extensions></trkpt><trkpt lat="45.3410533837698" lon="-75.52308802101265"><ele>83.58618880413286</ele><time>2025-10-04T15:33:52.50000Z</time><extensions><mytracks:speed>65.38607166241195</mytracks:speed><mytracks:length>0.01816293625515264</mytracks:length></extensions></trkpt><trkpt lat="45.34090207815878" lon="-75.52300540640316"><ele>83.33733770587727</ele><time>2025-10-04T15:33:53.50000Z</time><extensions><mytracks:speed>64.87496966904064</mytracks:speed><mytracks:length>0.01802096024780011</mytracks:length></extensions></trkpt><trkpt lat="45.34075126734466" lon="-75.52292282930706"><ele>82.99548973237339</ele><time>2025-10-04T15:33:54.50000Z</time><extensions><mytracks:speed>64.68565576592641</mytracks:speed><mytracks:length>0.01796837051557017</mytracks:length></extensions></trkpt><trkpt lat="45.34059911091943" lon="-75.52283971813885"><ele>82.31608018641225</ele><time>2025-10-04T15:33:55.50000Z</time><extensions><mytracks:speed>65.2412395191655</mytracks:speed><mytracks:length>0.01812269831617669</mytracks:length></extensions></trkpt><trkpt lat="45.34044385941413" lon="-75.52275343456857"><ele>81.9075332908737</ele><time>2025-10-04T15:33:56.50000Z</time><extensions><mytracks:speed>66.71943136831145</mytracks:speed><mytracks:length>0.01853330573036005</mytracks:length></extensions></trkpt><trkpt lat="45.34028744109074" lon="-75.52266655493851"><ele>81.69090512196577</ele><time>2025-10-04T15:33:57.50000Z</time><extensions><mytracks:speed>67.21564105590785</mytracks:speed><mytracks:length>0.01867114494989913</mytracks:length></extensions></trkpt><trkpt lat="45.34013238807368" lon="-75.52258146866717"><ele>81.60457531453432</ele><time>2025-10-04T15:33:58.50000Z</time><extensions><mytracks:speed>66.52481628116431</mytracks:speed><mytracks:length>0.01847924780659152</mytracks:length></extensions></trkpt><trkpt lat="45.33997862856265" lon="-75.52249918543698"><ele>81.92620667580925</ele><time>2025-10-04T15:33:59.50000Z</time><extensions><mytracks:speed>65.75929583907818</mytracks:speed><mytracks:gradient>0.01760762307711813</mytracks:gradient><mytracks:length>0.01826659736332683</mytracks:length></extensions></trkpt><trkpt lat="45.33982374091521" lon="-75.52241647654687"><ele>82.14038453777083</ele><time>2025-10-04T15:34:00.50000Z</time><extensions><mytracks:speed>66.22386542590165</mytracks:speed><mytracks:gradient>0.01164284832329199</mytracks:gradient><mytracks:length>0.01839565852052732</mytracks:length></extensions></trkpt><trkpt lat="45.33966424615016" lon="-75.52233034221199"><ele>82.27254452153814</ele><time>2025-10-04T15:34:01.50000Z</time><extensions><mytracks:speed>68.28966177109072</mytracks:speed><mytracks:gradient>0.006966976691884136</mytracks:gradient><mytracks:length>0.01896948843266016</mytracks:length></extensions></trkpt><trkpt lat="45.33949792388751" lon="-75.52224027492811"><ele>82.34494338885803</ele><time>2025-10-04T15:34:02.50000Z</time><extensions><mytracks:speed>71.23885871408721</mytracks:speed><mytracks:gradient>0.003658593523063228</mytracks:gradient><mytracks:length>0.01978871576290141</mytracks:length></extensions></trkpt><trkpt lat="45.33932597430903" lon="-75.52214635567995"><ele>82.50456839724731</ele><time>2025-10-04T15:34:03.50000Z</time><extensions><mytracks:speed>73.73011575766387</mytracks:speed><mytracks:gradient>0.007793909525377968</mytracks:gradient><mytracks:length>0.02048073664051713</mytracks:length></extensions></trkpt><trkpt lat="45.33914981252152" lon="-75.52205048242762"><ele>82.65665809035052</ele><time>2025-10-04T15:34:04.50000Z</time><extensions><mytracks:speed>75.5005856322251</mytracks:speed><mytracks:gradient>0.007251849891718845</mytracks:gradient><mytracks:length>0.02097253740412964</mytracks:length></extensions></trkpt><trkpt lat="45.33897167640566" lon="-75.52195329123246"><ele>82.72552480643093</ele><time>2025-10-04T15:34:05.50000Z</time><extensions><mytracks:speed>76.37119525336378</mytracks:speed><mytracks:gradient>0.003246228820465811</mytracks:gradient><mytracks:length>0.0212143751685765</mytracks:length></extensions></trkpt><trkpt lat="45.33879043777168" lon="-75.52185455728922"><ele>82.77926249631246</ele><time>2025-10-04T15:34:06.50000Z</time><extensions><mytracks:speed>77.68739260035963</mytracks:speed><mytracks:gradient>0.002490163376645905</mytracks:gradient><mytracks:length>0.02157998562885899</mytracks:length></extensions></trkpt><trkpt lat="45.33860587442699" lon="-75.52175464585878"><ele>82.65433120773322</ele><time>2025-10-04T15:34:07.50000Z</time><extensions><mytracks:speed>79.04888166336866</mytracks:speed><mytracks:length>0.02195818759308697</mytracks:length></extensions></trkpt><trkpt lat="45.33841710943498" lon="-75.52165511546922"><ele>82.50559765360504</ele><time>2025-10-04T15:34:08.50000Z</time><extensions><mytracks:speed>80.58473668655418</mytracks:speed><mytracks:length>0.0223848091870852</mytracks:length></extensions></trkpt><trkpt lat="45.33822604520235" lon="-75.52155463044986"><ele>82.35810532711835</ele><time>2025-10-04T15:34:09.50000Z</time><extensions><mytracks:speed>81.5407619763574</mytracks:speed><mytracks:length>0.02265037636715333</mytracks:length></extensions></trkpt><trkpt lat="45.33803489797523" lon="-75.52145257835211"><ele>82.24581375639666</ele><time>2025-10-04T15:34:10.50000Z</time><extensions><mytracks:speed>81.72677801537729</mytracks:speed><mytracks:length>0.02270204515856832</mytracks:length></extensions></trkpt><trkpt lat="45.33784361036097" lon="-75.52135211142618"><ele>82.18473305016933</ele><time>2025-10-04T15:34:11.50000Z</time><extensions><mytracks:speed>81.62380177092875</mytracks:speed><mytracks:length>0.02267344314449149</mytracks:length></extensions></trkpt><trkpt lat="45.33765548263345" lon="-75.52125151166213"><ele>82.14965715817785</ele><time>2025-10-04T15:34:12.50000Z</time><extensions><mytracks:speed>80.45200324829511</mytracks:speed><mytracks:length>0.02234793852385114</mytracks:length></extensions></trkpt><trkpt lat="45.33746830310103" lon="-75.52115187226343"><ele>82.1465327832459</ele><time>2025-10-04T15:34:13.50000Z</time><extensions><mytracks:speed>80.00212831491694</mytracks:speed><mytracks:length>0.02222297237075824</mytracks:length></extensions></trkpt><trkpt lat="45.33728298504619" lon="-75.52105260533048"><ele>82.20898892044036</ele><time>2025-10-04T15:34:14.50000Z</time><extensions><mytracks:speed>79.26725601114377</mytracks:speed><mytracks:gradient>0.002836484947485638</mytracks:gradient><mytracks:length>0.02201885021453147</mytracks:length></extensions></trkpt><trkpt lat="45.33710177296748" lon="-75.5209530463235"><ele>82.39171533781017</ele><time>2025-10-04T15:34:15.50000Z</time><extensions><mytracks:speed>77.76027820145156</mytracks:speed><mytracks:gradient>0.00845946558730826</mytracks:gradient><mytracks:length>0.02160023177397298</mytracks:length></extensions></trkpt><trkpt lat="45.33691973275696" lon="-75.52085134892005"><ele>82.47574590733539</ele><time>2025-10-04T15:34:16.50000Z</time><extensions><mytracks:speed>78.28721964495003</mytracks:speed><mytracks:gradient>0.003864077072812772</mytracks:gradient><mytracks:length>0.02174660803648443</mytracks:length></extensions></trkpt><trkpt lat="45.33673766595398" lon="-75.52074714832993"><ele>82.6803072888748</ele><time>2025-10-04T15:34:17.50000Z</time><extensions><mytracks:speed>78.55755681116338</mytracks:speed><mytracks:gradient>0.009374218549801246</mytracks:gradient><mytracks:length>0.02182169963849877</mytracks:length></extensions></trkpt><trkpt lat="45.33655289602155" lon="-75.52064074396486"><ele>82.64946376526871</ele><time>2025-10-04T15:34:18.50000Z</time><extensions><mytracks:speed>79.7930942840177</mytracks:speed><mytracks:length>0.02216490166237399</mytracks:length></extensions></trkpt><trkpt lat="45.33636664908484" lon="-75.52053428008884"><ele>82.42601155527251</ele><time>2025-10-04T15:34:19.50000Z</time><extensions><mytracks:speed>80.34807249634441</mytracks:speed><mytracks:length>0.02231908462776739</mytracks:length></extensions></trkpt><trkpt lat="45.33618121823916" lon="-75.52042978580299"><ele>82.31676985950575</ele><time>2025-10-04T15:34:20.50000Z</time><extensions><mytracks:speed>79.83917241740211</mytracks:speed><mytracks:length>0.02217770651990651</mytracks:length></extensions></trkpt><trkpt lat="45.33599640660751" lon="-75.52032769706119"><ele>81.92396037056567</ele><time>2025-10-04T15:34:21.50000Z</time><extensions><mytracks:speed>79.3615250377252</mytracks:speed><mytracks:length>0.02204503099912452</mytracks:length></extensions></trkpt><trkpt lat="45.33581313584248" lon="-75.5202294877422"><ele>81.66000328358575</ele><time>2025-10-04T15:34:22.50000Z</time><extensions><mytracks:speed>78.39529494185101</mytracks:speed><mytracks:length>0.02177663436251058</mytracks:length></extensions></trkpt><trkpt lat="45.33562874046867" lon="-75.52013027420293"><ele>81.4674333271028</ele><time>2025-10-04T15:34:23.50000Z</time><extensions><mytracks:speed>78.91656289094163</mytracks:speed><mytracks:length>0.02192142164961056</mytracks:length></extensions></trkpt><trkpt lat="45.33544361458296" lon="-75.52003020499488"><ele>81.22789541399159</ele><time>2025-10-04T15:34:24.50000Z</time><extensions><mytracks:speed>79.27541673237369</mytracks:speed><mytracks:length>0.02202110134822442</mytracks:length></extensions></trkpt><trkpt lat="45.3352578310593" lon="-75.51992959735486"><ele>81.21754694202806</ele><time>2025-10-04T15:34:25.50100Z</time><extensions><mytracks:speed>79.57614380648307</mytracks:speed><mytracks:length>0.02210463985922267</mytracks:length></extensions></trkpt><trkpt lat="45.33507172680616" lon="-75.51982863075916"><ele>81.12834496841961</ele><time>2025-10-04T15:34:26.50100Z</time><extensions><mytracks:speed>79.73231290418983</mytracks:speed><mytracks:length>0.02214802046924999</mytracks:length></extensions></trkpt><trkpt lat="45.33488851616222" lon="-75.5197303524611"><ele>80.9272033181425</ele><time>2025-10-04T15:34:27.50100Z</time><extensions><mytracks:speed>78.38041297984232</mytracks:speed><mytracks:length>0.02177249526219901</mytracks:length></extensions></trkpt><trkpt lat="45.33470874805671" lon="-75.51963467334652"><ele>80.69508933505485</ele><time>2025-10-04T15:34:28.50100Z</time><extensions><mytracks:speed>76.83320047420888</mytracks:speed><mytracks:length>0.02134271342959609</mytracks:length></extensions></trkpt><trkpt lat="45.33453099658796" lon="-75.519538346933"><ele>80.43410200715371</ele><time>2025-10-04T15:34:29.50100Z</time><extensions><mytracks:speed>76.14218668375774</mytracks:speed><mytracks:length>0.02115076625713457</mytracks:length></extensions></trkpt><trkpt lat="45.33435546119313" lon="-75.51944133741358"><ele>80.23704253000994</ele><time>2025-10-04T15:34:30.50100Z</time><extensions><mytracks:speed>75.38291828894469</mytracks:speed><mytracks:length>0.02093985179331579</mytracks:length></extensions></trkpt><trkpt lat="45.3341840429317" lon="-75.51934416575921"><ele>80.36387857964787</ele><time>2025-10-04T15:34:31.50100Z</time><extensions><mytracks:speed>73.86622225686003</mytracks:speed><mytracks:gradient>0.006181531828469704</mytracks:gradient><mytracks:length>0.02051854672231456</mytracks:length></extensions></trkpt><trkpt lat="45.33401504057468" lon="-75.51924929452363"><ele>80.58573097731285</ele><time>2025-10-04T15:34:32.50100Z</time><extensions><mytracks:speed>72.72924737716416</mytracks:speed><mytracks:gradient>0.0109813169792587</mytracks:gradient><mytracks:length>0.02020271321591076</mytracks:length></extensions></trkpt><trkpt lat="45.33384841548728" lon="-75.51915829558402"><ele>80.86254629218091</ele><time>2025-10-04T15:34:33.50100Z</time><extensions><mytracks:speed>71.44679263871579</mytracks:speed><mytracks:gradient>0.01394783403140868</mytracks:gradient><mytracks:length>0.01984647324055535</mytracks:length></extensions></trkpt><trkpt lat="45.33368635448327" lon="-75.5190723367635"><ele>81.08573086784021</ele><time>2025-10-04T15:34:34.50100Z</time><extensions><mytracks:speed>69.23666350040463</mytracks:speed><mytracks:gradient>0.01160452830548708</mytracks:gradient><mytracks:length>0.01923254179609977</mytracks:length></extensions></trkpt><trkpt lat="45.33352433163237" lon="-75.51898867492541"><ele>81.12932837304041</ele><time>2025-10-04T15:34:35.50100Z</time><extensions><mytracks:speed>68.99835187448359</mytracks:speed><mytracks:gradient>0.0022746896952531</mytracks:gradient><mytracks:length>0.01916635279580209</mytracks:length></extensions></trkpt><trkpt lat="45.33336304578161" lon="-75.51890446814217"><ele>81.22040538697767</ele><time>2025-10-04T15:34:36.50100Z</time><extensions><mytracks:speed>68.77370157033604</mytracks:speed><mytracks:gradient>0.004767445381855944</mytracks:gradient><mytracks:length>0.01910394491017955</mytracks:length></extensions></trkpt><trkpt lat="45.33320551668618" lon="-75.51882358732313"><ele>81.34637495446746</ele><time>2025-10-04T15:34:37.50100Z</time><extensions><mytracks:speed>67.04077907390487</mytracks:speed><mytracks:gradient>0.006764349395904545</mytracks:gradient><mytracks:length>0.0186225696097333</mytracks:length></extensions></trkpt><trkpt lat="45.33304991143762" lon="-75.51874369183052"><ele>81.34618583264248</ele><time>2025-10-04T15:34:38.50100Z</time><extensions><mytracks:speed>66.22213322018004</mytracks:speed><mytracks:length>0.01839516857716313</mytracks:length></extensions></trkpt><trkpt lat="45.33289564362638" lon="-75.51866285988791"><ele>81.27420990995407</ele><time>2025-10-04T15:34:39.50100Z</time><extensions><mytracks:speed>65.80898773090024</mytracks:speed><mytracks:length>0.01828040729958426</mytracks:length></extensions></trkpt><trkpt lat="45.33274253709634" lon="-75.51858041551505"><ele>81.22046229274333</ele><time>2025-10-04T15:34:40.50100Z</time><extensions><mytracks:speed>65.53242057723283</mytracks:speed><mytracks:length>0.01820358036156411</mytracks:length></extensions></trkpt><trkpt lat="45.33258876515419" lon="-75.51849559288085"><ele>80.96028067425864</ele><time>2025-10-04T15:34:41.50100Z</time><extensions><mytracks:speed>66.02072941671744</mytracks:speed><mytracks:length>0.0183392292346181</mytracks:length></extensions></trkpt><trkpt lat="45.33243391364505" lon="-75.51840837240427"><ele>80.88584025530079</ele><time>2025-10-04T15:34:42.50100Z</time><extensions><mytracks:speed>66.66949502493343</mytracks:speed><mytracks:length>0.01851944104932441</mytracks:length></extensions></trkpt><trkpt lat="45.33227692250721" lon="-75.51832096421936"><ele>80.97527249169444</ele><time>2025-10-04T15:34:43.50100Z</time><extensions><mytracks:speed>67.48533415625899</mytracks:speed><mytracks:gradient>0.004770722839398466</mytracks:gradient><mytracks:length>0.01874605576645164</mytracks:length></extensions></trkpt><trkpt lat="45.33211809534668" lon="-75.5182348314536"><ele>81.00356025112364</ele><time>2025-10-04T15:34:44.50100Z</time><extensions><mytracks:speed>68.0420592590052</mytracks:speed><mytracks:gradient>0.001496650667724966</mytracks:gradient><mytracks:length>0.01890070945693983</mytracks:length></extensions></trkpt><trkpt lat="45.33195704678431" lon="-75.5181474561776"><ele>81.10152365654464</ele><time>2025-10-04T15:34:45.50100Z</time><extensions><mytracks:speed>68.9975219008541</mytracks:speed><mytracks:gradient>0.005111280598159913</mytracks:gradient><mytracks:length>0.0191661176763149</mytracks:length></extensions></trkpt><trkpt lat="45.33179470379334" lon="-75.51805978573421"><ele>81.24799348580076</ele><time>2025-10-04T15:34:46.50100Z</time><extensions><mytracks:speed>69.51110256396899</mytracks:speed><mytracks:gradient>0.007585661243669854</mytracks:gradient><mytracks:length>0.01930877540548583</mytracks:length></extensions></trkpt><trkpt lat="45.3316319290198" lon="-75.51797234849235"><ele>81.2492322366775</ele><time>2025-10-04T15:34:47.50100Z</time><extensions><mytracks:speed>69.64956039366326</mytracks:speed><mytracks:gradient>6.40272478333913e-05</mytracks:gradient><mytracks:length>0.01934724540965662</mytracks:length></extensions></trkpt><trkpt lat="45.33138808112486" lon="-75.51783949950347"><ele>81.29837806336376</ele><time>2025-10-04T15:34:49.00000Z</time><extensions><mytracks:speed>69.70330178692177</mytracks:speed><mytracks:gradient>0.001692623024277819</mytracks:gradient><mytracks:length>0.02903530554727348</mytracks:length></extensions></trkpt><trkpt lat="45.33122596330171" lon="-75.51775100952804"><ele>81.34641014263867</ele><time>2025-10-04T15:34:50.00000Z</time><extensions><mytracks:speed>69.63139804659255</mytracks:speed><mytracks:gradient>0.002010150208168976</mytracks:gradient><mytracks:length>0.0193085420202742</mytracks:length></extensions></trkpt><trkpt lat="45.33106346697122" lon="-75.5176626048423"><ele>81.37118961435792</ele><time>2025-10-04T15:34:51.00000Z</time><extensions><mytracks:speed>69.59020306484018</mytracks:speed><mytracks:gradient>0.001883694312018325</mytracks:gradient><mytracks:length>0.01934514901840459</mytracks:length></extensions></trkpt><trkpt lat="45.33081964045708" lon="-75.51752893703605"><ele>81.46518109861182</ele><time>2025-10-04T15:34:52.50000Z</time><extensions><mytracks:speed>69.74375195461906</mytracks:speed><mytracks:gradient>0.003234828473298021</mytracks:gradient><mytracks:length>0.02905609525505311</mytracks:length></extensions></trkpt><trkpt lat="45.33065552147091" lon="-75.51743896145169"><ele>81.50701715423362</ele><time>2025-10-04T15:34:53.50000Z</time><extensions><mytracks:speed>70.40673071453028</mytracks:speed><mytracks:gradient>0.002139120877035842</mytracks:gradient><mytracks:length>0.0195575930612076</mytracks:length></extensions></trkpt><trkpt lat="45.3304877198125" lon="-75.51734818514562"><ele>81.56272454427631</ele><time>2025-10-04T15:34:54.50000Z</time><extensions><mytracks:speed>71.86420077102176</mytracks:speed><mytracks:gradient>0.002790617280627584</mytracks:gradient><mytracks:length>0.01996238983733242</mytracks:length></extensions></trkpt><trkpt lat="45.33031794212864" lon="-75.51725700641829"><ele>81.55754578823634</ele><time>2025-10-04T15:34:55.50000Z</time><extensions><mytracks:speed>72.64501342536721</mytracks:speed><mytracks:length>0.02017927864544084</mytracks:length></extensions></trkpt><trkpt lat="45.3301432994388" lon="-75.5171655439182"><ele>81.42485168417747</ele><time>2025-10-04T15:34:56.50000Z</time><extensions><mytracks:speed>74.49744734100929</mytracks:speed><mytracks:length>0.02069393519022742</mytracks:length></extensions></trkpt><trkpt lat="45.32996687226254" lon="-75.51707267013335"><ele>81.35461384528435</ele><time>2025-10-04T15:34:57.50000Z</time><extensions><mytracks:speed>75.3048362310617</mytracks:speed><mytracks:length>0.02091810482178631</mytracks:length></extensions></trkpt><trkpt lat="45.32978664307443" lon="-75.51697704367523"><ele>81.25667400798265</ele><time>2025-10-04T15:34:58.50000Z</time><extensions><mytracks:speed>77.00196141957417</mytracks:speed><mytracks:length>0.02138953572042744</mytracks:length></extensions></trkpt><trkpt lat="45.32960620097123" lon="-75.51688169736303"><ele>81.15096581994371</ele><time>2025-10-04T15:34:59.50000Z</time><extensions><mytracks:speed>77.05398246754001</mytracks:speed><mytracks:length>0.02140406772977126</mytracks:length></extensions></trkpt><trkpt lat="45.32942961899344" lon="-75.51678759107961"><ele>80.93521020250333</ele><time>2025-10-04T15:35:00.50000Z</time><extensions><mytracks:speed>75.48444786052882</mytracks:speed><mytracks:length>0.02096802466234764</mytracks:length></extensions></trkpt><trkpt lat="45.32925309531471" lon="-75.51669299043613"><ele>80.73119296936069</ele><time>2025-10-04T15:35:01.50000Z</time><extensions><mytracks:speed>75.51154921617972</mytracks:speed><mytracks:length>0.02097554535927053</mytracks:length></extensions></trkpt><trkpt lat="45.32908299777022" lon="-75.51660082249654"><ele>80.47785353733846</ele><time>2025-10-04T15:35:02.50000Z</time><extensions><mytracks:speed>72.86389607644126</mytracks:speed><mytracks:length>0.02024015209178823</mytracks:length></extensions></trkpt><trkpt lat="45.32891340747843" lon="-75.51650835690572"><ele>80.27994445810714</ele><time>2025-10-04T15:35:03.50000Z</time><extensions><mytracks:speed>72.70267423876579</mytracks:speed><mytracks:length>0.02019535099541323</mytracks:length></extensions></trkpt><trkpt lat="45.32874331396535" lon="-75.51641431839963"><ele>80.31836863504287</ele><time>2025-10-04T15:35:04.50000Z</time><extensions><mytracks:speed>73.05027914556476</mytracks:speed><mytracks:gradient>0.001893566383515494</mytracks:gradient><mytracks:length>0.02029196191389828</mytracks:length></extensions></trkpt><trkpt lat="45.3285750686418" lon="-75.51632251145342"><ele>80.31172003403952</ele><time>2025-10-04T15:35:05.50000Z</time><extensions><mytracks:speed>72.13364935824868</mytracks:speed><mytracks:length>0.02003742100955116</mytracks:length></extensions></trkpt><trkpt lat="45.32840656517819" lon="-75.51623124753483"><ele>80.37794630871537</ele><time>2025-10-04T15:35:06.50000Z</time><extensions><mytracks:speed>72.17578879480759</mytracks:speed><mytracks:gradient>0.003303202350201028</mytracks:gradient><mytracks:length>0.02004911224158311</mytracks:length></extensions></trkpt><trkpt lat="45.32823866576995" lon="-75.51614011642135"><ele>80.48924487350362</ele><time>2025-10-04T15:35:07.50000Z</time><extensions><mytracks:speed>71.93754095223649</mytracks:speed><mytracks:gradient>0.005569684241267812</mytracks:gradient><mytracks:length>0.01998292182590985</mytracks:length></extensions></trkpt><trkpt lat="45.32807103205155" lon="-75.51604911933109"><ele>80.5957226808804</ele><time>2025-10-04T15:35:08.50000Z</time><extensions><mytracks:speed>71.82382104804999</mytracks:speed><mytracks:gradient>0.005336878891291854</mytracks:gradient><mytracks:length>0.01995132539929208</mytracks:length></extensions></trkpt><trkpt lat="45.32790291825233" lon="-75.51595740030898"><ele>80.7896676065069</ele><time>2025-10-04T15:35:09.50000Z</time><extensions><mytracks:speed>72.07628109124811</mytracks:speed><mytracks:gradient>0.009686858599390037</mytracks:gradient><mytracks:length>0.02002144695688123</mytracks:length></extensions></trkpt><trkpt lat="45.32773425639569" lon="-75.51586590187154"><ele>80.97375649183986</ele><time>2025-10-04T15:35:10.50000Z</time><extensions><mytracks:speed>72.25836926450654</mytracks:speed><mytracks:gradient>0.009171415585453844</mytracks:gradient><mytracks:length>0.02007202526346528</mytracks:length></extensions></trkpt><trkpt lat="45.32756455412513" lon="-75.51577452528672"><ele>81.16952647046439</ele><time>2025-10-04T15:35:11.50000Z</time><extensions><mytracks:speed>72.63565009378161</mytracks:speed><mytracks:gradient>0.009702716236943559</mytracks:gradient><mytracks:length>0.02017682202011867</mytracks:length></extensions></trkpt><trkpt lat="45.32739478648433" lon="-75.51568396761495"><ele>81.36308119500127</ele><time>2025-10-04T15:35:12.50000Z</time><extensions><mytracks:speed>72.5793897575527</mytracks:speed><mytracks:gradient>0.009600365948125788</mytracks:gradient><mytracks:length>0.02016118193647267</mytracks:length></extensions></trkpt><trkpt lat="45.32722678020265" lon="-75.51559547344003"><ele>81.48585331070491</ele><time>2025-10-04T15:35:13.50000Z</time><extensions><mytracks:speed>71.71570673398693</mytracks:speed><mytracks:gradient>0.006162868265404846</mytracks:gradient><mytracks:length>0.01992126237596527</mytracks:length></extensions></trkpt><trkpt lat="45.32706146720268" lon="-75.51550831301849"><ele>81.57229591696435</ele><time>2025-10-04T15:35:14.50000Z</time><extensions><mytracks:speed>70.57553257252695</mytracks:speed><mytracks:gradient>0.004409315421502728</mytracks:gradient><mytracks:length>0.01960454129407206</mytracks:length></extensions></trkpt><trkpt lat="45.32690080091483" lon="-75.51542225896918"><ele>81.57627800360854</ele><time>2025-10-04T15:35:15.50000Z</time><extensions><mytracks:speed>68.72331111114164</mytracks:speed><mytracks:gradient>0.0002085951775318739</mytracks:gradient><mytracks:length>0.01909002255614122</mytracks:length></extensions></trkpt><trkpt lat="45.32674605614639" lon="-75.51533843102148"><ele>81.55541952984467</ele><time>2025-10-04T15:35:16.50000Z</time><extensions><mytracks:speed>66.28446594039822</mytracks:speed><mytracks:length>0.01841255358305966</mytracks:length></extensions></trkpt><trkpt lat="45.32659676463778" lon="-75.51525734362635"><ele>81.50043753834163</ele><time>2025-10-04T15:35:17.50000Z</time><extensions><mytracks:speed>63.97000916896609</mytracks:speed><mytracks:length>0.01776964610999571</mytracks:length></extensions></trkpt><trkpt lat="45.32645618109522" lon="-75.51518022442959"><ele>81.36949407336742</ele><time>2025-10-04T15:35:18.50000Z</time><extensions><mytracks:speed>60.31518260551827</mytracks:speed><mytracks:length>0.01675439914093178</mytracks:length></extensions></trkpt><trkpt lat="45.32632714723576" lon="-75.51510938639136"><ele>81.16405347735443</ele><time>2025-10-04T15:35:19.50000Z</time><extensions><mytracks:speed>55.36673318000802</mytracks:speed><mytracks:length>0.01537981127788404</mytracks:length></extensions></trkpt><trkpt lat="45.32621151744706" lon="-75.51504570493627"><ele>80.96050976940849</ele><time>2025-10-04T15:35:20.50000Z</time><extensions><mytracks:speed>49.63460202436074</mytracks:speed><mytracks:length>0.01378753408668263</mytracks:length></extensions></trkpt><trkpt lat="45.32611233013715" lon="-75.51499013798397"><ele>80.6689569270939</ele><time>2025-10-04T15:35:21.50000Z</time><extensions><mytracks:speed>42.67394095678475</mytracks:speed><mytracks:length>0.01185399401388349</mytracks:length></extensions></trkpt><trkpt lat="45.32602866766661" lon="-75.51494348765536"><ele>80.51796932660307</ele><time>2025-10-04T15:35:22.50000Z</time><extensions><mytracks:speed>35.96971092908248</mytracks:speed><mytracks:length>0.009991686420742231</mytracks:length></extensions></trkpt><trkpt lat="45.3259588889686" lon="-75.51490520983121"><ele>80.47656123312137</ele><time>2025-10-04T15:35:23.50000Z</time><extensions><mytracks:speed>29.9370132019368</mytracks:speed><mytracks:length>0.008315920271839753</mytracks:length></extensions></trkpt><trkpt lat="45.32590332155954" lon="-75.51487545954873"><ele>80.40974079992171</ele><time>2025-10-04T15:35:24.50000Z</time><extensions><mytracks:speed>23.76916717843159</mytracks:speed><mytracks:length>0.006602611766497442</mytracks:length></extensions></trkpt><trkpt lat="45.32586193896928" lon="-75.51485411999353"><ele>80.41956747073777</ele><time>2025-10-04T15:35:25.50000Z</time><extensions><mytracks:speed>17.61989670482378</mytracks:speed><mytracks:gradient>0.002007711015192266</mytracks:gradient><mytracks:length>0.004894464761965198</mytracks:length></extensions></trkpt><trkpt lat="45.32583382409938" lon="-75.51483998499312"><ele>80.35851791581149</ele><time>2025-10-04T15:35:26.50000Z</time><extensions><mytracks:speed>11.93729822893987</mytracks:speed><mytracks:length>0.003315947402458421</mytracks:length></extensions></trkpt><trkpt lat="45.32581375917538" lon="-75.51483081247619"><ele>80.33350424067665</ele><time>2025-10-04T15:35:27.50000Z</time><extensions><mytracks:speed>8.434022881837118</mytracks:speed><mytracks:length>0.002342806197092585</mytracks:length></extensions></trkpt><trkpt lat="45.32579647660352" lon="-75.51482655178852"><ele>80.32594446585306</ele><time>2025-10-04T15:35:28.50000Z</time><extensions><mytracks:speed>7.020731336012211</mytracks:speed><mytracks:length>0.001950221514996498</mytracks:length></extensions></trkpt><trkpt lat="45.32577713144277" lon="-75.51482618873564"><ele>80.33888059698376</ele><time>2025-10-04T15:35:29.50000Z</time><extensions><mytracks:speed>7.740780620592723</mytracks:speed><mytracks:gradient>0.006016141036739005</mytracks:gradient><mytracks:length>0.002150237345119275</mytracks:length></extensions></trkpt><trkpt lat="45.32575217366408" lon="-75.5148323407293"><ele>80.26641854476844</ele><time>2025-10-04T15:35:30.50000Z</time><extensions><mytracks:speed>10.14411189479681</mytracks:speed><mytracks:length>0.00281783573238516</mytracks:length></extensions></trkpt><trkpt lat="45.32572827910614" lon="-75.5148434725163"><ele>80.21478907693248</ele><time>2025-10-04T15:35:31.50000Z</time><extensions><mytracks:speed>10.06899429415758</mytracks:speed><mytracks:length>0.002796968532949198</mytracks:length></extensions></trkpt><trkpt lat="45.32570427318923" lon="-75.51485916394982"><ele>80.24039321082334</ele><time>2025-10-04T15:35:32.50000Z</time><extensions><mytracks:speed>10.57260972505017</mytracks:speed><mytracks:gradient>0.008718191470987726</mytracks:gradient><mytracks:length>0.002936862992292723</mytracks:length></extensions></trkpt><trkpt lat="45.32567987436286" lon="-75.51488087214975"><ele>80.28295033964513</ele><time>2025-10-04T15:35:33.50000Z</time><extensions><mytracks:speed>11.51901643330663</mytracks:speed><mytracks:gradient>0.01330011623526264</mytracks:gradient><mytracks:length>0.003199756157690713</mytracks:length></extensions></trkpt><trkpt lat="45.32565613671677" lon="-75.51490621531595"><ele>80.53006099436327</ele><time>2025-10-04T15:35:34.50000Z</time><extensions><mytracks:speed>11.87845079052106</mytracks:speed><mytracks:gradient>0.07489111325335462</mytracks:gradient><mytracks:length>0.003299599164485289</mytracks:length></extensions></trkpt><trkpt lat="45.3256297038854" lon="-75.51493588969763"><ele>80.79889574669643</ele><time>2025-10-04T15:35:35.50000Z</time><extensions><mytracks:speed>13.48561143280545</mytracks:speed><mytracks:gradient>0.07176511502255709</mytracks:gradient><mytracks:length>0.003746036667657583</mytracks:length></extensions></trkpt><trkpt lat="45.32559932862999" lon="-75.51497027963508"><ele>81.02416690333588</ele><time>2025-10-04T15:35:36.50000Z</time><extensions><mytracks:speed>15.54556750712594</mytracks:speed><mytracks:gradient>0.05216721183727663</mytracks:gradient><mytracks:length>0.004318251804258419</mytracks:length></extensions></trkpt><trkpt lat="45.3255621486246" lon="-75.5149999080375"><ele>81.25265323795692</ele><time>2025-10-04T15:35:37.50000Z</time><extensions><mytracks:speed>17.05741435909654</mytracks:speed><mytracks:gradient>0.04822204779738834</mytracks:gradient><mytracks:length>0.004738213017851415</mytracks:length></extensions></trkpt><trkpt lat="45.32551686428138" lon="-75.5150174978216"><ele>81.44285409292689</ele><time>2025-10-04T15:35:38.50000Z</time><extensions><mytracks:speed>18.79081274021548</mytracks:speed><mytracks:gradient>0.03643893483391577</mytracks:gradient><mytracks:length>0.005219715006404147</mytracks:length></extensions></trkpt><trkpt lat="45.32546300674785" lon="-75.51502213722618"><ele>81.61087164615672</ele><time>2025-10-04T15:35:39.50000Z</time><extensions><mytracks:speed>21.59883952476485</mytracks:speed><mytracks:gradient>0.02800418305751568</mytracks:gradient><mytracks:length>0.005999730571848931</mytracks:length></extensions></trkpt><trkpt lat="45.32540787953258" lon="-75.51501115245159"><ele>81.78989002566435</ele><time>2025-10-04T15:35:40.50000Z</time><extensions><mytracks:speed>22.28291438969049</mytracks:speed><mytracks:gradient>0.02892173558098816</mytracks:gradient><mytracks:length>0.006189752306058117</mytracks:length></extensions></trkpt><trkpt lat="45.32535934421242" lon="-75.51499240182665"><ele>81.94221085542355</ele><time>2025-10-04T15:35:41.50000Z</time><extensions><mytracks:speed>20.13219724057641</mytracks:speed><mytracks:gradient>0.02723747481133599</mytracks:gradient><mytracks:length>0.005592325676821198</mytracks:length></extensions></trkpt><trkpt lat="45.32531634215163" lon="-75.51497226728341"><ele>81.86940374725364</ele><time>2025-10-04T15:35:42.50000Z</time><extensions><mytracks:speed>18.12316937129394</mytracks:speed><mytracks:length>0.005034256923251219</mytracks:length></extensions></trkpt><trkpt lat="45.32527583824142" lon="-75.51495136988733"><ele>81.77510896967803</ele><time>2025-10-04T15:35:43.50000Z</time><extensions><mytracks:speed>17.24808611128623</mytracks:speed><mytracks:length>0.004791176724702474</mytracks:length></extensions></trkpt><trkpt lat="45.32523009918982" lon="-75.51492728235802"><ele>81.72199754485409</ele><time>2025-10-04T15:35:44.50000Z</time><extensions><mytracks:speed>19.52547312159867</mytracks:speed><mytracks:length>0.005423789086132988</mytracks:length></extensions></trkpt><trkpt lat="45.32516737953891" lon="-75.5148939692598"><ele>81.79349547698556</ele><time>2025-10-04T15:35:45.50000Z</time><extensions><mytracks:speed>26.79962626133212</mytracks:speed><mytracks:gradient>0.00960425134157872</mytracks:gradient><mytracks:length>0.007444404523435947</mytracks:length></extensions></trkpt><trkpt lat="45.32508207473509" lon="-75.51484854374861"><ele>82.0995744141828</ele><time>2025-10-04T15:35:46.50000Z</time><extensions><mytracks:speed>36.46160497904729</mytracks:speed><mytracks:gradient>0.03022013751387828</mytracks:gradient><mytracks:length>0.01012831053653142</mytracks:length></extensions></trkpt><trkpt lat="45.32497877379739" lon="-75.51479322159352"><ele>82.42330906824552</ele><time>2025-10-04T15:35:47.50000Z</time><extensions><mytracks:speed>44.18549060766269</mytracks:speed><mytracks:gradient>0.02637596042482248</mytracks:gradient><mytracks:length>0.01227385273743629</mytracks:length></extensions></trkpt><trkpt lat="45.32485855140663" lon="-75.51473139237383"><ele>82.41102570065574</ele><time>2025-10-04T15:35:48.50000Z</time><extensions><mytracks:speed>51.17455606758979</mytracks:speed><mytracks:length>0.0142152730837119</mytracks:length></extensions></trkpt><trkpt lat="45.32472965412435" lon="-75.51466628213942"><ele>82.41985097749432</ele><time>2025-10-04T15:35:49.50000Z</time><extensions><mytracks:speed>54.75483900289551</mytracks:speed><mytracks:gradient>0.0005802359116952571</mytracks:gradient><mytracks:length>0.01520980804651345</mytracks:length></extensions></trkpt><trkpt lat="45.32460251541278" lon="-75.51460237706578"><ele>82.48780715115758</ele><time>2025-10-04T15:35:50.50000Z</time><extensions><mytracks:speed>53.97820029107574</mytracks:speed><mytracks:gradient>0.004532203956317487</mytracks:gradient><mytracks:length>0.01499406785710455</mytracks:length></extensions></trkpt><trkpt lat="45.32447082025993" lon="-75.51453607620599"><ele>82.47703750131768</ele><time>2025-10-04T15:35:51.50000Z</time><extensions><mytracks:speed>55.92311243272648</mytracks:speed><mytracks:length>0.01553432752542824</mytracks:length></extensions></trkpt><trkpt lat="45.32433639994731" lon="-75.51446549866411"><ele>82.74903265653603</ele><time>2025-10-04T15:35:52.50000Z</time><extensions><mytracks:speed>57.3573568986908</mytracks:speed><mytracks:gradient>0.01707146779657295</mytracks:gradient><mytracks:length>0.01593273398980673</mytracks:length></extensions></trkpt><trkpt lat="45.32419751517554" lon="-75.51438877330808"><ele>82.98561763780813</ele><time>2025-10-04T15:35:53.50000Z</time><extensions><mytracks:speed>59.64054233930604</mytracks:speed><mytracks:gradient>0.01428053284753369</mytracks:gradient><mytracks:length>0.01656695753568899</mytracks:length></extensions></trkpt><trkpt lat="45.32405333629004" lon="-75.51430312268478"><ele>82.94934263055713</ele><time>2025-10-04T15:35:54.50000Z</time><extensions><mytracks:speed>62.54564622916994</mytracks:speed><mytracks:length>0.01737393766853767</mytracks:length></extensions></trkpt><trkpt lat="45.32390601791531" lon="-75.51421758068345"><ele>82.87818990501925</ele><time>2025-10-04T15:35:55.50000Z</time><extensions><mytracks:speed>63.69662096077591</mytracks:speed><mytracks:length>0.01769365768701639</mytracks:length></extensions></trkpt><trkpt lat="45.32375233590631" lon="-75.51412733574942"><ele>82.72285119849815</ele><time>2025-10-04T15:35:56.50000Z</time><extensions><mytracks:speed>66.55635731130864</mytracks:speed><mytracks:length>0.01848802469400704</mytracks:length></extensions></trkpt><trkpt lat="45.32359537537626" lon="-75.514037665099"><ele>82.43656567050627</ele><time>2025-10-04T15:35:57.50000Z</time><extensions><mytracks:speed>67.71073707888659</mytracks:speed><mytracks:length>0.01880869278598836</mytracks:length></extensions></trkpt><trkpt lat="45.32343270480278" lon="-75.51395153031145"><ele>82.21940670606573</ele><time>2025-10-04T15:35:58.50000Z</time><extensions><mytracks:speed>69.48328840176087</mytracks:speed><mytracks:length>0.01930107220345796</mytracks:length></extensions></trkpt><trkpt lat="45.32326560980516" lon="-75.51386150688462"><ele>82.07715937278491</ele><time>2025-10-04T15:35:59.50000Z</time><extensions><mytracks:speed>71.52677750676025</mytracks:speed><mytracks:length>0.01986871273501307</mytracks:length></extensions></trkpt><trkpt lat="45.32309825400165" lon="-75.51377301378479"><ele>82.07936010656459</ele><time>2025-10-04T15:36:00.50000Z</time><extensions><mytracks:speed>71.47205126622194</mytracks:speed><mytracks:gradient>0.0001108485946580871</mytracks:gradient><mytracks:length>0.01985351087648924</mytracks:length></extensions></trkpt><trkpt lat="45.32292936808654" lon="-75.51368493258336"><ele>82.15722652845054</ele><time>2025-10-04T15:36:01.50000Z</time><extensions><mytracks:speed>72.00608832492179</mytracks:speed><mytracks:gradient>0.003892959881324022</mytracks:gradient><mytracks:length>0.02000185572409762</mytracks:length></extensions></trkpt><trkpt lat="45.32276009737198" lon="-75.51359455239263"><ele>82.36514873543072</ele><time>2025-10-04T15:36:02.50000Z</time><extensions><mytracks:speed>72.37661011651244</mytracks:speed><mytracks:gradient>0.01034193058084361</mytracks:gradient><mytracks:length>0.02010477689391193</mytracks:length></extensions></trkpt><trkpt lat="45.32259080562005" lon="-75.51350373617727"><ele>82.48108007851621</ele><time>2025-10-04T15:36:03.50000Z</time><extensions><mytracks:speed>72.42823395340166</mytracks:speed><mytracks:gradient>0.005762248079180421</mytracks:gradient><mytracks:length>0.02011911696484637</mytracks:length></extensions></trkpt><trkpt lat="45.32242029512587" lon="-75.51341176771581"><ele>82.52627437731003</ele><time>2025-10-04T15:36:04.50000Z</time><extensions><mytracks:speed>72.99926952130463</mytracks:speed><mytracks:gradient>0.002228763644701448</mytracks:gradient><mytracks:length>0.02027774407629962</mytracks:length></extensions></trkpt><trkpt lat="45.32224762786723" lon="-75.51331819727052"><ele>82.54890480635251</ele><time>2025-10-04T15:36:05.50000Z</time><extensions><mytracks:speed>73.96571393995789</mytracks:speed><mytracks:gradient>0.001101441060943991</mytracks:gradient><mytracks:length>0.020546200650159</mytracks:length></extensions></trkpt><trkpt lat="45.32207164695784" lon="-75.51322366858894"><ele>82.48652366079956</ele><time>2025-10-04T15:36:06.50000Z</time><extensions><mytracks:speed>75.30146471338709</mytracks:speed><mytracks:length>0.02091724309014073</mytracks:length></extensions></trkpt><trkpt lat="45.32189220096843" lon="-75.51312727320473"><ele>82.45705695869901</ele><time>2025-10-04T15:36:07.50000Z</time><extensions><mytracks:speed>76.78521637971438</mytracks:speed><mytracks:length>0.02132940729972277</mytracks:length></extensions></trkpt><trkpt lat="45.32170958083145" lon="-75.51302936107209"><ele>82.33822742813346</ele><time>2025-10-04T15:36:08.50000Z</time><extensions><mytracks:speed>78.12434996358527</mytracks:speed><mytracks:length>0.02170138682522637</mytracks:length></extensions></trkpt><trkpt lat="45.32152308687134" lon="-75.51293020212049"><ele>82.17891091698148</ele><time>2025-10-04T15:36:09.50000Z</time><extensions><mytracks:speed>79.69998268933418</mytracks:speed><mytracks:length>0.02213906618245495</mytracks:length></extensions></trkpt><trkpt lat="45.32133378005195" lon="-75.51283045149911"><ele>82.11733038453715</ele><time>2025-10-04T15:36:10.50000Z</time><extensions><mytracks:speed>80.81335690818514</mytracks:speed><mytracks:length>0.0224483339906325</mytracks:length></extensions></trkpt><trkpt lat="45.32114276073841" lon="-75.51273009545436"><ele>82.06300710277873</ele><time>2025-10-04T15:36:11.50000Z</time><extensions><mytracks:speed>81.51563194950667</mytracks:speed><mytracks:length>0.02264341194907916</mytracks:length></extensions></trkpt><trkpt lat="45.32095148444488" lon="-75.51263058868629"><ele>82.03556881475581</ele><time>2025-10-04T15:36:12.50000Z</time><extensions><mytracks:speed>81.52993042490537</mytracks:speed><mytracks:length>0.02264739187879477</mytracks:length></extensions></trkpt><trkpt lat="45.3207606738539" lon="-75.51253080011442"><ele>81.72997851054647</ele><time>2025-10-04T15:36:13.50000Z</time><extensions><mytracks:speed>81.38153683198288</mytracks:speed><mytracks:length>0.02260616570265991</mytracks:length></extensions></trkpt><trkpt lat="45.32057317466921" lon="-75.51243126016128"><ele>81.4998396954884</ele><time>2025-10-04T15:36:14.50000Z</time><extensions><mytracks:speed>80.11361626202621</mytracks:speed><mytracks:length>0.02225397595361042</mytracks:length></extensions></trkpt><trkpt lat="45.32038958088479" lon="-75.51233246240056"><ele>81.209217472497</ele><time>2025-10-04T15:36:15.50000Z</time><extensions><mytracks:speed>78.57749554140139</mytracks:speed><mytracks:length>0.02182727464216398</mytracks:length></extensions></trkpt><trkpt lat="45.32020962529116" lon="-75.51223358462043"><ele>81.10973046327464</ele><time>2025-10-04T15:36:16.50000Z</time><extensions><mytracks:speed>77.22506579274639</mytracks:speed><mytracks:length>0.02145159639797036</mytracks:length></extensions></trkpt><trkpt lat="45.32003106589191" lon="-75.51213467963463"><ele>81.27634387602504</ele><time>2025-10-04T15:36:17.50000Z</time><extensions><mytracks:speed>76.70762531890665</mytracks:speed><mytracks:gradient>0.007819345485696568</mytracks:gradient><mytracks:length>0.02130784642463606</mytracks:length></extensions></trkpt><trkpt lat="45.31984836392783" lon="-75.51203362707967"><ele>81.25829100181411</ele><time>2025-10-04T15:36:18.50000Z</time><extensions><mytracks:speed>78.47199783261439</mytracks:speed><mytracks:length>0.02179793828257313</mytracks:length></extensions></trkpt><trkpt lat="45.31966053057906" lon="-75.51193235234339"><ele>81.29036422161781</ele><time>2025-10-04T15:36:19.50000Z</time><extensions><mytracks:speed>80.41206786486904</mytracks:speed><mytracks:gradient>0.001435888524011974</mytracks:gradient><mytracks:length>0.02233684528244387</mytracks:length></extensions></trkpt><trkpt lat="45.31946830281515" lon="-75.51182947810497"><ele>81.33548126234528</ele><time>2025-10-04T15:36:20.50000Z</time><extensions><mytracks:speed>82.21617034794326</mytracks:speed><mytracks:gradient>0.001975524385032414</mytracks:gradient><mytracks:length>0.02283800750287152</mytracks:length></extensions></trkpt><trkpt lat="45.31927180730407" lon="-75.51172490484886"><ele>81.4330130053127</ele><time>2025-10-04T15:36:21.50000Z</time><extensions><mytracks:speed>83.98506701056755</mytracks:speed><mytracks:gradient>0.004180641664587246</mytracks:gradient><mytracks:length>0.02332937161143862</mytracks:length></extensions></trkpt><trkpt lat="45.31907267945729" lon="-75.51161914162205"><ele>81.4396041653977</ele><time>2025-10-04T15:36:22.50000Z</time><extensions><mytracks:speed>85.08961159731081</mytracks:speed><mytracks:gradient>0.0002788584653154399</mytracks:gradient><mytracks:length>0.02363622017907392</mytracks:length></extensions></trkpt><trkpt lat="45.31887202206939" lon="-75.51151157566113"><ele>81.64153190242786</ele><time>2025-10-04T15:36:23.50000Z</time><extensions><mytracks:speed>85.83930764898625</mytracks:speed><mytracks:gradient>0.008468542060857835</mytracks:gradient><mytracks:length>0.0238444510966633</mytracks:length></extensions></trkpt><trkpt lat="45.31866795658312" lon="-75.5114031502945"><ele>81.6526901857325</ele><time>2025-10-04T15:36:24.50100Z</time><extensions><mytracks:speed>87.20153349316999</mytracks:speed><mytracks:gradient>0.0004606515115851912</mytracks:gradient><mytracks:length>0.02422283010912219</mytracks:length></extensions></trkpt><trkpt lat="45.31846447013546" lon="-75.51129280242689"><ele>81.45249803102804</ele><time>2025-10-04T15:36:25.50100Z</time><extensions><mytracks:speed>87.17601768315508</mytracks:speed><mytracks:length>0.02421575965120648</mytracks:length></extensions></trkpt><trkpt lat="45.31826023829217" lon="-75.51118281056822"><ele>81.32771242502214</ele><time>2025-10-04T15:36:26.50100Z</time><extensions><mytracks:speed>87.41961369331885</mytracks:speed><mytracks:length>0.02428340260787538</mytracks:length></extensions></trkpt><trkpt lat="45.31805249158077" lon="-75.51107057158451"><ele>80.83966447894183</ele><time>2025-10-04T15:36:27.50100Z</time><extensions><mytracks:speed>88.95922993107106</mytracks:speed><mytracks:length>0.02471109456956478</mytracks:length></extensions></trkpt><trkpt lat="45.31784390712309" lon="-75.51095767590166"><ele>80.26891115789594</ele><time>2025-10-04T15:36:28.50100Z</time><extensions><mytracks:speed>89.33852218687687</mytracks:speed><mytracks:length>0.02481645732934347</mytracks:length></extensions></trkpt><trkpt lat="45.31763269293261" lon="-75.51084678727948"><ele>79.9168375387496</ele><time>2025-10-04T15:36:29.50100Z</time><extensions><mytracks:speed>90.12660146045626</mytracks:speed><mytracks:length>0.02503539388860948</mytracks:length></extensions></trkpt><trkpt lat="45.31742162614914" lon="-75.51073590019763"><ele>79.64639095734519</ele><time>2025-10-04T15:36:30.50100Z</time><extensions><mytracks:speed>90.07098576404894</mytracks:speed><mytracks:length>0.0250199091530931</mytracks:length></extensions></trkpt><trkpt lat="45.31721224731128" lon="-75.51062537795653"><ele>79.59873218740834</ele><time>2025-10-04T15:36:31.50100Z</time><extensions><mytracks:speed>89.40124559225541</mytracks:speed><mytracks:length>0.02483388359914569</mytracks:length></extensions></trkpt><trkpt lat="45.31700270516058" lon="-75.51051348330738"><ele>79.68381035386525</ele><time>2025-10-04T15:36:32.50100Z</time><extensions><mytracks:speed>89.59758345949948</mytracks:speed><mytracks:gradient>0.003418380413437968</mytracks:gradient><mytracks:length>0.0248884431125511</mytracks:length></extensions></trkpt><trkpt lat="45.31679281659343" lon="-75.51039932478169"><ele>80.06881199324815</ele><time>2025-10-04T15:36:33.50100Z</time><extensions><mytracks:speed>89.95354991668688</mytracks:speed><mytracks:gradient>0.01540790028583553</mytracks:gradient><mytracks:length>0.02498728783550241</mytracks:length></extensions></trkpt><trkpt lat="45.31658233504999" lon="-75.51028430620099"><ele>80.5961670248242</ele><time>2025-10-04T15:36:34.50100Z</time><extensions><mytracks:speed>90.26134770357177</mytracks:speed><mytracks:gradient>0.02103294843219974</mytracks:gradient><mytracks:length>0.02507280580637531</mytracks:length></extensions></trkpt><trkpt lat="45.31637212407202" lon="-75.51016903862549"><ele>81.1188474476948</ele><time>2025-10-04T15:36:35.50100Z</time><extensions><mytracks:speed>90.18563545265091</mytracks:speed><mytracks:gradient>0.02086401298750881</mytracks:gradient><mytracks:length>0.02505176847730749</mytracks:length></extensions></trkpt><trkpt lat="45.31616206016277" lon="-75.51005342755282"><ele>81.69095970479864</ele><time>2025-10-04T15:36:36.50100Z</time><extensions><mytracks:speed>90.16629227923826</mytracks:speed><mytracks:gradient>0.02284212139791797</mytracks:gradient><mytracks:length>0.0250463714441158</mytracks:length></extensions></trkpt><trkpt lat="45.31595324096573" lon="-75.50993878145786"><ele>81.92139273192392</ele><time>2025-10-04T15:36:37.50100Z</time><extensions><mytracks:speed>89.60291534631662</mytracks:speed><mytracks:gradient>0.009258096866282874</mytracks:gradient><mytracks:length>0.02488989156772467</mytracks:length></extensions></trkpt><trkpt lat="45.31574484417121" lon="-75.50982503412872"><ele>81.96908049470576</ele><time>2025-10-04T15:36:38.50100Z</time><extensions><mytracks:speed>89.35486342383679</mytracks:speed><mytracks:gradient>0.001921267044711788</mytracks:gradient><mytracks:length>0.02482099659862842</mytracks:length></extensions></trkpt><trkpt lat="45.31553575197896" lon="-75.50971073724698"><ele>81.91533882794235</ele><time>2025-10-04T15:36:39.50100Z</time><extensions><mytracks:speed>89.67000226067275</mytracks:speed><mytracks:length>0.02490853290471928</mytracks:length></extensions></trkpt><trkpt lat="45.31532552752241" lon="-75.50959764710636"><ele>81.83945100447903</ele><time>2025-10-04T15:36:40.50100Z</time><extensions><mytracks:speed>89.97235446610991</mytracks:speed><mytracks:length>0.02499251731993887</mytracks:length></extensions></trkpt><trkpt lat="45.31511116394992" lon="-75.50948458684937"><ele>81.8317604769497</ele><time>2025-10-04T15:36:41.50100Z</time><extensions><mytracks:speed>91.52140261708323</mytracks:speed><mytracks:length>0.02542281488904889</mytracks:length></extensions></trkpt><trkpt lat="45.31489489211252" lon="-75.50936948719344"><ele>81.83593212337081</ele><time>2025-10-04T15:36:42.50100Z</time><extensions><mytracks:speed>92.43760942194479</mytracks:speed><mytracks:gradient>0.000162464233682717</mytracks:gradient><mytracks:length>0.02567732187295099</mytracks:length></extensions></trkpt><trkpt lat="45.31467676810711" lon="-75.50925411175415"><ele>82.01342490525657</ele><time>2025-10-04T15:36:43.50100Z</time><extensions><mytracks:speed>93.15940180929819</mytracks:speed><mytracks:gradient>0.006858872447630429</mytracks:gradient><mytracks:length>0.02587783680786773</mytracks:length></extensions></trkpt><trkpt lat="45.314456832714" lon="-75.50913753091336"><ele>82.16635215919516</ele><time>2025-10-04T15:36:44.50100Z</time><extensions><mytracks:speed>93.95782679795275</mytracks:speed><mytracks:gradient>0.005859369086742089</mytracks:gradient><mytracks:length>0.02609961101180877</mytracks:length></extensions></trkpt><trkpt lat="45.31423749899766" lon="-75.50901994851995"><ele>82.27545483120028</ele><time>2025-10-04T15:36:45.50100Z</time><extensions><mytracks:speed>93.83089601487691</mytracks:speed><mytracks:gradient>0.004185894177067637</mytracks:gradient><mytracks:length>0.02606436459928664</mytracks:length></extensions></trkpt><trkpt lat="45.3140175229782" lon="-75.50890228855054"><ele>82.35978343940845</ele><time>2025-10-04T15:36:46.50100Z</time><extensions><mytracks:speed>94.07888766087414</mytracks:speed><mytracks:gradient>0.003226869310195793</mytracks:gradient><mytracks:length>0.02613325799768781</mytracks:length></extensions></trkpt><trkpt lat="45.31379705212801" lon="-75.50878457843368"><ele>82.3412377867008</ele><time>2025-10-04T15:36:47.50100Z</time><extensions><mytracks:speed>94.27053281852388</mytracks:speed><mytracks:length>0.02618648699636683</mytracks:length></extensions></trkpt><trkpt lat="45.31357737758942" lon="-75.50866691829798"><ele>82.35146638751442</ele><time>2025-10-04T15:36:48.50100Z</time><extensions><mytracks:speed>93.96650597762715</mytracks:speed><mytracks:gradient>0.0003918699634957875</mytracks:gradient><mytracks:length>0.02610202813803803</mytracks:length></extensions></trkpt><trkpt lat="45.31335770420036" lon="-75.50854867815207"><ele>82.3179146352514</ele><time>2025-10-04T15:36:49.50100Z</time><extensions><mytracks:speed>94.0230690399506</mytracks:speed><mytracks:length>0.02611773400587657</mytracks:length></extensions></trkpt><trkpt lat="45.31313758742055" lon="-75.50843025021548"><ele>82.23904428541036</ele><time>2025-10-04T15:36:50.50100Z</time><extensions><mytracks:speed>94.20807649604963</mytracks:speed><mytracks:length>0.0261691004319999</mytracks:length></extensions></trkpt><trkpt lat="45.31291573930199" lon="-75.50831193142004"><ele>82.02204456851138</ele><time>2025-10-04T15:36:51.50100Z</time><extensions><mytracks:speed>94.8463264690949</mytracks:speed><mytracks:length>0.02634638395826672</mytracks:length></extensions></trkpt><trkpt lat="45.3126932412877" lon="-75.50819349939667"><ele>81.78653659540268</ele><time>2025-10-04T15:36:52.50100Z</time><extensions><mytracks:speed>95.10084833273613</mytracks:speed><mytracks:length>0.02641710071047882</mytracks:length></extensions></trkpt><trkpt lat="45.31247062206187" lon="-75.50807477913609"><ele>81.4526114984767</ele><time>2025-10-04T15:36:53.50100Z</time><extensions><mytracks:speed>95.17512549972278</mytracks:speed><mytracks:length>0.02643773341181825</mytracks:length></extensions></trkpt><trkpt lat="45.31213100915605" lon="-75.5078933228108"><ele>80.72074762904357</ele><time>2025-10-04T15:36:55.00000Z</time><extensions><mytracks:speed>96.84577089624614</mytracks:speed><mytracks:length>0.04034102317752824</mytracks:length></extensions></trkpt><trkpt lat="45.31190996590508" lon="-75.50777302277984"><ele>80.47499146892534</ele><time>2025-10-04T15:36:56.00000Z</time><extensions><mytracks:speed>96.01222255260653</mytracks:speed><mytracks:length>0.02631746187517382</mytracks:length></extensions></trkpt><trkpt lat="45.31169269897934" lon="-75.50765481566897"><ele>80.25162710068781</ele><time>2025-10-04T15:36:57.00000Z</time><extensions><mytracks:speed>93.9516793776901</mytracks:speed><mytracks:length>0.02586668947436913</mytracks:length></extensions></trkpt><trkpt lat="45.31137546914554" lon="-75.50748193269607"><ele>80.12396094759663</ele><time>2025-10-04T15:36:58.50000Z</time><extensions><mytracks:speed>90.67537013563886</mytracks:speed><mytracks:length>0.03777613766938295</mytracks:length></extensions></trkpt><trkpt lat="45.31117018247359" lon="-75.50736817915157"><ele>80.20499270236834</ele><time>2025-10-04T15:36:59.50000Z</time><extensions><mytracks:speed>88.195015707292</mytracks:speed><mytracks:gradient>0.003307577089886229</mytracks:gradient><mytracks:length>0.02449882574755106</mytracks:length></extensions></trkpt><trkpt lat="45.31096679932072" lon="-75.50725689920142"><ele>80.13415270581608</ele><time>2025-10-04T15:37:00.50000Z</time><extensions><mytracks:speed>87.23310911628863</mytracks:speed><mytracks:length>0.02423157229531325</mytracks:length></extensions></trkpt><trkpt lat="45.31076305693852" lon="-75.50714564372136"><ele>79.78626915297569</ele><time>2025-10-04T15:37:01.50000Z</time><extensions><mytracks:speed>87.36564032406467</mytracks:speed><mytracks:length>0.02426836650129909</mytracks:length></extensions></trkpt><trkpt lat="45.31056001737048" lon="-75.50703411331797"><ele>79.51290601913998</ele><time>2025-10-04T15:37:02.50000Z</time><extensions><mytracks:speed>87.13031583870927</mytracks:speed><mytracks:length>0.02420310209767759</mytracks:length></extensions></trkpt><trkpt lat="45.31035742854762" lon="-75.50692677195694"><ele>79.45367742816929</ele><time>2025-10-04T15:37:03.50000Z</time><extensions><mytracks:speed>86.54336344969433</mytracks:speed><mytracks:length>0.02404000945553639</mytracks:length></extensions></trkpt><trkpt lat="45.31015665803447" lon="-75.50681952006644"><ele>79.33853994981655</ele><time>2025-10-04T15:37:04.50000Z</time><extensions><mytracks:speed>85.85305699628415</mytracks:speed><mytracks:length>0.02384823059090896</mytracks:length></extensions></trkpt><trkpt lat="45.30995868465348" lon="-75.50671180513783"><ele>79.40053850490044</ele><time>2025-10-04T15:37:05.50000Z</time><extensions><mytracks:speed>84.8523082220305</mytracks:speed><mytracks:gradient>0.002630361805735893</mytracks:gradient><mytracks:length>0.023570352545681</mytracks:length></extensions></trkpt><trkpt lat="45.30975980913595" lon="-75.50660248350913"><ele>79.20783597295512</ele><time>2025-10-04T15:37:06.50000Z</time><extensions><mytracks:speed>85.35141512553875</mytracks:speed><mytracks:length>0.02370893839629325</mytracks:length></extensions></trkpt><trkpt lat="45.30956299811651" lon="-75.50649264125555"><ele>78.65699979285114</ele><time>2025-10-04T15:37:07.50000Z</time><extensions><mytracks:speed>84.63492987504402</mytracks:speed><mytracks:length>0.02350985968726563</mytracks:length></extensions></trkpt><trkpt lat="45.30936806622058" lon="-75.50638933120821"><ele>78.3017424775794</ele><time>2025-10-04T15:37:08.50000Z</time><extensions><mytracks:speed>83.27468526339096</mytracks:speed><mytracks:length>0.02313209140784909</mytracks:length></extensions></trkpt><trkpt lat="45.30917413901946" lon="-75.5062872732572"><ele>78.11535011384809</ele><time>2025-10-04T15:37:09.50000Z</time><extensions><mytracks:speed>82.77535782067075</mytracks:speed><mytracks:length>0.02299336052501128</mytracks:length></extensions></trkpt><trkpt lat="45.30898656439012" lon="-75.50619025461683"><ele>78.10384943835768</ele><time>2025-10-04T15:37:10.50000Z</time><extensions><mytracks:speed>79.89885584209921</mytracks:speed><mytracks:length>0.02219436209420529</mytracks:length></extensions></trkpt><trkpt lat="45.30880395008397" lon="-75.50609603985345"><ele>78.23841530894954</ele><time>2025-10-04T15:37:11.50000Z</time><extensions><mytracks:speed>77.76273539815786</mytracks:speed><mytracks:gradient>0.006229593899551303</mytracks:gradient><mytracks:length>0.0216010662591584</mytracks:length></extensions></trkpt><trkpt lat="45.30862780329243" lon="-75.50600031829525"><ele>78.28678811888037</ele><time>2025-10-04T15:37:12.50000Z</time><extensions><mytracks:speed>75.48458266099541</mytracks:speed><mytracks:gradient>0.002306956182638336</mytracks:gradient><mytracks:length>0.02096823957683665</mytracks:length></extensions></trkpt><trkpt lat="45.30846002878788" lon="-75.50590991673401"><ele>78.19429901183061</ele><time>2025-10-04T15:37:13.50000Z</time><extensions><mytracks:speed>71.81972112644858</mytracks:speed><mytracks:length>0.01995019602997519</mytracks:length></extensions></trkpt><trkpt lat="45.30829999842648" lon="-75.50582302984766"><ele>78.12861169153562</ele><time>2025-10-04T15:37:14.50000Z</time><extensions><mytracks:speed>68.57086473963803</mytracks:speed><mytracks:length>0.0190477212800061</mytracks:length></extensions></trkpt><trkpt lat="45.30814937708153" lon="-75.50574000638326"><ele>78.14125265183611</ele><time>2025-10-04T15:37:15.50000Z</time><extensions><mytracks:speed>64.66541227117384</mytracks:speed><mytracks:gradient>0.0007037279022315514</mytracks:gradient><mytracks:length>0.01796285220523772</mytracks:length></extensions></trkpt><trkpt lat="45.30800864459891" lon="-75.50566081238982"><ele>78.05287564552161</ele><time>2025-10-04T15:37:16.50000Z</time><extensions><mytracks:speed>60.58558917968433</mytracks:speed><mytracks:length>0.01682954098000385</mytracks:length></extensions></trkpt><trkpt lat="45.3078767956966" lon="-75.50558492538822"><ele>78.11455617867702</ele><time>2025-10-04T15:37:17.50000Z</time><extensions><mytracks:speed>56.94018427028366</mytracks:speed><mytracks:gradient>0.003899656154024276</mytracks:gradient><mytracks:length>0.01581691583032489</mytracks:length></extensions></trkpt><trkpt lat="45.30775450427281" lon="-75.50551417998059"><ele>78.03726035040104</ele><time>2025-10-04T15:37:18.50000Z</time><extensions><mytracks:speed>52.8507309968922</mytracks:speed><mytracks:length>0.01468093886877665</mytracks:length></extensions></trkpt><trkpt lat="45.30763904533289" lon="-75.50544981436217"><ele>78.00657736177124</ele><time>2025-10-04T15:37:19.50000Z</time><extensions><mytracks:speed>49.64394308860822</mytracks:speed><mytracks:length>0.01379014858070189</mytracks:length></extensions></trkpt><trkpt lat="45.30752878040137" lon="-75.50539103789713"><ele>78.05216036078421</ele><time>2025-10-04T15:37:20.50000Z</time><extensions><mytracks:speed>47.13976076517044</mytracks:speed><mytracks:gradient>0.003481070705415895</mytracks:gradient><mytracks:length>0.01309453408747486</mytracks:length></extensions></trkpt><trkpt lat="45.30742692077288" lon="-75.50533933948634"><ele>77.9312057248723</ele><time>2025-10-04T15:37:21.50000Z</time><extensions><mytracks:speed>43.29343760949015</mytracks:speed><mytracks:length>0.01202609538486784</mytracks:length></extensions></trkpt><trkpt lat="45.3073360186242" lon="-75.50529599064546"><ele>78.00584050023643</ele><time>2025-10-04T15:37:22.50000Z</time><extensions><mytracks:speed>38.38107424486709</mytracks:speed><mytracks:gradient>0.007000378642761437</mytracks:gradient><mytracks:length>0.01066153406449033</mytracks:length></extensions></trkpt><trkpt lat="45.30725987728766" lon="-75.50526245506309"><ele>78.00994077697594</ele><time>2025-10-04T15:37:23.50000Z</time><extensions><mytracks:speed>31.90867506659822</mytracks:speed><mytracks:gradient>0.0004625960591329587</mytracks:gradient><mytracks:length>0.008863622286779112</mytracks:length></extensions></trkpt><trkpt lat="45.30720104292052" lon="-75.50523978614737"><ele>78.21276253051005</ele><time>2025-10-04T15:37:24.50000Z</time><extensions><mytracks:speed>24.40198546350679</mytracks:speed><mytracks:gradient>0.02992174378234938</mytracks:gradient><mytracks:length>0.00677840686724124</mytracks:length></extensions></trkpt><trkpt lat="45.30715598229146" lon="-75.5052269223775"><ele>78.5457591814662</ele><time>2025-10-04T15:37:25.50000Z</time><extensions><mytracks:speed>18.39817298618642</mytracks:speed><mytracks:gradient>0.06515728164841601</mytracks:gradient><mytracks:length>0.005110659047333699</mytracks:length></extensions></trkpt><trkpt lat="45.3071147899761" lon="-75.50522726227996"><ele>78.90052618065737</ele><time>2025-10-04T15:37:26.50000Z</time><extensions><mytracks:speed>16.48985905499529</mytracks:speed><mytracks:gradient>0.07745046128231638</mytracks:gradient><mytracks:length>0.004580566639855138</mytracks:length></extensions></trkpt><trkpt lat="45.30707188946329" lon="-75.50524878064098"><ele>79.41087306052901</ele><time>2025-10-04T15:37:27.50000Z</time><extensions><mytracks:speed>18.21313811321539</mytracks:speed><mytracks:gradient>0.1008738452319726</mytracks:gradient><mytracks:length>0.005059258707725855</mytracks:length></extensions></trkpt><trkpt lat="45.30702400780583" lon="-75.50530311662104"><ele>79.90167876362277</ele><time>2025-10-04T15:37:28.50000Z</time><extensions><mytracks:speed>24.52612080224969</mytracks:speed><mytracks:gradient>0.07204075707867262</mytracks:gradient><mytracks:length>0.006812889300396548</mytracks:length></extensions></trkpt><trkpt lat="45.30697025309435" lon="-75.50539561704606"><ele>80.24315576661228</ele><time>2025-10-04T15:37:29.50000Z</time><extensions><mytracks:speed>33.78275114198978</mytracks:speed><mytracks:gradient>0.03638850696473007</mytracks:gradient><mytracks:length>0.009384199338557274</mytracks:length></extensions></trkpt><trkpt lat="45.30691212195985" lon="-75.50552464202981"><ele>80.44645748267716</ele><time>2025-10-04T15:37:30.50000Z</time><extensions><mytracks:speed>43.13943380088099</mytracks:speed><mytracks:gradient>0.01696541738356402</mytracks:gradient><mytracks:length>0.01198330176431984</mytracks:length></extensions></trkpt><trkpt lat="45.30684991738134" lon="-75.50568192287608"><ele>80.59055603398868</ele><time>2025-10-04T15:37:31.50000Z</time><extensions><mytracks:speed>50.8010533512518</mytracks:speed><mytracks:gradient>0.01021139071815324</mytracks:gradient><mytracks:length>0.01411155006098678</mytracks:length></extensions></trkpt><trkpt lat="45.30677826292541" lon="-75.5058619277454"><ele>80.65653257323167</ele><time>2025-10-04T15:37:32.50000Z</time><extensions><mytracks:speed>58.23137897436168</mytracks:speed><mytracks:gradient>0.00407878501857643</mytracks:gradient><mytracks:length>0.01617553730890751</mytracks:length></extensions></trkpt><trkpt lat="45.30669763043495" lon="-75.50605948763332"><ele>80.77171847493861</ele><time>2025-10-04T15:37:33.50000Z</time><extensions><mytracks:speed>64.30789622717414</mytracks:speed><mytracks:gradient>0.006448120964770837</mytracks:gradient><mytracks:length>0.01786348338318288</mytracks:length></extensions></trkpt><trkpt lat="45.30660950873542" lon="-75.50627260322585"><ele>80.92868396166307</ele><time>2025-10-04T15:37:34.50000Z</time><extensions><mytracks:speed>69.60072759195369</mytracks:speed><mytracks:gradient>0.008118737346902187</mytracks:gradient><mytracks:length>0.01933373134485644</mytracks:length></extensions></trkpt><trkpt lat="45.30651421438829" lon="-75.50650027470773"><ele>81.01840635878861</ele><time>2025-10-04T15:37:35.50000Z</time><extensions><mytracks:speed>74.58907590461889</mytracks:speed><mytracks:gradient>0.004330357399798355</mytracks:gradient><mytracks:length>0.02071939769445344</mytracks:length></extensions></trkpt><trkpt lat="45.30641629466759" lon="-75.50673678477948"><ele>81.03888063508121</ele><time>2025-10-04T15:37:36.50000Z</time><extensions><mytracks:speed>77.26580030943846</mytracks:speed><mytracks:gradient>0.0009539363637037424</mytracks:gradient><mytracks:length>0.02146293722687112</mytracks:length></extensions></trkpt><trkpt lat="45.30631449760231" lon="-75.5069813461437"><ele>81.06035284046723</ele><time>2025-10-04T15:37:37.50000Z</time><extensions><mytracks:speed>80.00774873469607</mytracks:speed><mytracks:gradient>0.0009661461019141481</mytracks:gradient><mytracks:length>0.02222459454473542</mytracks:length></extensions></trkpt><trkpt lat="45.30621078688318" lon="-75.50723008995615"><ele>81.10375477465131</ele><time>2025-10-04T15:37:38.50000Z</time><extensions><mytracks:speed>81.41153563045134</mytracks:speed><mytracks:gradient>0.001919205116674184</mytracks:gradient><mytracks:length>0.02261453651149441</mytracks:length></extensions></trkpt><trkpt lat="45.30610571760116" lon="-75.50748140720205"><ele>81.19218910347276</ele><time>2025-10-04T15:37:39.50000Z</time><extensions><mytracks:speed>82.31187301328558</mytracks:speed><mytracks:gradient>0.003867734969800634</mytracks:gradient><mytracks:length>0.02286462994800493</mytracks:length></extensions></trkpt><trkpt lat="45.30599911037201" lon="-75.50773281229223"><ele>81.28492624566738</ele><time>2025-10-04T15:37:40.50000Z</time><extensions><mytracks:speed>82.65033364273842</mytracks:speed><mytracks:gradient>0.004039312527121655</mytracks:gradient><mytracks:length>0.02295864496048411</mytracks:length></extensions></trkpt><trkpt lat="45.30589244855836" lon="-75.50798402585245"><ele>81.60301531983245</ele><time>2025-10-04T15:37:41.50000Z</time><extensions><mytracks:speed>82.61570267542267</mytracks:speed><mytracks:gradient>0.01386067913596981</mytracks:gradient><mytracks:length>0.02294902515560011</mytracks:length></extensions></trkpt><trkpt lat="45.30578570431006" lon="-75.50823321138472"><ele>82.0583784157046</ele><time>2025-10-04T15:37:42.50000Z</time><extensions><mytracks:speed>82.14426737947404</mytracks:speed><mytracks:gradient>0.01995624970473865</mytracks:gradient><mytracks:length>0.02281806965784846</mytracks:length></extensions></trkpt><trkpt lat="45.30568004016278" lon="-75.50848003204852"><ele>82.50801127619778</ele><time>2025-10-04T15:37:43.50000Z</time><extensions><mytracks:speed>81.35054703816827</mytracks:speed><mytracks:gradient>0.01989737902175685</mytracks:gradient><mytracks:length>0.0225975923764396</mytracks:length></extensions></trkpt><trkpt lat="45.30557596353741" lon="-75.50872371145053"><ele>82.84480550011915</ele><time>2025-10-04T15:37:44.50000Z</time><extensions><mytracks:speed>80.26501509406043</mytracks:speed><mytracks:gradient>0.0151055519372558</mytracks:gradient><mytracks:length>0.02229605547154592</mytracks:length></extensions></trkpt><trkpt lat="45.30547387060746" lon="-75.50896341559977"><ele>82.98220422682134</ele><time>2025-10-04T15:37:45.50000Z</time><extensions><mytracks:speed>78.89638172842618</mytracks:speed><mytracks:gradient>0.006269371143844528</mytracks:gradient><mytracks:length>0.02191587059526536</mytracks:length></extensions></trkpt><trkpt lat="45.3053739931086" lon="-75.509201935261"><ele>82.90860307493774</ele><time>2025-10-04T15:37:46.50000Z</time><extensions><mytracks:speed>78.15341490100599</mytracks:speed><mytracks:length>0.02170948377689588</mytracks:length></extensions></trkpt><trkpt lat="45.30527477523861" lon="-75.50943759992361"><ele>82.79903101661513</ele><time>2025-10-04T15:37:47.50000Z</time><extensions><mytracks:speed>77.32781031068984</mytracks:speed><mytracks:length>0.0214801470360471</mytracks:length></extensions></trkpt><trkpt lat="45.30517878244857" lon="-75.50966858466775"><ele>82.72101461860044</ele><time>2025-10-04T15:37:48.50000Z</time><extensions><mytracks:speed>75.53602428859205</mytracks:speed><mytracks:length>0.0209824190660756</mytracks:length></extensions></trkpt><trkpt lat="45.30508773142576" lon="-75.5098888652977"><ele>82.63999829136009</ele><time>2025-10-04T15:37:49.50000Z</time><extensions><mytracks:speed>71.93622599415923</mytracks:speed><mytracks:length>0.01998247080014943</mytracks:length></extensions></trkpt><trkpt lat="45.30500178985147" lon="-75.51009526345847"><ele>82.73932250636109</ele><time>2025-10-04T15:37:50.50000Z</time><extensions><mytracks:speed>67.53013461635162</mytracks:speed><mytracks:gradient>0.005294876478726054</mytracks:gradient><mytracks:length>0.01875855185670018</mytracks:length></extensions></trkpt><trkpt lat="45.30492588417146" lon="-75.51028052117854"><ele>82.86459203651404</ele><time>2025-10-04T15:37:51.50000Z</time><extensions><mytracks:speed>60.36366280653678</mytracks:speed><mytracks:gradient>0.007470820036348399</mytracks:gradient><mytracks:length>0.01676784202316001</mytracks:length></extensions></trkpt><trkpt lat="45.30486008710425" lon="-75.51044322251907"><ele>82.98632423832342</ele><time>2025-10-04T15:37:52.50000Z</time><extensions><mytracks:speed>52.84094238850659</mytracks:speed><mytracks:gradient>0.008293414762926062</mytracks:gradient><mytracks:length>0.01467817603353897</mytracks:length></extensions></trkpt><trkpt lat="45.30480457482014" lon="-75.51058144777538"><ele>83.04304124349625</ele><time>2025-10-04T15:37:53.50000Z</time><extensions><mytracks:speed>44.81541000360706</mytracks:speed><mytracks:gradient>0.004556008050799013</mytracks:gradient><mytracks:length>0.01244883778528036</mytracks:length></extensions></trkpt><trkpt lat="45.30476103753842" lon="-75.51069226129479"><ele>82.86847090502833</ele><time>2025-10-04T15:37:54.50000Z</time><extensions><mytracks:speed>35.73681292515944</mytracks:speed><mytracks:length>0.009926982415923749</mytracks:length></extensions></trkpt><trkpt lat="45.3047299828301" lon="-75.51077376672214"><ele>82.59605987229043</ele><time>2025-10-04T15:37:55.50000Z</time><extensions><mytracks:speed>26.09966841321032</mytracks:speed><mytracks:length>0.007249974440298851</mytracks:length></extensions></trkpt><trkpt lat="45.30470633711081" lon="-75.51083149003462"><ele>82.32062820039565</ele><time>2025-10-04T15:37:56.50000Z</time><extensions><mytracks:speed>18.81254701023473</mytracks:speed><mytracks:length>0.005225754847261772</mytracks:length></extensions></trkpt><trkpt lat="45.3046864459284" lon="-75.51087033786297"><ele>82.23487739987061</ele><time>2025-10-04T15:37:57.50000Z</time><extensions><mytracks:speed>13.53316139944186</mytracks:speed><mytracks:length>0.003759246006080737</mytracks:length></extensions></trkpt><trkpt lat="45.30467643071169" lon="-75.51089018381883"><ele>82.19934289615087</ele><time>2025-10-04T15:37:58.50000Z</time><extensions><mytracks:speed>6.87786653007443</mytracks:speed><mytracks:length>0.001910536017445638</mytracks:length></extensions></trkpt><trkpt lat="45.30467001778786" lon="-75.51090012287482"><ele>82.16885167961725</ele><time>2025-10-04T15:37:59.50000Z</time><extensions><mytracks:speed>3.79034540420227</mytracks:speed><mytracks:length>0.001052883387838818</mytracks:length></extensions></trkpt><trkpt lat="45.30466975362601" lon="-75.51090062093378"><ele>82.16654240812134</ele><time>2025-10-04T15:38:00.50000Z</time><extensions><mytracks:speed>1.992808949021483</mytracks:speed><mytracks:length>0</mytracks:length></extensions></trkpt><trkpt lat="45.30467560633804" lon="-75.51089496392518"><ele>81.89361273105114</ele><time>2025-10-04T15:38:01.50000Z</time><extensions><mytracks:speed>2.838904124411498</mytracks:speed><mytracks:length>0.0007885918115176423</mytracks:length></extensions></trkpt><trkpt lat="45.3046804837139" lon="-75.51089138071693"><ele>81.537636308218</ele><time>2025-10-04T15:38:02.50000Z</time><extensions><mytracks:speed>2.214884238704057</mytracks:speed><mytracks:length>0.0006152510492437556</mytracks:length></extensions></trkpt><trkpt lat="45.30468669702353" lon="-75.51089156334642"><ele>81.13266464016543</ele><time>2025-10-04T15:38:03.50000Z</time><extensions><mytracks:speed>2.488079007266669</mytracks:speed><mytracks:length>0.0006911394015640945</mytracks:length></extensions></trkpt><trkpt lat="45.30469357666782" lon="-75.51089588342313"><ele>80.42857165701473</ele><time>2025-10-04T15:38:04.50000Z</time><extensions><mytracks:speed>3.037665390668397</mytracks:speed><mytracks:length>0.0008438033853876242</mytracks:length></extensions></trkpt><trkpt lat="45.304697244868" lon="-75.51090573760766"><ele>79.75502070886452</ele><time>2025-10-04T15:38:05.50000Z</time><extensions><mytracks:speed>3.150908924886634</mytracks:speed><mytracks:length>0.0008752602001639161</mytracks:length></extensions></trkpt><trkpt lat="45.30469203607311" lon="-75.51091182979928"><ele>78.9946151874515</ele><time>2025-10-04T15:38:06.50000Z</time><extensions><mytracks:speed>2.712667465334241</mytracks:speed><mytracks:length>0.0007535255671795838</mytracks:length></extensions></trkpt><trkpt lat="45.30467483507483" lon="-75.51091108754176"><ele>78.28391688509919</ele><time>2025-10-04T15:38:07.50000Z</time><extensions><mytracks:speed>6.894828824187741</mytracks:speed><mytracks:length>0.001915247580746893</mytracks:length></extensions></trkpt><trkpt lat="45.30464345232916" lon="-75.51089604402611"><ele>77.96235822633881</ele><time>2025-10-04T15:38:08.50000Z</time><extensions><mytracks:speed>13.25850430293647</mytracks:speed><mytracks:length>0.003682951228816454</mytracks:length></extensions></trkpt><trkpt lat="45.30459363335105" lon="-75.51086612406836"><ele>77.79439100165405</ele><time>2025-10-04T15:38:09.50000Z</time><extensions><mytracks:speed>21.64744488384421</mytracks:speed><mytracks:length>0.006013235046892548</mytracks:length></extensions></trkpt><trkpt lat="45.30452765395133" lon="-75.51082646235356"><ele>77.85205280756875</ele><time>2025-10-04T15:38:10.50000Z</time><extensions><mytracks:speed>28.67561000706892</mytracks:speed><mytracks:gradient>0.00723892692522226</mytracks:gradient><mytracks:length>0.007965518440833652</mytracks:length></extensions></trkpt><trkpt lat="45.30444547486227" lon="-75.51077842925565"><ele>77.94595977911654</ele><time>2025-10-04T15:38:11.50000Z</time><extensions><mytracks:speed>35.56809567952444</mytracks:speed><mytracks:gradient>0.009504643658955895</mytracks:gradient><mytracks:length>0.009880114911966859</mytracks:length></extensions></trkpt><trkpt lat="45.30434881559652" lon="-75.51072757331032"><ele>78.09290865375499</ele><time>2025-10-04T15:38:12.50000Z</time><extensions><mytracks:speed>41.25729651721399</mytracks:speed><mytracks:gradient>0.01282224480429455</mytracks:gradient><mytracks:length>0.01146046397345625</mytracks:length></extensions></trkpt><trkpt lat="45.30424285292964" lon="-75.51066937775323"><ele>78.28882898610175</ele><time>2025-10-04T15:38:13.50000Z</time><extensions><mytracks:speed>45.47260913380281</mytracks:speed><mytracks:gradient>0.01551059136709696</mytracks:gradient><mytracks:length>0.01263139023585975</mytracks:length></extensions></trkpt><trkpt lat="45.30412804226279" lon="-75.51060547722226"><ele>78.46331350141976</ele><time>2025-10-04T15:38:14.50000Z</time><extensions><mytracks:speed>49.35501966179259</mytracks:speed><mytracks:gradient>0.01272694233927126</mytracks:gradient><mytracks:length>0.01370985352700235</mytracks:length></extensions></trkpt><trkpt lat="45.30400673089661" lon="-75.51053668812028"><ele>78.67965969305352</ele><time>2025-10-04T15:38:15.50000Z</time><extensions><mytracks:speed>52.27985422677773</mytracks:speed><mytracks:gradient>0.01489750734240875</mytracks:gradient><mytracks:length>0.01452230810572505</mytracks:length></extensions></trkpt><trkpt lat="45.30387731098383" lon="-75.51046507523883"><ele>78.68398143546716</ele><time>2025-10-04T15:38:16.50000Z</time><extensions><mytracks:speed>55.59105211183422</mytracks:speed><mytracks:gradient>0.0002798676199165855</mytracks:gradient><mytracks:length>0.01544209514100041</mytracks:length></extensions></trkpt><trkpt lat="45.30374263972994" lon="-75.51039299818005"><ele>78.50027638523468</ele><time>2025-10-04T15:38:17.50000Z</time><extensions><mytracks:speed>57.6021865813567</mytracks:speed><mytracks:length>0.01600075234770913</mytracks:length></extensions></trkpt><trkpt lat="45.30360222123618" lon="-75.51031865466742"><ele>78.36456347574797</ele><time>2025-10-04T15:38:18.50000Z</time><extensions><mytracks:speed>59.98128892310853</mytracks:speed><mytracks:length>0.0166616181104504</mytracks:length></extensions></trkpt><trkpt lat="45.30345717871969" lon="-75.5102406349498"><ele>78.3349108619056</ele><time>2025-10-04T15:38:19.50000Z</time><extensions><mytracks:speed>62.07793176714768</mytracks:speed><mytracks:length>0.01724402410753011</mytracks:length></extensions></trkpt><trkpt lat="45.30330820036191" lon="-75.51015593410928"><ele>78.34835400649997</ele><time>2025-10-04T15:38:20.50000Z</time><extensions><mytracks:speed>64.22709661162959</mytracks:speed><mytracks:gradient>0.0007534965174814635</mytracks:gradient><mytracks:length>0.01784101755282078</mytracks:length></extensions></trkpt><trkpt lat="45.30315887354473" lon="-75.51006768856033"><ele>78.58157611437115</ele><time>2025-10-04T15:38:21.50100Z</time><extensions><mytracks:speed>64.73341201029143</mytracks:speed><mytracks:gradient>0.01297000043692301</mytracks:gradient><mytracks:length>0.01798165767267319</mytracks:length></extensions></trkpt><trkpt lat="45.30300897166408" lon="-75.50997701899654"><ele>78.74688946959701</ele><time>2025-10-04T15:38:22.50100Z</time><extensions><mytracks:speed>65.20979247234257</mytracks:speed><mytracks:gradient>0.009126278974947293</mytracks:gradient><mytracks:length>0.01811399319258889</mytracks:length></extensions></trkpt><trkpt lat="45.3028554714792" lon="-75.50988352850904"><ele>78.66184053806707</ele><time>2025-10-04T15:38:23.50100Z</time><extensions><mytracks:speed>66.84697994039591</mytracks:speed><mytracks:length>0.01856877155526943</mytracks:length></extensions></trkpt><trkpt lat="45.30270264584819" lon="-75.50979133713841"><ele>78.61096512365012</ele><time>2025-10-04T15:38:24.50100Z</time><extensions><mytracks:speed>66.45529995905501</mytracks:speed><mytracks:length>0.01845997278828506</mytracks:length></extensions></trkpt><trkpt lat="45.30254703183775" lon="-75.50969970032752"><ele>78.47668444350026</ele><time>2025-10-04T15:38:25.50100Z</time><extensions><mytracks:speed>67.42458452586854</mytracks:speed><mytracks:length>0.01872922094062968</mytracks:length></extensions></trkpt><trkpt lat="45.30239104871556" lon="-75.50960911061796"><ele>78.39789600525316</ele><time>2025-10-04T15:38:26.50100Z</time><extensions><mytracks:speed>67.4479671235903</mytracks:speed><mytracks:length>0.01873571616550909</mytracks:length></extensions></trkpt><trkpt lat="45.30223918859822" lon="-75.50952277881576"><ele>78.34024906236436</ele><time>2025-10-04T15:38:27.50100Z</time><extensions><mytracks:speed>65.46902999477604</mytracks:speed><mytracks:length>0.01818599558762537</mytracks:length></extensions></trkpt><trkpt lat="45.30208758955437" lon="-75.50943512428552"><ele>78.26550507415027</ele><time>2025-10-04T15:38:28.50100Z</time><extensions><mytracks:speed>65.51181077468276</mytracks:speed><mytracks:length>0.01819788574619384</mytracks:length></extensions></trkpt><trkpt lat="45.30193612531177" lon="-75.50934529084367"><ele>78.06684299591865</ele><time>2025-10-04T15:38:29.50100Z</time><extensions><mytracks:speed>65.69517192559526</mytracks:speed><mytracks:length>0.01824882637476464</mytracks:length></extensions></trkpt><trkpt lat="45.30178578269728" lon="-75.50925423167999"><ele>77.77457099497025</ele><time>2025-10-04T15:38:30.50100Z</time><extensions><mytracks:speed>65.41546975077742</mytracks:speed><mytracks:length>0.01817112194844157</mytracks:length></extensions></trkpt><trkpt lat="45.30163434202806" lon="-75.50916187191304"><ele>77.62366781392195</ele><time>2025-10-04T15:38:31.50100Z</time><extensions><mytracks:speed>65.96399679533381</mytracks:speed><mytracks:length>0.01832349626650649</mytracks:length></extensions></trkpt><trkpt lat="45.3014816303691" lon="-75.50906923163167"><ele>77.46064988525964</ele><time>2025-10-04T15:38:32.50100Z</time><extensions><mytracks:speed>66.46322458720898</mytracks:speed><mytracks:length>0.01846216969214139</mytracks:length></extensions></trkpt><trkpt lat="45.30132937152818" lon="-75.50897668179562"><ele>77.39943509427761</ele><time>2025-10-04T15:38:33.50100Z</time><extensions><mytracks:speed>66.28725132548156</mytracks:speed><mytracks:length>0.01841328779934325</mytracks:length></extensions></trkpt><trkpt lat="45.30117716165906" lon="-75.50888409607244"><ele>77.46549435224784</ele><time>2025-10-04T15:38:34.50100Z</time><extensions><mytracks:speed>66.27228785197276</mytracks:speed><mytracks:gradient>0.003588397130236157</mytracks:gradient><mytracks:length>0.01840912685321725</mytracks:length></extensions></trkpt><trkpt lat="45.30102362832958" lon="-75.50879030606328"><ele>77.61258427974022</ele><time>2025-10-04T15:38:35.50100Z</time><extensions><mytracks:speed>66.89325975317585</mytracks:speed><mytracks:gradient>0.007915878872318925</mytracks:gradient><mytracks:length>0.01858162938883935</mytracks:length></extensions></trkpt><trkpt lat="45.30087131772014" lon="-75.50869784100314"><ele>77.88406388529674</ele><time>2025-10-04T15:38:36.50100Z</time><extensions><mytracks:speed>66.29605317905026</mytracks:speed><mytracks:gradient>0.01474171983453596</mytracks:gradient><mytracks:length>0.01841573497554311</mytracks:length></extensions></trkpt><trkpt lat="45.30071998625228" lon="-75.50860635469871"><ele>78.22031757392334</ele><time>2025-10-04T15:38:37.50100Z</time><extensions><mytracks:speed>65.82663996954452</mytracks:speed><mytracks:gradient>0.01838925312736965</mytracks:gradient><mytracks:length>0.01828533689202066</mytracks:length></extensions></trkpt><trkpt lat="45.30056998581717" lon="-75.50851577517309"><ele>78.52098671394684</ele><time>2025-10-04T15:38:38.50100Z</time><extensions><mytracks:speed>65.23753434074422</mytracks:speed><mytracks:gradient>0.01659165968729235</mytracks:gradient><mytracks:length>0.01812170365655376</mytracks:length></extensions></trkpt><trkpt lat="45.3004217196757" lon="-75.50842637974671"><ele>78.75376174468171</ele><time>2025-10-04T15:38:39.50100Z</time><extensions><mytracks:speed>64.46760160076165</mytracks:speed><mytracks:gradient>0.01299850774171176</mytracks:gradient><mytracks:length>0.01790782721834322</mytracks:length></extensions></trkpt><trkpt lat="45.30027449494615" lon="-75.50833755403593"><ele>79.03348718194486</ele><time>2025-10-04T15:38:40.50100Z</time><extensions><mytracks:speed>64.0212739069526</mytracks:speed><mytracks:gradient>0.01572919046241355</mytracks:gradient><mytracks:length>0.01778384195496801</mytracks:length></extensions></trkpt><trkpt lat="45.3001244707229" lon="-75.50824500620294"><ele>79.04611442974549</ele><time>2025-10-04T15:38:41.50100Z</time><extensions><mytracks:speed>65.46455400568394</mytracks:speed><mytracks:gradient>0.000694386407838004</mytracks:gradient><mytracks:length>0.01818475658234473</mytracks:length></extensions></trkpt><trkpt lat="45.29997280306895" lon="-75.50815063097505"><ele>79.11906204529849</ele><time>2025-10-04T15:38:42.50100Z</time><extensions><mytracks:speed>66.27313747844003</mytracks:speed><mytracks:gradient>0.003962526096837665</mytracks:gradient><mytracks:length>0.01840937164078786</mytracks:length></extensions></trkpt><trkpt lat="45.2998206703498" lon="-75.50805491761331"><ele>79.17869740375387</ele><time>2025-10-04T15:38:43.50100Z</time><extensions><mytracks:speed>66.59579221419568</mytracks:speed><mytracks:gradient>0.003223708895734558</mytracks:gradient><mytracks:length>0.01849898994735145</mytracks:length></extensions></trkpt><trkpt lat="45.29966753070043" lon="-75.50795808607316"><ele>79.26293780182741</ele><time>2025-10-04T15:38:44.50100Z</time><extensions><mytracks:speed>67.09114189639945</mytracks:speed><mytracks:gradient>0.004520159305831836</mytracks:gradient><mytracks:length>0.0186365993704795</mytracks:length></extensions></trkpt><trkpt lat="45.2995167365284" lon="-75.50786545396325"><ele>79.57317043824661</ele><time>2025-10-04T15:38:45.50100Z</time><extensions><mytracks:speed>65.75737849390381</mytracks:speed><mytracks:gradient>0.01698406168764224</mytracks:gradient><mytracks:length>0.01826610395821449</mytracks:length></extensions></trkpt><trkpt lat="45.29936462715823" lon="-75.50777542480859"><ele>79.80846527543166</ele><time>2025-10-04T15:38:46.50100Z</time><extensions><mytracks:speed>65.95604387577093</mytracks:speed><mytracks:gradient>0.01284270542608268</mytracks:gradient><mytracks:length>0.01832128273433599</mytracks:length></extensions></trkpt><trkpt lat="45.29920764295832" lon="-75.507684637732"><ele>79.98709400168435</ele><time>2025-10-04T15:38:47.52800Z</time><extensions><mytracks:speed>66.02355104029971</mytracks:speed><mytracks:gradient>0.009478801495611545</mytracks:gradient><mytracks:length>0.01884507512214468</mytracks:length></extensions></trkpt><trkpt lat="45.29904946455478" lon="-75.50759366332944"><ele>79.9209429228352</ele><time>2025-10-04T15:38:48.56100Z</time><extensions><mytracks:speed>66.12965412473356</mytracks:speed><mytracks:length>0.01897352649036088</mytracks:length></extensions></trkpt><trkpt lat="45.2988934542733" lon="-75.50750318011585"><ele>79.81754383248163</ele><time>2025-10-04T15:38:49.57500Z</time><extensions><mytracks:speed>66.51421164770396</mytracks:speed><mytracks:length>0.01873571616550909</mytracks:length></extensions></trkpt><trkpt lat="45.29874298539944" lon="-75.50741363704725"><ele>79.62977160543767</ele><time>2025-10-04T15:38:50.54900Z</time><extensions><mytracks:speed>66.76216370512893</mytracks:speed><mytracks:length>0.01813810856535895</mytracks:length></extensions></trkpt><trkpt lat="45.29845803808615" lon="-75.50724493609269"><ele>79.38391902983403</ele><time>2025-10-04T15:38:52.36200Z</time><extensions><mytracks:speed>68.17591302127192</mytracks:speed><mytracks:length>0.03432235992067817</mytracks:length></extensions></trkpt><trkpt lat="45.29829618749288" lon="-75.50715030984077"><ele>79.31166539847244</ele><time>2025-10-04T15:38:53.37100Z</time><extensions><mytracks:speed>69.39148309988687</mytracks:speed><mytracks:length>0.01945942045020443</mytracks:length></extensions></trkpt><trkpt lat="45.2981095430944" lon="-75.50704608196786"><ele>79.22654483422474</ele><time>2025-10-04T15:38:54.52400Z</time><extensions><mytracks:speed>69.61921651500452</mytracks:speed><mytracks:length>0.02229767232866812</mytracks:length></extensions></trkpt><trkpt lat="45.297929840591" lon="-75.50694505962615"><ele>79.08007335340002</ele><time>2025-10-04T15:38:55.63400Z</time><extensions><mytracks:speed>69.70696070349234</mytracks:speed><mytracks:length>0.02148748848907661</mytracks:length></extensions></trkpt><trkpt lat="45.2977731465607" lon="-75.5068552373846"><ele>78.95466075623142</ele><time>2025-10-04T15:38:56.60000Z</time><extensions><mytracks:speed>69.85076643397058</mytracks:speed><mytracks:length>0.0187868775381887</mytracks:length></extensions></trkpt><trkpt lat="45.29746636613378" lon="-75.50668152307809"><ele>78.68935399733959</ele><time>2025-10-04T15:38:58.52000Z</time><extensions><mytracks:speed>68.86074128143163</mytracks:speed><mytracks:length>0.03671885751947428</mytracks:length></extensions></trkpt><trkpt lat="45.29730972731273" lon="-75.50659307809819"><ele>78.4302019135031</ele><time>2025-10-04T15:38:59.49500Z</time><extensions><mytracks:speed>68.95905237770538</mytracks:speed><mytracks:length>0.01874100690657033</mytracks:length></extensions></trkpt><trkpt lat="45.29706821489241" lon="-75.50645584733454"><ele>78.04261343657349</ele><time>2025-10-04T15:39:00.96400Z</time><extensions><mytracks:speed>70.91144234725709</mytracks:speed><mytracks:length>0.02892069501868836</mytracks:length></extensions></trkpt><trkpt lat="45.29689943751449" lon="-75.50635687491425"><ele>77.8150321614656</ele><time>2025-10-04T15:39:01.98700Z</time><extensions><mytracks:speed>71.38365103225607</mytracks:speed><mytracks:length>0.02030106498334249</mytracks:length></extensions></trkpt><trkpt lat="45.29672819758649" lon="-75.50625649558052"><ele>77.64122742607884</ele><time>2025-10-04T15:39:03.01700Z</time><extensions><mytracks:speed>71.99552313836773</mytracks:speed><mytracks:length>0.02059636550291758</mytracks:length></extensions></trkpt><trkpt lat="45.29648075037022" lon="-75.50610896223786"><ele>77.61273286644928</ele><time>2025-10-04T15:39:04.51500Z</time><extensions><mytracks:speed>71.73474735676997</mytracks:speed><mytracks:length>0.02983688190766492</mytracks:length></extensions></trkpt><trkpt lat="45.29631731935265" lon="-75.50600903792801"><ele>77.67788161826034</ele><time>2025-10-04T15:39:05.50500Z</time><extensions><mytracks:speed>71.80047248236458</mytracks:speed><mytracks:gradient>0.0007387192791535036</mytracks:gradient><mytracks:length>0.01978211067939176</mytracks:length></extensions></trkpt><trkpt lat="45.2961518204867" lon="-75.50591103773186"><ele>77.84258649276707</ele><time>2025-10-04T15:39:06.51000Z</time><extensions><mytracks:speed>71.44163104807794</mytracks:speed><mytracks:gradient>0.008261884831169469</mytracks:gradient><mytracks:length>0.01993550840667084</mytracks:length></extensions></trkpt><trkpt lat="45.29598761020719" lon="-75.50581339576514"><ele>78.08527817923068</ele><time>2025-10-04T15:39:07.50700Z</time><extensions><mytracks:speed>71.45145024620052</mytracks:speed><mytracks:gradient>0.01025475966471872</mytracks:gradient><mytracks:length>0.01979213132047434</mytracks:length></extensions></trkpt><trkpt lat="45.29582698955875" lon="-75.50572064969332"><ele>78.34732727694693</ele><time>2025-10-04T15:39:08.50000Z</time><extensions><mytracks:speed>70.65552111517704</mytracks:speed><mytracks:gradient>0.01291918917965848</mytracks:gradient><mytracks:length>0.01927724284490671</mytracks:length></extensions></trkpt><trkpt lat="45.29566764360828" lon="-75.50562891303146"><ele>78.44032158643954</ele><time>2025-10-04T15:39:09.50000Z</time><extensions><mytracks:speed>69.35315615441279</mytracks:speed><mytracks:gradient>0.00924744638747255</mytracks:gradient><mytracks:length>0.01911644278634417</mytracks:length></extensions></trkpt><trkpt lat="45.29550808879622" lon="-75.50553594534372"><ele>78.50245673773597</ele><time>2025-10-04T15:39:10.49800Z</time><extensions><mytracks:speed>69.01257016785382</mytracks:speed><mytracks:gradient>0.004051397190277137</mytracks:gradient><mytracks:length>0.01917411012145146</mytracks:length></extensions></trkpt><trkpt lat="45.29535060614548" lon="-75.5054463307723"><ele>78.53683254701302</ele><time>2025-10-04T15:39:11.49800Z</time><extensions><mytracks:speed>67.85888807031317</mytracks:speed><mytracks:gradient>0.001822485761431257</mytracks:gradient><mytracks:length>0.01886204545710962</mytracks:length></extensions></trkpt><trkpt lat="45.29519630341761" lon="-75.50535713162729"><ele>78.56158687086867</ele><time>2025-10-04T15:39:12.46000Z</time><extensions><mytracks:speed>68.58849497088055</mytracks:speed><mytracks:gradient>0.00158169028292261</mytracks:gradient><mytracks:length>0.01852236079199952</mytracks:length></extensions></trkpt><trkpt lat="45.29503349504684" lon="-75.50526454893907"><ele>78.74265337031255</ele><time>2025-10-04T15:39:13.47600Z</time><extensions><mytracks:speed>69.04692748896763</mytracks:speed><mytracks:gradient>0.009286277472292933</mytracks:gradient><mytracks:length>0.01949828658298516</mytracks:length></extensions></trkpt><trkpt lat="45.29487395221283" lon="-75.50517463599068"><ele>78.91556597643383</ele><time>2025-10-04T15:39:14.46000Z</time><extensions><mytracks:speed>69.44817365686319</mytracks:speed><mytracks:gradient>0.009174762759442286</mytracks:gradient><mytracks:length>0.01908364792177803</mytracks:length></extensions></trkpt><trkpt lat="45.29470155636169" lon="-75.50507798070002"><ele>79.02014242660316</ele><time>2025-10-04T15:39:15.50300Z</time><extensions><mytracks:speed>71.13018827999254</mytracks:speed><mytracks:gradient>0.005074889379955116</mytracks:gradient><mytracks:length>0.020606646241865</mytracks:length></extensions></trkpt><trkpt lat="45.29452843155951" lon="-75.5049821450318"><ele>79.14131724238956</ele><time>2025-10-04T15:39:16.51500Z</time><extensions><mytracks:speed>73.50659578588416</mytracks:speed><mytracks:gradient>0.005865579171343829</mytracks:gradient><mytracks:length>0.0206586276046534</mytracks:length></extensions></trkpt><trkpt lat="45.29435294437877" lon="-75.50488345700333"><ele>79.26641174079835</ele><time>2025-10-04T15:39:17.55500Z</time><extensions><mytracks:speed>72.62764510493602</mytracks:speed><mytracks:gradient>0.005961139933488751</mytracks:gradient><mytracks:length>0.02098499612566111</mytracks:length></extensions></trkpt><trkpt lat="45.29419842698578" lon="-75.50479078449236"><ele>79.10538365362044</ele><time>2025-10-04T15:39:18.52600Z</time><extensions><mytracks:speed>70.94073342208183</mytracks:speed><mytracks:length>0.0186482022247227</mytracks:length></extensions></trkpt><trkpt lat="45.2939243139304" lon="-75.50461620764119"><ele>78.47872557125112</ele><time>2025-10-04T15:39:20.44700Z</time><extensions><mytracks:speed>62.58342028339261</mytracks:speed><mytracks:length>0.03339928484887389</mytracks:length></extensions></trkpt><trkpt lat="45.29378497661464" lon="-75.50452776005793"><ele>78.2156618889737</ele><time>2025-10-04T15:39:21.48800Z</time><extensions><mytracks:speed>58.68451751592189</mytracks:speed><mytracks:length>0.0169682073070074</mytracks:length></extensions></trkpt><trkpt lat="45.29363569721431" lon="-75.50444040203644"><ele>78.58199514417028</ele><time>2025-10-04T15:39:22.54900Z</time><extensions><mytracks:speed>60.91571541303913</mytracks:speed><mytracks:gradient>0.02040762112325832</mytracks:gradient><mytracks:length>0.01795080636709165</mytracks:length></extensions></trkpt><trkpt lat="45.29348385077223" lon="-75.50435435357869"><ele>79.01852885383693</ele><time>2025-10-04T15:39:23.54400Z</time><extensions><mytracks:speed>63.23696792147901</mytracks:speed><mytracks:gradient>0.02222355820917366</mytracks:gradient><mytracks:length>0.01817682494864086</mytracks:length></extensions></trkpt><trkpt lat="45.29332583575021" lon="-75.50426517689309"><ele>79.50162113187044</ele><time>2025-10-04T15:39:24.51500Z</time><extensions><mytracks:speed>67.90316595697035</mytracks:speed><mytracks:gradient>0.02480025012663285</mytracks:gradient><mytracks:length>0.01890476220583727</mytracks:length></extensions></trkpt><trkpt lat="45.29315424663696" lon="-75.50417426583273"><ele>80.00853947743985</ele><time>2025-10-04T15:39:25.50400Z</time><extensions><mytracks:speed>72.13108555681768</mytracks:speed><mytracks:gradient>0.02521392415643261</mytracks:gradient><mytracks:length>0.02036201696610308</mytracks:length></extensions></trkpt><trkpt lat="45.29297602322765" lon="-75.50408015774283"><ele>80.20024127266997</ele><time>2025-10-04T15:39:26.50100Z</time><extensions><mytracks:speed>75.19971315012951</mytracks:speed><mytracks:gradient>0.01683312934440759</mytracks:gradient><mytracks:length>0.02114075012520479</mytracks:length></extensions></trkpt><trkpt lat="45.29279580052123" lon="-75.50398527812855"><ele>80.57826256728781</ele><time>2025-10-04T15:39:27.50100Z</time><extensions><mytracks:speed>76.63599221702934</mytracks:speed><mytracks:gradient>0.01340185256062153</mytracks:gradient><mytracks:length>0.02137014433600882</mytracks:length></extensions></trkpt><trkpt lat="45.29261555234331" lon="-75.50388738220458"><ele>80.70118511328958</ele><time>2025-10-04T15:39:28.49000Z</time><extensions><mytracks:speed>77.5447403077504</mytracks:speed><mytracks:gradient>0.01169738327718064</mytracks:gradient><mytracks:length>0.02145579740390493</mytracks:length></extensions></trkpt><trkpt lat="45.2924341132189" lon="-75.50378066236752"><ele>80.62629576215187</ele><time>2025-10-04T15:39:29.49500Z</time><extensions><mytracks:speed>78.19019900156319</mytracks:speed><mytracks:length>0.02183429299225537</mytracks:length></extensions></trkpt><trkpt lat="45.29225121741822" lon="-75.5036722146512"><ele>80.63533801173942</ele><time>2025-10-04T15:39:30.50300Z</time><extensions><mytracks:speed>78.65852715006992</mytracks:speed><mytracks:gradient>0.0004103506550380568</mytracks:gradient><mytracks:length>0.02203542135618844</mytracks:length></extensions></trkpt><trkpt lat="45.29207424130988" lon="-75.50356642876865"><ele>80.56768932614233</ele><time>2025-10-04T15:39:31.47300Z</time><extensions><mytracks:speed>78.97002081069421</mytracks:speed><mytracks:length>0.02134778024987748</mytracks:length></extensions></trkpt><trkpt lat="45.29189606047571" lon="-75.50346274611626"><ele>80.56192461387678</ele><time>2025-10-04T15:39:32.45000Z</time><extensions><mytracks:speed>79.07182907761727</mytracks:speed><mytracks:length>0.02140869905011122</mytracks:length></extensions></trkpt><trkpt lat="45.29170640675963" lon="-75.50335376138209"><ele>80.61334156262257</ele><time>2025-10-04T15:39:33.48800Z</time><extensions><mytracks:speed>78.85670136049633</mytracks:speed><mytracks:gradient>0.002260417140020285</mytracks:gradient><mytracks:length>0.02274666380618608</mytracks:length></extensions></trkpt><trkpt lat="45.29151630572547" lon="-75.50324228765545"><ele>80.3671270842959</ele><time>2025-10-04T15:39:34.53500Z</time><extensions><mytracks:speed>78.66554673088599</mytracks:speed><mytracks:length>0.02286620660156825</mytracks:length></extensions></trkpt><trkpt lat="45.29133635612899" lon="-75.50313657715469"><ele>80.09852976148808</ele><time>2025-10-04T15:39:35.53000Z</time><extensions><mytracks:speed>78.50350334686492</mytracks:speed><mytracks:length>0.02165066023711356</mytracks:length></extensions></trkpt><trkpt lat="45.29099215380238" lon="-75.50293644380771"><ele>79.75891350312604</ele><time>2025-10-04T15:39:37.42200Z</time><extensions><mytracks:speed>78.66850272384153</mytracks:speed><mytracks:length>0.04135159709052921</mytracks:length></extensions></trkpt><trkpt lat="45.29080521186303" lon="-75.50282737864413"><ele>79.76510467456974</ele><time>2025-10-04T15:39:38.44200Z</time><extensions><mytracks:speed>79.29383363094506</mytracks:speed><mytracks:gradient>0.0002755354209611344</mytracks:gradient><mytracks:length>0.02246960271788927</mytracks:length></extensions></trkpt><trkpt lat="45.29059863837728" lon="-75.5027072547045"><ele>79.80660839587902</ele><time>2025-10-04T15:39:39.56000Z</time><extensions><mytracks:speed>79.95499893192662</mytracks:speed><mytracks:gradient>0.00167235390323223</mytracks:gradient><mytracks:length>0.02481754682969138</mytracks:length></extensions></trkpt><trkpt lat="45.2904169427682" lon="-75.50260065479304"><ele>80.0339783118302</ele><time>2025-10-04T15:39:40.54700Z</time><extensions><mytracks:speed>79.84473373385663</mytracks:speed><mytracks:gradient>0.005760601127053647</mytracks:gradient><mytracks:length>0.02185677780343759</mytracks:length></extensions></trkpt><trkpt lat="45.29023470492145" lon="-75.50249116385621"><ele>80.30244516917952</ele><time>2025-10-04T15:39:41.54500Z</time><extensions><mytracks:speed>79.5080651738993</mytracks:speed><mytracks:gradient>0.01130596670215236</mytracks:gradient><mytracks:length>0.02199960385904212</mytracks:length></extensions></trkpt><trkpt lat="45.2900589047213" lon="-75.50238664670545"><ele>80.48413358634515</ele><time>2025-10-04T15:39:42.52100Z</time><extensions><mytracks:speed>78.75649276369279</mytracks:speed><mytracks:gradient>0.01042296831407955</mytracks:gradient><mytracks:length>0.02118908212282745</mytracks:length></extensions></trkpt><trkpt lat="45.28987916169357" lon="-75.50227973314644"><ele>80.67027212861055</ele><time>2025-10-04T15:39:43.52800Z</time><extensions><mytracks:speed>77.47068579967542</mytracks:speed><mytracks:gradient>0.008591333832876693</mytracks:gradient><mytracks:length>0.0216658490853999</mytracks:length></extensions></trkpt><trkpt lat="45.28970293816059" lon="-75.50217580730562"><ele>80.76770558063036</ele><time>2025-10-04T15:39:44.53100Z</time><extensions><mytracks:speed>76.15048461431604</mytracks:speed><mytracks:gradient>0.004592665330421393</mytracks:gradient><mytracks:length>0.02121501241869811</mytracks:length></extensions></trkpt><trkpt lat="45.289535006291" lon="-75.50207731480904"><ele>80.8444787453044</ele><time>2025-10-04T15:39:45.51600Z</time><extensions><mytracks:speed>74.9958648297235</mytracks:speed><mytracks:gradient>0.004206356948656031</mytracks:gradient><mytracks:length>0.02020048252335414</mytracks:length></extensions></trkpt><trkpt lat="45.28937427882258" lon="-75.50198251385081"><ele>81.00839920404367</ele><time>2025-10-04T15:39:46.50700Z</time><extensions><mytracks:speed>72.05145377199474</mytracks:speed><mytracks:gradient>0.006085791242505898</mytracks:gradient><mytracks:length>0.01934980735718778</mytracks:length></extensions></trkpt><trkpt lat="45.28922206229154" lon="-75.50189210746714"><ele>81.19235720084814</ele><time>2025-10-04T15:39:47.50200Z</time><extensions><mytracks:speed>68.32499707238892</mytracks:speed><mytracks:gradient>0.009229136992918533</mytracks:gradient><mytracks:length>0.01834389736193128</mytracks:length></extensions></trkpt><trkpt lat="45.28907587701104" lon="-75.50180647974204"><ele>81.38372071745324</ele><time>2025-10-04T15:39:48.50100Z</time><extensions><mytracks:speed>64.84771905092248</mytracks:speed><mytracks:gradient>0.01044737695409204</mytracks:gradient><mytracks:length>0.01758123799945146</mytracks:length></extensions></trkpt><trkpt lat="45.28893368498191" lon="-75.50172464042636"><ele>81.62692669039107</ele><time>2025-10-04T15:39:49.50100Z</time><extensions><mytracks:speed>62.37840154703819</mytracks:speed><mytracks:gradient>0.01254566099776424</mytracks:gradient><mytracks:length>0.01705800012236918</mytracks:length></extensions></trkpt><trkpt lat="45.28879447887502" lon="-75.50164562418038"><ele>82.028228323766</ele><time>2025-10-04T15:39:50.50100Z</time><extensions><mytracks:speed>60.71582953964315</mytracks:speed><mytracks:gradient>0.01911036276673563</mytracks:gradient><mytracks:length>0.01666756723988497</mytracks:length></extensions></trkpt><trkpt lat="45.28865902259017" lon="-75.50156881747044"><ele>82.48451531830588</ele><time>2025-10-04T15:39:51.50100Z</time><extensions><mytracks:speed>59.19481191491846</mytracks:speed><mytracks:gradient>0.02607935624048692</mytracks:gradient><mytracks:length>0.01621616055077912</mytracks:length></extensions></trkpt><trkpt lat="45.28852880082994" lon="-75.50149467005554"><ele>82.98766729359016</ele><time>2025-10-04T15:39:52.50100Z</time><extensions><mytracks:speed>57.26993196187721</mytracks:speed><mytracks:gradient>0.03015673293038914</mytracks:gradient><mytracks:length>0.01559859459902897</mytracks:length></extensions></trkpt><trkpt lat="45.28840698482188" lon="-75.50142579130693"><ele>83.50426793769074</ele><time>2025-10-04T15:39:53.48900Z</time><extensions><mytracks:speed>54.63627066483595</mytracks:speed><mytracks:gradient>0.03379317828824699</mytracks:gradient><mytracks:length>0.01457743788324924</mytracks:length></extensions></trkpt><trkpt lat="45.2882896436891" lon="-75.50135949449164"><ele>83.90709867627217</ele><time>2025-10-04T15:39:54.47900Z</time><extensions><mytracks:speed>52.08013868643144</mytracks:speed><mytracks:gradient>0.03212711908567934</mytracks:gradient><mytracks:length>0.01404047803054291</mytracks:length></extensions></trkpt><trkpt lat="45.28817488519805" lon="-75.50129412179702"><ele>84.38392847490479</ele><time>2025-10-04T15:39:55.49000Z</time><extensions><mytracks:speed>48.95182540096446</mytracks:speed><mytracks:gradient>0.03468458120213653</mytracks:gradient><mytracks:length>0.01374760144439194</mytracks:length></extensions></trkpt><trkpt lat="45.28806795180882" lon="-75.50123192301984"><ele>84.77051064422243</ele><time>2025-10-04T15:39:56.51100Z</time><extensions><mytracks:speed>45.29471043463935</mytracks:speed><mytracks:gradient>0.03008919989154682</mytracks:gradient><mytracks:length>0.01284787135287834</mytracks:length></extensions></trkpt><trkpt lat="45.28797305914205" lon="-75.50117660913477"><ele>85.01304535175854</ele><time>2025-10-04T15:39:57.51700Z</time><extensions><mytracks:speed>40.79685532595682</mytracks:speed><mytracks:gradient>0.02126659523323752</mytracks:gradient><mytracks:length>0.01140449163940695</mytracks:length></extensions></trkpt><trkpt lat="45.28789483417822" lon="-75.50113084992924"><ele>85.18470480706399</ele><time>2025-10-04T15:39:58.50500Z</time><extensions><mytracks:speed>37.57036926317974</mytracks:speed><mytracks:gradient>0.01990309070127248</mytracks:gradient><mytracks:length>0.009406262909496737</mytracks:length></extensions></trkpt><trkpt lat="45.28783505502081" lon="-75.50109726330385"><ele>85.22093587190527</ele><time>2025-10-04T15:39:59.49700Z</time><extensions><mytracks:speed>30.10813614472344</mytracks:speed><mytracks:gradient>0.01255881746555863</mytracks:gradient><mytracks:length>0.00714794078910868</mytracks:length></extensions></trkpt><trkpt lat="45.28779118149627" lon="-75.50107365307461"><ele>85.24682974649231</ele><time>2025-10-04T15:40:00.49600Z</time><extensions><mytracks:speed>22.35756148345455</mytracks:speed><mytracks:gradient>0.005024727722717427</mytracks:gradient><mytracks:length>0.005217124362681127</mytracks:length></extensions></trkpt><trkpt lat="45.28775373837818" lon="-75.50105306933615"><ele>85.3814598921997</ele><time>2025-10-04T15:40:01.50100Z</time><extensions><mytracks:speed>15.99729664980139</mytracks:speed><mytracks:gradient>0.03015922843148344</mytracks:gradient><mytracks:length>0.004463978447368012</mytracks:length></extensions></trkpt><trkpt lat="45.28771299386369" lon="-75.50103095205014"><ele>85.62389579427609</ele><time>2025-10-04T15:40:02.50200Z</time><extensions><mytracks:speed>17.43367879306162</mytracks:speed><mytracks:gradient>0.0499956451680296</mytracks:gradient><mytracks:length>0.004849140385359471</mytracks:length></extensions></trkpt><trkpt lat="45.28765851564127" lon="-75.5010008246843"><ele>86.0337990615679</ele><time>2025-10-04T15:40:03.49400Z</time><extensions><mytracks:speed>20.49251326857008</mytracks:speed><mytracks:gradient>0.0574776806003404</mytracks:gradient><mytracks:length>0.006500122170383111</mytracks:length></extensions></trkpt><trkpt lat="45.28758473705187" lon="-75.50096042444142"><ele>86.46643046463662</ele><time>2025-10-04T15:40:04.49300Z</time><extensions><mytracks:speed>27.65219272144664</mytracks:speed><mytracks:gradient>0.05509766901862408</mytracks:gradient><mytracks:length>0.008791644204578683</mytracks:length></extensions></trkpt><trkpt lat="45.28749403747842" lon="-75.50091105257236"><ele>86.92118834304866</ele><time>2025-10-04T15:40:05.50100Z</time><extensions><mytracks:speed>38.56331803302857</mytracks:speed><mytracks:gradient>0.04210675914692352</mytracks:gradient><mytracks:length>0.01080011588698261</mytracks:length></extensions></trkpt><trkpt lat="45.28739044221554" lon="-75.50085329917738"><ele>87.41550783776438</ele><time>2025-10-04T15:40:06.50800Z</time><extensions><mytracks:speed>44.24211484668476</mytracks:speed><mytracks:gradient>0.03994809852226125</mytracks:gradient><mytracks:length>0.01237404314601516</mytracks:length></extensions></trkpt><trkpt lat="45.28727641682857" lon="-75.5007889196919"><ele>87.81224671932847</ele><time>2025-10-04T15:40:07.50500Z</time><extensions><mytracks:speed>46.73500318517748</mytracks:speed><mytracks:gradient>0.03424983398756159</mytracks:gradient><mytracks:length>0.01364263503611671</mytracks:length></extensions></trkpt><trkpt lat="45.2871532054163" lon="-75.50071847562596"><ele>88.27752389105741</ele><time>2025-10-04T15:40:08.50000Z</time><extensions><mytracks:speed>51.34028826774664</mytracks:speed><mytracks:gradient>0.0303420655022579</mytracks:gradient><mytracks:length>0.01476724586760609</mytracks:length></extensions></trkpt><trkpt lat="45.28702170000971" lon="-75.50064874179978"><ele>88.66210894311671</ele><time>2025-10-04T15:40:09.50200Z</time><extensions><mytracks:speed>56.04141220664402</mytracks:speed><mytracks:gradient>0.02464187760736106</mytracks:gradient><mytracks:length>0.01560697030425999</mytracks:length></extensions></trkpt><trkpt lat="45.28688597261225" lon="-75.50057727417253"><ele>89.0391469598499</ele><time>2025-10-04T15:40:10.50400Z</time><extensions><mytracks:speed>57.86755037033775</mytracks:speed><mytracks:gradient>0.02342645030938646</mytracks:gradient><mytracks:length>0.01609454320879866</mytracks:length></extensions></trkpt><trkpt lat="45.28674851254758" lon="-75.50050809952265"><ele>89.41607278025418</ele><time>2025-10-04T15:40:11.50100Z</time><extensions><mytracks:speed>58.19487492676559</mytracks:speed><mytracks:gradient>0.02333654950635609</mytracks:gradient><mytracks:length>0.01621477102689537</mytracks:length></extensions></trkpt><trkpt lat="45.28660825106385" lon="-75.50044041857552"><ele>89.68165362052673</ele><time>2025-10-04T15:40:12.50100Z</time><extensions><mytracks:speed>59.27432461504813</mytracks:speed><mytracks:gradient>0.0161244821197813</mytracks:gradient><mytracks:length>0.0164706586109043</mytracks:length></extensions></trkpt><trkpt lat="45.28646606594295" lon="-75.50036606105171"><ele>90.06088906670284</ele><time>2025-10-04T15:40:13.50500Z</time><extensions><mytracks:speed>60.44818713880171</mytracks:speed><mytracks:gradient>0.02251100450209155</mytracks:gradient><mytracks:length>0.01684666919865238</mytracks:length></extensions></trkpt><trkpt lat="45.28632117674972" lon="-75.50029002521919"><ele>90.47791305366523</ele><time>2025-10-04T15:40:14.50600Z</time><extensions><mytracks:speed>61.73043355472714</mytracks:speed><mytracks:gradient>0.02428176322836683</mytracks:gradient><mytracks:length>0.01717437004225496</mytracks:length></extensions></trkpt><trkpt lat="45.28617494280238" lon="-75.50020883951228"><ele>91.07571237989843</ele><time>2025-10-04T15:40:15.50300Z</time><extensions><mytracks:speed>62.39163412633025</mytracks:speed><mytracks:gradient>0.0293052537406412</mytracks:gradient><mytracks:length>0.01745699831806721</mytracks:length></extensions></trkpt><trkpt lat="45.28602588256712" lon="-75.50012324429544"><ele>91.94031054475182</ele><time>2025-10-04T15:40:16.50100Z</time><extensions><mytracks:speed>63.75650238979643</mytracks:speed><mytracks:gradient>0.04138941730681021</mytracks:gradient><mytracks:length>0.01787659641942073</mytracks:length></extensions></trkpt><trkpt lat="45.2858739237431" lon="-75.50003602354694"><ele>92.89657918975725</ele><time>2025-10-04T15:40:17.50100Z</time><extensions><mytracks:speed>65.0433806017967</mytracks:speed><mytracks:gradient>0.0504405520765306</mytracks:gradient><mytracks:length>0.01822287928463324</mytracks:length></extensions></trkpt><trkpt lat="45.28571993866393" lon="-75.49994765832402"><ele>93.83601833151864</ele><time>2025-10-04T15:40:18.50100Z</time><extensions><mytracks:speed>66.06113723026766</mytracks:speed><mytracks:gradient>0.05167100142146844</mytracks:gradient><mytracks:length>0.0184653425362711</mytracks:length></extensions></trkpt><trkpt lat="45.28556352833704" lon="-75.49985862694145"><ele>94.52883194323607</ele><time>2025-10-04T15:40:19.50100Z</time><extensions><mytracks:speed>66.96942475832269</mytracks:speed><mytracks:gradient>0.043877497757797</mytracks:gradient><mytracks:length>0.0187349945850571</mytracks:length></extensions></trkpt><trkpt lat="45.28540598195761" lon="-75.49976842046415"><ele>95.01737255194371</ele><time>2025-10-04T15:40:20.50100Z</time><extensions><mytracks:speed>67.72209885649229</mytracks:speed><mytracks:gradient>0.0314011745711324</mytracks:gradient><mytracks:length>0.01888639868602959</mytracks:length></extensions></trkpt><trkpt lat="45.28524670597712" lon="-75.49967731750314"><ele>95.30625190960178</ele><time>2025-10-04T15:40:21.50100Z</time><extensions><mytracks:speed>68.36020840734345</mytracks:speed><mytracks:gradient>0.02047063622568363</mytracks:gradient><mytracks:length>0.01909096676538882</mytracks:length></extensions></trkpt><trkpt lat="45.28508355804925" lon="-75.49958264739848"><ele>95.70974941650208</ele><time>2025-10-04T15:40:22.50100Z</time><extensions><mytracks:speed>70.54043737277752</mytracks:speed><mytracks:gradient>0.02059222339415722</mytracks:gradient><mytracks:length>0.01959465469934545</mytracks:length></extensions></trkpt><trkpt lat="45.28492534543638" lon="-75.49949038929239"><ele>96.10979954435008</ele><time>2025-10-04T15:40:23.45300Z</time><extensions><mytracks:speed>71.19994712828168</mytracks:speed><mytracks:gradient>0.02081173463232832</mytracks:gradient><mytracks:length>0.01901551885413622</mytracks:length></extensions></trkpt><trkpt lat="45.28476061027977" lon="-75.4993936886161"><ele>96.47482495721458</ele><time>2025-10-04T15:40:24.42300Z</time><extensions><mytracks:speed>72.73464259027038</mytracks:speed><mytracks:gradient>0.01970118231524537</mytracks:gradient><mytracks:length>0.01981829770562777</mytracks:length></extensions></trkpt><trkpt lat="45.28458615921551" lon="-75.499290939603"><ele>97.02792568288405</ele><time>2025-10-04T15:40:25.42400Z</time><extensions><mytracks:speed>75.49577297638061</mytracks:speed><mytracks:gradient>0.02634133157651722</mytracks:gradient><mytracks:length>0.02099744745487904</mytracks:length></extensions></trkpt><trkpt lat="45.28440150962663" lon="-75.49918247454484"><ele>97.57499311388351</ele><time>2025-10-04T15:40:26.47400Z</time><extensions><mytracks:speed>76.1468189200654</mytracks:speed><mytracks:gradient>0.02462439457893738</mytracks:gradient><mytracks:length>0.02221648249039184</mytracks:length></extensions></trkpt><trkpt lat="45.28422223886671" lon="-75.49907700004562"><ele>98.32405715343607</ele><time>2025-10-04T15:40:27.48800Z</time><extensions><mytracks:speed>76.63135459519283</mytracks:speed><mytracks:gradient>0.03472012613633983</mytracks:gradient><mytracks:length>0.02157434672360123</mytracks:length></extensions></trkpt><trkpt lat="45.28404316805684" lon="-75.49897188746741"><ele>99.30777867852979</ele><time>2025-10-04T15:40:28.49700Z</time><extensions><mytracks:speed>76.88125265655087</mytracks:speed><mytracks:gradient>0.04566229216841095</mytracks:gradient><mytracks:length>0.02154341094979567</mytracks:length></extensions></trkpt><trkpt lat="45.28386585648679" lon="-75.49886754764179"><ele>100.2531491216548</ele><time>2025-10-04T15:40:29.49900Z</time><extensions><mytracks:speed>76.65926019127393</mytracks:speed><mytracks:gradient>0.0443017764328294</mytracks:gradient><mytracks:length>0.02133933488103747</mytracks:length></extensions></trkpt><trkpt lat="45.28368894783093" lon="-75.49876405757477"><ele>101.1341411956581</ele><time>2025-10-04T15:40:30.50000Z</time><extensions><mytracks:speed>76.47661758411832</mytracks:speed><mytracks:gradient>0.04141460252038308</mytracks:gradient><mytracks:length>0.02127249859683368</mytracks:length></extensions></trkpt><trkpt lat="45.28351117850381" lon="-75.49866046517923"><ele>101.7189236026165</ele><time>2025-10-04T15:40:31.50000Z</time><extensions><mytracks:speed>76.88633964669879</mytracks:speed><mytracks:gradient>0.02737202124361382</mytracks:gradient><mytracks:length>0.02136423911679169</mytracks:length></extensions></trkpt><trkpt lat="45.283332563135" lon="-75.49855705654946"><ele>101.9878656222089</ele><time>2025-10-04T15:40:32.50100Z</time><extensions><mytracks:speed>77.18831902245481</mytracks:speed><mytracks:gradient>0.01254059550170076</mytracks:gradient><mytracks:length>0.02144571360712946</mytracks:length></extensions></trkpt><trkpt lat="45.28315323104987" lon="-75.49845399486327"><ele>102.0545047916293</ele><time>2025-10-04T15:40:33.50100Z</time><extensions><mytracks:speed>77.42897046444597</mytracks:speed><mytracks:gradient>0.003098157803642116</mytracks:gradient><mytracks:length>0.02150928830741246</mytracks:length></extensions></trkpt><trkpt lat="45.28297254661726" lon="-75.4983505576196"><ele>101.9853791017117</ele><time>2025-10-04T15:40:34.50100Z</time><extensions><mytracks:speed>77.97292781275257</mytracks:speed><mytracks:length>0.02166002448495676</mytracks:length></extensions></trkpt><trkpt lat="45.28279050793518" lon="-75.49824637642344"><ele>101.9153231468202</ele><time>2025-10-04T15:40:35.50100Z</time><extensions><mytracks:speed>78.55534888672931</mytracks:speed><mytracks:length>0.0218212866186038</mytracks:length></extensions></trkpt><trkpt lat="45.28260658119591" lon="-75.49814002793609"><ele>101.7617951581887</ele><time>2025-10-04T15:40:36.50100Z</time><extensions><mytracks:speed>79.48528180724848</mytracks:speed><mytracks:length>0.02207955026438596</mytracks:length></extensions></trkpt><trkpt lat="45.28242106916686" lon="-75.49803230875723"><ele>101.6294697404912</ele><time>2025-10-04T15:40:37.50100Z</time><extensions><mytracks:speed>80.2183774836703</mytracks:speed><mytracks:length>0.02228311639109436</mytracks:length></extensions></trkpt><trkpt lat="45.28223398136652" lon="-75.49792362416156"><ele>101.432399372143</ele><time>2025-10-04T15:40:38.50100Z</time><extensions><mytracks:speed>80.90490076441341</mytracks:speed><mytracks:length>0.02247381394482421</mytracks:length></extensions></trkpt><trkpt lat="45.28204653623748" lon="-75.49781490239816"><ele>101.3009627204002</ele><time>2025-10-04T15:40:39.50100Z</time><extensions><mytracks:speed>81.04273404360222</mytracks:speed><mytracks:length>0.02251207989034684</mytracks:length></extensions></trkpt><trkpt lat="45.28186015201448" lon="-75.49770725327012"><ele>101.2740275402899</ele><time>2025-10-04T15:40:40.50100Z</time><extensions><mytracks:speed>80.53526770470205</mytracks:speed><mytracks:length>0.02237111570771158</mytracks:length></extensions></trkpt><trkpt lat="45.28167592845669" lon="-75.49759984242277"><ele>101.102209659404</ele><time>2025-10-04T15:40:41.50100Z</time><extensions><mytracks:speed>79.70869937594178</mytracks:speed><mytracks:length>0.02214150861980094</mytracks:length></extensions></trkpt><trkpt lat="45.28149533173325" lon="-75.49749398932207"><ele>100.93326147706</ele><time>2025-10-04T15:40:42.50100Z</time><extensions><mytracks:speed>78.19897543384235</mytracks:speed><mytracks:length>0.02172214218759512</mytracks:length></extensions></trkpt><trkpt lat="45.28131808264443" lon="-75.49738994013197"><ele>100.9120694947411</ele><time>2025-10-04T15:40:43.50100Z</time><extensions><mytracks:speed>76.76685960154464</mytracks:speed><mytracks:length>0.02132433611389271</mytracks:length></extensions></trkpt><trkpt lat="45.28114335572194" lon="-75.49728741156581"><ele>101.0347573552155</ele><time>2025-10-04T15:40:44.50100Z</time><extensions><mytracks:speed>75.66962638484939</mytracks:speed><mytracks:gradient>0.005836847711500359</mytracks:gradient><mytracks:length>0.02101954111851154</mytracks:length></extensions></trkpt><trkpt lat="45.28097022558415" lon="-75.4971859531535"><ele>101.1708250406849</ele><time>2025-10-04T15:40:45.50100Z</time><extensions><mytracks:speed>74.9640141552847</mytracks:speed><mytracks:gradient>0.006534322636448828</mytracks:gradient><mytracks:length>0.02082353336984094</mytracks:length></extensions></trkpt><trkpt lat="45.28079722037145" lon="-75.49708477779349"><ele>101.2556339620579</ele><time>2025-10-04T15:40:46.50100Z</time><extensions><mytracks:speed>74.88765439891321</mytracks:speed><mytracks:gradient>0.004076898299452539</mytracks:gradient><mytracks:length>0.02080231468722863</mytracks:length></extensions></trkpt><trkpt lat="45.28062353605558" lon="-75.49698299859752"><ele>101.1493474403561</ele><time>2025-10-04T15:40:47.50100Z</time><extensions><mytracks:speed>75.20433966091305</mytracks:speed><mytracks:length>0.02089029606401142</mytracks:length></extensions></trkpt><trkpt lat="45.28045067294332" lon="-75.49688119919053"><ele>100.861230404695</ele><time>2025-10-04T15:40:48.50100Z</time><extensions><mytracks:speed>74.90245226862328</mytracks:speed><mytracks:length>0.02080643020442686</mytracks:length></extensions></trkpt><trkpt lat="45.28027727665332" lon="-75.49677938236037"><ele>100.6721045342695</ele><time>2025-10-04T15:40:49.50100Z</time><extensions><mytracks:speed>75.10102098716612</mytracks:speed><mytracks:length>0.0208615862078046</mytracks:length></extensions></trkpt><trkpt lat="45.28010347250435" lon="-75.4966773088251"><ele>100.5369607506641</ele><time>2025-10-04T15:40:50.50100Z</time><extensions><mytracks:speed>75.28041377176201</mytracks:speed><mytracks:length>0.02091142547270373</mytracks:length></extensions></trkpt><trkpt lat="45.27992964946947" lon="-75.49657542549097"><ele>100.4556656122764</ele><time>2025-10-04T15:40:51.50100Z</time><extensions><mytracks:speed>75.2664663302947</mytracks:speed><mytracks:length>0.02090754616175806</mytracks:length></extensions></trkpt><trkpt lat="45.27975507392637" lon="-75.49647422329572"><ele>100.4308374535444</ele><time>2025-10-04T15:40:52.50100Z</time><extensions><mytracks:speed>75.47258068173925</mytracks:speed><mytracks:length>0.02096480068063658</mytracks:length></extensions></trkpt><trkpt lat="45.27958187711864" lon="-75.49637472494187"><ele>100.5039646229592</ele><time>2025-10-04T15:40:53.50100Z</time><extensions><mytracks:speed>74.78072048677646</mytracks:speed><mytracks:gradient>0.003520364077075707</mytracks:gradient><mytracks:length>0.0207726155061634</mytracks:length></extensions></trkpt><trkpt lat="45.27940984836214" lon="-75.49627657362338"><ele>100.6303471252115</ele><time>2025-10-04T15:40:54.50100Z</time><extensions><mytracks:speed>74.20526776982894</mytracks:speed><mytracks:gradient>0.006131272577557909</mytracks:gradient><mytracks:length>0.02061276850012551</mytracks:length></extensions></trkpt><trkpt lat="45.27923856402071" lon="-75.4961793215116"><ele>100.6241156485099</ele><time>2025-10-04T15:40:55.50100Z</time><extensions><mytracks:speed>73.83364932219452</mytracks:speed><mytracks:length>0.02050954018141336</mytracks:length></extensions></trkpt><trkpt lat="45.27906633301364" lon="-75.49608093190587"><ele>100.5674488801696</ele><time>2025-10-04T15:40:56.50100Z</time><extensions><mytracks:speed>74.30594730753498</mytracks:speed><mytracks:length>0.02064073284120879</mytracks:length></extensions></trkpt><trkpt lat="45.27889083755907" lon="-75.49597921188258"><ele>100.3902335045775</ele><time>2025-10-04T15:40:57.50100Z</time><extensions><mytracks:speed>75.86929349367632</mytracks:speed><mytracks:length>0.02107499468398448</mytracks:length></extensions></trkpt><trkpt lat="45.27871086458237" lon="-75.49587423870591"><ele>100.2007650167813</ele><time>2025-10-04T15:40:58.50100Z</time><extensions><mytracks:speed>77.87493633021828</mytracks:speed><mytracks:length>0.02163212789907036</mytracks:length></extensions></trkpt><trkpt lat="45.27852585197054" lon="-75.49576678099319"><ele>100.1030711632034</ele><time>2025-10-04T15:40:59.50100Z</time><extensions><mytracks:speed>80.00705693689962</mytracks:speed><mytracks:length>0.02222439177946348</mytracks:length></extensions></trkpt><trkpt lat="45.27833600640693" lon="-75.49565813463455"><ele>99.9921106328468</ele><time>2025-10-04T15:41:00.50100Z</time><extensions><mytracks:speed>81.92574134647947</mytracks:speed><mytracks:length>0.02275735926452916</mytracks:length></extensions></trkpt><trkpt lat="45.27814306488344" lon="-75.49554863445799"><ele>99.85949550890123</ele><time>2025-10-04T15:41:01.50100Z</time><extensions><mytracks:speed>83.16524894915517</mytracks:speed><mytracks:length>0.02310168110801245</mytracks:length></extensions></trkpt><trkpt lat="45.27794901600247" lon="-75.49543890869916"><ele>99.64431642499977</ele><time>2025-10-04T15:41:02.50100Z</time><extensions><mytracks:speed>83.60021712366513</mytracks:speed><mytracks:length>0.02322250123098384</mytracks:length></extensions></trkpt><trkpt lat="45.27775413742894" lon="-75.49532820908021"><ele>99.37299477828087</ele><time>2025-10-04T15:41:03.50100Z</time><extensions><mytracks:speed>84.01070195241854</mytracks:speed><mytracks:length>0.02333651752263381</mytracks:length></extensions></trkpt><trkpt lat="45.27756049728681" lon="-75.49521731626034"><ele>99.10744898268187</ele><time>2025-10-04T15:41:04.50100Z</time><extensions><mytracks:speed>83.57087170049795</mytracks:speed><mytracks:length>0.02321434964778142</mytracks:length></extensions></trkpt><trkpt lat="45.27736686267036" lon="-75.49510694183894"><ele>98.94832452465754</ele><time>2025-10-04T15:41:05.50100Z</time><extensions><mytracks:speed>83.51418810303004</mytracks:speed><mytracks:length>0.02319862064853547</mytracks:length></extensions></trkpt><trkpt lat="45.27707938820447" lon="-75.49494329782996"><ele>98.80092535505061</ele><time>2025-10-04T15:41:07.00100Z</time><extensions><mytracks:speed>82.66848423184388</mytracks:speed><mytracks:length>0.03443482679484421</mytracks:length></extensions></trkpt><trkpt lat="45.27688963434126" lon="-75.49483528329075"><ele>98.67578837829893</ele><time>2025-10-04T15:41:08.00000Z</time><extensions><mytracks:speed>82.3387402480508</mytracks:speed><mytracks:length>0.02272922338667258</mytracks:length></extensions></trkpt><trkpt lat="45.27670142432855" lon="-75.49472813354382"><ele>98.60065343504102</ele><time>2025-10-04T15:41:09.00000Z</time><extensions><mytracks:speed>81.51229005072386</mytracks:speed><mytracks:length>0.02254488468723103</mytracks:length></extensions></trkpt><trkpt lat="45.27642127508518" lon="-75.49456931642516"><ele>98.27213360394292</ele><time>2025-10-04T15:41:10.50000Z</time><extensions><mytracks:speed>80.50474275758026</mytracks:speed><mytracks:length>0.03353850580129279</mytracks:length></extensions></trkpt><trkpt lat="45.27623699125991" lon="-75.49446454020105"><ele>98.0334100902294</ele><time>2025-10-04T15:41:11.50000Z</time><extensions><mytracks:speed>79.45438274543599</mytracks:speed><mytracks:length>0.02207077237690494</mytracks:length></extensions></trkpt><trkpt lat="45.27605385064144" lon="-75.49435956735429"><ele>97.82333087094882</ele><time>2025-10-04T15:41:12.50000Z</time><extensions><mytracks:speed>79.04998797559318</mytracks:speed><mytracks:length>0.02195839281650637</mytracks:length></extensions></trkpt><trkpt lat="45.27587273950135" lon="-75.49425295701273"><ele>97.58838926793374</ele><time>2025-10-04T15:41:13.50000Z</time><extensions><mytracks:speed>78.47309753956861</mytracks:speed><mytracks:length>0.02179814501469488</mytracks:length></extensions></trkpt><trkpt lat="45.27569245415691" lon="-75.49414501753718"><ele>97.2501271208141</ele><time>2025-10-04T15:41:14.50000Z</time><extensions><mytracks:speed>78.31188013696485</mytracks:speed><mytracks:length>0.02175344525699059</mytracks:length></extensions></trkpt><trkpt lat="45.27551115330728" lon="-75.4940360890608"><ele>96.97443669192678</ele><time>2025-10-04T15:41:15.50000Z</time><extensions><mytracks:speed>78.79556285027591</mytracks:speed><mytracks:length>0.0218876824394185</mytracks:length></extensions></trkpt><trkpt lat="45.27532807809691" lon="-75.49392714170297"><ele>96.63361932075995</ele><time>2025-10-04T15:41:16.50000Z</time><extensions><mytracks:speed>79.45180246070699</mytracks:speed><mytracks:length>0.02206995565174408</mytracks:length></extensions></trkpt><trkpt lat="45.27514167941252" lon="-75.493819682233"><ele>96.23649831680972</ele><time>2025-10-04T15:41:17.50000Z</time><extensions><mytracks:speed>80.52180517150254</mytracks:speed><mytracks:length>0.022367288090035</mytracks:length></extensions></trkpt><trkpt lat="45.27495304340275" lon="-75.49371295327649"><ele>96.03440317408455</ele><time>2025-10-04T15:41:18.50000Z</time><extensions><mytracks:speed>81.2764135052759</mytracks:speed><mytracks:length>0.02257684343057129</mytracks:length></extensions></trkpt><trkpt lat="45.27476382376623" lon="-75.49360683985931"><ele>95.81866745193321</ele><time>2025-10-04T15:41:19.50000Z</time><extensions><mytracks:speed>81.43004032819924</mytracks:speed><mytracks:length>0.02261951766505448</mytracks:length></extensions></trkpt><trkpt lat="45.27457432498184" lon="-75.49350094532423"><ele>95.63779076438253</ele><time>2025-10-04T15:41:20.50000Z</time><extensions><mytracks:speed>81.51073328423961</mytracks:speed><mytracks:length>0.02264201880840359</mytracks:length></extensions></trkpt><trkpt lat="45.27438556762946" lon="-75.49339568975338"><ele>95.57571296018561</ele><time>2025-10-04T15:41:21.50000Z</time><extensions><mytracks:speed>81.16907413463221</mytracks:speed><mytracks:length>0.02254708330093592</mytracks:length></extensions></trkpt><trkpt lat="45.27419714929485" lon="-75.49328868904038"><ele>95.35616671908357</ele><time>2025-10-04T15:41:22.50000Z</time><extensions><mytracks:speed>81.22355432506949</mytracks:speed><mytracks:length>0.02256226786916902</mytracks:length></extensions></trkpt><trkpt lat="45.27401072376078" lon="-75.49318326544436"><ele>94.97803887310343</ele><time>2025-10-04T15:41:23.50000Z</time><extensions><mytracks:speed>80.31650524320173</mytracks:speed><mytracks:length>0.02231040098377989</mytracks:length></extensions></trkpt><trkpt lat="45.27382405303863" lon="-75.49307725534486"><ele>94.55151626140116</ele><time>2025-10-04T15:41:24.50000Z</time><extensions><mytracks:speed>80.46985177034149</mytracks:speed><mytracks:length>0.02235297908637298</mytracks:length></extensions></trkpt><trkpt lat="45.27363879569196" lon="-75.49296977808609"><ele>94.02944247130748</ele><time>2025-10-04T15:41:25.50000Z</time><extensions><mytracks:speed>80.09963073522371</mytracks:speed><mytracks:length>0.02225012818476946</mytracks:length></extensions></trkpt><trkpt lat="45.27345620988023" lon="-75.49286231665224"><ele>93.597968612464</ele><time>2025-10-04T15:41:26.50000Z</time><extensions><mytracks:speed>79.10916676439791</mytracks:speed><mytracks:length>0.02197500954854835</mytracks:length></extensions></trkpt><trkpt lat="45.27327243826517" lon="-75.49275397177669"><ele>93.33938122856533</ele><time>2025-10-04T15:41:27.50000Z</time><extensions><mytracks:speed>79.64258810067862</mytracks:speed><mytracks:length>0.02212318376700622</mytracks:length></extensions></trkpt><trkpt lat="45.27309032239297" lon="-75.49264495640675"><ele>93.08004197197397</ele><time>2025-10-04T15:41:28.50000Z</time><extensions><mytracks:speed>79.10478438536205</mytracks:speed><mytracks:length>0.0219737791104305</mytracks:length></extensions></trkpt><trkpt lat="45.27290748558792" lon="-75.49253518227727"><ele>92.77678782804362</ele><time>2025-10-04T15:41:29.50000Z</time><extensions><mytracks:speed>79.45392810868881</mytracks:speed><mytracks:length>0.02207077237690494</mytracks:length></extensions></trkpt><trkpt lat="45.27272581577997" lon="-75.49242756906109"><ele>92.53047470285942</ele><time>2025-10-04T15:41:30.50000Z</time><extensions><mytracks:speed>78.78743682827603</mytracks:speed><mytracks:length>0.02188562348805329</mytracks:length></extensions></trkpt><trkpt lat="45.27254225352347" lon="-75.49232975826817"><ele>91.95732819571815</ele><time>2025-10-04T15:41:31.50000Z</time><extensions><mytracks:speed>78.47623858691206</mytracks:speed><mytracks:length>0.02179917864589551</mytracks:length></extensions></trkpt><trkpt lat="45.27235897750729" lon="-75.492232716092"><ele>91.67571076842792</ele><time>2025-10-04T15:41:32.50000Z</time><extensions><mytracks:speed>78.2936532730611</mytracks:speed><mytracks:length>0.02174847294615621</mytracks:length></extensions></trkpt><trkpt lat="45.27217838077944" lon="-75.49213135620528"><ele>91.38629385151691</ele><time>2025-10-04T15:41:33.50000Z</time><extensions><mytracks:speed>77.72771708048528</mytracks:speed><mytracks:length>0.02159125902130202</mytracks:length></extensions></trkpt><trkpt lat="45.27199482786343" lon="-75.49202962434558"><ele>91.18393376831797</ele><time>2025-10-04T15:41:34.50000Z</time><extensions><mytracks:speed>78.8666918677155</mytracks:speed><mytracks:length>0.0219076442256218</mytracks:length></extensions></trkpt><trkpt lat="45.27180889929488" lon="-75.49191618828326"><ele>91.12601544809442</ele><time>2025-10-04T15:41:35.50000Z</time><extensions><mytracks:speed>80.99722549913727</mytracks:speed><mytracks:length>0.02249946533162431</mytracks:length></extensions></trkpt><trkpt lat="45.27162226650945" lon="-75.49180297337399"><ele>90.79574198304122</ele><time>2025-10-04T15:41:36.50000Z</time><extensions><mytracks:speed>81.23196908813706</mytracks:speed><mytracks:length>0.02256466449849711</mytracks:length></extensions></trkpt><trkpt lat="45.27143351771927" lon="-75.49169592512054"><ele>90.48580379432209</ele><time>2025-10-04T15:41:37.50000Z</time><extensions><mytracks:speed>81.35121644243689</mytracks:speed><mytracks:length>0.02259779179306069</mytracks:length></extensions></trkpt><trkpt lat="45.27124537369617" lon="-75.49159030865216"><ele>90.16140852338404</ele><time>2025-10-04T15:41:38.50000Z</time><extensions><mytracks:speed>80.97705354854273</mytracks:speed><mytracks:length>0.0224938565903352</mytracks:length></extensions></trkpt><trkpt lat="45.27106295505503" lon="-75.49148664446962"><ele>89.9879623554788</ele><time>2025-10-04T15:41:39.50000Z</time><extensions><mytracks:speed>78.64423612914743</mytracks:speed><mytracks:length>0.02184584771247037</mytracks:length></extensions></trkpt><trkpt lat="45.27088135660635" lon="-75.49138544596737"><ele>89.86226505944546</ele><time>2025-10-04T15:41:40.50000Z</time><extensions><mytracks:speed>78.0838232101249</mytracks:speed><mytracks:length>0.02169017067141044</mytracks:length></extensions></trkpt><trkpt lat="45.27069975933923" lon="-75.49128375884443"><ele>89.88227463084695</ele><time>2025-10-04T15:41:41.50000Z</time><extensions><mytracks:speed>78.13316163903569</mytracks:speed><mytracks:gradient>0.0009219352838752192</mytracks:gradient><mytracks:length>0.02170387851670083</mytracks:length></extensions></trkpt><trkpt lat="45.27052195293388" lon="-75.49118265422355"><ele>89.88403571762889</ele><time>2025-10-04T15:41:42.50000Z</time><extensions><mytracks:speed>76.66253709620693</mytracks:speed><mytracks:gradient>8.269812629185584e-05</mytracks:gradient><mytracks:length>0.02129536497265734</mytracks:length></extensions></trkpt><trkpt lat="45.27034468634741" lon="-75.49108191269352"><ele>89.94343897422326</ele><time>2025-10-04T15:41:43.50000Z</time><extensions><mytracks:speed>76.42449639154025</mytracks:speed><mytracks:gradient>0.002798181112560346</mytracks:gradient><mytracks:length>0.02122923935399262</mytracks:length></extensions></trkpt><trkpt lat="45.27016870441251" lon="-75.49097974854939"><ele>89.98277358128564</ele><time>2025-10-04T15:41:44.50000Z</time><extensions><mytracks:speed>76.09826429949308</mytracks:speed><mytracks:gradient>0.001860793656378346</mytracks:gradient><mytracks:length>0.02113861842099306</mytracks:length></extensions></trkpt><trkpt lat="45.26999361117016" lon="-75.4908773342728"><ele>89.98418859249013</ele><time>2025-10-04T15:41:45.50000Z</time><extensions><mytracks:speed>75.79529705952423</mytracks:speed><mytracks:gradient>6.720720324273569e-05</mytracks:gradient><mytracks:length>0.02105445750175441</mytracks:length></extensions></trkpt><trkpt lat="45.26981573925762" lon="-75.49077396366701"><ele>89.89003958408321</ele><time>2025-10-04T15:41:46.50000Z</time><extensions><mytracks:speed>76.92643515406658</mytracks:speed><mytracks:length>0.02136866818419553</mytracks:length></extensions></trkpt><trkpt lat="45.26963745597472" lon="-75.490671787404"><ele>89.7140652558156</ele><time>2025-10-04T15:41:47.50000Z</time><extensions><mytracks:speed>76.95300195092149</mytracks:speed><mytracks:length>0.02137604792388544</mytracks:length></extensions></trkpt><trkpt lat="45.26945831403199" lon="-75.49056934557991"><ele>89.53486755442481</ele><time>2025-10-04T15:41:48.50000Z</time><extensions><mytracks:speed>77.29981519855066</mytracks:speed><mytracks:length>0.02147238334211194</mytracks:length></extensions></trkpt><trkpt lat="45.26927686956391" lon="-75.49046753835235"><ele>89.46144025276031</ele><time>2025-10-04T15:41:49.50000Z</time><extensions><mytracks:speed>78.08981572455797</mytracks:speed><mytracks:length>0.0216918326897778</mytracks:length></extensions></trkpt><trkpt lat="45.26909368454889" lon="-75.49036562082087"><ele>89.47339663833708</ele><time>2025-10-04T15:41:50.50000Z</time><extensions><mytracks:speed>78.74965217953836</mytracks:speed><mytracks:gradient>0.000546574632471367</mytracks:gradient><mytracks:length>0.02187511982161548</mytracks:length></extensions></trkpt><trkpt lat="45.26890938555921" lon="-75.49026310221016"><ele>89.42564102190572</ele><time>2025-10-04T15:41:51.50000Z</time><extensions><mytracks:speed>79.22579744489641</mytracks:speed><mytracks:length>0.02200738632743965</mytracks:length></extensions></trkpt><trkpt lat="45.26872421091606" lon="-75.49015997902208"><ele>89.42598220016039</ele><time>2025-10-04T15:41:52.50000Z</time><extensions><mytracks:speed>79.61478465292771</mytracks:speed><mytracks:gradient>1.542715058245708e-05</mytracks:gradient><mytracks:length>0.02211544204799739</mytracks:length></extensions></trkpt><trkpt lat="45.26853956020655" lon="-75.49005606051526"><ele>89.3117316857293</ele><time>2025-10-04T15:41:53.50000Z</time><extensions><mytracks:speed>79.50246327354313</mytracks:speed><mytracks:length>0.02208424398130813</mytracks:length></extensions></trkpt><trkpt lat="45.26835582061641" lon="-75.48995054576514"><ele>89.05937037031204</ele><time>2025-10-04T15:41:54.50000Z</time><extensions><mytracks:speed>79.33043187726651</mytracks:speed><mytracks:length>0.02203644385781801</mytracks:length></extensions></trkpt><trkpt lat="45.26817255912308" lon="-75.48984365895656"><ele>88.77126726239879</ele><time>2025-10-04T15:41:55.50000Z</time><extensions><mytracks:speed>79.29876994855393</mytracks:speed><mytracks:length>0.02202764879269616</mytracks:length></extensions></trkpt><trkpt lat="45.26798870367865" lon="-75.48973768090185"><ele>88.48234777809235</ele><time>2025-10-04T15:41:56.50000Z</time><extensions><mytracks:speed>79.42237228665462</mytracks:speed><mytracks:length>0.02206199099693303</mytracks:length></extensions></trkpt><trkpt lat="45.26780452215691" lon="-75.48963345102788"><ele>88.2356702169009</ele><time>2025-10-04T15:41:57.50000Z</time><extensions><mytracks:speed>79.35985457269545</mytracks:speed><mytracks:length>0.02204462216348381</mytracks:length></extensions></trkpt><trkpt lat="45.26762181916099" lon="-75.48953015888573"><ele>87.95033594253675</ele><time>2025-10-04T15:41:58.50000Z</time><extensions><mytracks:speed>78.71257253143911</mytracks:speed><mytracks:length>0.02186481721099078</mytracks:length></extensions></trkpt><trkpt lat="45.26743972267366" lon="-75.48942792168936"><ele>87.85706874510743</ele><time>2025-10-04T15:41:59.50000Z</time><extensions><mytracks:speed>78.37722695838674</mytracks:speed><mytracks:length>0.02177166734770855</mytracks:length></extensions></trkpt><trkpt lat="45.26726045311998" lon="-75.48932659898945"><ele>87.72603387981299</ele><time>2025-10-04T15:42:00.50000Z</time><extensions><mytracks:speed>77.23105109726478</mytracks:speed><mytracks:length>0.0214532768990617</mytracks:length></extensions></trkpt><trkpt lat="45.26708601963961" lon="-75.48922533901327"><ele>87.58106331688934</ele><time>2025-10-04T15:42:01.50000Z</time><extensions><mytracks:speed>75.42841577658163</mytracks:speed><mytracks:length>0.02095254502592048</mytracks:length></extensions></trkpt><trkpt lat="45.26691398268662" lon="-75.48912860276877"><ele>87.39868830203568</ele><time>2025-10-04T15:42:02.50000Z</time><extensions><mytracks:speed>74.06345045581661</mytracks:speed><mytracks:length>0.02057337933582577</mytracks:length></extensions></trkpt><trkpt lat="45.26674312951823" lon="-75.48903458123037"><ele>87.23582667376867</ele><time>2025-10-04T15:42:03.50000Z</time><extensions><mytracks:speed>73.34395326077362</mytracks:speed><mytracks:length>0.0203735219314056</mytracks:length></extensions></trkpt><trkpt lat="45.26657299065182" lon="-75.48894159266055"><ele>87.21271336400025</ele><time>2025-10-04T15:42:04.50000Z</time><extensions><mytracks:speed>72.97115011774554</mytracks:speed><mytracks:length>0.02026996447816097</mytracks:length></extensions></trkpt><trkpt lat="45.26640108801187" lon="-75.48885129467079"><ele>87.17296202216272</ele><time>2025-10-04T15:42:05.50000Z</time><extensions><mytracks:speed>73.3638834174298</mytracks:speed><mytracks:length>0.02037905085276208</mytracks:length></extensions></trkpt><trkpt lat="45.26622907357202" lon="-75.48876003701031"><ele>87.36526134208664</ele><time>2025-10-04T15:42:06.50000Z</time><extensions><mytracks:speed>73.49983794809141</mytracks:speed><mytracks:gradient>0.009418667529353062</mytracks:gradient><mytracks:length>0.0204168285295794</mytracks:length></extensions></trkpt><trkpt lat="45.26605689628527" lon="-75.48866662294971"><ele>87.42155283670557</ele><time>2025-10-04T15:42:07.50000Z</time><extensions><mytracks:speed>73.77665007869332</mytracks:speed><mytracks:gradient>0.002746768787968755</mytracks:gradient><mytracks:length>0.02049371423816131</mytracks:length></extensions></trkpt><trkpt lat="45.26588548519503" lon="-75.48857376129909"><ele>87.40525749371174</ele><time>2025-10-04T15:42:08.50000Z</time><extensions><mytracks:speed>73.43387606169482</mytracks:speed><mytracks:length>0.02039850073436415</mytracks:length></extensions></trkpt><trkpt lat="45.26571580404408" lon="-75.48848054369022"><ele>87.38935464461514</ele><time>2025-10-04T15:42:09.50000Z</time><extensions><mytracks:speed>72.82293801886057</mytracks:speed><mytracks:length>0.0202287940433414</mytracks:length></extensions></trkpt><trkpt lat="45.26554708021879" lon="-75.48838575452375"><ele>87.36995301765822</ele><time>2025-10-04T15:42:10.50000Z</time><extensions><mytracks:speed>72.6270044036398</mytracks:speed><mytracks:length>0.0201743650956541</mytracks:length></extensions></trkpt><trkpt lat="45.26538333360877" lon="-75.48829131065354"><ele>87.45718054847195</ele><time>2025-10-04T15:42:11.50000Z</time><extensions><mytracks:speed>70.74178192446819</mytracks:speed><mytracks:gradient>0.00443890435604054</mytracks:gradient><mytracks:length>0.01965068940830724</mytracks:length></extensions></trkpt><trkpt lat="45.26522059735689" lon="-75.48819761106918"><ele>87.54521466016548</ele><time>2025-10-04T15:42:12.50000Z</time><extensions><mytracks:speed>70.28958378174551</mytracks:speed><mytracks:gradient>0.004508771418536285</mytracks:gradient><mytracks:length>0.01952507757026866</mytracks:length></extensions></trkpt><trkpt lat="45.26505871727704" lon="-75.48810447502441"><ele>87.59626965054646</ele><time>2025-10-04T15:42:13.50000Z</time><extensions><mytracks:speed>69.91136974650395</mytracks:speed><mytracks:gradient>0.002628988550942056</mytracks:gradient><mytracks:length>0.01942001244649061</mytracks:length></extensions></trkpt><trkpt lat="45.26489517387769" lon="-75.48801166416379"><ele>87.60279786356928</ele><time>2025-10-04T15:42:14.50000Z</time><extensions><mytracks:speed>70.4953457566324</mytracks:speed><mytracks:gradient>0.0003333743086232496</mytracks:gradient><mytracks:length>0.01958223190556647</mytracks:length></extensions></trkpt><trkpt lat="45.26472772442442" lon="-75.4879204829864"><ele>87.73108626081115</ele><time>2025-10-04T15:42:15.50000Z</time><extensions><mytracks:speed>71.78419854172542</mytracks:speed><mytracks:gradient>0.006433638806936015</mytracks:gradient><mytracks:length>0.01994025482182316</mytracks:length></extensions></trkpt><trkpt lat="45.26455824030395" lon="-75.48782808628231"><ele>87.76771403083819</ele><time>2025-10-04T15:42:16.50000Z</time><extensions><mytracks:speed>72.6671995543231</mytracks:speed><mytracks:gradient>0.001814555727564706</mytracks:gradient><mytracks:length>0.02018553052443116</mytracks:length></extensions></trkpt><trkpt lat="45.26438631123261" lon="-75.48773320279024"><ele>87.73625466261798</ele><time>2025-10-04T15:42:17.50000Z</time><extensions><mytracks:speed>73.8320321308897</mytracks:speed><mytracks:length>0.02050910073678047</mytracks:length></extensions></trkpt><trkpt lat="45.26421337206211" lon="-75.4876371516127"><ele>87.69386487245251</ele><time>2025-10-04T15:42:18.50000Z</time><extensions><mytracks:speed>74.32871884486522</mytracks:speed><mytracks:length>0.02064706324965738</mytracks:length></extensions></trkpt><trkpt lat="45.26404014117885" lon="-75.48754104303895"><ele>87.59464517070258</ele><time>2025-10-04T15:42:19.50000Z</time><extensions><mytracks:speed>74.44332722417607</mytracks:speed><mytracks:length>0.02067890414437233</mytracks:length></extensions></trkpt><trkpt lat="45.26386629298872" lon="-75.48744603912552"><ele>87.52724390457782</ele><time>2025-10-04T15:42:20.50000Z</time><extensions><mytracks:speed>74.56091023767253</mytracks:speed><mytracks:length>0.02071156641184161</mytracks:length></extensions></trkpt><trkpt lat="45.26369194411973" lon="-75.48735072627672"><ele>87.55001854238769</ele><time>2025-10-04T15:42:21.50000Z</time><extensions><mytracks:speed>74.77990385812663</mytracks:speed><mytracks:gradient>0.00109638940999663</mytracks:gradient><mytracks:length>0.02077239856771722</mytracks:length></extensions></trkpt><trkpt lat="45.26351792294496" lon="-75.48725676427424"><ele>87.55555281713208</ele><time>2025-10-04T15:42:22.50100Z</time><extensions><mytracks:speed>74.52167432878778</mytracks:speed><mytracks:gradient>0.0002673474245147759</mytracks:gradient><mytracks:length>0.02070068471553852</mytracks:length></extensions></trkpt><trkpt lat="45.26334587158229" lon="-75.48716289956195"><ele>87.45148260021857</ele><time>2025-10-04T15:42:23.50100Z</time><extensions><mytracks:speed>73.7750668717901</mytracks:speed><mytracks:length>0.02049327445416705</mytracks:length></extensions></trkpt><trkpt lat="45.26317762247538" lon="-75.48706891036522"><ele>87.37703095025019</ele><time>2025-10-04T15:42:24.50100Z</time><extensions><mytracks:speed>72.36841978860865</mytracks:speed><mytracks:length>0.02010253533378255</mytracks:length></extensions></trkpt><trkpt lat="45.26301213864782" lon="-75.48697610239191"><ele>87.22044191311444</ele><time>2025-10-04T15:42:25.50100Z</time><extensions><mytracks:speed>71.21735398725258</mytracks:speed><mytracks:length>0.01978279406616025</mytracks:length></extensions></trkpt><trkpt lat="45.26284875310568" lon="-75.48688234614058"><ele>87.28442105382926</ele><time>2025-10-04T15:42:26.50100Z</time><extensions><mytracks:speed>70.53598653670105</mytracks:speed><mytracks:gradient>0.003265323966324476</mytracks:gradient><mytracks:length>0.01959350477154562</mytracks:length></extensions></trkpt><trkpt lat="45.26268634134525" lon="-75.48678778266829"><ele>87.42233021805727</ele><time>2025-10-04T15:42:27.50100Z</time><extensions><mytracks:speed>70.26133704171797</mytracks:speed><mytracks:gradient>0.007066021784778879</mytracks:gradient><mytracks:length>0.01951722884934774</mytracks:length></extensions></trkpt><trkpt lat="45.26252372921671" lon="-75.48669274014776"><ele>87.68177476213661</ele><time>2025-10-04T15:42:28.50100Z</time><extensions><mytracks:speed>70.38591500655953</mytracks:speed><mytracks:gradient>0.01326957730140501</mytracks:gradient><mytracks:length>0.0195518318471134</mytracks:length></extensions></trkpt><trkpt lat="45.26236258343422" lon="-75.48659836205752"><ele>88.05767824879035</ele><time>2025-10-04T15:42:29.50100Z</time><extensions><mytracks:speed>69.77172497719998</mytracks:speed><mytracks:gradient>0.01939524192041333</mytracks:gradient><mytracks:length>0.0193812218582386</mytracks:length></extensions></trkpt><trkpt lat="45.26220277233242" lon="-75.48650644519749"><ele>88.33271784190627</ele><time>2025-10-04T15:42:30.50100Z</time><extensions><mytracks:speed>69.01512185400328</mytracks:speed><mytracks:gradient>0.01434660737980078</mytracks:gradient><mytracks:length>0.01917105457999504</mytracks:length></extensions></trkpt><trkpt lat="45.26204391291654" lon="-75.48641691895779"><ele>88.63750032579254</ele><time>2025-10-04T15:42:31.50100Z</time><extensions><mytracks:speed>68.4116670628065</mytracks:speed><mytracks:gradient>0.01603828897809425</mytracks:gradient><mytracks:length>0.01900342887589538</mytracks:length></extensions></trkpt><trkpt lat="45.26188477637052" lon="-75.48632880128082"><ele>88.79670042272119</ele><time>2025-10-04T15:42:32.50100Z</time><extensions><mytracks:speed>68.37068661797242</mytracks:speed><mytracks:gradient>0.008382462938482707</mytracks:gradient><mytracks:length>0.01899204304235905</mytracks:length></extensions></trkpt><trkpt lat="45.26172453392135" lon="-75.48624155849771"><ele>88.82656579875861</ele><time>2025-10-04T15:42:33.50100Z</time><extensions><mytracks:speed>68.69365994448076</mytracks:speed><mytracks:gradient>0.001565127012476993</mytracks:gradient><mytracks:length>0.01908175873225484</mytracks:length></extensions></trkpt><trkpt lat="45.26156444408181" lon="-75.48615286666812"><ele>88.64730136252875</ele><time>2025-10-04T15:42:34.50100Z</time><extensions><mytracks:speed>68.78455968113316</mytracks:speed><mytracks:length>0.01910701118363555</mytracks:length></extensions></trkpt><trkpt lat="45.26140254176457" lon="-75.48606587430842"><ele>88.16718693424509</ele><time>2025-10-04T15:42:35.50100Z</time><extensions><mytracks:speed>69.289610545587</mytracks:speed><mytracks:length>0.01924729759522408</mytracks:length></extensions></trkpt><trkpt lat="45.26123884929209" lon="-75.48598075279818"><ele>87.7332858856235</ele><time>2025-10-04T15:42:36.50100Z</time><extensions><mytracks:speed>69.77758396238704</mytracks:speed><mytracks:length>0.01938284936983892</mytracks:length></extensions></trkpt><trkpt lat="45.26107359622696" lon="-75.48589467890476"><ele>87.49941422351219</ele><time>2025-10-04T15:42:37.50100Z</time><extensions><mytracks:speed>70.45556937405667</mytracks:speed><mytracks:length>0.01957118280240083</mytracks:length></extensions></trkpt><trkpt lat="45.26090140774064" lon="-75.48580891161843"><ele>87.34324595227103</ele><time>2025-10-04T15:42:38.50100Z</time><extensions><mytracks:speed>73.03994631485324</mytracks:speed><mytracks:length>0.02028907472199508</mytracks:length></extensions></trkpt><trkpt lat="45.26072785784839" lon="-75.48571905463734"><ele>87.20953051894945</ele><time>2025-10-04T15:42:39.50100Z</time><extensions><mytracks:speed>73.94031985457272</mytracks:speed><mytracks:length>0.02053918095764768</mytracks:length></extensions></trkpt><trkpt lat="45.26055189104616" lon="-75.48562584137235"><ele>87.03837778170171</ele><time>2025-10-04T15:42:40.50100Z</time><extensions><mytracks:speed>75.17559221471497</mytracks:speed><mytracks:length>0.02088231307452445</mytracks:length></extensions></trkpt><trkpt lat="45.26037416338773" lon="-75.48553224019896"><ele>86.80177277735972</ele><time>2025-10-04T15:42:41.50100Z</time><extensions><mytracks:speed>75.87462736787479</mytracks:speed><mytracks:length>0.02107649140406375</mytracks:length></extensions></trkpt><trkpt lat="45.260198616563" lon="-75.48543878398468"><ele>86.60953347327572</ele><time>2025-10-04T15:42:42.50100Z</time><extensions><mytracks:speed>75.0434180407883</mytracks:speed><mytracks:length>0.02084559518235135</mytracks:length></extensions></trkpt><trkpt lat="45.26002084345805" lon="-75.48534435502057"><ele>86.60108353410548</ele><time>2025-10-04T15:42:43.50100Z</time><extensions><mytracks:speed>75.97461431515943</mytracks:speed><mytracks:length>0.02110426834338404</mytracks:length></extensions></trkpt><trkpt lat="45.25984293224283" lon="-75.48524966306515"><ele>86.69761350542365</ele><time>2025-10-04T15:42:44.50100Z</time><extensions><mytracks:speed>76.0514357749982</mytracks:speed><mytracks:gradient>0.004569334075560395</mytracks:gradient><mytracks:length>0.02112561036726638</mytracks:length></extensions></trkpt><trkpt lat="45.25966442323476" lon="-75.48515474407158"><ele>86.79789711751071</ele><time>2025-10-04T15:42:45.50100Z</time><extensions><mytracks:speed>76.29760262805166</mytracks:speed><mytracks:gradient>0.004731704237817247</mytracks:gradient><mytracks:length>0.0211939730479286</mytracks:length></extensions></trkpt><trkpt lat="45.25948667953255" lon="-75.48505878849579"><ele>86.87650188988948</ele><time>2025-10-04T15:42:46.50100Z</time><extensions><mytracks:speed>76.1136388624866</mytracks:speed><mytracks:gradient>0.003717788985059454</mytracks:gradient><mytracks:length>0.02114288161449015</mytracks:length></extensions></trkpt><trkpt lat="45.259311168453" lon="-75.48496438989619"><ele>86.90051231499672</ele><time>2025-10-04T15:42:47.50100Z</time><extensions><mytracks:speed>75.12353323893325</mytracks:speed><mytracks:gradient>0.001150594121851369</mytracks:gradient><mytracks:length>0.02086784961894398</mytracks:length></extensions></trkpt><trkpt lat="45.25913736193066" lon="-75.48487050397463"><ele>86.85087593375421</ele><time>2025-10-04T15:42:48.50100Z</time><extensions><mytracks:speed>74.43391255889077</mytracks:speed><mytracks:length>0.020676288934007</mytracks:length></extensions></trkpt><trkpt lat="45.25896513655072" lon="-75.48477707659885"><ele>86.70684257812236</ele><time>2025-10-04T15:42:49.50100Z</time><extensions><mytracks:speed>73.79642850199811</mytracks:speed><mytracks:length>0.02049921074201183</mytracks:length></extensions></trkpt><trkpt lat="45.25879230738523" lon="-75.48468412644824"><ele>86.58684306369318</ele><time>2025-10-04T15:42:50.50100Z</time><extensions><mytracks:speed>73.97429292397347</mytracks:speed><mytracks:length>0.02054861311561909</mytracks:length></extensions></trkpt><trkpt lat="45.25861670478903" lon="-75.4845899313213"><ele>86.64994000721012</ele><time>2025-10-04T15:42:51.50100Z</time><extensions><mytracks:speed>75.13672105196385</mytracks:speed><mytracks:gradient>0.003023111987438756</mytracks:gradient><mytracks:length>0.02087152039987646</mytracks:length></extensions></trkpt><trkpt lat="45.25843909943745" lon="-75.48449475718591"><ele>86.76980278405726</ele><time>2025-10-04T15:42:52.50100Z</time><extensions><mytracks:speed>75.98539338156159</mytracks:speed><mytracks:gradient>0.005678747070792491</mytracks:gradient><mytracks:length>0.02110725752580757</mytracks:length></extensions></trkpt><trkpt lat="45.2582592797279" lon="-75.48439828443891"><ele>86.99399911000303</ele><time>2025-10-04T15:42:53.50100Z</time><extensions><mytracks:speed>76.94389436820646</mytracks:speed><mytracks:gradient>0.01048944426434816</mytracks:gradient><mytracks:length>0.02137351801446473</mytracks:length></extensions></trkpt><trkpt lat="45.25807775481561" lon="-75.4843004598505"><ele>87.17283347091137</ele><time>2025-10-04T15:42:54.50100Z</time><extensions><mytracks:speed>77.71650151873403</mytracks:speed><mytracks:gradient>0.008283921605645851</mytracks:gradient><mytracks:length>0.02158812811391847</mytracks:length></extensions></trkpt><trkpt lat="45.25789566112442" lon="-75.48420261097368"><ele>87.20816181165348</ele><time>2025-10-04T15:42:55.50100Z</time><extensions><mytracks:speed>77.93264148929798</mytracks:speed><mytracks:gradient>0.001631932542647236</mytracks:gradient><mytracks:length>0.02164816242024555</mytracks:length></extensions></trkpt><trkpt lat="45.25771359206399" lon="-75.48410480437079"><ele>87.01476373623839</ele><time>2025-10-04T15:42:56.50100Z</time><extensions><mytracks:speed>77.9191328839554</mytracks:speed><mytracks:length>0.02164441515446729</mytracks:length></extensions></trkpt><trkpt lat="45.25753187109702" lon="-75.48400734549934"><ele>86.73691435768038</ele><time>2025-10-04T15:42:57.50100Z</time><extensions><mytracks:speed>77.75406568619348</mytracks:speed><mytracks:length>0.02159856270687827</mytracks:length></extensions></trkpt><trkpt lat="45.25735177706271" lon="-75.48391032825143"><ele>86.43778825382411</ele><time>2025-10-04T15:42:58.50100Z</time><extensions><mytracks:speed>77.10084938469761</mytracks:speed><mytracks:length>0.02141711706673496</mytracks:length></extensions></trkpt><trkpt lat="45.25717349535166" lon="-75.48381358559567"><ele>86.13381629391588</ele><time>2025-10-04T15:42:59.50100Z</time><extensions><mytracks:speed>76.39548889575258</mytracks:speed><mytracks:length>0.02122117151664141</mytracks:length></extensions></trkpt><trkpt lat="45.25699523237126" lon="-75.48371633899301"><ele>85.97215441396712</ele><time>2025-10-04T15:43:00.50100Z</time><extensions><mytracks:speed>76.43903243931307</mytracks:speed><mytracks:length>0.02123327212311629</mytracks:length></extensions></trkpt><trkpt lat="45.25681663077296" lon="-75.48361850637708"><ele>85.82921477309847</ele><time>2025-10-04T15:43:01.50100Z</time><extensions><mytracks:speed>76.6252548263772</mytracks:speed><mytracks:length>0.02128499345758616</mytracks:length></extensions></trkpt><trkpt lat="45.25663640150201" lon="-75.48352043721631"><ele>85.83944361590947</ele><time>2025-10-04T15:43:02.50100Z</time><extensions><mytracks:speed>77.25748553465831</mytracks:speed><mytracks:gradient>0.0004766329777632063</mytracks:gradient><mytracks:length>0.021460627544082</mytracks:length></extensions></trkpt><trkpt lat="45.25645409309942" lon="-75.48342177621342"><ele>85.88846843977343</ele><time>2025-10-04T15:43:03.50100Z</time><extensions><mytracks:speed>78.09431213786135</mytracks:speed><mytracks:gradient>0.002259929242538245</mytracks:gradient><mytracks:length>0.02169307911998922</mytracks:length></extensions></trkpt><trkpt lat="45.25626996619415" lon="-75.48332269401421"><ele>85.98665325981109</ele><time>2025-10-04T15:43:04.50100Z</time><extensions><mytracks:speed>78.81786918774785</mytracks:speed><mytracks:gradient>0.004484540660214132</mytracks:gradient><mytracks:length>0.02189406395815145</mytracks:length></extensions></trkpt><trkpt lat="45.2560840150507" lon="-75.48322368234415"><ele>86.10052204621233</ele><time>2025-10-04T15:43:05.50100Z</time><extensions><mytracks:speed>79.49367621607004</mytracks:speed><mytracks:gradient>0.005156681570422236</mytracks:gradient><mytracks:length>0.02208179520999924</mytracks:length></extensions></trkpt><trkpt lat="45.25589718743089" lon="-75.4831250227455"><ele>86.17390103897291</ele><time>2025-10-04T15:43:06.50100Z</time><extensions><mytracks:speed>79.78629755368392</mytracks:speed><mytracks:gradient>0.003310867439569935</mytracks:gradient><mytracks:length>0.02216307179308659</mytracks:length></extensions></trkpt><trkpt lat="45.25570863612239" lon="-75.48302659653025"><ele>86.10166012899597</ele><time>2025-10-04T15:43:07.50100Z</time><extensions><mytracks:speed>80.41113069833175</mytracks:speed><mytracks:length>0.02233664353615008</mytracks:length></extensions></trkpt><trkpt lat="45.25551909278758" lon="-75.48292812223474"><ele>85.96533583012352</ele><time>2025-10-04T15:43:08.50100Z</time><extensions><mytracks:speed>80.78863791286649</mytracks:speed><mytracks:length>0.02244150767635253</mytracks:length></extensions></trkpt><trkpt lat="45.25532840123876" lon="-75.48282962316071"><ele>85.84567577236837</ele><time>2025-10-04T15:43:09.50100Z</time><extensions><mytracks:speed>81.22264165188817</mytracks:speed><mytracks:length>0.02256206813856692</mytracks:length></extensions></trkpt><trkpt lat="45.25513579992126" lon="-75.48273024086487"><ele>85.77068535896744</ele><time>2025-10-04T15:43:10.50100Z</time><extensions><mytracks:speed>82.02613385516315</mytracks:speed><mytracks:length>0.02278526262560164</mytracks:length></extensions></trkpt><trkpt lat="45.25494290413562" lon="-75.48263061145258"><ele>85.70391641457795</ele><time>2025-10-04T15:43:11.50100Z</time><extensions><mytracks:speed>82.16129925418544</mytracks:speed><mytracks:length>0.022822808941268</mytracks:length></extensions></trkpt><trkpt lat="45.25465284348954" lon="-75.4824816844361"><ele>85.79302263526291</ele><time>2025-10-04T15:43:13.00000Z</time><extensions><mytracks:speed>82.33968452547684</mytracks:speed><mytracks:gradient>0.00259820483404476</mytracks:gradient><mytracks:length>0.03429530247861633</mytracks:length></extensions></trkpt><trkpt lat="45.25445878375672" lon="-75.48238103174948"><ele>85.84214369663927</ele><time>2025-10-04T15:43:14.00000Z</time><extensions><mytracks:speed>82.49241752701484</mytracks:speed><mytracks:gradient>0.002413730332432306</mytracks:gradient><mytracks:length>0.02297179205123442</mytracks:length></extensions></trkpt><trkpt lat="45.25426543319377" lon="-75.48228009140355"><ele>85.87552919240311</ele><time>2025-10-04T15:43:15.00000Z</time><extensions><mytracks:speed>82.60218573621846</mytracks:speed><mytracks:gradient>0.001798420595009052</mytracks:gradient><mytracks:length>0.02290558766994608</mytracks:length></extensions></trkpt><trkpt lat="45.25397486568685" lon="-75.48212888861582"><ele>86.0037077396067</ele><time>2025-10-04T15:43:16.50000Z</time><extensions><mytracks:speed>82.59713978227947</mytracks:speed><mytracks:gradient>0.003725142005367794</mytracks:gradient><mytracks:length>0.03440903649280715</mytracks:length></extensions></trkpt><trkpt lat="45.25378068660484" lon="-75.48202712274089"><ele>85.96986909453574</ele><time>2025-10-04T15:43:17.50000Z</time><extensions><mytracks:speed>82.85082607754865</mytracks:speed><mytracks:length>0.02301432137363033</mytracks:length></extensions></trkpt><trkpt lat="45.25358714776082" lon="-75.48192632242666"><ele>86.00062123487363</ele><time>2025-10-04T15:43:18.50000Z</time><extensions><mytracks:speed>82.51703109012055</mytracks:speed><mytracks:gradient>0.001341627577627446</mytracks:gradient><mytracks:length>0.02292151775254812</mytracks:length></extensions></trkpt><trkpt lat="45.25339377090999" lon="-75.48182487213677"><ele>85.94857088168416</ele><time>2025-10-04T15:43:19.50000Z</time><extensions><mytracks:speed>82.51908546567462</mytracks:speed><mytracks:length>0.02292210754299828</mytracks:length></extensions></trkpt><trkpt lat="45.25319918518106" lon="-75.48171969714183"><ele>86.00902346497043</ele><time>2025-10-04T15:43:20.50000Z</time><extensions><mytracks:speed>83.34054238002993</mytracks:speed><mytracks:gradient>0.002611297991042927</mytracks:gradient><mytracks:length>0.02315039627557761</mytracks:length></extensions></trkpt><trkpt lat="45.25300720629683" lon="-75.48161470301312"><ele>86.08882786017141</ele><time>2025-10-04T15:43:21.50000Z</time><extensions><mytracks:speed>82.34829557523135</mytracks:speed><mytracks:gradient>0.003488765648674993</mytracks:gradient><mytracks:length>0.02287467925261466</mytracks:length></extensions></trkpt><trkpt lat="45.25281771516439" lon="-75.48150952746028"><ele>86.07764416838494</ele><time>2025-10-04T15:43:22.50000Z</time><extensions><mytracks:speed>81.43753117148167</mytracks:speed><mytracks:length>0.02262170902514906</mytracks:length></extensions></trkpt><trkpt lat="45.25262877147873" lon="-75.48140568336652"><ele>86.06486019249489</ele><time>2025-10-04T15:43:23.50000Z</time><extensions><mytracks:speed>81.09724123270173</mytracks:speed><mytracks:length>0.02252728805271846</mytracks:length></extensions></trkpt><trkpt lat="45.25244300510809" lon="-75.48130537408242"><ele>86.01729537346301</ele><time>2025-10-04T15:43:24.50000Z</time><extensions><mytracks:speed>79.55407611125099</mytracks:speed><mytracks:length>0.02209852307241229</mytracks:length></extensions></trkpt><trkpt lat="45.25225636466773" lon="-75.48120646299499"><ele>85.96756007403194</ele><time>2025-10-04T15:43:25.50000Z</time><extensions><mytracks:speed>79.74182494257367</mytracks:speed><mytracks:length>0.02215066536126433</mytracks:length></extensions></trkpt><trkpt lat="45.25206809287191" lon="-75.48111025860386"><ele>85.9981843947089</ele><time>2025-10-04T15:43:26.50000Z</time><extensions><mytracks:speed>80.09296348369344</mytracks:speed><mytracks:gradient>0.001376478802739801</mytracks:gradient><mytracks:length>0.02224830532515844</mytracks:length></extensions></trkpt><trkpt lat="45.25187980644469" lon="-75.48101569499673"><ele>85.97878659331415</ele><time>2025-10-04T15:43:27.50000Z</time><extensions><mytracks:speed>79.94260480705245</mytracks:speed><mytracks:length>0.02220654118535103</mytracks:length></extensions></trkpt><trkpt lat="45.25168965871215" lon="-75.48092111558991"><ele>85.89493002024938</ele><time>2025-10-04T15:43:28.50000Z</time><extensions><mytracks:speed>80.64701297602126</mytracks:speed><mytracks:length>0.02240231658069777</mytracks:length></extensions></trkpt><trkpt lat="45.25149952785137" lon="-75.48082757913707"><ele>85.68249535871965</ele><time>2025-10-04T15:43:29.50000Z</time><extensions><mytracks:speed>80.54303786833742</mytracks:speed><mytracks:length>0.02237353281306774</mytracks:length></extensions></trkpt><trkpt lat="45.25130896128331" lon="-75.48073315329815"><ele>85.3801543002449</ele><time>2025-10-04T15:43:30.50000Z</time><extensions><mytracks:speed>80.7899397774564</mytracks:speed><mytracks:length>0.02244211008172336</mytracks:length></extensions></trkpt><trkpt lat="45.25111861891013" lon="-75.48063823858463"><ele>85.14395041389979</ele><time>2025-10-04T15:43:31.50000Z</time><extensions><mytracks:speed>80.7516960165954</mytracks:speed><mytracks:length>0.02243146520510405</mytracks:length></extensions></trkpt><trkpt lat="45.25093007814937" lon="-75.48054398002137"><ele>84.92385875152601</ele><time>2025-10-04T15:43:32.50000Z</time><extensions><mytracks:speed>80.00994358373232</mytracks:speed><mytracks:length>0.02222540558732468</mytracks:length></extensions></trkpt><trkpt lat="45.25074222919703" lon="-75.48044991649637"><ele>84.83754296460384</ele><time>2025-10-04T15:43:33.50000Z</time><extensions><mytracks:speed>79.72990700690603</mytracks:speed><mytracks:length>0.0221476135347517</mytracks:length></extensions></trkpt><trkpt lat="45.25055513696834" lon="-75.48035591351385"><ele>84.8021602574813</ele><time>2025-10-04T15:43:34.50000Z</time><extensions><mytracks:speed>79.43865794184464</mytracks:speed><mytracks:length>0.02206668844881696</mytracks:length></extensions></trkpt><trkpt lat="45.25036907299703" lon="-75.48026242474985"><ele>84.7891657919392</ele><time>2025-10-04T15:43:35.50000Z</time><extensions><mytracks:speed>79.00300135955789</mytracks:speed><mytracks:length>0.02194566533542339</mytracks:length></extensions></trkpt><trkpt lat="45.25018324829494" lon="-75.48017005469241"><ele>84.7161148412287</ele><time>2025-10-04T15:43:36.50000Z</time><extensions><mytracks:speed>78.80762541820337</mytracks:speed><mytracks:length>0.02189138806387634</mytracks:length></extensions></trkpt><trkpt lat="45.24999843031416" lon="-75.48007871717678"><ele>84.58122272109198</ele><time>2025-10-04T15:43:37.50000Z</time><extensions><mytracks:speed>78.33120058821808</mytracks:speed><mytracks:length>0.02175903774849624</mytracks:length></extensions></trkpt><trkpt lat="45.24981501680571" lon="-75.47998764011632"><ele>84.4005960644936</ele><time>2025-10-04T15:43:38.50000Z</time><extensions><mytracks:speed>77.77608554347016</mytracks:speed><mytracks:length>0.02160482104362241</mytracks:length></extensions></trkpt><trkpt lat="45.24963082545943" lon="-75.4798954345319"><ele>84.20564900845251</ele><time>2025-10-04T15:43:39.50000Z</time><extensions><mytracks:speed>78.17527979568726</mytracks:speed><mytracks:length>0.0217157101468799</mytracks:length></extensions></trkpt><trkpt lat="45.24943675925956" lon="-75.47979844511859"><ele>84.07523604861522</ele><time>2025-10-04T15:43:40.55500Z</time><extensions><mytracks:speed>78.04717037010455</mytracks:speed><mytracks:length>0.0228760582243882</mytracks:length></extensions></trkpt><trkpt lat="45.24924822638552" lon="-75.47969895018355"><ele>83.99793280181206</ele><time>2025-10-04T15:43:41.57400Z</time><extensions><mytracks:speed>79.00139820085386</mytracks:speed><mytracks:length>0.02236426582386784</mytracks:length></extensions></trkpt><trkpt lat="45.2490614469433" lon="-75.47960131960265"><ele>84.04333246161626</ele><time>2025-10-04T15:43:42.56300Z</time><extensions><mytracks:speed>79.77541612978835</mytracks:speed><mytracks:length>0.02213051552895965</mytracks:length></extensions></trkpt><trkpt lat="45.24888006985449" lon="-75.47950987925987"><ele>84.00752836362422</ele><time>2025-10-04T15:43:43.51600Z</time><extensions><mytracks:speed>80.72121378676169</mytracks:speed><mytracks:gradient>0.000220431499277503</mytracks:gradient><mytracks:length>0.02140090943671872</mytracks:length></extensions></trkpt><trkpt lat="45.24851566547949" lon="-75.47932599824289"><ele>84.05894372805226</ele><time>2025-10-04T15:43:45.40300Z</time><extensions><mytracks:speed>82.02814115033212</mytracks:speed><mytracks:gradient>0.001195679055102147</mytracks:gradient><mytracks:length>0.04300097439077913</mytracks:length></extensions></trkpt><trkpt lat="45.24831105818667" lon="-75.47922014186325"><ele>83.99578432721815</ele><time>2025-10-04T15:43:46.45700Z</time><extensions><mytracks:speed>82.65557280611473</mytracks:speed><mytracks:length>0.02421352644608795</mytracks:length></extensions></trkpt><trkpt lat="45.24809592790921" lon="-75.47910428672564"><ele>83.89423385659376</ele><time>2025-10-04T15:43:47.56200Z</time><extensions><mytracks:speed>83.37662879836149</mytracks:speed><mytracks:length>0.02558308123698885</mytracks:length></extensions></trkpt><trkpt lat="45.24789958571291" lon="-75.47899941026672"><ele>83.71792732875845</ele><time>2025-10-04T15:43:48.57400Z</time><extensions><mytracks:speed>82.95391086377245</mytracks:speed><mytracks:length>0.02332512165342338</mytracks:length></extensions></trkpt><trkpt lat="45.24771282416896" lon="-75.47890059979039"><ele>83.51822536451066</ele><time>2025-10-04T15:43:49.53900Z</time><extensions><mytracks:speed>82.81955251285596</mytracks:speed><mytracks:length>0.02216103842777931</mytracks:length></extensions></trkpt><trkpt lat="45.24735156940831" lon="-75.47871722419301"><ele>83.23702037601149</ele><time>2025-10-04T15:43:51.42600Z</time><extensions><mytracks:speed>81.3796523241091</mytracks:speed><mytracks:length>0.04265786385460208</mytracks:length></extensions></trkpt><trkpt lat="45.2471623387479" lon="-75.47862412605477"><ele>83.16698638799917</ele><time>2025-10-04T15:43:52.41600Z</time><extensions><mytracks:speed>81.2515938737815</mytracks:speed><mytracks:length>0.02226794383837594</mytracks:length></extensions></trkpt><trkpt lat="45.2469612995437" lon="-75.47852536235145"><ele>83.2831936318435</ele><time>2025-10-04T15:43:53.46700Z</time><extensions><mytracks:speed>80.99990477383675</mytracks:speed><mytracks:gradient>0.004912845729111358</mytracks:gradient><mytracks:length>0.0236537539039209</mytracks:length></extensions></trkpt><trkpt lat="45.24676021799206" lon="-75.47842789118424"><ele>83.58052776988332</ele><time>2025-10-04T15:43:54.52100Z</time><extensions><mytracks:speed>80.6666833154559</mytracks:speed><mytracks:gradient>0.01258528372774289</mytracks:gradient><mytracks:length>0.02362554110594858</mytracks:length></extensions></trkpt><trkpt lat="45.2465679135042" lon="-75.47833250649276"><ele>83.74700953104197</ele><time>2025-10-04T15:43:55.54200Z</time><extensions><mytracks:speed>79.8692710732626</mytracks:speed><mytracks:gradient>0.007350259685827188</mytracks:gradient><mytracks:length>0.02264977950094213</mytracks:length></extensions></trkpt><trkpt lat="45.24638005208666" lon="-75.4782385913947"><ele>83.84187766917906</ele><time>2025-10-04T15:43:56.54300Z</time><extensions><mytracks:speed>79.66442367319453</mytracks:speed><mytracks:gradient>0.004283880359556094</mytracks:gradient><mytracks:length>0.02214537526134786</mytracks:length></extensions></trkpt><trkpt lat="45.24619630132196" lon="-75.47814445708993"><ele>84.08161442753358</ele><time>2025-10-04T15:43:57.52600Z</time><extensions><mytracks:speed>79.62515833582182</mytracks:speed><mytracks:gradient>0.007627947031877315</mytracks:gradient><mytracks:length>0.02172048248846467</mytracks:length></extensions></trkpt><trkpt lat="45.24600929811544" lon="-75.47805095994585"><ele>84.23914937735364</ele><time>2025-10-04T15:43:58.53000Z</time><extensions><mytracks:speed>79.02663686421359</mytracks:speed><mytracks:gradient>0.007146251339360972</mytracks:gradient><mytracks:length>0.0220444177428201</mytracks:length></extensions></trkpt><trkpt lat="45.24582353044916" lon="-75.47795950387649"><ele>84.39129433971014</ele><time>2025-10-04T15:43:59.53000Z</time><extensions><mytracks:speed>78.69462430008609</mytracks:speed><mytracks:gradient>0.006959290266446069</mytracks:gradient><mytracks:length>0.0218621377369561</mytracks:length></extensions></trkpt><trkpt lat="45.24563696188595" lon="-75.47786737500705"><ele>84.64604626570437</ele><time>2025-10-04T15:44:00.53700Z</time><extensions><mytracks:speed>78.4829931912615</mytracks:speed><mytracks:gradient>0.01159886456103269</mytracks:gradient><mytracks:length>0.02196352277878019</mytracks:length></extensions></trkpt><trkpt lat="45.24545511906017" lon="-75.47777909806835"><ele>84.72207843038328</ele><time>2025-10-04T15:44:01.52800Z</time><extensions><mytracks:speed>78.08141641836475</mytracks:speed><mytracks:gradient>0.007633748750966851</mytracks:gradient><mytracks:length>0.02136845729704066</mytracks:length></extensions></trkpt><trkpt lat="45.24527489361206" lon="-75.47768862720707"><ele>84.775870798448</ele><time>2025-10-04T15:44:02.51200Z</time><extensions><mytracks:speed>77.69393221528287</mytracks:speed><mytracks:gradient>0.003045888126318544</mytracks:gradient><mytracks:length>0.02125469663027676</mytracks:length></extensions></trkpt><trkpt lat="45.24509483211797" lon="-75.47759782022659"><ele>84.8000471552353</ele><time>2025-10-04T15:44:03.49100Z</time><extensions><mytracks:speed>77.94020438539147</mytracks:speed><mytracks:gradient>0.001834486840561208</mytracks:gradient><mytracks:length>0.02124663845964113</mytracks:length></extensions></trkpt><trkpt lat="45.24491168488492" lon="-75.47750524552087"><ele>84.71492191192065</ele><time>2025-10-04T15:44:04.48700Z</time><extensions><mytracks:speed>78.14973340908541</mytracks:speed><mytracks:length>0.02161649842439207</mytracks:length></extensions></trkpt><trkpt lat="45.24472502137642" lon="-75.4774114970749"><ele>84.60038205977341</ele><time>2025-10-04T15:44:05.49700Z</time><extensions><mytracks:speed>78.47732381427738</mytracks:speed><mytracks:length>0.02201557542734629</mytracks:length></extensions></trkpt><trkpt lat="45.24453595652098" lon="-75.47731650229076"><ele>84.48412917356673</ele><time>2025-10-04T15:44:06.51400Z</time><extensions><mytracks:speed>78.92461985904383</mytracks:speed><mytracks:length>0.02229969323521404</mytracks:length></extensions></trkpt><trkpt lat="45.24435083361431" lon="-75.47722390187278"><ele>84.52257794086401</ele><time>2025-10-04T15:44:07.51200Z</time><extensions><mytracks:speed>78.81634017127307</mytracks:speed><mytracks:length>0.02182397110820247</mytracks:length></extensions></trkpt><trkpt lat="45.24416668212215" lon="-75.47713231064824"><ele>84.59345210661988</ele><time>2025-10-04T15:44:08.49800Z</time><extensions><mytracks:speed>78.97909164604779</mytracks:speed><mytracks:gradient>0.002512013447080102</mytracks:gradient><mytracks:length>0.02169598717867687</mytracks:length></extensions></trkpt><trkpt lat="45.24398249578804" lon="-75.47704059379106"><ele>84.65478708885148</ele><time>2025-10-04T15:44:09.47400Z</time><extensions><mytracks:speed>79.64183209620035</mytracks:speed><mytracks:gradient>0.003046375993951207</mytracks:gradient><mytracks:length>0.02170284034668523</mytracks:length></extensions></trkpt><trkpt lat="45.24379720909022" lon="-75.47694908969702"><ele>84.74928449273118</ele><time>2025-10-04T15:44:10.45100Z</time><extensions><mytracks:speed>80.19040396251205</mytracks:speed><mytracks:gradient>0.003581044698968176</mytracks:gradient><mytracks:length>0.0218130245784316</mytracks:length></extensions></trkpt><trkpt lat="45.24361098579024" lon="-75.47685622302349"><ele>84.76770504593244</ele><time>2025-10-04T15:44:11.42400Z</time><extensions><mytracks:speed>80.76666316906568</mytracks:speed><mytracks:gradient>0.002580433180675873</mytracks:gradient><mytracks:length>0.02194648668597331</mytracks:length></extensions></trkpt><trkpt lat="45.24341261837448" lon="-75.47675835775537"><ele>84.67243681487075</ele><time>2025-10-04T15:44:12.46200Z</time><extensions><mytracks:speed>80.99424487854779</mytracks:speed><mytracks:length>0.02335022382228892</mytracks:length></extensions></trkpt><trkpt lat="45.24320890023058" lon="-75.4766567679707"><ele>84.53222813273828</ele><time>2025-10-04T15:44:13.52900Z</time><extensions><mytracks:speed>81.02973287822432</mytracks:speed><mytracks:length>0.02400812141310298</mytracks:length></extensions></trkpt><trkpt lat="45.24300533455003" lon="-75.4765531773959"><ele>84.37010557998379</ele><time>2025-10-04T15:44:14.58100Z</time><extensions><mytracks:speed>82.23495043557106</mytracks:speed><mytracks:length>0.02404469530670491</mytracks:length></extensions></trkpt><trkpt lat="45.24281886322461" lon="-75.47646186923004"><ele>83.90684144733456</ele><time>2025-10-04T15:44:15.55400Z</time><extensions><mytracks:speed>81.71216562715038</mytracks:speed><mytracks:length>0.02193251954343617</mytracks:length></extensions></trkpt><trkpt lat="45.24263919911933" lon="-75.4763711331659"><ele>83.48777763370312</ele><time>2025-10-04T15:44:16.52500Z</time><extensions><mytracks:speed>79.88025022877038</mytracks:speed><mytracks:length>0.02120332645675013</mytracks:length></extensions></trkpt><trkpt lat="45.24246611669612" lon="-75.47628286971096"><ele>83.0584907710802</ele><time>2025-10-04T15:44:17.50700Z</time><extensions><mytracks:speed>76.79919373274772</mytracks:speed><mytracks:length>0.02044902792269193</mytracks:length></extensions></trkpt><trkpt lat="45.24230038748378" lon="-75.47619884095192"><ele>82.54930127880856</ele><time>2025-10-04T15:44:18.50400Z</time><extensions><mytracks:speed>72.81922030552155</mytracks:speed><mytracks:length>0.01956749838155587</mytracks:length></extensions></trkpt><trkpt lat="45.24213955549957" lon="-75.47611270140992"><ele>82.55654905049349</ele><time>2025-10-04T15:44:19.50100Z</time><extensions><mytracks:speed>69.81149367295488</mytracks:speed><mytracks:length>0.01911337802595793</mytracks:length></extensions></trkpt><trkpt lat="45.24198097832259" lon="-75.47602601590442"><ele>82.88651357299608</ele><time>2025-10-04T15:44:20.50100Z</time><extensions><mytracks:speed>68.50926103426136</mytracks:speed><mytracks:gradient>0.008872406563819652</mytracks:gradient><mytracks:length>0.01889403244607295</mytracks:length></extensions></trkpt><trkpt lat="45.24182341709876" lon="-75.47593900427289"><ele>83.17874154376399</ele><time>2025-10-04T15:44:21.50100Z</time><extensions><mytracks:speed>67.8749947292108</mytracks:speed><mytracks:gradient>0.01650735957351985</mytracks:gradient><mytracks:length>0.01879790819031986</mytracks:length></extensions></trkpt><trkpt lat="45.24166850418838" lon="-75.47585522377341"><ele>83.44259650923949</ele><time>2025-10-04T15:44:22.50000Z</time><extensions><mytracks:speed>67.02883010145061</mytracks:speed><mytracks:gradient>0.01493646420366527</mytracks:gradient><mytracks:length>0.01843212267518409</mytracks:length></extensions></trkpt><trkpt lat="45.24151785630529" lon="-75.47577251069842"><ele>83.59925104076537</ele><time>2025-10-04T15:44:23.50000Z</time><extensions><mytracks:speed>65.50944168337074</mytracks:speed><mytracks:gradient>0.01155513749228003</mytracks:gradient><mytracks:length>0.01795933967037805</mytracks:length></extensions></trkpt><trkpt lat="45.24137170733175" lon="-75.47569387723965"><ele>83.48472390701281</ele><time>2025-10-04T15:44:24.47500Z</time><extensions><mytracks:speed>64.43245205617143</mytracks:speed><mytracks:gradient>0.001192144635156995</mytracks:gradient><mytracks:length>0.01737808716409923</mytracks:length></extensions></trkpt><trkpt lat="45.24122361510505" lon="-75.47561509667622"><ele>83.40910528783438</ele><time>2025-10-04T15:44:25.47200Z</time><extensions><mytracks:speed>63.85162845318073</mytracks:speed><mytracks:length>0.01758431352435899</mytracks:length></extensions></trkpt><trkpt lat="45.24107592666886" lon="-75.47553618396876"><ele>83.3622423032125</ele><time>2025-10-04T15:44:26.46000Z</time><extensions><mytracks:speed>63.70844838201614</mytracks:speed><mytracks:length>0.01754583071567057</mytracks:length></extensions></trkpt><trkpt lat="45.24092218102295" lon="-75.47545664473877"><ele>83.13353713816844</ele><time>2025-10-04T15:44:27.48400Z</time><extensions><mytracks:speed>63.95816779509073</mytracks:speed><mytracks:length>0.018194418585938</mytracks:length></extensions></trkpt><trkpt lat="45.24077451077503" lon="-75.47538045095972"><ele>82.9707046914945</ele><time>2025-10-04T15:44:28.47100Z</time><extensions><mytracks:speed>63.84107187138749</mytracks:speed><mytracks:length>0.01747015851467286</mytracks:length></extensions></trkpt><trkpt lat="45.24062555083706" lon="-75.47530437676608"><ele>82.90332640916778</ele><time>2025-10-04T15:44:29.46200Z</time><extensions><mytracks:speed>63.84383208842565</mytracks:speed><mytracks:length>0.01760198736416283</mytracks:length></extensions></trkpt><trkpt lat="45.2404696737559" lon="-75.47522470170345"><ele>82.75305056587436</ele><time>2025-10-04T15:44:30.49500Z</time><extensions><mytracks:speed>64.18796553422192</mytracks:speed><mytracks:length>0.01842111761883735</mytracks:length></extensions></trkpt><trkpt lat="45.24031119194269" lon="-75.4751439419402"><ele>82.71326582755918</ele><time>2025-10-04T15:44:31.53700Z</time><extensions><mytracks:speed>64.65505462447392</mytracks:speed><mytracks:length>0.0187224827718047</mytracks:length></extensions></trkpt><trkpt lat="45.24015077752856" lon="-75.4750662950339"><ele>82.55571657396182</ele><time>2025-10-04T15:44:32.56600Z</time><extensions><mytracks:speed>65.94462116565046</mytracks:speed><mytracks:length>0.01884507512214468</mytracks:length></extensions></trkpt><trkpt lat="45.2399991608233" lon="-75.47499169080751"><ele>82.35458305394701</ele><time>2025-10-04T15:44:33.53600Z</time><extensions><mytracks:speed>66.0893320558946</mytracks:speed><mytracks:length>0.01784228042807473</mytracks:length></extensions></trkpt><trkpt lat="45.23984323413346" lon="-75.47491423149719"><ele>82.24022111900884</ele><time>2025-10-04T15:44:34.53000Z</time><extensions><mytracks:speed>66.36415897284748</mytracks:speed><mytracks:length>0.01836844689964451</mytracks:length></extensions></trkpt><trkpt lat="45.23968912305413" lon="-75.47483742647927"><ele>82.10054773731216</ele><time>2025-10-04T15:44:35.51100Z</time><extensions><mytracks:speed>66.56489949132079</mytracks:speed><mytracks:length>0.01816070315300426</mytracks:length></extensions></trkpt><trkpt lat="45.23953433347163" lon="-75.47475677484444"><ele>82.22146400628247</ele><time>2025-10-04T15:44:36.50500Z</time><extensions><mytracks:speed>66.54621996666845</mytracks:speed><mytracks:length>0.01833357675336357</mytracks:length></extensions></trkpt><trkpt lat="45.23937868340684" lon="-75.47467574213877"><ele>82.25139394281842</ele><time>2025-10-04T15:44:37.50200Z</time><extensions><mytracks:speed>66.49007441482783</mytracks:speed><mytracks:gradient>0.00410269969216403</mytracks:gradient><mytracks:length>0.01843358951961975</mytracks:length></extensions></trkpt><trkpt lat="45.23922181770442" lon="-75.47459428405759"><ele>82.31194094801697</ele><time>2025-10-04T15:44:38.50100Z</time><extensions><mytracks:speed>66.72704664772129</mytracks:speed><mytracks:gradient>0.002444933142849604</mytracks:gradient><mytracks:length>0.01857241146792149</mytracks:length></extensions></trkpt><trkpt lat="45.23906470554419" lon="-75.47451097360508"><ele>82.33801734013326</ele><time>2025-10-04T15:44:39.50100Z</time><extensions><mytracks:speed>67.03904122498101</mytracks:speed><mytracks:gradient>0.00232732934811958</mytracks:gradient><mytracks:length>0.0186482022247227</mytracks:length></extensions></trkpt><trkpt lat="45.23890775371376" lon="-75.4744266156434"><ele>82.23236534108645</ele><time>2025-10-04T15:44:40.50100Z</time><extensions><mytracks:speed>67.17047257856642</mytracks:speed><mytracks:length>0.01866028085946586</mytracks:length></extensions></trkpt><trkpt lat="45.23874821625578" lon="-75.47434081564752"><ele>82.32700376579724</ele><time>2025-10-04T15:44:41.50100Z</time><extensions><mytracks:speed>67.7385698576485</mytracks:speed><mytracks:length>0.01896901331053432</mytracks:length></extensions></trkpt><trkpt lat="45.23858880542831" lon="-75.47425503350723"><ele>82.45029674439103</ele><time>2025-10-04T15:44:42.50100Z</time><extensions><mytracks:speed>68.26600278209638</mytracks:speed><mytracks:gradient>0.005746420784988687</mytracks:gradient><mytracks:length>0.01895570505600974</mytracks:length></extensions></trkpt><trkpt lat="45.23842907280374" lon="-75.47417000723186"><ele>82.50901214503669</ele><time>2025-10-04T15:44:43.50100Z</time><extensions><mytracks:speed>68.28558912815606</mytracks:speed><mytracks:gradient>0.003095448657645864</mytracks:gradient><mytracks:length>0.01896830060503123</mytracks:length></extensions></trkpt><trkpt lat="45.23826936161958" lon="-75.4740858556146"><ele>82.56612742931127</ele><time>2025-10-04T15:44:44.50100Z</time><extensions><mytracks:speed>68.19029665681384</mytracks:speed><mytracks:gradient>0.003015286172320289</mytracks:gradient><mytracks:length>0.01894191164967355</mytracks:length></extensions></trkpt><trkpt lat="45.23811130611867" lon="-75.47400302328872"><ele>82.46252032047528</ele><time>2025-10-04T15:44:45.50100Z</time><extensions><mytracks:speed>67.44011754923167</mytracks:speed><mytracks:length>0.01873355134077144</mytracks:length></extensions></trkpt><trkpt lat="45.23795364519859" lon="-75.47391991056587"><ele>82.38773125570239</ele><time>2025-10-04T15:44:46.50100Z</time><extensions><mytracks:speed>67.31873226587044</mytracks:speed><mytracks:length>0.01869984401874338</mytracks:length></extensions></trkpt><trkpt lat="45.23779651522479" lon="-75.47383738097004"><ele>82.37913903213465</ele><time>2025-10-04T15:44:47.50100Z</time><extensions><mytracks:speed>67.06229008856894</mytracks:speed><mytracks:length>0.01862861821605028</mytracks:length></extensions></trkpt><trkpt lat="45.23764698700083" lon="-75.47375825082635"><ele>82.38845581382434</ele><time>2025-10-04T15:44:48.46400Z</time><extensions><mytracks:speed>66.67702181699738</mytracks:speed><mytracks:gradient>1.992049998623741e-05</mytracks:gradient><mytracks:length>0.0177437602095186</mytracks:length></extensions></trkpt><trkpt lat="45.23749634813991" lon="-75.47367852620356"><ele>82.43289975014282</ele><time>2025-10-04T15:44:49.45400Z</time><extensions><mytracks:speed>65.66308843549956</mytracks:speed><mytracks:gradient>0.001509312615629038</mytracks:gradient><mytracks:length>0.01787609224974088</mytracks:length></extensions></trkpt><trkpt lat="45.23734436997323" lon="-75.47359794979849"><ele>82.42847261846782</ele><time>2025-10-04T15:44:50.48300Z</time><extensions><mytracks:speed>63.1075128934731</mytracks:speed><mytracks:length>0.0180387059047922</mytracks:length></extensions></trkpt><trkpt lat="45.23719626700462" lon="-75.47352127057378"><ele>82.3477017207418</ele><time>2025-10-04T15:44:51.53600Z</time><extensions><mytracks:speed>59.91717884502987</mytracks:speed><mytracks:length>0.01752887151502272</mytracks:length></extensions></trkpt><trkpt lat="45.23706077621208" lon="-75.47345424395593"><ele>82.36631208933835</ele><time>2025-10-04T15:44:52.53500Z</time><extensions><mytracks:speed>58.71394019460717</mytracks:speed><mytracks:length>0.0159539326092326</mytracks:length></extensions></trkpt><trkpt lat="45.23693292802181" lon="-75.4733918481561"><ele>82.38239678066333</ele><time>2025-10-04T15:44:53.51900Z</time><extensions><mytracks:speed>56.24893470030109</mytracks:speed><mytracks:gradient>0.001119695373831842</mytracks:gradient><mytracks:length>0.01503248808034929</mytracks:length></extensions></trkpt><trkpt lat="45.23681237152862" lon="-75.4733335925775"><ele>82.39137489801591</ele><time>2025-10-04T15:44:54.50800Z</time><extensions><mytracks:speed>53.2663632911141</mytracks:speed><mytracks:gradient>0.0008585430325163402</mytracks:gradient><mytracks:length>0.01416032449755729</mytracks:length></extensions></trkpt><trkpt lat="45.23669678570556" lon="-75.47327635446058"><ele>82.65245159394038</ele><time>2025-10-04T15:44:55.50000Z</time><extensions><mytracks:speed>50.47340382549044</mytracks:speed><mytracks:gradient>0.009724129873031484</mytracks:gradient><mytracks:length>0.01361188115670602</mytracks:length></extensions></trkpt><trkpt lat="45.23658836775193" lon="-75.47321906297637"><ele>82.76349657757605</ele><time>2025-10-04T15:44:56.49900Z</time><extensions><mytracks:speed>47.88756519244968</mytracks:speed><mytracks:gradient>0.01405647214037114</mytracks:gradient><mytracks:length>0.01286329497350144</mytracks:length></extensions></trkpt><trkpt lat="45.23648677410124" lon="-75.47316681453482"><ele>83.02969578185409</ele><time>2025-10-04T15:44:57.48600Z</time><extensions><mytracks:speed>45.08823251662578</mytracks:speed><mytracks:gradient>0.01516402452509157</mytracks:gradient><mytracks:length>0.01201447361190421</mytracks:length></extensions></trkpt><trkpt lat="45.23638877464642" lon="-75.47311635947082"><ele>83.35433389883379</ele><time>2025-10-04T15:44:58.48800Z</time><extensions><mytracks:speed>41.6379345744201</mytracks:speed><mytracks:gradient>0.02800764977333373</mytracks:gradient><mytracks:length>0.01159105171647744</mytracks:length></extensions></trkpt><trkpt lat="45.23629889758156" lon="-75.4730681933831"><ele>83.52829451732012</ele><time>2025-10-04T15:44:59.49400Z</time><extensions><mytracks:speed>38.22355951750697</mytracks:speed><mytracks:gradient>0.01628505466934332</mytracks:gradient><mytracks:length>0.01068222502278822</mytracks:length></extensions></trkpt><trkpt lat="45.23621822633446" lon="-75.47302706171861"><ele>83.77589788285785</ele><time>2025-10-04T15:45:00.51200Z</time><extensions><mytracks:speed>33.71166629051032</mytracks:speed><mytracks:gradient>0.02597886081232415</mytracks:gradient><mytracks:length>0.009530955469004515</mytracks:length></extensions></trkpt><trkpt lat="45.23615284105797" lon="-75.47299151439357"><ele>83.85243178383922</ele><time>2025-10-04T15:45:01.51100Z</time><extensions><mytracks:speed>30.90820764621877</mytracks:speed><mytracks:gradient>0.01872007065860642</mytracks:gradient><mytracks:length>0.007784694433212764</mytracks:length></extensions></trkpt><trkpt lat="45.23609920479237" lon="-75.47296193780221"><ele>83.91584686141063</ele><time>2025-10-04T15:45:02.48700Z</time><extensions><mytracks:speed>25.84931106199592</mytracks:speed><mytracks:gradient>0.00986744351730281</mytracks:gradient><mytracks:length>0.006397399451521018</mytracks:length></extensions></trkpt><trkpt lat="45.23605348260091" lon="-75.47293845990556"><ele>84.01368585926897</ele><time>2025-10-04T15:45:03.46900Z</time><extensions><mytracks:speed>21.70540231233729</mytracks:speed><mytracks:gradient>0.01366174988735855</mytracks:gradient><mytracks:length>0.005406313080469675</mytracks:length></extensions></trkpt><trkpt lat="45.23601670303628" lon="-75.47291864492367"><ele>83.97848590806419</ele><time>2025-10-04T15:45:04.46100Z</time><extensions><mytracks:speed>17.83455030659304</mytracks:speed><mytracks:gradient>0.006404693325344901</mytracks:gradient><mytracks:length>0.004375271161765325</mytracks:length></extensions></trkpt><trkpt lat="45.23598790704069" lon="-75.47290344869847"><ele>83.98984996313015</ele><time>2025-10-04T15:45:05.48800Z</time><extensions><mytracks:speed>11.98610763989323</mytracks:speed><mytracks:gradient>0.003326371319576353</mytracks:gradient><mytracks:length>0.003416351926523791</mytracks:length></extensions></trkpt><trkpt lat="45.23596961483237" lon="-75.47289433626176"><ele>84.02428656858316</ele><time>2025-10-04T15:45:06.50400Z</time><extensions><mytracks:speed>7.64072278682414</mytracks:speed><mytracks:gradient>0.01596863397044263</mytracks:gradient><mytracks:length>0.0021565154237207</mytracks:length></extensions></trkpt><trkpt lat="45.23596024638876" lon="-75.47288883582982"><ele>84.10205373886987</ele><time>2025-10-04T15:45:07.51600Z</time><extensions><mytracks:speed>4.023561716486935</mytracks:speed><mytracks:gradient>0.06874235504633615</mytracks:gradient><mytracks:length>0.001131284638623247</mytracks:length></extensions></trkpt><trkpt lat="45.23595452567152" lon="-75.47288550760955"><ele>84.31760358487789</ele><time>2025-10-04T15:45:08.49600Z</time><extensions><mytracks:speed>3.280929039678471</mytracks:speed><mytracks:gradient>0.1614986878316399</mytracks:gradient><mytracks:length>0.0006911394015640945</mytracks:length></extensions></trkpt><trkpt lat="45.23594499837925" lon="-75.47288082175483"><ele>84.52698068807739</ele><time>2025-10-04T15:45:09.48000Z</time><extensions><mytracks:speed>3.310260788977002</mytracks:speed><mytracks:gradient>0.2352514300925314</mytracks:gradient><mytracks:length>0.001115237235024618</mytracks:length></extensions></trkpt><trkpt lat="45.23592551997512" lon="-75.47287154173881"><ele>84.72882611814514</ele><time>2025-10-04T15:45:10.48300Z</time><extensions><mytracks:speed>8.195613780264512</mytracks:speed><mytracks:gradient>0.0884356320507953</mytracks:gradient><mytracks:length>0.002282399360834712</mytracks:length></extensions></trkpt><trkpt lat="45.23589345772172" lon="-75.47285585082604"><ele>84.9759897680364</ele><time>2025-10-04T15:45:11.50300Z</time><extensions><mytracks:speed>13.30241821371898</mytracks:speed><mytracks:gradient>0.06556031557436767</mytracks:gradient><mytracks:length>0.003770019221626466</mytracks:length></extensions></trkpt><trkpt lat="45.23584572849682" lon="-75.47283000105637"><ele>85.05321619110616</ele><time>2025-10-04T15:45:12.51300Z</time><extensions><mytracks:speed>20.24141579092961</mytracks:speed><mytracks:gradient>0.01359554709952449</mytracks:gradient><mytracks:length>0.005680273291279402</mytracks:length></extensions></trkpt><trkpt lat="45.23578552238477" lon="-75.47279703512368"><ele>85.13613795771656</ele><time>2025-10-04T15:45:13.51700Z</time><extensions><mytracks:speed>25.7321136735011</mytracks:speed><mytracks:gradient>0.01155704298975158</mytracks:gradient><mytracks:length>0.007174998542787248</mytracks:length></extensions></trkpt><trkpt lat="45.23571464838199" lon="-75.47275667701398"><ele>85.21095787150551</ele><time>2025-10-04T15:45:14.52400Z</time><extensions><mytracks:speed>30.36385288763117</mytracks:speed><mytracks:gradient>0.008811942147372095</mytracks:gradient><mytracks:length>0.008490740467613033</mytracks:length></extensions></trkpt><trkpt lat="45.23563639396521" lon="-75.47271278629351"><ele>85.25485990813752</ele><time>2025-10-04T15:45:15.52800Z</time><extensions><mytracks:speed>33.55344303784297</mytracks:speed><mytracks:gradient>0.004692481975510092</mytracks:gradient><mytracks:length>0.00935582424421199</mytracks:length></extensions></trkpt><trkpt lat="45.23555514975234" lon="-75.47266724010854"><ele>85.35367360767501</ele><time>2025-10-04T15:45:16.51900Z</time><extensions><mytracks:speed>34.39632668062194</mytracks:speed><mytracks:gradient>0.007484545480055531</mytracks:gradient><mytracks:length>0.00971221041945176</mytracks:length></extensions></trkpt><trkpt lat="45.2354717433052" lon="-75.47261919046255"><ele>85.46399110149926</ele><time>2025-10-04T15:45:17.51800Z</time><extensions><mytracks:speed>35.67581467771584</mytracks:speed><mytracks:gradient>0.01060463354314818</mytracks:gradient><mytracks:length>0.01000835989710806</mytracks:length></extensions></trkpt><trkpt lat="45.23533998988667" lon="-75.47254515598378"><ele>85.47499003907247</ele><time>2025-10-04T15:45:19.01300Z</time><extensions><mytracks:speed>37.92118394615607</mytracks:speed><mytracks:gradient>0.0006980869420471881</mytracks:gradient><mytracks:length>0.01575582769239378</mytracks:length></extensions></trkpt><trkpt lat="45.23525165059178" lon="-75.47249618292011"><ele>85.4922646981412</ele><time>2025-10-04T15:45:20.00700Z</time><extensions><mytracks:speed>38.02876367146572</mytracks:speed><mytracks:gradient>0.001075028076079322</mytracks:gradient><mytracks:length>0.01054508538842222</mytracks:length></extensions></trkpt><trkpt lat="45.23516170609049" lon="-75.47244690704025"><ele>85.57014073016605</ele><time>2025-10-04T15:45:20.99700Z</time><extensions><mytracks:speed>38.59165018636546</mytracks:speed><mytracks:gradient>0.004474548237806993</mytracks:gradient><mytracks:length>0.01071970441284058</mytracks:length></extensions></trkpt><trkpt lat="45.235021134095" lon="-75.4723701145122"><ele>85.63615627391211</ele><time>2025-10-04T15:45:22.49900Z</time><extensions><mytracks:speed>40.13992778310821</mytracks:speed><mytracks:gradient>0.003941773950934489</mytracks:gradient><mytracks:length>0.01674767365348567</mytracks:length></extensions></trkpt><trkpt lat="45.23492508255616" lon="-75.4723155483952"><ele>85.78983700455723</ele><time>2025-10-04T15:45:23.50000Z</time><extensions><mytracks:speed>41.38967535415425</mytracks:speed><mytracks:gradient>0.01335886345729996</mytracks:gradient><mytracks:length>0.01150402735504733</mytracks:length></extensions></trkpt><trkpt lat="45.23482334349852" lon="-75.47225828712186"><ele>85.78997619372026</ele><time>2025-10-04T15:45:24.50000Z</time><extensions><mytracks:speed>43.79791880707224</mytracks:speed><mytracks:gradient>1.143753648445391e-05</mytracks:gradient><mytracks:length>0.01216950548970256</mytracks:length></extensions></trkpt><trkpt lat="45.23471871363276" lon="-75.47219994078472"><ele>85.81832915060612</ele><time>2025-10-04T15:45:25.50000Z</time><extensions><mytracks:speed>44.400639125251</mytracks:speed><mytracks:gradient>0.001155015093131393</mytracks:gradient><mytracks:length>0.01249941365489638</mytracks:length></extensions></trkpt><trkpt lat="45.23461183474289" lon="-75.47214210382056"><ele>85.861791982095</ele><time>2025-10-04T15:45:26.50000Z</time><extensions><mytracks:speed>45.78266903021792</mytracks:speed><mytracks:gradient>0.003417483815540145</mytracks:gradient><mytracks:length>0.01271778707224448</mytracks:length></extensions></trkpt><trkpt lat="45.23450573549036" lon="-75.47208444084889"><ele>85.94221447717514</ele><time>2025-10-04T15:45:27.50000Z</time><extensions><mytracks:speed>45.47255949966268</mytracks:speed><mytracks:gradient>0.006366516360401687</mytracks:gradient><mytracks:length>0.01263210373263982</mytracks:length></extensions></trkpt><trkpt lat="45.23440153535492" lon="-75.47202776375799"><ele>86.06170328263799</ele><time>2025-10-04T15:45:28.50000Z</time><extensions><mytracks:speed>45.07110662887219</mytracks:speed><mytracks:gradient>0.007983826866684363</mytracks:gradient><mytracks:length>0.01240750229389604</mytracks:length></extensions></trkpt><trkpt lat="45.23429843668552" lon="-75.47197252718854"><ele>86.15092184032976</ele><time>2025-10-04T15:45:29.50000Z</time><extensions><mytracks:speed>44.39180840142343</mytracks:speed><mytracks:gradient>0.008463278000038238</mytracks:gradient><mytracks:length>0.01225290726744792</mytracks:length></extensions></trkpt><trkpt lat="45.23419566405145" lon="-75.47191840244774"><ele>86.26464790138158</ele><time>2025-10-04T15:45:30.50000Z</time><extensions><mytracks:speed>43.99604062319245</mytracks:speed><mytracks:gradient>0.008303387314612236</mytracks:gradient><mytracks:length>0.01218837610654905</mytracks:length></extensions></trkpt><trkpt lat="45.23409311625952" lon="-75.47186496017785"><ele>86.36228893622034</ele><time>2025-10-04T15:45:31.50000Z</time><extensions><mytracks:speed>43.71901146564309</mytracks:speed><mytracks:gradient>0.008038598099537921</mytracks:gradient><mytracks:length>0.01214652525598605</mytracks:length></extensions></trkpt><trkpt lat="45.23399027120768" lon="-75.47181099152765"><ele>86.48212292671765</ele><time>2025-10-04T15:45:32.50000Z</time><extensions><mytracks:speed>43.88505689894474</mytracks:speed><mytracks:gradient>0.009829142712444748</mytracks:gradient><mytracks:length>0.01219170318339053</mytracks:length></extensions></trkpt><trkpt lat="45.23388767073165" lon="-75.4717564350498"><ele>86.656946861829</ele><time>2025-10-04T15:45:33.50000Z</time><extensions><mytracks:speed>43.85670099935431</mytracks:speed><mytracks:gradient>0.0143504635849178</mytracks:gradient><mytracks:length>0.01218245905972589</mytracks:length></extensions></trkpt><trkpt lat="45.23378635394952" lon="-75.47170235438561"><ele>86.80361777128174</ele><time>2025-10-04T15:45:34.50000Z</time><extensions><mytracks:speed>43.32770089516492</mytracks:speed><mytracks:gradient>0.01218618578017356</mytracks:gradient><mytracks:length>0.01203583402539006</mytracks:length></extensions></trkpt><trkpt lat="45.2336869943047" lon="-75.47164924340197"><ele>86.95628817473204</ele><time>2025-10-04T15:45:35.50000Z</time><extensions><mytracks:speed>42.49607092718069</mytracks:speed><mytracks:gradient>0.01293243360758364</mytracks:gradient><mytracks:length>0.01180523388581516</mytracks:length></extensions></trkpt><trkpt lat="45.2335900629732" lon="-75.47159785778076"><ele>87.11668045397246</ele><time>2025-10-04T15:45:36.50000Z</time><extensions><mytracks:speed>41.96474622345088</mytracks:speed><mytracks:gradient>0.01343037522109372</mytracks:gradient><mytracks:length>0.01150520245445846</mytracks:length></extensions></trkpt><trkpt lat="45.23349621679741" lon="-75.47154796508698"><ele>87.29532373635676</ele><time>2025-10-04T15:45:37.49900Z</time><extensions><mytracks:speed>40.78803017811677</mytracks:speed><mytracks:gradient>0.01497004974024052</mytracks:gradient><mytracks:length>0.01114307483104054</mytracks:length></extensions></trkpt><trkpt lat="45.23340837634338" lon="-75.47150053930206"><ele>87.45702560274626</ele><time>2025-10-04T15:45:38.47500Z</time><extensions><mytracks:speed>39.34509036051998</mytracks:speed><mytracks:gradient>0.01576218461672617</mytracks:gradient><mytracks:length>0.01044978488063455</mytracks:length></extensions></trkpt><trkpt lat="45.23332371564099" lon="-75.47145511799579"><ele>87.580260972087</ele><time>2025-10-04T15:45:39.44800Z</time><extensions><mytracks:speed>37.89599135441284</mytracks:speed><mytracks:gradient>0.01389053118514074</mytracks:gradient><mytracks:length>0.01006358938244344</mytracks:length></extensions></trkpt><trkpt lat="45.23323810348585" lon="-75.47140894517881"><ele>87.73907317960995</ele><time>2025-10-04T15:45:40.47000Z</time><extensions><mytracks:speed>35.85874621731134</mytracks:speed><mytracks:gradient>0.01559530884826344</mytracks:gradient><mytracks:length>0.01018333199221162</mytracks:length></extensions></trkpt><trkpt lat="45.23315522489911" lon="-75.4713635901806"><ele>87.8131264013014</ele><time>2025-10-04T15:45:41.49100Z</time><extensions><mytracks:speed>34.8138303303836</mytracks:speed><mytracks:gradient>0.007498294173204804</mytracks:gradient><mytracks:length>0.009876009126994103</mytracks:length></extensions></trkpt><trkpt lat="45.23307378906066" lon="-75.47131991281887"><ele>87.81637086902906</ele><time>2025-10-04T15:45:42.51800Z</time><extensions><mytracks:speed>33.93255076042261</mytracks:speed><mytracks:gradient>0.0003351996017598814</mytracks:gradient><mytracks:length>0.009679211164393233</mytracks:length></extensions></trkpt><trkpt lat="45.23299674985473" lon="-75.47127849535678"><ele>87.89075290908623</ele><time>2025-10-04T15:45:43.51900Z</time><extensions><mytracks:speed>32.94122333136085</mytracks:speed><mytracks:gradient>0.008120177584456425</mytracks:gradient><mytracks:length>0.009160149428204008</mytracks:length></extensions></trkpt><trkpt lat="45.23291824508353" lon="-75.47123612306699"><ele>87.75966390726551</ele><time>2025-10-04T15:45:44.53900Z</time><extensions><mytracks:speed>32.97981744339396</mytracks:speed><mytracks:length>0.009338468273747496</mytracks:length></extensions></trkpt><trkpt lat="45.23284466703911" lon="-75.47119685542336"><ele>87.6324303436576</ele><time>2025-10-04T15:45:45.52100Z</time><extensions><mytracks:speed>32.5114677878159</mytracks:speed><mytracks:length>0.008740236652397478</mytracks:length></extensions></trkpt><trkpt lat="45.23276827740117" lon="-75.47115833837118"><ele>87.5677782187156</ele><time>2025-10-04T15:45:46.51000Z</time><extensions><mytracks:speed>32.42269269577007</mytracks:speed><mytracks:length>0.009013855327275708</mytracks:length></extensions></trkpt><trkpt lat="45.23268806707772" lon="-75.47111870991425"><ele>87.47933025811581</ele><time>2025-10-04T15:45:47.50300Z</time><extensions><mytracks:speed>33.53449607961768</mytracks:speed><mytracks:length>0.009443557241048841</mytracks:length></extensions></trkpt><trkpt lat="45.23260607092855" lon="-75.47107734588354"><ele>87.58715218388664</ele><time>2025-10-04T15:45:48.49900Z</time><extensions><mytracks:speed>34.60233102669324</mytracks:speed><mytracks:gradient>0.001013321313681669</mytracks:gradient><mytracks:length>0.009675951621898247</mytracks:length></extensions></trkpt><trkpt lat="45.23251941947262" lon="-75.47103489725217"><ele>87.61077539569146</ele><time>2025-10-04T15:45:49.50000Z</time><extensions><mytracks:speed>36.67032718476609</mytracks:speed><mytracks:gradient>0.002317677899089988</mytracks:gradient><mytracks:length>0.01019262073219634</mytracks:length></extensions></trkpt><trkpt lat="45.23243331301354" lon="-75.47099068080735"><ele>87.51783506319443</ele><time>2025-10-04T15:45:50.50000Z</time><extensions><mytracks:speed>36.6385233172755</mytracks:speed><mytracks:length>0.01018156174761029</mytracks:length></extensions></trkpt><trkpt lat="45.23234971924126" lon="-75.47094709954423"><ele>87.35781585887135</ele><time>2025-10-04T15:45:51.49100Z</time><extensions><mytracks:speed>36.30173238584217</mytracks:speed><mytracks:length>0.009902438765418591</mytracks:length></extensions></trkpt><trkpt lat="45.23226632350321" lon="-75.47090414397408"><ele>87.1317057314812</ele><time>2025-10-04T15:45:52.49500Z</time><extensions><mytracks:speed>35.38473103684684</mytracks:speed><mytracks:length>0.009865052012902581</mytracks:length></extensions></trkpt><trkpt lat="45.23218496784045" lon="-75.47086158677844"><ele>86.99357489813659</ele><time>2025-10-04T15:45:53.50300Z</time><extensions><mytracks:speed>34.42673080197595</mytracks:speed><mytracks:length>0.009640958794607673</mytracks:length></extensions></trkpt><trkpt lat="45.2321068101098" lon="-75.47082005224448"><ele>86.95620580425495</ele><time>2025-10-04T15:45:54.51100Z</time><extensions><mytracks:speed>33.14024569003468</mytracks:speed><mytracks:length>0.009279409409127345</mytracks:length></extensions></trkpt><trkpt lat="45.23197297190912" lon="-75.47073383337852"><ele>87.6402134494648</ele><time>2025-10-04T15:45:56.34800Z</time><extensions><mytracks:speed>32.03120264392502</mytracks:speed><mytracks:gradient>0.04185552132368586</mytracks:gradient><mytracks:length>0.01634211266705138</mytracks:length></extensions></trkpt><trkpt lat="45.23190773805506" lon="-75.47069299452883"><ele>88.09379992397075</ele><time>2025-10-04T15:45:57.36100Z</time><extensions><mytracks:speed>28.16465824723268</mytracks:speed><mytracks:gradient>0.05721666566389874</mytracks:gradient><mytracks:length>0.007927523724825296</mytracks:length></extensions></trkpt><trkpt lat="45.23184391650408" lon="-75.47065187894191"><ele>88.61922373998495</ele><time>2025-10-04T15:45:58.45400Z</time><extensions><mytracks:speed>25.66111572284713</mytracks:speed><mytracks:gradient>0.06741931074896897</mytracks:gradient><mytracks:length>0.007793372702526951</mytracks:length></extensions></trkpt><trkpt lat="45.23179560402782" lon="-75.47063120214455"><ele>88.68717334054476</ele><time>2025-10-04T15:45:59.45800Z</time><extensions><mytracks:speed>20.13786914532534</mytracks:speed><mytracks:gradient>0.01210870614813919</mytracks:gradient><mytracks:length>0.005611631806776988</mytracks:length></extensions></trkpt><trkpt lat="45.2317527947411" lon="-75.47061044251032"><ele>88.71592230240508</ele><time>2025-10-04T15:46:00.46000Z</time><extensions><mytracks:speed>18.05872708517684</mytracks:speed><mytracks:gradient>0.005715750231098033</mytracks:gradient><mytracks:length>0.005029779241209634</mytracks:length></extensions></trkpt><trkpt lat="45.23171306252438" lon="-75.47059047080479"><ele>88.71253291757309</ele><time>2025-10-04T15:46:01.47900Z</time><extensions><mytracks:speed>16.55695908627805</mytracks:speed><mytracks:length>0.004686574038606699</mytracks:length></extensions></trkpt><trkpt lat="45.23167163645854" lon="-75.47056944283965"><ele>88.74716448597904</ele><time>2025-10-04T15:46:02.47900Z</time><extensions><mytracks:speed>17.60766460416157</mytracks:speed><mytracks:gradient>0.007079656392488085</mytracks:gradient><mytracks:length>0.004891701868850897</mytracks:length></extensions></trkpt><trkpt lat="45.23162352786724" lon="-75.47054516123481"><ele>88.75626213745187</ele><time>2025-10-04T15:46:03.46700Z</time><extensions><mytracks:speed>19.13781091200601</mytracks:speed><mytracks:gradient>0.004137502469112055</mytracks:gradient><mytracks:length>0.005677099067342629</mytracks:length></extensions></trkpt><trkpt lat="45.23156645551114" lon="-75.47051623493535"><ele>88.76063628225803</ele><time>2025-10-04T15:46:04.46900Z</time><extensions><mytracks:speed>24.21085857800771</mytracks:speed><mytracks:gradient>0.0006491369892201373</mytracks:gradient><mytracks:length>0.006738400181784209</mytracks:length></extensions></trkpt><trkpt lat="45.23150262424554" lon="-75.47048382733979"><ele>88.73493392638676</ele><time>2025-10-04T15:46:05.48400Z</time><extensions><mytracks:speed>26.751278486923</mytracks:speed><mytracks:length>0.007537647436868978</mytracks:length></extensions></trkpt><trkpt lat="45.23138751846711" lon="-75.47042408365238"><ele>88.45290912349776</ele><time>2025-10-04T15:46:07.27300Z</time><extensions><mytracks:speed>27.42041352728297</mytracks:speed><mytracks:length>0.01362743211437443</mytracks:length></extensions></trkpt><trkpt lat="45.23130332172595" lon="-75.47038027219425"><ele>88.22185034678495</ele><time>2025-10-04T15:46:08.61400Z</time><extensions><mytracks:speed>26.77163833780113</mytracks:speed><mytracks:length>0.00997137029421981</mytracks:length></extensions></trkpt><trkpt lat="45.23122720953639" lon="-75.47033959473642"><ele>88.16383622286855</ele><time>2025-10-04T15:46:09.78800Z</time><extensions><mytracks:speed>27.73316724344076</mytracks:speed><mytracks:length>0.009043303478168282</mytracks:length></extensions></trkpt><trkpt lat="45.23090418036569" lon="-75.47016752498239"><ele>88.60185995791107</ele><time>2025-10-04T15:46:15.00000Z</time><extensions><mytracks:speed>26.49383822554801</mytracks:speed><mytracks:gradient>0.01141775771914827</mytracks:gradient><mytracks:length>0.03836337622648342</mytracks:length></extensions></trkpt><trkpt lat="45.23079685683158" lon="-75.4701142358054"><ele>88.11576661613633</ele><time>2025-10-04T15:46:16.51600Z</time><extensions><mytracks:speed>30.02921618738825</mytracks:speed><mytracks:length>0.01264244491090905</mytracks:length></extensions></trkpt><trkpt lat="45.23072932531174" lon="-75.47007559845882"><ele>88.32724740369653</ele><time>2025-10-04T15:46:17.50100Z</time><extensions><mytracks:speed>29.85296151650837</mytracks:speed><mytracks:length>0.008096261214143034</mytracks:length></extensions></trkpt><trkpt lat="45.23065547500533" lon="-75.47003453619165"><ele>88.29485018379489</ele><time>2025-10-04T15:46:18.53500Z</time><extensions><mytracks:speed>30.69840074574291</mytracks:speed><mytracks:length>0.008818768706134459</mytracks:length></extensions></trkpt><trkpt lat="45.23058166669732" lon="-75.46999849401067"><ele>88.44144765217466</ele><time>2025-10-04T15:46:19.50100Z</time><extensions><mytracks:speed>31.48597333064566</mytracks:speed><mytracks:gradient>0.006527917748910096</mytracks:gradient><mytracks:length>0.008679184112894742</mytracks:length></extensions></trkpt><trkpt lat="45.23049597338537" lon="-75.46995552956915"><ele>88.72018275651136</ele><time>2025-10-04T15:46:20.50900Z</time><extensions><mytracks:speed>36.07591311967438</mytracks:speed><mytracks:gradient>0.02758347607329159</mytracks:gradient><mytracks:length>0.0101051478644708</mytracks:length></extensions></trkpt><trkpt lat="45.23040821051178" lon="-75.46991375947844"><ele>88.66518651095896</ele><time>2025-10-04T15:46:21.53200Z</time><extensions><mytracks:speed>36.23050380130113</mytracks:speed><mytracks:length>0.01029205470405086</mytracks:length></extensions></trkpt><trkpt lat="45.23032161684359" lon="-75.46986871685476"><ele>88.85157284776693</ele><time>2025-10-04T15:46:22.57600Z</time><extensions><mytracks:speed>35.33751880330739</mytracks:speed><mytracks:gradient>0.01817635332102054</mytracks:gradient><mytracks:length>0.01025433064136242</mytracks:length></extensions></trkpt><trkpt lat="45.2302460486003" lon="-75.46982648357853"><ele>89.00098625272771</ele><time>2025-10-04T15:46:23.53700Z</time><extensions><mytracks:speed>34.6284181533002</mytracks:speed><mytracks:gradient>0.01741400056624577</mytracks:gradient><mytracks:length>0.009030338161854917</mytracks:length></extensions></trkpt><trkpt lat="45.23017647619837" lon="-75.4697874583797"><ele>88.97784221924228</ele><time>2025-10-04T15:46:24.52100Z</time><extensions><mytracks:speed>32.11027828886201</mytracks:speed><mytracks:gradient>0.007278511661403881</mytracks:gradient><mytracks:length>0.008318087569315133</mytracks:length></extensions></trkpt><trkpt lat="45.23011566529467" lon="-75.46975450310387"><ele>89.06107879312178</ele><time>2025-10-04T15:46:25.50200Z</time><extensions><mytracks:speed>28.49590283399662</mytracks:speed><mytracks:gradient>0.00386310823922505</mytracks:gradient><mytracks:length>0.007238155005233626</mytracks:length></extensions></trkpt><trkpt lat="45.23006283463536" lon="-75.4697258175201"><ele>89.22622913157292</ele><time>2025-10-04T15:46:26.48200Z</time><extensions><mytracks:speed>24.8380332515952</mytracks:speed><mytracks:gradient>0.01836203808004662</mytracks:gradient><mytracks:length>0.006289418709287634</mytracks:length></extensions></trkpt><trkpt lat="45.23001877551739" lon="-75.46970286915328"><ele>89.39356638628182</ele><time>2025-10-04T15:46:27.46900Z</time><extensions><mytracks:speed>21.05951264664331</mytracks:speed><mytracks:gradient>0.02889200681205377</mytracks:gradient><mytracks:length>0.005218851601385188</mytracks:length></extensions></trkpt><trkpt lat="45.22998296572061" lon="-75.46968359597663"><ele>89.60451984995167</ele><time>2025-10-04T15:46:28.47600Z</time><extensions><mytracks:speed>15.22559192839247</mytracks:speed><mytracks:gradient>0.04953873979829914</mytracks:gradient><mytracks:length>0.004258353452848543</mytracks:length></extensions></trkpt><trkpt lat="45.22995617507006" lon="-75.46966819597779"><ele>89.75923691845814</ele><time>2025-10-04T15:46:29.49200Z</time><extensions><mytracks:speed>11.383835721924</mytracks:speed><mytracks:gradient>0.04816236080819251</mytracks:gradient><mytracks:length>0.003212406242348355</mytracks:length></extensions></trkpt><trkpt lat="45.22994028399647" lon="-75.46965531848377"><ele>90.14051170093117</ele><time>2025-10-04T15:46:32.34300Z</time><extensions><mytracks:speed>2.568205129240451</mytracks:speed><mytracks:gradient>0.1874580182074036</mytracks:gradient><mytracks:length>0.002033920907299818</mytracks:length></extensions></trkpt><trkpt lat="45.22985771368941" lon="-75.46957775709025"><ele>91.35200123675168</ele><time>2025-10-04T15:46:46.00100Z</time><extensions><mytracks:speed>2.901721335350752</mytracks:speed><mytracks:gradient>0.1100472633568439</mytracks:gradient><mytracks:length>0.01100881111320395</mytracks:length></extensions></trkpt><trkpt lat="45.22985170662736" lon="-75.46954128020953"><ele>91.3575215609407</ele><time>2025-10-04T15:46:47.49200Z</time><extensions><mytracks:speed>7.083049095601322</mytracks:speed><mytracks:gradient>0.001881634119281262</mytracks:gradient><mytracks:length>0.00293379256490618</mytracks:length></extensions></trkpt><trkpt lat="45.22985051606828" lon="-75.46951867969851"><ele>91.31790317607083</ele><time>2025-10-04T15:46:48.49500Z</time><extensions><mytracks:speed>6.375956972060756</mytracks:speed><mytracks:length>0.001776076794500415</mytracks:length></extensions></trkpt><trkpt lat="45.22985261137468" lon="-75.46949717212706"><ele>91.21588414347471</ele><time>2025-10-04T15:46:49.49800Z</time><extensions><mytracks:speed>6.101440759323969</mytracks:speed><mytracks:length>0.001700905690144502</mytracks:length></extensions></trkpt><trkpt lat="45.22985671966913" lon="-75.46947801849268"><ele>91.12360341723773</ele><time>2025-10-04T15:46:50.49500Z</time><extensions><mytracks:speed>5.863857952872902</mytracks:speed><mytracks:length>0.001568588552926176</mytracks:length></extensions></trkpt><trkpt lat="45.22986201885792" lon="-75.4694574672552"><ele>90.9833222897971</ele><time>2025-10-04T15:46:51.49600Z</time><extensions><mytracks:speed>6.158073763183623</mytracks:speed><mytracks:length>0.001711470423339392</mytracks:length></extensions></trkpt><trkpt lat="45.22986902757572" lon="-75.46943426427637"><ele>90.8287672791563</ele><time>2025-10-04T15:46:52.49900Z</time><extensions><mytracks:speed>7.089152343681891</mytracks:speed><mytracks:length>0.001975475582322917</mytracks:length></extensions></trkpt><trkpt lat="45.2298785978126" lon="-75.46941116161932"><ele>90.72853108798803</ele><time>2025-10-04T15:46:53.50400Z</time><extensions><mytracks:speed>7.517709631049605</mytracks:speed><mytracks:length>0.00209933693845179</mytracks:length></extensions></trkpt><trkpt lat="45.22989158375294" lon="-75.46939141222248"><ele>90.73424218125575</ele><time>2025-10-04T15:46:54.50800Z</time><extensions><mytracks:speed>7.589228311646842</mytracks:speed><mytracks:gradient>0.002698443569898016</mytracks:gradient><mytracks:length>0.002116439762324287</mytracks:length></extensions></trkpt><trkpt lat="45.22990844901822" lon="-75.46937855474823"><ele>90.83108991924696</ele><time>2025-10-04T15:46:55.50700Z</time><extensions><mytracks:speed>7.526658339004347</mytracks:speed><mytracks:gradient>0.02448916217589845</mytracks:gradient><mytracks:length>0.002131292153400501</mytracks:length></extensions></trkpt><trkpt lat="45.22992890080906" lon="-75.46937453960895"><ele>90.98204496133108</ele><time>2025-10-04T15:46:56.49900Z</time><extensions><mytracks:speed>7.873977901912049</mytracks:speed><mytracks:gradient>0.05690567626065811</mytracks:gradient><mytracks:length>0.00229617852484034</mytracks:length></extensions></trkpt><trkpt lat="45.22994943280857" lon="-75.46937820600519"><ele>91.05639543723353</ele><time>2025-10-04T15:46:57.49300Z</time><extensions><mytracks:speed>8.264351042765549</mytracks:speed><mytracks:gradient>0.04943205273671925</mytracks:gradient><mytracks:length>0.002302058633123327</mytracks:length></extensions></trkpt><trkpt lat="45.22996862779937" lon="-75.4693856546987"><ele>91.05668151655989</ele><time>2025-10-04T15:46:58.49700Z</time><extensions><mytracks:speed>7.931933519466178</mytracks:speed><mytracks:gradient>0.0001293179590729877</mytracks:gradient><mytracks:length>0.002212216527454402</mytracks:length></extensions></trkpt><trkpt lat="45.22998584392556" lon="-75.46939528492933"><ele>91.0323189566767</ele><time>2025-10-04T15:46:59.49800Z</time><extensions><mytracks:speed>7.400366970453891</mytracks:speed><mytracks:length>0.002058148215253252</mytracks:length></extensions></trkpt><trkpt lat="45.23000197512786" lon="-75.46940519095949"><ele>91.02736033943972</ele><time>2025-10-04T15:47:00.49900Z</time><extensions><mytracks:speed>7.029089886829845</mytracks:speed><mytracks:length>0.001954837430364741</mytracks:length></extensions></trkpt><trkpt lat="45.23000145907743" lon="-75.46939664455402"><ele>91.15278342888011</ele><time>2025-10-04T15:47:04.58200Z</time><extensions><mytracks:speed>0.5977983324112954</mytracks:speed><mytracks:gradient>0.1849970010980879</mytracks:gradient><mytracks:length>0.0006779736357666033</mytracks:length></extensions></trkpt><trkpt lat="45.23000063594671" lon="-75.46933550737022"><ele>91.14876226708293</ele><time>2025-10-04T15:47:23.00100Z</time><extensions><mytracks:speed>0.9358707676051227</mytracks:speed><mytracks:length>0.004788354234487152</mytracks:length></extensions></trkpt><trkpt lat="45.23000308743838" lon="-75.46929862446767"><ele>91.48168600643878</ele><time>2025-10-04T15:47:23.99900Z</time><extensions><mytracks:speed>1.423629220646151</mytracks:speed><mytracks:gradient>0.04283357165072692</mytracks:gradient><mytracks:length>0.00290135690446746</mytracks:length></extensions></trkpt><trkpt lat="45.23000385708734" lon="-75.46926698367152"><ele>91.28396134169289</ele><time>2025-10-04T15:47:24.99400Z</time><extensions><mytracks:speed>9.717045128204104</mytracks:speed><mytracks:gradient>0.02513976088774462</mytracks:gradient><mytracks:length>0.002479247620857522</mytracks:length></extensions></trkpt><trkpt lat="45.23000622800922" lon="-75.46923425771428"><ele>91.28485550940376</ele><time>2025-10-04T15:47:25.99300Z</time><extensions><mytracks:speed>9.122357146567611</mytracks:speed><mytracks:length>0.002575530071407043</mytracks:length></extensions></trkpt><trkpt lat="45.23000891674246" lon="-75.46920240023417"><ele>91.13621262989072</ele><time>2025-10-04T15:47:26.99000Z</time><extensions><mytracks:speed>9.178606276726715</mytracks:speed><mytracks:length>0.002513545358796151</mytracks:length></extensions></trkpt><trkpt lat="45.23001122172007" lon="-75.46917302185945"><ele>90.95572135164693</ele><time>2025-10-04T15:47:27.99700Z</time><extensions><mytracks:speed>8.267697562193064</mytracks:speed><mytracks:length>0.002313774019894123</mytracks:length></extensions></trkpt><trkpt lat="45.23001625743972" lon="-75.46913174277827"><ele>90.66254676528209</ele><time>2025-10-04T15:47:29.74400Z</time><extensions><mytracks:speed>6.75931255915449</mytracks:speed><mytracks:length>0.003280423249380101</mytracks:length></extensions></trkpt><trkpt lat="45.23002065029737" lon="-75.4691074455984"><ele>90.54078480710638</ele><time>2025-10-04T15:47:30.99500Z</time><extensions><mytracks:speed>5.655827568129896</mytracks:speed><mytracks:length>0.001964036716142191</mytracks:length></extensions></trkpt><trkpt lat="45.23002489641537" lon="-75.46907213681325"><ele>90.33185397047541</ele><time>2025-10-04T15:47:32.99800Z</time><extensions><mytracks:speed>5.041038279136951</mytracks:speed><mytracks:length>0.002805012750114954</mytracks:length></extensions></trkpt><trkpt lat="45.23005370652149" lon="-75.46898529004568"><ele>90.13468674223537</ele><time>2025-10-04T15:47:56.63000Z</time><extensions><mytracks:speed>1.14522057524734</mytracks:speed><mytracks:length>0.007517892618689157</mytracks:length></extensions></trkpt><trkpt lat="45.23013438332774" lon="-75.46870903696696"><ele>88.41808920446783</ele><time>2025-10-04T15:49:27.00100Z</time><extensions><mytracks:speed>0.9329454332691244</mytracks:speed><mytracks:length>0.02341978951975781</mytracks:length></extensions></trkpt><trkpt lat="45.23012550052881" lon="-75.46874243072033"><ele>88.54770932603128</ele><time>2025-10-04T15:49:28.50100Z</time><extensions><mytracks:speed>6.713971985736523</mytracks:speed><mytracks:gradient>0.04634307466690494</mytracks:gradient><mytracks:length>0.002796968532949198</mytracks:length></extensions></trkpt><trkpt lat="45.23011768039324" lon="-75.46876715493995"><ele>88.64416211121151</ele><time>2025-10-04T15:49:29.74800Z</time><extensions><mytracks:speed>6.131831389310075</mytracks:speed><mytracks:gradient>0.04539083710450663</mytracks:gradient><mytracks:length>0.002124939554610169</mytracks:length></extensions></trkpt><trkpt lat="45.23010900582064" lon="-75.46879288446044"><ele>88.7321576332334</ele><time>2025-10-04T15:49:30.99200Z</time><extensions><mytracks:speed>6.460614585313282</mytracks:speed><mytracks:gradient>0.03941579482155647</mytracks:gradient><mytracks:length>0.002232493913170056</mytracks:length></extensions></trkpt><trkpt lat="45.23009920255715" lon="-75.46882115771182"><ele>88.84274510416458</ele><time>2025-10-04T15:49:32.25000Z</time><extensions><mytracks:speed>7.066709720038102</mytracks:speed><mytracks:gradient>0.04480276944100316</mytracks:gradient><mytracks:length>0.002468317747116104</mytracks:length></extensions></trkpt><trkpt lat="45.23008687263177" lon="-75.46885704590956"><ele>89.13811255018091</ele><time>2025-10-04T15:49:33.50400Z</time><extensions><mytracks:speed>8.983144266632985</mytracks:speed><mytracks:gradient>0.09441043470560603</mytracks:gradient><mytracks:length>0.003128546616031943</mytracks:length></extensions></trkpt><trkpt lat="45.23007425595672" lon="-75.46889855216102"><ele>89.35035708834691</ele><time>2025-10-04T15:49:34.50500Z</time><extensions><mytracks:speed>12.72577436868137</mytracks:speed><mytracks:gradient>0.05996549252766146</mytracks:gradient><mytracks:length>0.00353944459087196</mytracks:length></extensions></trkpt><trkpt lat="45.23006021717063" lon="-75.46895136936303"><ele>89.66444088976407</ele><time>2025-10-04T15:49:35.49900Z</time><extensions><mytracks:speed>14.36092564990588</mytracks:speed><mytracks:gradient>0.06613222893950992</mytracks:gradient><mytracks:length>0.004420357113873341</mytracks:length></extensions></trkpt><trkpt lat="45.23003488744549" lon="-75.46904344964226"><ele>89.74028653239584</ele><time>2025-10-04T15:49:37.00000Z</time><extensions><mytracks:speed>18.56274432637171</mytracks:speed><mytracks:gradient>0.009797713843905117</mytracks:gradient><mytracks:length>0.007741157155651963</mytracks:length></extensions></trkpt><trkpt lat="45.23001018492773" lon="-75.46913663177644"><ele>89.65655240445703</ele><time>2025-10-04T15:49:38.49800Z</time><extensions><mytracks:speed>18.73755261718356</mytracks:speed><mytracks:length>0.007796841305637279</mytracks:length></extensions></trkpt><trkpt lat="45.22999032377199" lon="-75.46920675988565"><ele>89.32645173620546</ele><time>2025-10-04T15:49:39.99500Z</time><extensions><mytracks:speed>14.23758418676121</mytracks:speed><mytracks:length>0.005918818030585999</mytracks:length></extensions></trkpt><trkpt lat="45.22997413987223" lon="-75.46926332499481"><ele>89.10272152683505</ele><time>2025-10-04T15:49:41.50000Z</time><extensions><mytracks:speed>11.4327085086386</mytracks:speed><mytracks:length>0.004780819447388897</mytracks:length></extensions></trkpt><trkpt lat="45.22996923290924" lon="-75.46930037392079"><ele>89.01345401729589</ele><time>2025-10-04T15:49:42.98300Z</time><extensions><mytracks:speed>7.164360598806941</mytracks:speed><mytracks:length>0.002952167228240553</mytracks:length></extensions></trkpt><trkpt lat="45.22997415243402" lon="-75.46933899536319"><ele>88.94087862825097</ele><time>2025-10-04T15:49:44.49500Z</time><extensions><mytracks:speed>7.323106034581456</mytracks:speed><mytracks:length>0.003074790013820267</mytracks:length></extensions></trkpt><trkpt lat="45.22998876779583" lon="-75.46937285981974"><ele>89.0105831928619</ele><time>2025-10-04T15:49:45.50900Z</time><extensions><mytracks:speed>11.04410656931677</mytracks:speed><mytracks:gradient>0.02241473661533955</mytracks:gradient><mytracks:length>0.003109765053550878</mytracks:length></extensions></trkpt><trkpt lat="45.23000856917947" lon="-75.46941205903275"><ele>89.09448789646181</ele><time>2025-10-04T15:49:46.50800Z</time><extensions><mytracks:speed>12.31224623780091</mytracks:speed><mytracks:gradient>0.02231410187371819</mytracks:gradient><mytracks:length>0.003778377152565937</mytracks:length></extensions></trkpt><trkpt lat="45.23002797775999" lon="-75.46945553284891"><ele>89.1770631814999</ele><time>2025-10-04T15:49:47.51000Z</time><extensions><mytracks:speed>14.48401948090565</mytracks:speed><mytracks:gradient>0.02048445908021992</mytracks:gradient><mytracks:length>0.004031118650227149</mytracks:length></extensions></trkpt><trkpt lat="45.23004224922365" lon="-75.4694982058849"><ele>89.43255017361936</ele><time>2025-10-04T15:49:48.50900Z</time><extensions><mytracks:speed>13.88349382446678</mytracks:speed><mytracks:gradient>0.04381266894771518</mytracks:gradient><mytracks:length>0.003698823460810107</mytracks:length></extensions></trkpt><trkpt lat="45.23004859131736" lon="-75.46953872499539"><ele>89.67303637939115</ele><time>2025-10-04T15:49:49.50600Z</time><extensions><mytracks:speed>12.45223360766288</mytracks:speed><mytracks:gradient>0.07182268051356272</mytracks:gradient><mytracks:length>0.00325006108519145</mytracks:length></extensions></trkpt><trkpt lat="45.23004801930908" lon="-75.46957030610605"><ele>89.9098180598009</ele><time>2025-10-04T15:49:50.50400Z</time><extensions><mytracks:speed>10.25050445325992</mytracks:speed><mytracks:gradient>0.0839868109742766</mytracks:gradient><mytracks:length>0.002471966408009646</mytracks:length></extensions></trkpt><trkpt lat="45.23004103201057" lon="-75.4695861449831"><ele>89.93637093397349</ele><time>2025-10-04T15:49:52.54700Z</time><extensions><mytracks:speed>2.580758516749059</mytracks:speed><mytracks:gradient>0.01812989718097406</mytracks:gradient><mytracks:length>0.001464590444586727</mytracks:length></extensions></trkpt><trkpt lat="45.22997689373095" lon="-75.46967338215975"><ele>90.38255527522415</ele><time>2025-10-04T15:50:02.00000Z</time><extensions><mytracks:speed>3.76117565617798</mytracks:speed><mytracks:gradient>0.04517860762512874</mytracks:gradient><mytracks:length>0.009876009126994103</mytracks:length></extensions></trkpt><trkpt lat="45.22989167101535" lon="-75.46963641283389"><ele>90.96609690958032</ele><time>2025-10-04T15:50:03.46700Z</time><extensions><mytracks:speed>24.3126489886971</mytracks:speed><mytracks:gradient>0.05889120546167368</mytracks:gradient><mytracks:length>0.009908807771576933</mytracks:length></extensions></trkpt><trkpt lat="45.229822653845" lon="-75.46960059756587"><ele>91.23131822854708</ele><time>2025-10-04T15:50:04.51200Z</time><extensions><mytracks:speed>28.14883243159929</mytracks:speed><mytracks:gradient>0.0324608240305522</mytracks:gradient><mytracks:length>0.008170504812728704</mytracks:length></extensions></trkpt><trkpt lat="45.22975135893822" lon="-75.46956181910389"><ele>91.2251418084653</ele><time>2025-10-04T15:50:05.49500Z</time><extensions><mytracks:speed>29.58685550216213</mytracks:speed><mytracks:gradient>0.01554891792992977</mytracks:gradient><mytracks:length>0.008489148105432128</mytracks:length></extensions></trkpt><trkpt lat="45.22967696244234" lon="-75.46952159230473"><ele>91.02608336251764</ele><time>2025-10-04T15:50:06.44900Z</time><extensions><mytracks:speed>32.24288535677283</mytracks:speed><mytracks:length>0.008852430197696543</mytracks:length></extensions></trkpt><trkpt lat="45.22954072262176" lon="-75.46945171352216"><ele>90.4877551923952</ele><time>2025-10-04T15:50:08.31700Z</time><extensions><mytracks:speed>31.03307765900277</mytracks:speed><mytracks:length>0.0161074177259014</mytracks:length></extensions></trkpt><trkpt lat="45.22946053400953" lon="-75.46940711671346"><ele>90.23791186606249</ele><time>2025-10-04T15:50:09.63200Z</time><extensions><mytracks:speed>26.22078435611764</mytracks:speed><mytracks:length>0.009575767315371511</mytracks:length></extensions></trkpt><trkpt lat="45.22938586949053" lon="-75.46936804244308"><ele>90.24056033043566</ele><time>2025-10-04T15:50:10.95900Z</time><extensions><mytracks:speed>24.00151449415343</mytracks:speed><mytracks:gradient>0.0002993170847300422</mytracks:gradient><mytracks:length>0.008848356837215059</mytracks:length></extensions></trkpt><trkpt lat="45.22929604701766" lon="-75.46932370166181"><ele>90.42412052527956</ele><time>2025-10-04T15:50:12.50000Z</time><extensions><mytracks:speed>24.69548721144461</mytracks:speed><mytracks:gradient>0.01735940772960471</mytracks:gradient><mytracks:length>0.01057410469890992</mytracks:length></extensions></trkpt><trkpt lat="45.22923660794888" lon="-75.46929294683176"><ele>90.37250158992114</ele><time>2025-10-04T15:50:13.51000Z</time><extensions><mytracks:speed>25.07726938398054</mytracks:speed><mytracks:length>0.007034827290148791</mytracks:length></extensions></trkpt><trkpt lat="45.22917937777195" lon="-75.46926096111487"><ele>90.11619636206571</ele><time>2025-10-04T15:50:14.54500Z</time><extensions><mytracks:speed>23.78688089217708</mytracks:speed><mytracks:length>0.006839295947058702</mytracks:length></extensions></trkpt><trkpt lat="45.2291317902158" lon="-75.46923404588436"><ele>89.93800813393358</ele><time>2025-10-04T15:50:15.54000Z</time><extensions><mytracks:speed>22.23883113354109</mytracks:speed><mytracks:length>0.005696117877960395</mytracks:length></extensions></trkpt><trkpt lat="45.22909268157011" lon="-75.46921134784783"><ele>89.97267290289791</ele><time>2025-10-04T15:50:16.53600Z</time><extensions><mytracks:speed>18.80007217011202</mytracks:speed><mytracks:length>0.004698098418396643</mytracks:length></extensions></trkpt><trkpt lat="45.2290567704927" lon="-75.46919357043352"><ele>90.07937853347421</ele><time>2025-10-04T15:50:17.53300Z</time><extensions><mytracks:speed>16.11268541707853</mytracks:speed><mytracks:gradient>0.01584174119497135</mytracks:gradient><mytracks:length>0.004228618950318184</mytracks:length></extensions></trkpt><trkpt lat="45.22902323290341" lon="-75.46917627435083"><ele>90.32851266181305</ele><time>2025-10-04T15:50:18.53500Z</time><extensions><mytracks:speed>14.26092386708512</mytracks:speed><mytracks:gradient>0.06278545622349872</mytracks:gradient><mytracks:length>0.003968022904094062</mytracks:length></extensions></trkpt><trkpt lat="45.22899125120878" lon="-75.46916048220957"><ele>90.4021376675538</ele><time>2025-10-04T15:50:19.52600Z</time><extensions><mytracks:speed>13.97040950167389</mytracks:speed><mytracks:gradient>0.04174102315061758</mytracks:gradient><mytracks:length>0.003765234931346707</mytracks:length></extensions></trkpt><trkpt lat="45.22895646181298" lon="-75.46914373067325"><ele>90.8283429676997</ele><time>2025-10-04T15:50:20.52000Z</time><extensions><mytracks:speed>14.23725098879151</mytracks:speed><mytracks:gradient>0.06366933572936344</mytracks:gradient><mytracks:length>0.004084425013463228</mytracks:length></extensions></trkpt><trkpt lat="45.22892391757681" lon="-75.46912617400268"><ele>91.03313314033078</ele><time>2025-10-04T15:50:21.53000Z</time><extensions><mytracks:speed>13.79904651892728</mytracks:speed><mytracks:gradient>0.05289751491230353</mytracks:gradient><mytracks:length>0.003871451673497157</mytracks:length></extensions></trkpt><trkpt lat="45.22889317769234" lon="-75.46911241156052"><ele>91.17508724439328</ele><time>2025-10-04T15:50:22.53900Z</time><extensions><mytracks:speed>12.78136211409269</mytracks:speed><mytracks:gradient>0.03962463187779244</mytracks:gradient><mytracks:length>0.003582471239109839</mytracks:length></extensions></trkpt><trkpt lat="45.22886364739193" lon="-75.46909837114055"><ele>91.27978095800998</ele><time>2025-10-04T15:50:23.53700Z</time><extensions><mytracks:speed>12.64145877102324</mytracks:speed><mytracks:gradient>0.03500046062729708</mytracks:gradient><mytracks:length>0.003463512389852101</mytracks:length></extensions></trkpt><trkpt lat="45.22883304983191" lon="-75.46908553150912"><ele>90.96490079388215</ele><time>2025-10-04T15:50:24.52800Z</time><extensions><mytracks:speed>12.68522920113975</mytracks:speed><mytracks:length>0.003548345669104412</mytracks:length></extensions></trkpt><trkpt lat="45.22880030466796" lon="-75.46907152573918"><ele>90.85354138779034</ele><time>2025-10-04T15:50:25.51000Z</time><extensions><mytracks:speed>13.4090323219751</mytracks:speed><mytracks:length>0.003802155720513057</mytracks:length></extensions></trkpt><trkpt lat="45.22876788182872" lon="-75.46905657519498"><ele>90.66657860281354</ele><time>2025-10-04T15:50:26.50300Z</time><extensions><mytracks:speed>13.83989955924716</mytracks:speed><mytracks:length>0.003789095974534207</mytracks:length></extensions></trkpt><trkpt lat="45.22873042196805" lon="-75.46903811993846"><ele>90.25116624155525</ele><time>2025-10-04T15:50:27.50300Z</time><extensions><mytracks:speed>14.8150421361155</mytracks:speed><mytracks:length>0.004409128847671818</mytracks:length></extensions></trkpt><trkpt lat="45.22869482109716" lon="-75.46901661933245"><ele>90.4584305162532</ele><time>2025-10-04T15:50:28.50700Z</time><extensions><mytracks:speed>15.42170081354823</mytracks:speed><mytracks:gradient>0.04818393435231279</mytracks:gradient><mytracks:length>0.004301522436554618</mytracks:length></extensions></trkpt><trkpt lat="45.22866214290035" lon="-75.46899770015321"><ele>90.4124797636378</ele><time>2025-10-04T15:50:29.49100Z</time><extensions><mytracks:speed>14.89168515649692</mytracks:speed><mytracks:gradient>0.01961145644886691</mytracks:gradient><mytracks:length>0.003923481877901208</mytracks:length></extensions></trkpt><trkpt lat="45.2286311701297" lon="-75.4689805158725"><ele>90.42081543975479</ele><time>2025-10-04T15:50:30.48400Z</time><extensions><mytracks:speed>13.88056389700484</mytracks:speed><mytracks:length>0.003697604938800163</mytracks:length></extensions></trkpt><trkpt lat="45.22860662071653" lon="-75.46897151258108"><ele>90.80461228565912</ele><time>2025-10-04T15:50:31.47600Z</time><extensions><mytracks:speed>11.7968964439979</mytracks:speed><mytracks:gradient>0.06027553872097961</mytracks:gradient><mytracks:length>0.00281783573238516</mytracks:length></extensions></trkpt><trkpt lat="45.22858608621755" lon="-75.46897233925223"><ele>90.57851508043332</ele><time>2025-10-04T15:50:32.49000Z</time><extensions><mytracks:speed>8.112649370331601</mytracks:speed><mytracks:length>0.0022843729015068</mytracks:length></extensions></trkpt><trkpt lat="45.22856954969615" lon="-75.46897959591249"><ele>90.58413264057282</ele><time>2025-10-04T15:50:33.49100Z</time><extensions><mytracks:speed>6.921401088014968</mytracks:speed><mytracks:gradient>0.002918764811343885</mytracks:gradient><mytracks:length>0.001924636105542136</mytracks:length></extensions></trkpt><trkpt lat="45.22855240996928" lon="-75.46899813490153"><ele>90.64768524237526</ele><time>2025-10-04T15:50:34.50300Z</time><extensions><mytracks:speed>8.53040956253006</mytracks:speed><mytracks:gradient>0.02650301472196666</mytracks:gradient><mytracks:length>0.002397938591860172</mytracks:length></extensions></trkpt><trkpt lat="45.22853932771498" lon="-75.46902337975042"><ele>90.56220735074811</ele><time>2025-10-04T15:50:35.50400Z</time><extensions><mytracks:speed>8.833528315050158</mytracks:speed><mytracks:length>0.002455504739382325</mytracks:length></extensions></trkpt><trkpt lat="45.22852823540838" lon="-75.46905001912133"><ele>90.49234642840003</ele><time>2025-10-04T15:50:36.50800Z</time><extensions><mytracks:speed>8.686976736309774</mytracks:speed><mytracks:length>0.002422245803119693</mytracks:length></extensions></trkpt><trkpt lat="45.22851865710067" lon="-75.46907487741522"><ele>90.29314648255649</ele><time>2025-10-04T15:50:37.50400Z</time><extensions><mytracks:speed>8.354994319771782</mytracks:speed><mytracks:length>0.002218319205331391</mytracks:length></extensions></trkpt><trkpt lat="45.22851049807323" lon="-75.46909255075725"><ele>89.99509718384351</ele><time>2025-10-04T15:50:38.50800Z</time><extensions><mytracks:speed>5.924483615555149</mytracks:speed><mytracks:length>0.001652528781101211</mytracks:length></extensions></trkpt><trkpt lat="45.22849862638066" lon="-75.46910282255777"><ele>89.91572798385359</ele><time>2025-10-04T15:50:39.50900Z</time><extensions><mytracks:speed>5.569941515020069</mytracks:speed><mytracks:length>0.001548347852638992</mytracks:length></extensions></trkpt><trkpt lat="45.22847809428072" lon="-75.46910940276082"><ele>89.83101074072896</ele><time>2025-10-04T15:50:40.50100Z</time><extensions><mytracks:speed>6.932057170420304</mytracks:speed><mytracks:length>0.002340881920630668</mytracks:length></extensions></trkpt><trkpt lat="45.22844993449367" lon="-75.469105654065"><ele>89.95656597101538</ele><time>2025-10-04T15:50:41.48300Z</time><extensions><mytracks:speed>9.880106003680121</mytracks:speed><mytracks:gradient>0.007535193863684839</mytracks:gradient><mytracks:length>0.003145783917926285</mytracks:length></extensions></trkpt><trkpt lat="45.22841525976581" lon="-75.46909594399705"><ele>90.05307657725768</ele><time>2025-10-04T15:50:42.48800Z</time><extensions><mytracks:speed>14.08858817414852</mytracks:speed><mytracks:gradient>0.0245551118714084</mytracks:gradient><mytracks:length>0.003930367197987811</mytracks:length></extensions></trkpt><trkpt lat="45.2283744806414" lon="-75.46907581754269"><ele>90.13071564276021</ele><time>2025-10-04T15:50:43.49600Z</time><extensions><mytracks:speed>17.131879857629</mytracks:speed><mytracks:gradient>0.01617287454031665</mytracks:gradient><mytracks:length>0.004800573040307759</mytracks:length></extensions></trkpt><trkpt lat="45.2283376995294" lon="-75.46905389573033"><ele>90.11588347596805</ele><time>2025-10-04T15:50:44.50300Z</time><extensions><mytracks:speed>15.86041298409613</mytracks:speed><mytracks:length>0.004434606517535595</mytracks:length></extensions></trkpt><trkpt lat="45.22830150079583" lon="-75.46903629234627"><ele>90.06529781412416</ele><time>2025-10-04T15:50:45.49600Z</time><extensions><mytracks:speed>15.63607053987631</mytracks:speed><mytracks:length>0.00425517755175826</mytracks:length></extensions></trkpt><trkpt lat="45.22826575770373" lon="-75.46901706545998"><ele>90.02192466325771</ele><time>2025-10-04T15:50:46.48500Z</time><extensions><mytracks:speed>15.44609996852801</mytracks:speed><mytracks:length>0.00425093932605346</mytracks:length></extensions></trkpt><trkpt lat="45.22823471093972" lon="-75.46900489662202"><ele>89.95907292343801</ele><time>2025-10-04T15:50:47.46500Z</time><extensions><mytracks:speed>14.30256157507629</mytracks:speed><mytracks:length>0.003582471239109839</mytracks:length></extensions></trkpt><trkpt lat="45.22820623324121" lon="-75.46899123071026"><ele>89.98887651125045</ele><time>2025-10-04T15:50:48.46700Z</time><extensions><mytracks:speed>12.01151684772203</mytracks:speed><mytracks:gradient>0.008918774375487172</mytracks:gradient><mytracks:length>0.003341668547457802</mytracks:length></extensions></trkpt><trkpt lat="45.2281821131773" lon="-75.46898030374086"><ele>89.95263780341838</ele><time>2025-10-04T15:50:49.48800Z</time><extensions><mytracks:speed>9.923825680545432</mytracks:speed><mytracks:length>0.002814635463627009</mytracks:length></extensions></trkpt><trkpt lat="45.22816434893754" lon="-75.4689731012576"><ele>89.86787091336603</ele><time>2025-10-04T15:50:50.50300Z</time><extensions><mytracks:speed>7.285859945862506</mytracks:speed><mytracks:length>0.002053764508007274</mytracks:length></extensions></trkpt><trkpt lat="45.22815064962698" lon="-75.4689693937796"><ele>89.75513403207844</ele><time>2025-10-04T15:50:51.50200Z</time><extensions><mytracks:speed>6.438750662286181</mytracks:speed><mytracks:length>0.001548347852638992</mytracks:length></extensions></trkpt><trkpt lat="45.22814673278733" lon="-75.46895775852053"><ele>89.86950574991629</ele><time>2025-10-04T15:50:54.51700Z</time><extensions><mytracks:speed>1.210134867861737</mytracks:speed><mytracks:gradient>0.1128336145439879</mytracks:gradient><mytracks:length>0.001013631605262928</mytracks:length></extensions></trkpt><trkpt lat="45.22813614775853" lon="-75.4688782155382"><ele>90.38077901490033</ele><time>2025-10-04T15:51:07.00100Z</time><extensions><mytracks:speed>1.828081338200411</mytracks:speed><mytracks:gradient>0.08065041929865359</mytracks:gradient><mytracks:length>0.006339375162958098</mytracks:length></extensions></trkpt><trkpt lat="45.22815179668948" lon="-75.46883806037313"><ele>90.04380208323406</ele><time>2025-10-04T15:51:08.51000Z</time><extensions><mytracks:speed>8.574834516202731</mytracks:speed><mytracks:length>0.003593774419221139</mytracks:length></extensions></trkpt><trkpt lat="45.22815434580363" lon="-75.46882514038423"><ele>90.07190093564483</ele><time>2025-10-04T15:51:10.08300Z</time><extensions><mytracks:speed>2.409254701139987</mytracks:speed><mytracks:gradient>0.02668752564180443</mytracks:gradient><mytracks:length>0.001052883387838818</mytracks:length></extensions></trkpt><trkpt lat="45.22815499810457" lon="-75.46874681832396"><ele>90.07872230932117</ele><time>2025-10-04T15:51:17.00100Z</time><extensions><mytracks:speed>3.192459319621864</mytracks:speed><mytracks:gradient>0.001111895258136684</mytracks:gradient><mytracks:length>0.006134906706736431</mytracks:length></extensions></trkpt><trkpt lat="45.22810424214421" lon="-75.46871347123628"><ele>90.24622200774172</ele><time>2025-10-04T15:51:18.50300Z</time><extensions><mytracks:speed>14.90513915021304</mytracks:speed><mytracks:gradient>0.02693438442433228</mytracks:gradient><mytracks:length>0.006218805515719847</mytracks:length></extensions></trkpt><trkpt lat="45.22806052675591" lon="-75.46868846297809"><ele>90.30930621373004</ele><time>2025-10-04T15:51:19.50200Z</time><extensions><mytracks:speed>16.492539698434</mytracks:speed><mytracks:gradient>0.02012823387338028</mytracks:gradient><mytracks:length>0.005240394050763561</mytracks:length></extensions></trkpt><trkpt lat="45.2280074053167" lon="-75.46866155429568"><ele>90.24974990285052</ele><time>2025-10-04T15:51:20.51000Z</time><extensions><mytracks:speed>22.39951448120985</mytracks:speed><mytracks:length>0.006271480680887086</mytracks:length></extensions></trkpt><trkpt lat="45.22794926143568" lon="-75.46863081464589"><ele>90.04570422164818</ele><time>2025-10-04T15:51:21.50900Z</time><extensions><mytracks:speed>23.62397053323788</mytracks:speed><mytracks:length>0.006898341324075244</mytracks:length></extensions></trkpt><trkpt lat="45.22789106042018" lon="-75.46859954054183"><ele>89.88597314701948</ele><time>2025-10-04T15:51:22.52100Z</time><extensions><mytracks:speed>24.60489249941444</mytracks:speed><mytracks:length>0.006919213811484716</mytracks:length></extensions></trkpt><trkpt lat="45.22784119074808" lon="-75.46857379053684"><ele>89.63899134189825</ele><time>2025-10-04T15:51:23.51700Z</time><extensions><mytracks:speed>22.97731262710874</mytracks:speed><mytracks:length>0.005900517080730505</mytracks:length></extensions></trkpt><trkpt lat="45.22780096173874" lon="-75.46855412856536"><ele>89.45691380649301</ele><time>2025-10-04T15:51:24.51300Z</time><extensions><mytracks:speed>19.21066546088469</mytracks:speed><mytracks:length>0.004731550869105959</mytracks:length></extensions></trkpt><trkpt lat="45.22777232453744" lon="-75.46853982309624"><ele>89.38804572927648</ele><time>2025-10-04T15:51:25.51400Z</time><extensions><mytracks:speed>12.14517460021386</mytracks:speed><mytracks:length>0.003376548409525027</mytracks:length></extensions></trkpt><trkpt lat="45.22774830881603" lon="-75.46852748237659"><ele>89.30125075177264</ele><time>2025-10-04T15:51:26.52600Z</time><extensions><mytracks:speed>10.10030736338951</mytracks:speed><mytracks:length>0.00284013664563963</mytracks:length></extensions></trkpt><trkpt lat="45.22772049508806" lon="-75.46851238552325"><ele>89.33737224736348</ele><time>2025-10-04T15:51:27.52600Z</time><extensions><mytracks:speed>11.00623685689722</mytracks:speed><mytracks:length>0.003311867908517951</mytracks:length></extensions></trkpt><trkpt lat="45.22768561727697" lon="-75.46849260930546"><ele>89.48414105151207</ele><time>2025-10-04T15:51:28.49400Z</time><extensions><mytracks:speed>13.69613036427543</mytracks:speed><mytracks:gradient>0.02442883046028657</mytracks:gradient><mytracks:length>0.004176074160954907</mytracks:length></extensions></trkpt><trkpt lat="45.22764003009563" lon="-75.46846727519477"><ele>89.50666819599809</ele><time>2025-10-04T15:51:29.48900Z</time><extensions><mytracks:speed>17.64168971599556</mytracks:speed><mytracks:gradient>0.01759936775814756</mytracks:gradient><mytracks:length>0.005442865091039176</mytracks:length></extensions></trkpt><trkpt lat="45.22758716681754" lon="-75.46843685442458"><ele>89.50803239706906</ele><time>2025-10-04T15:51:30.48600Z</time><extensions><mytracks:speed>21.30065959633301</mytracks:speed><mytracks:gradient>0.002027138359411561</mytracks:gradient><mytracks:length>0.006342928425477422</mytracks:length></extensions></trkpt><trkpt lat="45.22753417934531" lon="-75.46840858123882"><ele>89.33679470776696</ele><time>2025-10-04T15:51:31.48200Z</time><extensions><mytracks:speed>22.82693078052474</mytracks:speed><mytracks:length>0.006295148083018898</mytracks:length></extensions></trkpt><trkpt lat="45.2274847228231" lon="-75.46837767357026"><ele>89.06477891721487</ele><time>2025-10-04T15:51:32.47400Z</time><extensions><mytracks:speed>22.2758014812043</mytracks:speed><mytracks:length>0.006008736927539551</mytracks:length></extensions></trkpt><trkpt lat="45.22743578270898" lon="-75.46835006171055"><ele>89.07719014853016</ele><time>2025-10-04T15:51:33.48200Z</time><extensions><mytracks:speed>20.89168119421694</mytracks:speed><mytracks:gradient>0.002119663385233734</mytracks:gradient><mytracks:length>0.005855284099238792</mytracks:length></extensions></trkpt><trkpt lat="45.22739317780385" lon="-75.46832668869796"><ele>88.97848712324853</ele><time>2025-10-04T15:51:34.49500Z</time><extensions><mytracks:speed>18.06570509165903</mytracks:speed><mytracks:length>0.005078816624893793</mytracks:length></extensions></trkpt><trkpt lat="45.22735944630442" lon="-75.46830781138264"><ele>89.03984166635344</ele><time>2025-10-04T15:51:35.49800Z</time><extensions><mytracks:speed>14.47189146197547</mytracks:speed><mytracks:gradient>0.01521600849053961</mytracks:gradient><mytracks:length>0.00403223638729292</mytracks:length></extensions></trkpt><trkpt lat="45.22732235529673" lon="-75.46829458789647"><ele>88.94016205336649</ele><time>2025-10-04T15:51:36.99900Z</time><extensions><mytracks:speed>10.19585100833481</mytracks:speed><mytracks:length>0.004251999278526248</mytracks:length></extensions></trkpt><trkpt lat="45.227301491778" lon="-75.46828463656544"><ele>88.71164111470746</ele><time>2025-10-04T15:51:37.99800Z</time><extensions><mytracks:speed>9.640582852726974</mytracks:speed><mytracks:length>0.002446311503290125</mytracks:length></extensions></trkpt><trkpt lat="45.22728029556726" lon="-75.46827704098212"><ele>88.55302953615627</ele><time>2025-10-04T15:51:38.99700Z</time><extensions><mytracks:speed>8.78084235553281</mytracks:speed><mytracks:length>0.002431530029576118</mytracks:length></extensions></trkpt><trkpt lat="45.227255385132" lon="-75.46826390893408"><ele>88.27857465763952</ele><time>2025-10-04T15:51:40.00700Z</time><extensions><mytracks:speed>10.53499643294847</mytracks:speed><mytracks:length>0.002953693290491991</mytracks:length></extensions></trkpt><trkpt lat="45.22720936475512" lon="-75.46823897020427"><ele>87.98994533211946</ele><time>2025-10-04T15:51:41.50700Z</time><extensions><mytracks:speed>13.14454231031359</mytracks:speed><mytracks:length>0.005477528115203835</mytracks:length></extensions></trkpt><trkpt lat="45.22712859070404" lon="-75.46819803116759"><ele>87.85573493483646</ele><time>2025-10-04T15:51:43.49900Z</time><extensions><mytracks:speed>17.23165385644671</mytracks:speed><mytracks:length>0.009536627531876552</mytracks:length></extensions></trkpt><trkpt lat="45.22707702597052" lon="-75.4681741663466"><ele>87.9484881365551</ele><time>2025-10-04T15:51:44.51000Z</time><extensions><mytracks:speed>21.47829048271549</mytracks:speed><mytracks:gradient>0.01538081761945025</mytracks:gradient><mytracks:length>0.006030446756051695</mytracks:length></extensions></trkpt><trkpt lat="45.22701978907325" lon="-75.46814663008685"><ele>88.03652733010615</ele><time>2025-10-04T15:51:45.52900Z</time><extensions><mytracks:speed>23.73089134245503</mytracks:speed><mytracks:gradient>0.01310175503024145</mytracks:gradient><mytracks:length>0.006719648882752162</mytracks:length></extensions></trkpt><trkpt lat="45.22689221042371" lon="-75.468082552442"><ele>88.25491632339005</ele><time>2025-10-04T15:51:47.51200Z</time><extensions><mytracks:speed>27.31991232455305</mytracks:speed><mytracks:gradient>0.01451333698734095</mytracks:gradient><mytracks:length>0.0150474693362651</mytracks:length></extensions></trkpt><trkpt lat="45.22679986272159" lon="-75.46803569946428"><ele>88.38152741563985</ele><time>2025-10-04T15:51:49.01000Z</time><extensions><mytracks:speed>26.20385791406029</mytracks:speed><mytracks:gradient>0.01161063032677017</mytracks:gradient><mytracks:length>0.01090475613179078</mytracks:length></extensions></trkpt><trkpt lat="45.22671681892415" lon="-75.46799418793297"><ele>88.41143050729842</ele><time>2025-10-04T15:51:50.47900Z</time><extensions><mytracks:speed>23.99582424566481</mytracks:speed><mytracks:gradient>0.003054499414523773</mytracks:gradient><mytracks:length>0.009789850185068722</mytracks:length></extensions></trkpt><trkpt lat="45.22666882681434" lon="-75.46796907975215"><ele>88.41577493175917</ele><time>2025-10-04T15:51:51.47500Z</time><extensions><mytracks:speed>22.60390476135102</mytracks:speed><mytracks:gradient>0.00221287332371387</mytracks:gradient><mytracks:length>0.005688201101545293</mytracks:length></extensions></trkpt><trkpt lat="45.22662100998073" lon="-75.46794478705446"><ele>88.33125760333805</ele><time>2025-10-04T15:51:52.50700Z</time><extensions><mytracks:speed>19.70282510343421</mytracks:speed><mytracks:length>0.005647652921420228</mytracks:length></extensions></trkpt><trkpt lat="45.22657305335714" lon="-75.46792052148461"><ele>88.21691835196722</ele><time>2025-10-04T15:51:53.51900Z</time><extensions><mytracks:speed>20.1411225679752</mytracks:speed><mytracks:length>0.005660405188113723</mytracks:length></extensions></trkpt><trkpt lat="45.2265258882194" lon="-75.46789612127091"><ele>88.09462317334025</ele><time>2025-10-04T15:51:54.50300Z</time><extensions><mytracks:speed>20.28203650587394</mytracks:speed><mytracks:length>0.005581840309005179</mytracks:length></extensions></trkpt><trkpt lat="45.22648198176167" lon="-75.4678728194399"><ele>88.04769155868276</ele><time>2025-10-04T15:51:55.49800Z</time><extensions><mytracks:speed>19.63653016972969</mytracks:speed><mytracks:length>0.005211074518761144</mytracks:length></extensions></trkpt><trkpt lat="45.22644419793777" lon="-75.46785107355069"><ele>88.00077678422282</ele><time>2025-10-04T15:51:56.51200Z</time><extensions><mytracks:speed>16.08588253337912</mytracks:speed><mytracks:length>0.004532104137479517</mytracks:length></extensions></trkpt><trkpt lat="45.2264152568246" lon="-75.46783263054957"><ele>87.94575792846967</ele><time>2025-10-04T15:51:57.51900Z</time><extensions><mytracks:speed>12.60517867850742</mytracks:speed><mytracks:length>0.003526689794106342</mytracks:length></extensions></trkpt><trkpt lat="45.22639270564676" lon="-75.46781850613881"><ele>87.99716743971481</ele><time>2025-10-04T15:51:58.50800Z</time><extensions><mytracks:speed>11.30112121942151</mytracks:speed><mytracks:length>0.002741641991054191</mytracks:length></extensions></trkpt><trkpt lat="45.2263721901795" lon="-75.46780875248265"><ele>87.9739068518833</ele><time>2025-10-04T15:51:59.50100Z</time><extensions><mytracks:speed>9.338763275677421</mytracks:speed><mytracks:gradient>0.005474923309428275</mytracks:gradient><mytracks:length>0.002405443895319931</mytracks:length></extensions></trkpt><trkpt lat="45.22635361456192" lon="-75.46780629749949"><ele>88.05050446829662</ele><time>2025-10-04T15:52:00.49800Z</time><extensions><mytracks:speed>8.051837780940076</mytracks:speed><mytracks:gradient>0.01198359865390522</mytracks:gradient><mytracks:length>0.002075590461133723</mytracks:length></extensions></trkpt><trkpt lat="45.22633752588965" lon="-75.46781303285431"><ele>88.16858299837534</ele><time>2025-10-04T15:52:01.49700Z</time><extensions><mytracks:speed>6.97971646973357</mytracks:speed><mytracks:gradient>0.0503153162798519</mytracks:gradient><mytracks:length>0.001865182663644248</mytracks:length></extensions></trkpt><trkpt lat="45.22632569618663" lon="-75.46782723748908"><ele>88.20049931368369</ele><time>2025-10-04T15:52:02.48400Z</time><extensions><mytracks:speed>6.368851038730676</mytracks:speed><mytracks:gradient>0.04270186987397195</mytracks:gradient><mytracks:length>0.001721970340384844</mytracks:length></extensions></trkpt><trkpt lat="45.22631783697686" lon="-75.46784647777372"><ele>88.24752365722044</ele><time>2025-10-04T15:52:03.47600Z</time><extensions><mytracks:speed>6.208113246957458</mytracks:speed><mytracks:gradient>0.02312457536011629</mytracks:gradient><mytracks:length>0.001742780404860075</mytracks:length></extensions></trkpt><trkpt lat="45.22631338219863" lon="-75.46786439051807"><ele>88.28777280824029</ele><time>2025-10-04T15:52:04.72900Z</time><extensions><mytracks:speed>4.279958614661676</mytracks:speed><mytracks:gradient>0.02703095893796586</mytracks:gradient><mytracks:length>0.001489001966678989</mytracks:length></extensions></trkpt><trkpt lat="45.22628333563422" lon="-75.4679576671509"><ele>89.0435000685975</ele><time>2025-10-04T15:52:11.00000Z</time><extensions><mytracks:speed>4.610770693647571</mytracks:speed><mytracks:gradient>0.0940830069366521</mytracks:gradient><mytracks:length>0.008032558534890899</mytracks:length></extensions></trkpt><trkpt lat="45.2262757863213" lon="-75.46797420422028"><ele>89.22521807707173</ele><time>2025-10-04T15:52:12.26100Z</time><extensions><mytracks:speed>4.413798036048025</mytracks:speed><mytracks:gradient>0.1175837519217427</mytracks:gradient><mytracks:length>0.001545434683825843</mytracks:length></extensions></trkpt><trkpt lat="45.22624790337031" lon="-75.46803815942089"><ele>90.58648094628006</ele><time>2025-10-04T15:52:17.00000Z</time><extensions><mytracks:speed>4.474844033322831</mytracks:speed><mytracks:gradient>0.2310614643852732</mytracks:gradient><mytracks:length>0.005891345286977644</mytracks:length></extensions></trkpt><trkpt lat="45.22623419449312" lon="-75.46804934847167"><ele>90.30446312362035</ele><time>2025-10-04T15:52:18.32200Z</time><extensions><mytracks:speed>4.794812964635391</mytracks:speed><mytracks:length>0.001760787470185855</mytracks:length></extensions></trkpt><trkpt lat="45.22619079109521" lon="-75.46811417172795"><ele>89.94050176534802</ele><time>2025-10-04T15:52:23.00000Z</time><extensions><mytracks:speed>5.390938744142017</mytracks:speed><mytracks:length>0.007005298730634332</mytracks:length></extensions></trkpt><trkpt lat="45.22617212696098" lon="-75.46816945155233"><ele>90.04022865211631</ele><time>2025-10-04T15:52:24.50200Z</time><extensions><mytracks:speed>11.50983310271532</mytracks:speed><mytracks:gradient>0.02076989369582227</mytracks:gradient><mytracks:length>0.004801511660522086</mytracks:length></extensions></trkpt><trkpt lat="45.22616195639855" lon="-75.46820502037973"><ele>90.15668822862843</ele><time>2025-10-04T15:52:25.50700Z</time><extensions><mytracks:speed>10.76574468123562</mytracks:speed><mytracks:gradient>0.03875374059801718</mytracks:gradient><mytracks:length>0.003005118337352758</mytracks:length></extensions></trkpt><trkpt lat="45.22615336985767" lon="-75.46823970721863"><ele>90.27239425344767</ele><time>2025-10-04T15:52:26.50600Z</time><extensions><mytracks:speed>10.57200754755502</mytracks:speed><mytracks:gradient>0.0394540395072487</mytracks:gradient><mytracks:length>0.002879530158880522</mytracks:length></extensions></trkpt><trkpt lat="45.22614549420988" lon="-75.46826995875584"><ele>90.37711446738608</ele><time>2025-10-04T15:52:27.51000Z</time><extensions><mytracks:speed>9.066654846508774</mytracks:speed><mytracks:gradient>0.04142663762216016</mytracks:gradient><mytracks:length>0.002527847297034539</mytracks:length></extensions></trkpt><trkpt lat="45.22613792230462" lon="-75.46829492060745"><ele>90.44189027258187</ele><time>2025-10-04T15:52:28.50200Z</time><extensions><mytracks:speed>8.389847496730123</mytracks:speed><mytracks:gradient>0.03642883505026073</mytracks:gradient><mytracks:length>0.002129176726424241</mytracks:length></extensions></trkpt><trkpt lat="45.22613036719592" lon="-75.46831695791921"><ele>90.47858769178025</ele><time>2025-10-04T15:52:29.50200Z</time><extensions><mytracks:speed>7.312129881284682</mytracks:speed><mytracks:gradient>0.02507530817420477</mytracks:gradient><mytracks:length>0.001917599021265061</mytracks:length></extensions></trkpt><trkpt lat="45.22612344088986" lon="-75.46833450815573"><ele>90.55267445319657</ele><time>2025-10-04T15:52:30.50200Z</time><extensions><mytracks:speed>6.290521127567108</mytracks:speed><mytracks:gradient>0.03171324625727266</mytracks:gradient><mytracks:length>0.001574323813569121</mytracks:length></extensions></trkpt><trkpt lat="45.22611666925553" lon="-75.46835047383226"><ele>90.6315822703497</ele><time>2025-10-04T15:52:31.50500Z</time><extensions><mytracks:speed>5.243905652337911</mytracks:speed><mytracks:gradient>0.05399059812208884</mytracks:gradient><mytracks:length>0.001461510335089989</mytracks:length></extensions></trkpt><trkpt lat="45.22610908922523" lon="-75.46836882970948"><ele>90.70110967588106</ele><time>2025-10-04T15:52:32.50000Z</time><extensions><mytracks:speed>5.632966328194557</mytracks:speed><mytracks:gradient>0.04746728384932482</mytracks:gradient><mytracks:length>0.001666107717516284</mytracks:length></extensions></trkpt><trkpt lat="45.22610036898777" lon="-75.46838949540088"><ele>90.83812106979197</ele><time>2025-10-04T15:52:33.50300Z</time><extensions><mytracks:speed>6.775225514011519</mytracks:speed><mytracks:gradient>0.0726156817529376</mytracks:gradient><mytracks:length>0.001886801729371186</mytracks:length></extensions></trkpt><trkpt lat="45.22609118693854" lon="-75.46841292443054"><ele>90.90703267050857</ele><time>2025-10-04T15:52:34.50400Z</time><extensions><mytracks:speed>7.551946153361003</mytracks:speed><mytracks:gradient>0.03279189994831976</mytracks:gradient><mytracks:length>0.002101482403435258</mytracks:length></extensions></trkpt><trkpt lat="45.22608227092608" lon="-75.46843582068551"><ele>91.02067485879114</ele><time>2025-10-04T15:52:35.50400Z</time><extensions><mytracks:speed>7.466937560572928</mytracks:speed><mytracks:gradient>0.04398785553177251</mytracks:gradient><mytracks:length>0.002049371423815256</mytracks:length></extensions></trkpt><trkpt lat="45.22607405592626" lon="-75.46845763658543"><ele>91.13987631334864</ele><time>2025-10-04T15:52:36.49800Z</time><extensions><mytracks:speed>7.201042445232453</mytracks:speed><mytracks:gradient>0.05839657510825966</mytracks:gradient><mytracks:length>0.001940956752314605</mytracks:length></extensions></trkpt><trkpt lat="45.22606533429615" lon="-75.46848044077106"><ele>91.25585322864532</ele><time>2025-10-04T15:52:37.49600Z</time><extensions><mytracks:speed>7.17195293612644</mytracks:speed><mytracks:gradient>0.05923450357923336</mytracks:gradient><mytracks:length>0.002033920907299818</mytracks:length></extensions></trkpt><trkpt lat="45.226055393796" lon="-75.46850403232746"><ele>91.41487115653557</ele><time>2025-10-04T15:52:38.49600Z</time><extensions><mytracks:speed>7.540736798285011</mytracks:speed><mytracks:gradient>0.06571438256319174</mytracks:gradient><mytracks:length>0.002154424763584326</mytracks:length></extensions></trkpt><trkpt lat="45.22604373574557" lon="-75.46853149782747"><ele>91.53706885485347</ele><time>2025-10-04T15:52:39.49600Z</time><extensions><mytracks:speed>9.034996830115409</mytracks:speed><mytracks:gradient>0.04865038572292317</mytracks:gradient><mytracks:length>0.002511751890598627</mytracks:length></extensions></trkpt><trkpt lat="45.22603135977761" lon="-75.46855891404536"><ele>91.66108669572985</ele><time>2025-10-04T15:52:40.49900Z</time><extensions><mytracks:speed>9.150430110341091</mytracks:speed><mytracks:gradient>0.04865066891662252</mytracks:gradient><mytracks:length>0.002549149757610085</mytracks:length></extensions></trkpt><trkpt lat="45.22602013962844" lon="-75.46858348781923"><ele>91.72218361330378</ele><time>2025-10-04T15:52:41.49800Z</time><extensions><mytracks:speed>8.710086130062647</mytracks:speed><mytracks:gradient>0.03821872923899748</mytracks:gradient><mytracks:length>0.00229421513968025</mytracks:length></extensions></trkpt><trkpt lat="45.22601088697748" lon="-75.46860415182519"><ele>91.77302125121641</ele><time>2025-10-04T15:52:42.50000Z</time><extensions><mytracks:speed>6.89311369703305</mytracks:speed><mytracks:gradient>0.02651108878804272</mytracks:gradient><mytracks:length>0.001917599021265061</mytracks:length></extensions></trkpt><trkpt lat="45.22600267553518" lon="-75.46862187010657"><ele>91.85739422652405</ele><time>2025-10-04T15:52:43.50000Z</time><extensions><mytracks:speed>5.975098715529629</mytracks:speed><mytracks:gradient>0.05080599172819971</mytracks:gradient><mytracks:length>0.001660689466687717</mytracks:length></extensions></trkpt><trkpt lat="45.22599422798802" lon="-75.46864158425379"><ele>91.91490254402395</ele><time>2025-10-04T15:52:44.50200Z</time><extensions><mytracks:speed>6.500870669658008</mytracks:speed><mytracks:gradient>0.03179432662471838</mytracks:gradient><mytracks:length>0.001808760354596896</mytracks:length></extensions></trkpt><trkpt lat="45.22598666494974" lon="-75.46866183224921"><ele>92.01647163249159</ele><time>2025-10-04T15:52:45.50100Z</time><extensions><mytracks:speed>6.479658982697316</mytracks:speed><mytracks:gradient>0.04418769417815875</mytracks:gradient><mytracks:length>0.001793749635696723</mytracks:length></extensions></trkpt><trkpt lat="45.22597915714885" lon="-75.46868623622461"><ele>92.17296326202982</ele><time>2025-10-04T15:52:46.50300Z</time><extensions><mytracks:speed>7.489196177681555</mytracks:speed><mytracks:gradient>0.07500493338238481</mytracks:gradient><mytracks:length>0.002086417819217611</mytracks:length></extensions></trkpt><trkpt lat="45.22597279749039" lon="-75.46871291879334"><ele>92.28378412697609</ele><time>2025-10-04T15:52:47.50600Z</time><extensions><mytracks:speed>7.912068593615375</mytracks:speed><mytracks:gradient>0.05028048232113345</mytracks:gradient><mytracks:length>0.002204053338996776</mytracks:length></extensions></trkpt><trkpt lat="45.22596837608145" lon="-75.4687376235254"><ele>92.39687157118473</ele><time>2025-10-04T15:52:48.50500Z</time><extensions><mytracks:speed>7.551571618866745</mytracks:speed><mytracks:gradient>0.05332834026157602</mytracks:gradient><mytracks:length>0.001995900341588506</mytracks:length></extensions></trkpt><trkpt lat="45.22596386012274" lon="-75.46876360021788"><ele>92.75702427329456</ele><time>2025-10-04T15:52:49.50600Z</time><extensions><mytracks:speed>7.533892761473464</mytracks:speed><mytracks:gradient>0.1719073632486495</mytracks:gradient><mytracks:length>0.002095039417182489</mytracks:length></extensions></trkpt><trkpt lat="45.22596161211877" lon="-75.46878948789504"><ele>93.13896766085576</ele><time>2025-10-04T15:52:50.50900Z</time><extensions><mytracks:speed>7.333769433671748</mytracks:speed><mytracks:gradient>0.1869738119387038</mytracks:gradient><mytracks:length>0.002042764083380871</mytracks:length></extensions></trkpt><trkpt lat="45.22596187855353" lon="-75.46881115081267"><ele>93.38276671840774</ele><time>2025-10-04T15:52:51.50400Z</time><extensions><mytracks:speed>6.721019981983226</mytracks:speed><mytracks:gradient>0.167742939420897</mytracks:gradient><mytracks:length>0.001695598639173244</mytracks:length></extensions></trkpt><trkpt lat="45.22597555834864" lon="-75.46888881381834"><ele>92.92239298205823</ele><time>2025-10-04T15:52:56.00100Z</time><extensions><mytracks:speed>5.019922082362298</mytracks:speed><mytracks:length>0.006270043421631158</mytracks:length></extensions></trkpt><trkpt lat="45.22601599441919" lon="-75.46891121927611"><ele>92.7005671011284</ele><time>2025-10-04T15:52:58.00100Z</time><extensions><mytracks:speed>8.688116904042074</mytracks:speed><mytracks:length>0.004826785412438254</mytracks:length></extensions></trkpt><trkpt lat="45.22602365447855" lon="-75.46892286322567"><ele>92.1594384997956</ele><time>2025-10-04T15:52:59.33100Z</time><extensions><mytracks:speed>3.38053344417985</mytracks:speed><mytracks:length>0.001248678889219179</mytracks:length></extensions></trkpt><trkpt lat="45.22602465750703" lon="-75.46897568482264"><ele>91.98265461755405</ele><time>2025-10-04T15:53:14.62800Z</time><extensions><mytracks:speed>0.973852590826358</mytracks:speed><mytracks:length>0.004138133700087386</mytracks:length></extensions></trkpt><trkpt lat="45.22602658342398" lon="-75.4690771076734"><ele>91.64321154262871</ele><time>2025-10-04T15:53:45.00000Z</time><extensions><mytracks:speed>0.9417283065866441</mytracks:speed><mytracks:length>0.007945125955103841</mytracks:length></extensions></trkpt><trkpt lat="45.22602658342397" lon="-75.46907710767339"><ele>91.64321154262871</ele><time>2025-10-04T15:53:46.02300Z</time><extensions><mytracks:speed>0.9111133624276078</mytracks:speed><mytracks:length>0</mytracks:length></extensions></trkpt><trkpt lat="45.22602658342399" lon="-75.4690771076734"><ele>91.64321154262871</ele><time>2025-10-04T15:53:47.51100Z</time><extensions><mytracks:speed>0.869819372029689</mytracks:speed><mytracks:length>0</mytracks:length></extensions></trkpt><trkpt lat="45.22602658342399" lon="-75.4690771076734"><ele>91.64321154262871</ele><time>2025-10-04T15:53:49.00900Z</time><extensions><mytracks:speed>0.8319322088440786</mytracks:speed><mytracks:length>0</mytracks:length></extensions></trkpt><trkpt lat="45.22602658342399" lon="-75.46907710767341"><ele>91.64321154262872</ele><time>2025-10-04T15:53:50.50400Z</time><extensions><mytracks:speed>0.7973026334859193</mytracks:speed><mytracks:length>0</mytracks:length></extensions></trkpt><trkpt lat="45.22602658342399" lon="-75.4690771076734"><ele>91.64321154262872</ele><time>2025-10-04T15:53:52.01100Z</time><extensions><mytracks:speed>0.765109699325615</mytracks:speed><mytracks:length>0</mytracks:length></extensions></trkpt><trkpt lat="45.22602658342398" lon="-75.46907710767339"><ele>91.64321154262869</ele><time>2025-10-04T15:53:53.50800Z</time><extensions><mytracks:speed>0.7356590438469253</mytracks:speed><mytracks:length>0</mytracks:length></extensions></trkpt><trkpt lat="45.22602658342397" lon="-75.4690771076734"><ele>91.64321154262872</ele><time>2025-10-04T15:53:55.01500Z</time><extensions><mytracks:speed>0.7082592847094989</mytracks:speed><mytracks:length>0</mytracks:length></extensions></trkpt><trkpt lat="45.22602658342398" lon="-75.4690771076734"><ele>91.64321154262871</ele><time>2025-10-04T15:53:56.51000Z</time><extensions><mytracks:speed>0.6829243464024626</mytracks:speed><mytracks:length>0</mytracks:length></extensions></trkpt><trkpt lat="45.22602658342399" lon="-75.4690771076734"><ele>91.64321154262871</ele><time>2025-10-04T15:53:57.50900Z</time><extensions><mytracks:speed>0.6670238838947765</mytracks:speed><mytracks:length>0</mytracks:length></extensions></trkpt><trkpt lat="45.22602658342399" lon="-75.4690771076734"><ele>91.64321154262872</ele><time>2025-10-04T15:53:58.50600Z</time><extensions><mytracks:speed>0.6518595980879569</mytracks:speed><mytracks:length>0</mytracks:length></extensions></trkpt><trkpt lat="45.22602658342399" lon="-75.46907710767341"><ele>91.64321154262872</ele><time>2025-10-04T15:53:59.50500Z</time><extensions><mytracks:speed>0.6373939385514052</mytracks:speed><mytracks:length>0</mytracks:length></extensions></trkpt><trkpt lat="45.22602658342398" lon="-75.4690771076734"><ele>91.64321154262871</ele><time>2025-10-04T15:54:00.50500Z</time><extensions><mytracks:speed>0.6234583830645694</mytracks:speed><mytracks:length>0</mytracks:length></extensions></trkpt><trkpt lat="45.22602658342398" lon="-75.4690771076734"><ele>91.64321154262871</ele><time>2025-10-04T15:54:01.50500Z</time><extensions><mytracks:speed>0.6101625759450969</mytracks:speed><mytracks:length>0</mytracks:length></extensions></trkpt><trkpt lat="45.22602658342398" lon="-75.4690771076734"><ele>91.64321154262869</ele><time>2025-10-04T15:54:02.50400Z</time><extensions><mytracks:speed>0.5974280778925903</mytracks:speed><mytracks:length>0</mytracks:length></extensions></trkpt><trkpt lat="45.22602658342398" lon="-75.4690771076734"><ele>91.64321154262872</ele><time>2025-10-04T15:54:03.49900Z</time><extensions><mytracks:speed>0.5852660243368308</mytracks:speed><mytracks:length>0</mytracks:length></extensions></trkpt><trkpt lat="45.22602658342398" lon="-75.4690771076734"><ele>91.64321154262872</ele><time>2025-10-04T15:54:04.49300Z</time><extensions><mytracks:speed>0.5735994679622741</mytracks:speed><mytracks:length>0</mytracks:length></extensions></trkpt><trkpt lat="45.22602658342399" lon="-75.4690771076734"><ele>91.64321154262871</ele><time>2025-10-04T15:54:05.49100Z</time><extensions><mytracks:speed>0.5623416201111729</mytracks:speed><mytracks:length>0</mytracks:length></extensions></trkpt><trkpt lat="45.22602658342398" lon="-75.46907710767339"><ele>91.64321154262871</ele><time>2025-10-04T15:54:06.49900Z</time><extensions><mytracks:speed>0.5514140412475799</mytracks:speed><mytracks:length>0</mytracks:length></extensions></trkpt><trkpt lat="45.22602658342399" lon="-75.4690771076734"><ele>91.64321154262871</ele><time>2025-10-04T15:54:07.50600Z</time><extensions><mytracks:speed>0.540913016537754</mytracks:speed><mytracks:length>0</mytracks:length></extensions></trkpt><trkpt lat="45.22602658342398" lon="-75.4690771076734"><ele>91.64321154262872</ele><time>2025-10-04T15:54:08.50800Z</time><extensions><mytracks:speed>0.5308559060430014</mytracks:speed><mytracks:length>0</mytracks:length></extensions></trkpt><trkpt lat="45.22602658342399" lon="-75.46907710767341"><ele>91.64321154262871</ele><time>2025-10-04T15:54:09.50700Z</time><extensions><mytracks:speed>0.5212278910521012</mytracks:speed><mytracks:length>0</mytracks:length></extensions></trkpt><trkpt lat="45.22602658342397" lon="-75.4690771076734"><ele>91.64321154262869</ele><time>2025-10-04T15:54:10.50600Z</time><extensions><mytracks:speed>0.5119088033830058</mytracks:speed><mytracks:length>0</mytracks:length></extensions></trkpt><trkpt lat="45.22602658342398" lon="-75.4690771076734"><ele>91.64321154262872</ele><time>2025-10-04T15:54:11.50400Z</time><extensions><mytracks:speed>0.5028934973687698</mytracks:speed><mytracks:length>0</mytracks:length></extensions></trkpt><trkpt lat="45.22602658342397" lon="-75.46907710767341"><ele>91.64321154262871</ele><time>2025-10-04T15:54:12.50300Z</time><extensions><mytracks:speed>0.4942818311465124</mytracks:speed><mytracks:length>0</mytracks:length></extensions></trkpt><trkpt lat="45.22602658342398" lon="-75.46907710767341"><ele>91.64321154262872</ele><time>2025-10-04T15:54:13.50300Z</time><extensions><mytracks:speed>0.485847753650935</mytracks:speed><mytracks:length>0</mytracks:length></extensions></trkpt><trkpt lat="45.22602658342398" lon="-75.4690771076734"><ele>91.64321154262871</ele><time>2025-10-04T15:54:14.50500Z</time><extensions><mytracks:speed>0.4776853252266827</mytracks:speed><mytracks:length>0</mytracks:length></extensions></trkpt><trkpt lat="45.22602658342397" lon="-75.46907710767341"><ele>91.64321154262871</ele><time>2025-10-04T15:54:15.50500Z</time><extensions><mytracks:speed>0.4699053730212633</mytracks:speed><mytracks:length>0</mytracks:length></extensions></trkpt><trkpt lat="45.22602658342397" lon="-75.4690771076734"><ele>91.64321154262871</ele><time>2025-10-04T15:54:16.50600Z</time><extensions><mytracks:speed>0.4622699333902505</mytracks:speed><mytracks:length>0</mytracks:length></extensions></trkpt><trkpt lat="45.22602658342399" lon="-75.46907710767341"><ele>91.64321154262872</ele><time>2025-10-04T15:54:17.50600Z</time><extensions><mytracks:speed>0.4549164991616367</mytracks:speed><mytracks:length>0</mytracks:length></extensions></trkpt><trkpt lat="45.22602658342398" lon="-75.4690771076734"><ele>91.64321154262872</ele><time>2025-10-04T15:54:18.50600Z</time><extensions><mytracks:speed>0.4477651824543492</mytracks:speed><mytracks:length>0</mytracks:length></extensions></trkpt><trkpt lat="45.22602658342397" lon="-75.46907710767339"><ele>91.64321154262871</ele><time>2025-10-04T15:54:19.50600Z</time><extensions><mytracks:speed>0.4408951715049533</mytracks:speed><mytracks:length>0</mytracks:length></extensions></trkpt><trkpt lat="45.22602658342397" lon="-75.46907710767339"><ele>91.64321154262872</ele><time>2025-10-04T15:54:20.50200Z</time><extensions><mytracks:speed>0.4342278951371422</mytracks:speed><mytracks:length>0</mytracks:length></extensions></trkpt><trkpt lat="45.22602658342398" lon="-75.4690771076734"><ele>91.64321154262871</ele><time>2025-10-04T15:54:21.49900Z</time><extensions><mytracks:speed>0.4277270042370483</mytracks:speed><mytracks:length>0</mytracks:length></extensions></trkpt><trkpt lat="45.22602658342398" lon="-75.4690771076734"><ele>91.64321154262871</ele><time>2025-10-04T15:54:22.49800Z</time><extensions><mytracks:speed>0.4214312796798604</mytracks:speed><mytracks:length>0</mytracks:length></extensions></trkpt><trkpt lat="45.22602658342399" lon="-75.4690771076734"><ele>91.64321154262869</ele><time>2025-10-04T15:54:23.50100Z</time><extensions><mytracks:speed>0.4152894638410997</mytracks:speed><mytracks:length>0</mytracks:length></extensions></trkpt><trkpt lat="45.22602658342398" lon="-75.4690771076734"><ele>91.64321154262869</ele><time>2025-10-04T15:54:24.50400Z</time><extensions><mytracks:speed>0.4093312159437056</mytracks:speed><mytracks:length>0</mytracks:length></extensions></trkpt><trkpt lat="45.22602658342398" lon="-75.46907710767339"><ele>91.64321154262871</ele><time>2025-10-04T15:54:25.50500Z</time><extensions><mytracks:speed>0.4035509777463681</mytracks:speed><mytracks:length>0</mytracks:length></extensions></trkpt><trkpt lat="45.22602658342398" lon="-75.4690771076734"><ele>91.64321154262871</ele><time>2025-10-04T15:54:26.50300Z</time><extensions><mytracks:speed>0.3979437923947462</mytracks:speed><mytracks:length>0</mytracks:length></extensions></trkpt><trkpt lat="45.22602658342397" lon="-75.4690771076734"><ele>91.64321154262871</ele><time>2025-10-04T15:54:27.50300Z</time><extensions><mytracks:speed>0.3925141412739783</mytracks:speed><mytracks:length>0</mytracks:length></extensions></trkpt><trkpt lat="45.22602658342397" lon="-75.4690771076734"><ele>91.64321154262871</ele><time>2025-10-04T15:54:28.49900Z</time><extensions><mytracks:speed>0.3872189345808755</mytracks:speed><mytracks:length>0</mytracks:length></extensions></trkpt><trkpt lat="45.22602658342398" lon="-75.46907710767341"><ele>91.64321154262872</ele><time>2025-10-04T15:54:29.49800Z</time><extensions><mytracks:speed>0.3820528597940771</mytracks:speed><mytracks:length>0</mytracks:length></extensions></trkpt><trkpt lat="45.22602658342397" lon="-75.4690771076734"><ele>91.64321154262869</ele><time>2025-10-04T15:54:30.49900Z</time><extensions><mytracks:speed>0.3770129170982481</mytracks:speed><mytracks:length>0</mytracks:length></extensions></trkpt><trkpt lat="45.22602658342398" lon="-75.4690771076734"><ele>91.64321154262871</ele><time>2025-10-04T15:54:31.50300Z</time><extensions><mytracks:speed>0.372065180977068</mytracks:speed><mytracks:length>0</mytracks:length></extensions></trkpt><trkpt lat="45.22602658342397" lon="-75.4690771076734"><ele>91.64321154262872</ele><time>2025-10-04T15:54:32.49900Z</time><extensions><mytracks:speed>0.3673296125583767</mytracks:speed><mytracks:length>0</mytracks:length></extensions></trkpt><trkpt lat="45.22602658342398" lon="-75.4690771076734"><ele>91.64321154262871</ele><time>2025-10-04T15:54:33.49500Z</time><extensions><mytracks:speed>0.3626672444550636</mytracks:speed><mytracks:length>0</mytracks:length></extensions></trkpt><trkpt lat="45.22602658342398" lon="-75.46907710767341"><ele>91.64321154262871</ele><time>2025-10-04T15:54:34.49400Z</time><extensions><mytracks:speed>0.3581562331161952</mytracks:speed><mytracks:length>0</mytracks:length></extensions></trkpt><trkpt lat="45.22602658342399" lon="-75.46907710767341"><ele>91.64321154262871</ele><time>2025-10-04T15:54:35.49800Z</time><extensions><mytracks:speed>0.3537079529592476</mytracks:speed><mytracks:length>0</mytracks:length></extensions></trkpt><trkpt lat="45.22602658342398" lon="-75.4690771076734"><ele>91.64321154262871</ele><time>2025-10-04T15:54:36.49800Z</time><extensions><mytracks:speed>0.3493631557675587</mytracks:speed><mytracks:length>0</mytracks:length></extensions></trkpt><trkpt lat="45.22602658342399" lon="-75.4690771076734"><ele>91.64321154262871</ele><time>2025-10-04T15:54:37.49500Z</time><extensions><mytracks:speed>0.3451604685159774</mytracks:speed><mytracks:length>0</mytracks:length></extensions></trkpt><trkpt lat="45.22602658342399" lon="-75.46907710767341"><ele>91.64321154262871</ele><time>2025-10-04T15:54:38.49600Z</time><extensions><mytracks:speed>0.3410654956638423</mytracks:speed><mytracks:length>0</mytracks:length></extensions></trkpt><trkpt lat="45.22602658342398" lon="-75.4690771076734"><ele>91.64321154262871</ele><time>2025-10-04T15:54:39.50200Z</time><extensions><mytracks:speed>0.3369974319443335</mytracks:speed><mytracks:length>0</mytracks:length></extensions></trkpt><trkpt lat="45.22602658342399" lon="-75.4690771076734"><ele>91.64321154262871</ele><time>2025-10-04T15:54:40.50700Z</time><extensions><mytracks:speed>0.3330560675282443</mytracks:speed><mytracks:length>0</mytracks:length></extensions></trkpt><trkpt lat="45.22602658342398" lon="-75.4690771076734"><ele>91.64321154262871</ele><time>2025-10-04T15:54:41.50300Z</time><extensions><mytracks:speed>0.3292373182077943</mytracks:speed><mytracks:length>0</mytracks:length></extensions></trkpt><trkpt lat="45.22602658342398" lon="-75.4690771076734"><ele>91.64321154262871</ele><time>2025-10-04T15:54:42.50100Z</time><extensions><mytracks:speed>0.3254959793516312</mytracks:speed><mytracks:length>0</mytracks:length></extensions></trkpt><trkpt lat="45.22602658342399" lon="-75.4690771076734"><ele>91.64321154262872</ele><time>2025-10-04T15:54:43.50200Z</time><extensions><mytracks:speed>0.3218322881797603</mytracks:speed><mytracks:length>0</mytracks:length></extensions></trkpt><trkpt lat="45.22602658342398" lon="-75.4690771076734"><ele>91.64321154262871</ele><time>2025-10-04T15:54:44.50400Z</time><extensions><mytracks:speed>0.3182432924387317</mytracks:speed><mytracks:length>0</mytracks:length></extensions></trkpt><trkpt lat="45.22602658342398" lon="-75.46907710767341"><ele>91.64321154262872</ele><time>2025-10-04T15:54:45.50400Z</time><extensions><mytracks:speed>0.3147648084755365</mytracks:speed><mytracks:length>0</mytracks:length></extensions></trkpt><trkpt lat="45.22602658342399" lon="-75.4690771076734"><ele>91.64321154262871</ele><time>2025-10-04T15:54:46.50500Z</time><extensions><mytracks:speed>0.311312502076818</mytracks:speed><mytracks:length>0</mytracks:length></extensions></trkpt><trkpt lat="45.22602658342399" lon="-75.46907710767341"><ele>91.64321154262873</ele><time>2025-10-04T15:54:47.50600Z</time><extensions><mytracks:speed>0.3079792692092468</mytracks:speed><mytracks:length>0</mytracks:length></extensions></trkpt><trkpt lat="45.22602658342398" lon="-75.46907710767341"><ele>91.64321154262872</ele><time>2025-10-04T15:54:48.50500Z</time><extensions><mytracks:speed>0.3047025800576897</mytracks:speed><mytracks:length>0</mytracks:length></extensions></trkpt><trkpt lat="45.22602658342397" lon="-75.4690771076734"><ele>91.64321154262869</ele><time>2025-10-04T15:54:49.50200Z</time><extensions><mytracks:speed>0.301498693650994</mytracks:speed><mytracks:length>0</mytracks:length></extensions></trkpt><trkpt lat="45.22602658342397" lon="-75.4690771076734"><ele>91.64321154262869</ele><time>2025-10-04T15:54:50.50000Z</time><extensions><mytracks:speed>0.2983602142030213</mytracks:speed><mytracks:length>0</mytracks:length></extensions></trkpt><trkpt lat="45.22602658342398" lon="-75.4690771076734"><ele>91.64321154262871</ele><time>2025-10-04T15:54:51.50100Z</time><extensions><mytracks:speed>0.2952559023795744</mytracks:speed><mytracks:length>0</mytracks:length></extensions></trkpt><trkpt lat="45.22602658342398" lon="-75.46907710767339"><ele>91.64321154262869</ele><time>2025-10-04T15:54:52.50400Z</time><extensions><mytracks:speed>0.2922320911489961</mytracks:speed><mytracks:length>0</mytracks:length></extensions></trkpt><trkpt lat="45.22602658342397" lon="-75.46907710767339"><ele>91.64321154262869</ele><time>2025-10-04T15:54:53.50500Z</time><extensions><mytracks:speed>0.2892928178776361</mytracks:speed><mytracks:length>0</mytracks:length></extensions></trkpt><trkpt lat="45.22602658342398" lon="-75.4690771076734"><ele>91.64321154262871</ele><time>2025-10-04T15:54:54.50400Z</time><extensions><mytracks:speed>0.2863800480101661</mytracks:speed><mytracks:length>0</mytracks:length></extensions></trkpt><trkpt lat="45.22602658342399" lon="-75.4690771076734"><ele>91.64321154262871</ele><time>2025-10-04T15:54:55.50000Z</time><extensions><mytracks:speed>0.2835507831398884</mytracks:speed><mytracks:length>0</mytracks:length></extensions></trkpt><trkpt lat="45.22602658342398" lon="-75.4690771076734"><ele>91.64321154262871</ele><time>2025-10-04T15:54:56.49200Z</time><extensions><mytracks:speed>0.280790787679027</mytracks:speed><mytracks:length>0</mytracks:length></extensions></trkpt><trkpt lat="45.22602658342398" lon="-75.4690771076734"><ele>91.64321154262872</ele><time>2025-10-04T15:54:57.48200Z</time><extensions><mytracks:speed>0.2780862028913949</mytracks:speed><mytracks:length>0</mytracks:length></extensions></trkpt><trkpt lat="45.22602658342398" lon="-75.4690771076734"><ele>91.64321154262869</ele><time>2025-10-04T15:54:58.48400Z</time><extensions><mytracks:speed>0.275403312382724</mytracks:speed><mytracks:length>0</mytracks:length></extensions></trkpt><trkpt lat="45.22602658342398" lon="-75.46907710767339"><ele>91.64321154262869</ele><time>2025-10-04T15:54:59.49500Z</time><extensions><mytracks:speed>0.2727504176611882</mytracks:speed><mytracks:length>0</mytracks:length></extensions></trkpt><trkpt lat="45.22602658342398" lon="-75.4690771076734"><ele>91.64321154262871</ele><time>2025-10-04T15:55:00.50400Z</time><extensions><mytracks:speed>0.2701488765476268</mytracks:speed><mytracks:length>0</mytracks:length></extensions></trkpt><trkpt lat="45.22602658342398" lon="-75.4690771076734"><ele>91.64321154262869</ele><time>2025-10-04T15:55:01.50500Z</time><extensions><mytracks:speed>0.2676200332717714</mytracks:speed><mytracks:length>0</mytracks:length></extensions></trkpt><trkpt lat="45.22602658342397" lon="-75.4690771076734"><ele>91.64321154262869</ele><time>2025-10-04T15:55:02.50300Z</time><extensions><mytracks:speed>0.2651621074721928</mytracks:speed><mytracks:length>0</mytracks:length></extensions></trkpt><trkpt lat="45.22602520689161" lon="-75.46907687724605"><ele>91.80554218089392</ele><time>2025-10-04T15:55:03.50200Z</time><extensions><mytracks:speed>0.2964093974178365</mytracks:speed><mytracks:gradient>0.9872159218767841</mytracks:gradient><mytracks:length>0.0001342587859314529</mytracks:length></extensions></trkpt><trkpt lat="45.22602341293664" lon="-75.46907480099452"><ele>91.9503624927758</ele><time>2025-10-04T15:55:04.50400Z</time><extensions><mytracks:speed>0.9026938019248887</mytracks:speed><mytracks:gradient>0.5765709281395558</mytracks:gradient><mytracks:length>0.0002511751890598611</mytracks:length></extensions></trkpt><trkpt lat="45.22602098101163" lon="-75.46906910381639"><ele>92.01976815769507</ele><time>2025-10-04T15:55:05.50600Z</time><extensions><mytracks:speed>1.868020986258734</mytracks:speed><mytracks:gradient>0.1334770421167764</mytracks:gradient><mytracks:length>0.000519982041994544</mytracks:length></extensions></trkpt><trkpt lat="45.22601842035503" lon="-75.46906601752173"><ele>92.12941164657636</ele><time>2025-10-04T15:55:06.50400Z</time><extensions><mytracks:speed>1.593817808227889</mytracks:speed><mytracks:gradient>0.2022017587287974</mytracks:gradient><mytracks:length>0.0003676828279895702</mytracks:length></extensions></trkpt><trkpt lat="45.22601694223307" lon="-75.46906330979604"><ele>92.08720282299657</ele><time>2025-10-04T15:55:07.50300Z</time><extensions><mytracks:speed>1.14794816303317</mytracks:speed><mytracks:gradient>0.1058886061593298</mytracks:gradient><mytracks:length>0.0002511751890598611</mytracks:length></extensions></trkpt><trkpt lat="45.22601592736756" lon="-75.46906065250739"><ele>92.0270440353512</ele><time>2025-10-04T15:55:08.50100Z</time><extensions><mytracks:speed>0.9056101029332709</mytracks:speed><mytracks:length>0.0002325430385957901</mytracks:length></extensions></trkpt><trkpt lat="45.226015262994" lon="-75.46906201194813"><ele>91.96282227119012</ele><time>2025-10-04T15:55:09.50000Z</time><extensions><mytracks:speed>0.3827571087987048</mytracks:speed><mytracks:length>0.0001342587859314529</mytracks:length></extensions></trkpt><trkpt lat="45.22601471124602" lon="-75.4690653166748"><ele>91.44480070387918</ele><time>2025-10-04T15:55:10.49300Z</time><extensions><mytracks:speed>0.7074188086113802</mytracks:speed><mytracks:length>0.0002685175718629059</mytracks:length></extensions></trkpt><trkpt lat="45.22601395633101" lon="-75.46906624297509"><ele>91.0351031188615</ele><time>2025-10-04T15:55:11.49300Z</time><extensions><mytracks:speed>0.6641498837168299</mytracks:speed><mytracks:length>9.493529796600342e-05</mytracks:length></extensions></trkpt><trkpt lat="45.22601347094731" lon="-75.46906806379459"><ele>90.72499013180816</ele><time>2025-10-04T15:55:12.49200Z</time><extensions><mytracks:speed>0.4522862832891324</mytracks:speed><mytracks:length>0.0001644327595088082</mytracks:length></extensions></trkpt></trkseg></trk></gpx>

