type,lat,lon,highway_type,destination,destination_ref,ref,name
ramp,43.7555309,-79.3346901,motorway_junction,,,14,
ramp,43.7255298,-79.3305335,motorway_junction,,,10,
ramp,43.7689419,-79.3343753,motorway_junction,,,,
ramp,43.7675254,-79.3343615,motorway_junction,,,,
ramp,43.7666169,-79.3536635,motorway_junction,,,375,
ramp,43.7682983,-79.3273776,motorway_junction,,,375,
ramp,43.7685461,-79.3265949,motorway_junction,,,375,
ramp,43.7678813,-79.3259759,motorway_junction,,,376,
ramp,43.6481414,-79.3605147,motorway_junction,,,155,
ramp,43.6462243,-79.368164,motorway_junction,,,154,
ramp,43.6378351,-79.3993498,motorway_junction,,,153,
ramp,43.6331047,-79.4283169,motorway_junction,,,149,
ramp,43.6341035,-79.4375266,motorway_junction,,,149,
ramp,43.6263761,-79.4858841,motorway_junction,,,146,
ramp,43.6217305,-79.5050659,motorway_junction,,,144,
ramp,43.6203168,-79.5123354,motorway_junction,,,142B,
ramp,43.423404,-80.2773282,motorway_junction,,,286,
ramp,43.4144393,-80.3206292,motorway_junction,,,282,
ramp,43.4143958,-80.3127672,motorway_junction,,,284,
ramp,43.4015471,-80.3794074,motorway_junction,Kitchener / Waterloo,,278B,
ramp,43.7664455,-79.3522707,motorway_junction,,,375,
ramp,43.767786,-79.3363094,motorway_junction,,,,
ramp,43.7686716,-79.3311085,motorway_junction,,,,
ramp,43.4180364,-80.2906082,motorway_junction,,,286,
ramp,43.4320524,-80.2517166,motorway_junction,,,,
ramp,43.4464924,-80.1832434,motorway_junction,,,295,
ramp,43.4508778,-80.1294734,motorway_junction,,,299,
ramp,43.7665063,-79.3458347,motorway_junction,,,,
ramp,43.7663729,-79.3416992,motorway_junction,,,,
ramp,43.7656473,-79.3397386,motorway_junction,,,,
ramp,43.7714029,-79.3391912,motorway_junction,,,,
ramp,43.7695059,-79.339568,motorway_junction,,,,
ramp,43.7832969,-79.3412654,motorway_junction,,,18,
ramp,43.7719041,-79.3390139,motorway_junction,,,17,
ramp,43.7666916,-79.3444496,motorway_junction,,,,
ramp,43.4492464,-80.1696255,motorway_junction,,,295,
ramp,43.6821878,-79.3638748,motorway_junction,,,,
ramp,43.4136636,-80.3363191,motorway_junction,,,282,
ramp,43.4083713,-80.3652047,motorway_junction,,,278,
ramp,43.4050431,-80.3726946,motorway_junction,,,,
ramp,43.4087555,-80.3869436,motorway_junction,,,,
ramp,43.3993543,-80.3833786,motorway_junction,,,278A,
ramp,43.6980999,-79.3405621,motorway_junction,,,7A,
ramp,43.6999946,-79.3381811,motorway_junction,,,7A,
ramp,43.4555892,-80.1193714,motorway_junction,,,299,
ramp,43.4932305,-79.9843,motorway_junction,,,312,
ramp,43.5396629,-79.8679454,motorway_junction,,,324,
ramp,43.5962333,-79.801246,motorway_junction,,,330,
ramp,43.5993501,-79.7934066,motorway_junction,,,333,
ramp,43.6075633,-79.7408805,motorway_junction,,,,
ramp,43.4513988,-80.1782751,motorway_junction,,,,
ramp,43.4528508,-80.1239521,motorway_junction,,,,
ramp,43.4894342,-79.9908173,motorway_junction,,,312,
ramp,43.6273366,-79.6898655,motorway_junction,,,342,
ramp,43.6383154,-79.6607855,motorway_junction,,,346,
ramp,43.6658273,-79.5980062,motorway_junction,,,348,
ramp,43.6328854,-79.559747,motorway_junction,,,,
ramp,43.6371078,-79.5606462,motorway_junction,,,,
ramp,43.6509899,-79.565995,motorway_junction,,,,
ramp,43.6386483,-79.5606859,motorway_junction,,,,
ramp,43.6178567,-79.5524247,motorway_junction,,,,
ramp,43.7237854,-79.3320698,motorway_junction,,,,
ramp,43.7223676,-79.3283958,motorway_junction,,,,
ramp,43.62763,-79.5563667,motorway_junction,,,,
ramp,43.6469486,-79.5637839,motorway_junction,,,,
ramp,43.6668737,-79.572913,motorway_junction,,,,
ramp,43.6744123,-79.5921392,motorway_junction,,,,
ramp,43.6507435,-79.6321359,motorway_junction,,,346,
ramp,43.6461403,-79.6443325,motorway_junction,,,344,
ramp,43.6444498,-79.6678016,motorway_junction,,,,
ramp,43.6761575,-79.7053727,motorway_junction,,,5,
ramp,43.6824419,-79.7080145,motorway_junction,,,7,
ramp,43.6446325,-79.6501259,motorway_junction,,,,
ramp,43.5902088,-79.6558983,motorway_junction,,,117,
ramp,43.5579417,-79.6908625,motorway_junction,,,112,
ramp,43.6403299,-79.6616395,motorway_junction,,,,
ramp,43.6143043,-79.5477123,motorway_junction,,,,
ramp,43.6149038,-79.5446882,motorway_junction,,,139,
ramp,43.61583,-79.5373115,motorway_junction,,,139,
ramp,43.6188136,-79.522799,motorway_junction,,,141,
ramp,43.620036,-79.5169039,motorway_junction,,,142A,
ramp,43.6211196,-79.5109091,motorway_junction,,,142B,
ramp,43.6186159,-79.5209761,motorway_junction,,,141,
ramp,43.6196879,-79.5155094,motorway_junction,,,142A,
ramp,43.6219748,-79.5058764,motorway_junction,,,142 A-B,
ramp,43.6200649,-79.5155228,motorway_junction,,,,
ramp,43.6722771,-79.5805721,motorway_junction,,,,
ramp,43.682378,-79.5948418,motorway_junction,,,,
ramp,43.6933386,-79.6047196,motorway_junction,,,,
ramp,43.7141357,-79.617493,motorway_junction,,,,
ramp,43.7451967,-79.6294191,motorway_junction,,,19,
ramp,43.4927514,-79.9889653,motorway_junction,,,,
ramp,43.454678,-80.1247416,motorway_junction,,,,
ramp,43.7641548,-79.3822128,motorway_junction,,,,
ramp,43.7494865,-79.4147222,motorway_junction,,,,
ramp,43.7336332,-79.4379865,motorway_junction,,,365,
ramp,43.7198732,-79.4936173,motorway_junction,,,,
ramp,43.717781,-79.5060179,motorway_junction,,,,
ramp,43.7143365,-79.5313807,motorway_junction,,,359,
ramp,43.7013406,-79.5608199,motorway_junction,,,,
ramp,43.6948277,-79.5670057,motorway_junction,,,354,
ramp,43.6762788,-79.5781937,motorway_junction,,,351,
ramp,43.6563975,-79.6196209,motorway_junction,,,,
ramp,43.6450148,-79.6459689,motorway_junction,,,344,
ramp,43.7065395,-79.5554067,motorway_junction,,,356,
ramp,43.7211061,-79.4862475,motorway_junction,,,362,
ramp,43.7200825,-79.4940963,motorway_junction,,,,
ramp,43.7174857,-79.5055603,motorway_junction,,,,
ramp,43.7174696,-79.5121465,motorway_junction,,,359,
ramp,43.7120363,-79.5439775,motorway_junction,,,356,
ramp,43.7108465,-79.5480732,motorway_junction,,,355,
ramp,43.7241844,-79.4760296,motorway_junction,,,362,
ramp,43.7265391,-79.4632492,motorway_junction,,,364,
ramp,43.7329342,-79.4406579,motorway_junction,,,,
ramp,43.740339,-79.4258893,motorway_junction,,,367,
ramp,43.7657825,-79.3756139,motorway_junction,,,,
ramp,43.7668744,-79.3551817,motorway_junction,,,373,
ramp,43.8415449,-79.5474463,motorway_junction,,,35,
ramp,43.8533639,-79.5502524,motorway_junction,,,35,
ramp,43.8597609,-79.551533,motorway_junction,,,37,
ramp,43.6339546,-79.4712854,motorway_junction,,,,
ramp,43.8128671,-79.5447068,motorway_junction,,,29,
ramp,43.7253393,-79.5239512,motorway_junction,,,,
ramp,43.8163494,-79.5449515,motorway_junction,,,32,
ramp,43.7908796,-79.3424643,motorway_junction,,,20,
ramp,43.8076942,-79.3461593,motorway_junction,,,22,
ramp,43.4797156,-79.7721722,motorway_junction,,,18,
ramp,43.5192186,-79.7353969,motorway_junction,,,24,
ramp,43.5744319,-79.7945206,motorway_junction,,,31,
ramp,43.5830686,-79.8058178,motorway_junction,,,34A,
ramp,43.6850641,-79.5988763,motorway_junction,,,,
ramp,43.4649293,-79.6802624,motorway_junction,,,118,
ramp,43.6096156,-79.554433,motorway_junction,,,139,
ramp,43.6039485,-79.5606492,motorway_junction,,,138,
ramp,43.7127664,-79.4427137,motorway_junction,,,,
ramp,43.7188825,-79.4455067,motorway_junction,,,,
ramp,43.7248629,-79.4473829,motorway_junction,,,,
ramp,43.7310516,-79.450866,motorway_junction,,,,
ramp,43.7351789,-79.4505722,motorway_junction,,,,
ramp,43.7328081,-79.4503643,motorway_junction,,,,
ramp,43.7268241,-79.4477872,motorway_junction,,,,
ramp,43.7269881,-79.4471402,motorway_junction,,,,
ramp,43.7289269,-79.4465198,motorway_junction,,,,
ramp,43.7281047,-79.4559579,motorway_junction,,,365,
ramp,43.7288995,-79.4517066,motorway_junction,,,,
ramp,43.7334735,-79.4499405,motorway_junction,,,,
ramp,43.7276653,-79.4490768,motorway_junction,,,,
ramp,43.7344056,-79.4371614,motorway_junction,,,365,
ramp,43.7309986,-79.4460239,motorway_junction,,,,
ramp,43.7310281,-79.4467821,motorway_junction,,,,
ramp,43.7316863,-79.4442024,motorway_junction,,,,
ramp,43.7299403,-79.4483477,motorway_junction,,,,
ramp,43.7369408,-79.4507336,motorway_junction,,,,
ramp,43.7411924,-79.4528589,motorway_junction,,,,
ramp,43.7175743,-79.5162277,motorway_junction,,,,
ramp,43.7121733,-79.5106287,motorway_junction,,,20,
ramp,43.7157058,-79.5176013,motorway_junction,,,21B,
ramp,43.7126232,-79.5117974,motorway_junction,,,21A,
ramp,43.7101173,-79.5014991,motorway_junction,,,20,
ramp,43.7690877,-79.5339032,motorway_junction,,,26,
ramp,43.7810118,-79.5440639,motorway_junction,,,,
ramp,43.779968,-79.5516375,motorway_junction,,,66,
ramp,43.7871252,-79.5195486,motorway_junction,,,66,
ramp,43.7856945,-79.5300743,motorway_junction,,,,
ramp,43.7945475,-79.5403192,motorway_junction,,,26,
ramp,43.7834501,-79.5350627,motorway_junction,,,67,
ramp,43.7885009,-79.5139639,motorway_junction,,,67,
ramp,43.8012927,-79.5412672,motorway_junction,,,31,
ramp,43.7961799,-79.5410591,motorway_junction,,,29,
ramp,43.7841319,-79.5374016,motorway_junction,,,29,
ramp,43.7879148,-79.5375062,motorway_junction,,,29,
ramp,43.7784751,-79.5578893,motorway_junction,,,65,
ramp,43.8258674,-79.4609151,motorway_junction,,,75,
ramp,43.8385532,-79.4128807,motorway_junction,,,79,
ramp,43.8365205,-79.3897679,motorway_junction,,,81,
ramp,43.8366264,-79.3849533,motorway_junction,,,83,
ramp,43.842425,-79.3473301,motorway_junction,,,84,
ramp,43.8375521,-79.3998122,motorway_junction,,,79,
ramp,43.8293914,-79.4463894,motorway_junction,,,75,
ramp,43.8440108,-79.3711011,motorway_junction,,,,
ramp,43.83963,-79.3634082,motorway_junction,,,84,
ramp,43.8412344,-79.355482,motorway_junction,,,83,
ramp,43.8411836,-79.3619041,motorway_junction,,,,
ramp,43.837553,-79.3745063,motorway_junction,,,,
ramp,43.8529177,-79.3726355,motorway_junction,,,27,
ramp,43.8337267,-79.3651485,motorway_junction,,,,
ramp,43.8697191,-79.3767543,motorway_junction,,,29,
ramp,43.9062607,-79.3856853,motorway_junction,,,33,
ramp,43.7004095,-79.5700068,motorway_junction,,,,
ramp,43.7306823,-79.6701964,motorway_junction,,,53,
ramp,43.7040289,-79.6810623,motorway_junction,,,50,
ramp,43.6439464,-79.7329061,motorway_junction,,,42,
ramp,43.621108,-79.7579924,motorway_junction,,,39,
ramp,43.5974161,-79.8025356,motorway_junction,,,34,
ramp,43.6151661,-79.7677101,motorway_junction,,,39,
ramp,43.6374584,-79.7412396,motorway_junction,,,42,
ramp,43.6502824,-79.7205865,motorway_junction,,,44,
ramp,43.5926564,-79.8087104,motorway_junction,,,34B,
ramp,43.5684169,-79.7857374,motorway_junction,,,31,
ramp,43.7056854,-79.5582636,motorway_junction,,,,
ramp,43.6983226,-79.5793446,motorway_junction,,,,
ramp,43.6973891,-79.6035518,motorway_junction,,,,
ramp,43.69678,-79.5981937,motorway_junction,,,,
ramp,43.6945783,-79.6109244,motorway_junction,,,,
ramp,43.6932225,-79.6108118,motorway_junction,,,,
ramp,43.6899356,-79.6123458,motorway_junction,,,,
ramp,43.6861135,-79.6138268,motorway_junction,,,,
ramp,43.7029724,-79.6115969,motorway_junction,,,,
ramp,43.6918253,-79.6123606,motorway_junction,,,,
ramp,43.700519,-79.6106346,motorway_junction,,,,
ramp,43.6990766,-79.6099298,motorway_junction,,,,
ramp,43.6930453,-79.6117083,motorway_junction,,,,
ramp,43.6836338,-79.6149074,motorway_junction,,,,
ramp,43.6856059,-79.6099174,motorway_junction,,,,
ramp,43.6868306,-79.6151617,motorway_junction,,,,
ramp,43.6848874,-79.6065619,motorway_junction,,,,
ramp,43.6344349,-79.6718878,motorway_junction,,,344,
ramp,43.6361597,-79.6667486,motorway_junction,,,,
ramp,43.6336291,-79.6525165,motorway_junction,,,,
ramp,43.7506768,-79.4120702,motorway_junction,,,369,
ramp,43.7521888,-79.4093586,motorway_junction,,,,
ramp,43.7554634,-79.4071099,motorway_junction,,,,
ramp,43.7578306,-79.4020481,motorway_junction,,,369,
ramp,43.7586985,-79.6151139,motorway_junction,,,58,
ramp,43.7518653,-79.6384784,motorway_junction,,,,
ramp,43.7479625,-79.6434925,motorway_junction,,,58,
ramp,43.7583974,-79.632535,motorway_junction,,,19A,
ramp,43.7572736,-79.6232319,motorway_junction,,,,
ramp,43.7541715,-79.6329104,motorway_junction,,,59,
ramp,43.6735414,-79.5723847,motorway_junction,,,,
ramp,43.6828451,-79.5748045,motorway_junction,,,352,
ramp,43.655629,-79.5677458,motorway_junction,,,,
ramp,43.6672156,-79.5727405,motorway_junction,,,,
ramp,43.6698343,-79.5732649,motorway_junction,,,,
ramp,43.6650678,-79.5729316,motorway_junction,,,,
ramp,43.6726897,-79.5734981,motorway_junction,,,,
ramp,43.6738603,-79.5712021,motorway_junction,,,,
ramp,43.6394815,-79.3874545,motorway_junction,,,154,
ramp,43.6347321,-79.4707586,motorway_junction,,,145,
ramp,43.7472146,-79.4161739,motorway_junction,,,,
ramp,43.744646,-79.4202624,motorway_junction,,,367,
ramp,43.7616763,-79.3927643,motorway_junction,,,371,
ramp,43.7649555,-79.3804463,motorway_junction,,,371,
ramp,43.6189889,-79.6323496,motorway_junction,,,,
ramp,43.6230719,-79.6391013,motorway_junction,,,121,
ramp,43.6254975,-79.6424082,motorway_junction,,,122,
ramp,43.6207307,-79.6384915,motorway_junction,,,,
ramp,43.6231064,-79.6380117,motorway_junction,,,,
ramp,43.6098217,-79.6345705,motorway_junction,,,121,
ramp,43.6046124,-79.6405435,motorway_junction,,,119,
ramp,43.5967657,-79.6484342,motorway_junction,,,119,
ramp,43.5798692,-79.6664979,motorway_junction,,,117,
ramp,43.5481081,-79.7040848,motorway_junction,,,111,
ramp,43.541266,-79.7121213,motorway_junction,,,109A,
ramp,43.5324773,-79.7219419,motorway_junction,,,109B,
ramp,43.5500917,-79.7012125,motorway_junction,,,112,
ramp,43.5241807,-79.7177183,motorway_junction,,,109,
ramp,43.5283312,-79.7257809,motorway_junction,,,,
ramp,43.5277191,-79.7252192,motorway_junction,,,,
ramp,43.5211985,-79.732662,motorway_junction,,,,
ramp,43.4867416,-79.6725302,motorway_junction,,,123,
ramp,43.5088387,-79.6877077,motorway_junction,,,106,
ramp,43.5832925,-79.6622958,motorway_junction,,,,
ramp,43.5390363,-79.7142484,motorway_junction,,,111,
ramp,43.8316847,-79.4357774,motorway_junction,,,77,
ramp,43.7030534,-79.7345596,motorway_junction,,,10,
ramp,43.7080065,-79.742024,motorway_junction,,,10,
ramp,43.7534126,-79.6314725,motorway_junction,,,19B,
ramp,43.6498197,-79.5646668,motorway_junction,,,,
ramp,43.6185834,-79.5531761,motorway_junction,,,,
ramp,43.6145552,-79.5492149,motorway_junction,,,,
ramp,43.6320364,-79.5574937,motorway_junction,,,,
ramp,43.611014,-79.5486041,motorway_junction,,,,
ramp,43.4629861,-79.6843502,motorway_junction,,,,
ramp,43.8643443,-79.3749221,motorway_junction,,,29,
ramp,43.8781917,-79.3783141,motorway_junction,,,31,
ramp,43.8895584,-79.3815677,motorway_junction,,,31,
ramp,43.8956274,-79.3826332,motorway_junction,,,33,
ramp,43.4581835,-79.6868723,motorway_junction,,,118,
ramp,43.398834,-79.7530121,motorway_junction,,,109,
ramp,43.6614931,-79.7071507,motorway_junction,,,46,
ramp,43.6642409,-79.7032664,motorway_junction,,,,
ramp,43.6747933,-79.6966347,motorway_junction,,,,
ramp,43.6626448,-79.6914569,motorway_junction,,,5,
ramp,43.4203336,-79.7289968,motorway_junction,,,113,
ramp,43.7498021,-79.5293583,motorway_junction,,,25,
ramp,43.7551531,-79.5328128,motorway_junction,,,,
ramp,43.6249587,-79.5549513,motorway_junction,,,,
ramp,43.6488884,-79.5653953,motorway_junction,,,,
ramp,43.6395218,-79.387793,motorway_junction,,,153,
ramp,43.6454458,-79.3727687,motorway_junction,,,,
ramp,43.7273171,-79.456407,motorway_junction,,,,
ramp,43.6574076,-79.7122198,motorway_junction,,,44,
ramp,43.7117488,-79.5414247,motorway_junction,,,357,
ramp,43.711694,-79.5433853,motorway_junction,,,355,
ramp,43.7106061,-79.55014,motorway_junction,,,,
ramp,43.7111231,-79.5539404,motorway_junction,,,,
ramp,43.6515324,-79.5653372,motorway_junction,,,,
ramp,43.5816294,-79.8171573,motorway_junction,,,330A,
ramp,43.5896911,-79.8084931,motorway_junction,,,330B,
ramp,43.7603883,-79.6082225,motorway_junction,,,59,
ramp,43.693337,-79.5690394,motorway_junction,,,,
ramp,43.6884178,-79.5712036,motorway_junction,,,354,
ramp,43.6968492,-79.5887643,motorway_junction,,,,
ramp,43.6968584,-79.5921788,motorway_junction,,,,
ramp,43.6916679,-79.611502,motorway_junction,,,,
ramp,43.6855451,-79.6001807,motorway_junction,,,,
ramp,43.7209844,-79.6749886,motorway_junction,,,53,
ramp,43.7385132,-79.6572577,motorway_junction,,,54,
ramp,43.7905497,-79.5044021,motorway_junction,,,69,
ramp,43.7789068,-79.3411888,motorway_junction,,,,
ramp,43.7764597,-79.3376979,motorway_junction,,,,
ramp,43.7238717,-79.4470136,motorway_junction,,,,
ramp,43.7294095,-79.7684038,motorway_junction,,,13,
ramp,43.7267097,-79.4592913,motorway_junction,,,,
ramp,43.7148503,-79.5307636,motorway_junction,,,357,
ramp,43.5297716,-79.9060415,motorway_junction,,,,
ramp,43.4401611,-79.7930688,motorway_junction,,,13,
ramp,43.4505792,-79.7877757,motorway_junction,,,13,
ramp,43.4185216,-79.8167841,motorway_junction,,,9,
ramp,43.4111631,-79.824929,motorway_junction,,,9,
ramp,43.5305613,-79.9000583,motorway_junction,,,320,
ramp,43.4514392,-79.6950876,motorway_junction,,,116,
ramp,43.5024855,-79.6785696,motorway_junction,,,104,
ramp,43.5517106,-79.6150284,motorway_junction,,,130,
ramp,43.4137465,-79.7368289,motorway_junction,,,111,
ramp,43.6782089,-79.6944862,motorway_junction,,,46,
ramp,43.7178587,-79.6181982,motorway_junction,,,,
ramp,43.7229742,-79.622942,motorway_junction,,,,
ramp,43.7391976,-79.6285591,motorway_junction,,,17,
ramp,43.7296798,-79.6261265,motorway_junction,,,17,
ramp,43.640523,-79.5616419,motorway_junction,,,,
ramp,43.6399644,-79.5605353,motorway_junction,,,4,
ramp,43.6575981,-79.6847567,motorway_junction,,,3,
ramp,43.6676388,-79.6988598,motorway_junction,,,3;2,
ramp,43.6627319,-79.6939153,motorway_junction,,,,
ramp,43.5287654,-79.643115,motorway_junction,,,126,
ramp,43.5207245,-79.6515533,motorway_junction,,,126,
ramp,43.468032,-79.6763385,motorway_junction,,,119,
ramp,43.4032092,-80.3797582,motorway_junction,,,,
ramp,43.8436291,-79.3373563,motorway_junction,,,86,
ramp,43.8468876,-79.3230009,motorway_junction,,,86,
ramp,43.7225958,-79.7610679,motorway_junction,,,13,
ramp,43.7431945,-79.7843041,motorway_junction,,,15,
ramp,43.7352376,-79.7742214,motorway_junction,,,15,
ramp,43.7131078,-79.7483257,motorway_junction,,,12,
ramp,43.7177216,-79.7551447,motorway_junction,,,12,
ramp,43.6995177,-79.7297588,motorway_junction,,,9,
ramp,43.6883089,-79.7154122,motorway_junction,,,7,
ramp,43.5151617,-79.6993147,motorway_junction,,,106,
ramp,43.6557228,-79.6196056,motorway_junction,,,,
ramp,43.662506,-79.6081362,motorway_junction,,,,
ramp,43.5550743,-79.7676039,motorway_junction,,,28,
ramp,43.5060912,-79.6675189,motorway_junction,,,124,
ramp,43.5133783,-79.6600149,motorway_junction,,,124,
ramp,43.5491645,-79.758891,motorway_junction,,,28,
ramp,43.5336657,-79.7365357,motorway_junction,,,24,
ramp,43.5811072,-79.5856401,motorway_junction,,,134,
ramp,43.586011,-79.5805825,motorway_junction,,,134,
ramp,43.5649251,-79.6032352,motorway_junction,,,132,
ramp,43.7525709,-79.7917582,motorway_junction,,,18,
ramp,43.7551433,-79.807374,motorway_junction,,,18,
ramp,43.4275208,-79.7216581,motorway_junction,,,113,
ramp,43.7423649,-79.8367464,motorway_junction,,,21,
ramp,43.743937,-79.8262886,motorway_junction,,,21,
ramp,43.7404844,-79.8327581,motorway_junction,,,,
ramp,43.4895881,-79.7610665,motorway_junction,,,18,
ramp,43.443574,-79.7031652,motorway_junction,,,116,
ramp,43.7151205,-79.5278601,motorway_junction,,,359,
ramp,43.6931015,-79.6106263,motorway_junction,,,,
ramp,43.6854069,-79.6074381,motorway_junction,,,,
ramp,43.6858272,-79.6039134,motorway_junction,,,,
ramp,43.481514,-79.6724825,motorway_junction,,,123,
ramp,43.5715152,-79.5965313,motorway_junction,,,132,
ramp,43.6426375,-79.5616508,motorway_junction,,,,
ramp,43.8376173,-79.4208171,motorway_junction,,,77,
ramp,43.4224967,-79.8119271,motorway_junction,,,,
ramp,43.6508101,-79.5662409,motorway_junction,,,,
ramp,43.5047811,-79.7525183,motorway_junction,,,21,
ramp,43.7716325,-79.5758099,motorway_junction,,,63,
ramp,43.7769469,-79.5636375,motorway_junction,,,63,
ramp,43.833177,-79.546932,motorway_junction,,,33,
ramp,43.4104734,-80.3913231,motorway_junction,,,A,
ramp,43.4104775,-80.3920971,motorway_junction,,,,
ramp,43.4366789,-79.7114007,motorway_junction,,,,
ramp,43.4321608,-79.7159175,motorway_junction,,,,
ramp,43.6972221,-79.6076898,motorway_junction,,,,
ramp,43.6303493,-79.647215,motorway_junction,,,,
ramp,43.7594594,-79.53204,motorway_junction,,,25,
ramp,43.4865795,-80.207352,motorway_junction,,,,
ramp,43.6825561,-79.6925985,motorway_junction,,,48,
ramp,43.6925547,-79.6885052,motorway_junction,,,48,
ramp,43.6008506,-79.5644642,motorway_junction,,,136,
ramp,43.7061881,-79.5560452,motorway_junction,,,,
ramp,43.4099027,-79.7402002,motorway_junction,,,111,
ramp,43.5127744,-79.7433601,motorway_junction,,,21,
ramp,43.6170351,-79.529863,motorway_junction,,,,
ramp,43.7232764,-79.3321453,motorway_junction,,,,
ramp,43.7735156,-79.3395646,motorway_junction,,,,
ramp,43.7230565,-79.3283633,motorway_junction,,,,
ramp,43.7289838,-79.4491297,motorway_junction,,,,
ramp,43.7359125,-79.4345649,motorway_junction,,,366,
ramp,43.714794,-79.5283086,motorway_junction,,,359,
ramp,43.6224869,-79.6341663,motorway_junction,,,,
ramp,43.6341979,-79.6513871,motorway_junction,,,,
ramp,43.5504698,-79.6164916,motorway_junction,,,130,
ramp,43.6333134,-79.6769502,motorway_junction,,,,
ramp,43.6349419,-79.6729306,motorway_junction,,,342,
ramp,43.6672367,-79.5940344,motorway_junction,,,,
ramp,43.6279923,-79.5548059,motorway_junction,,,,
ramp,43.6421672,-79.3797671,motorway_junction,,,155,
ramp,43.7367686,-79.3319634,motorway_junction,,,12A,
ramp,43.8293668,-79.3642642,motorway_junction,,,26,
ramp,43.6358414,-79.669415,motorway_junction,,,342,
ramp,43.7584741,-79.3338138,motorway_junction,,,,
ramp,43.7643346,-79.3367429,motorway_junction,,,,
ramp,43.7626328,-79.3366445,motorway_junction,,,,
ramp,43.8482159,-79.3714357,motorway_junction,,,26,
ramp,43.8402703,-79.3684616,motorway_junction,,,27,
ramp,43.7813256,-79.3407965,motorway_junction,,,,
ramp,43.8158958,-79.358077,motorway_junction,,,22,
ramp,43.7757536,-79.3394044,motorway_junction,,,18,
ramp,43.7372537,-79.3322348,motorway_junction,,,12A,
ramp,43.7082113,-79.614465,motorway_junction,,,,
ramp,43.7198403,-79.5214875,motorway_junction,,,,
ramp,43.8797048,-79.5564823,motorway_junction,,,,
ramp,43.7656858,-79.3704472,motorway_junction,,,373,
ramp,43.4496664,-79.6972764,motorway_junction,,,117,
ramp,43.6865215,-79.6121741,motorway_junction,,,,
ramp,43.7951283,-79.4902572,motorway_junction,,,69,
ramp,43.8107802,-79.4796711,motorway_junction,,,73,
ramp,43.8223526,-79.4712146,motorway_junction,,,73,
ramp,43.7579808,-79.3357683,motorway_junction,,,14,
ramp,43.7413302,-79.3322728,motorway_junction,,,12B,
ramp,43.7406403,-79.3320843,motorway_junction,,,12B,
ramp,43.7206179,-79.3291998,motorway_junction,,,10,
ramp,43.7292606,-79.3307278,motorway_junction,,,11,
ramp,43.7006454,-79.3366031,motorway_junction,,,7B,
ramp,43.7017936,-79.3341355,motorway_junction,,,7B,
ramp,43.6791396,-79.3674251,motorway_junction,,,,
ramp,43.6784024,-79.3685698,motorway_junction,,,,
ramp,43.6763604,-79.5925298,motorway_junction,,,,
ramp,43.695695,-79.6093154,motorway_junction,,,,
ramp,43.6661701,-79.6949126,motorway_junction,,,,
ramp,43.8899534,-79.5587457,motorway_junction,,,,
ramp,43.6535571,-79.3491808,motorway_junction,,,,
ramp,43.6602964,-79.354674,motorway_junction,,,1,
ramp,43.6831643,-79.3619059,motorway_junction,,,3,
ramp,43.6694384,-79.5888091,motorway_junction,,,350,
ramp,43.6741092,-79.5685682,motorway_junction,,,,
ramp,43.4935828,-80.2174583,motorway_junction,,,,
ramp,43.6033133,-79.7515878,motorway_junction,,,336,
ramp,43.6273662,-79.6909409,motorway_junction,,,,
ramp,43.6356481,-79.4691291,motorway_junction,,,146,
ramp,43.7992995,-79.3447591,motorway_junction,,,20,
ramp,43.6280979,-79.6857933,motorway_junction,,,,
ramp,43.4362057,-79.7967222,motorway_junction,,,,
ramp,43.6094699,-79.5483918,motorway_junction,,,,
ramp,43.7656861,-79.6331365,motorway_junction,,,21,
ramp,43.6844717,-79.6056142,motorway_junction,,,,
ramp,43.6224595,-79.7039265,motorway_junction,,,340,
ramp,43.86542,-79.5531241,motorway_junction,,,37,
ramp,43.8213157,-79.6563559,motorway_junction,,,,
ramp,43.5038218,-79.6704517,motorway_junction,,,123,
ramp,43.6491579,-79.6732199,motorway_junction,,,2,
ramp,43.6841146,-79.3616299,motorway_junction,,,3,
ramp,43.6184697,-79.7123848,motorway_junction,,,340,
ramp,43.6967463,-79.6084706,motorway_junction,,,,
ramp,43.82276,-79.545661,motorway_junction,,,33,
ramp,43.8019992,-79.6407402,motorway_junction,,,25,
ramp,43.8111495,-79.6508945,motorway_junction,,,25,
ramp,43.7957472,-79.6390386,motorway_junction,,,23,
ramp,43.7848557,-79.6365406,motorway_junction,,,23,
ramp,43.7751662,-79.6351139,motorway_junction,,,21,
ramp,43.5463634,-79.8575353,motorway_junction,,,324,
ramp,43.5481787,-79.8547511,motorway_junction,,,,
ramp,43.5875236,-79.8112679,motorway_junction,,,,
ramp,43.6081219,-79.740749,motorway_junction,,,336,
ramp,43.5666597,-79.8339292,motorway_junction,,,328,
ramp,43.5750666,-79.8255475,motorway_junction,,,328,
ramp,43.7740326,-79.535135,motorway_junction,,,27,
ramp,43.6010966,-79.7815498,motorway_junction,,,333,
ramp,43.656447,-79.6842403,motorway_junction,,,2,
ramp,43.5262508,-79.9105305,motorway_junction,,,320,
ramp,43.6137731,-79.7243265,motorway_junction,,,,
ramp,43.6169132,-79.8138014,motorway_junction,,,,
ramp,43.5897586,-79.8142576,motorway_junction,,,,
ramp,43.5895824,-79.8144099,motorway_junction,,,,
ramp,43.6196215,-79.8156566,motorway_junction,,,,
ramp,43.6195127,-79.8121117,motorway_junction,,,,
ramp,43.6217504,-79.8126688,motorway_junction,,,,
ramp,43.6202648,-79.816467,motorway_junction,,,,
ramp,43.6235149,-79.8147854,motorway_junction,,,,
ramp,43.6182549,-79.8109037,motorway_junction,,,,
ramp,43.6233164,-79.8124797,motorway_junction,,,,
ramp,43.620902,-79.8175526,motorway_junction,,,,
ramp,43.6174622,-79.8159053,motorway_junction,,,,
ramp,43.6335956,-79.835151,motorway_junction,,,,
ramp,43.6330461,-79.8348076,motorway_junction,,,,
ramp,43.6334627,-79.8338205,motorway_junction,,,,
ramp,43.6896995,-79.8729136,motorway_junction,,,,
ramp,43.6887321,-79.8735082,motorway_junction,,,,
ramp,43.6893294,-79.8749992,motorway_junction,,,,
ramp,43.6891175,-79.8708004,motorway_junction,,,,
ramp,43.6878999,-79.8740108,motorway_junction,,,,
ramp,43.6886673,-79.8705471,motorway_junction,,,,
ramp,43.6900509,-79.8722738,motorway_junction,,,,
ramp,43.6901587,-79.8763803,motorway_junction,,,,
ramp,43.6336564,-79.8350539,motorway_junction,,,,
ramp,43.4236662,-80.2842941,motorway_link,London,401 West,,
ramp,43.4143958,-80.3127672,motorway_link,,36,,
ramp,43.7675254,-79.3343615,motorway_link,,401 East,,
ramp,43.7675254,-79.3343615,motorway_link,,,,
ramp,43.7626328,-79.3366445,motorway_link,,401 West;401 East,,
ramp,43.7685461,-79.3265949,motorway_link,Newmarket,404,,
ramp,43.7686716,-79.3311085,motorway_link,Newmarket,404 North;404 Nord,,
ramp,43.7686716,-79.3311085,motorway_link,,,,
ramp,43.7682602,-79.3386278,motorway_link,Downtown,DVP South,,
ramp,43.7688768,-79.319792,motorway_link,,401 West,,
ramp,43.7687015,-79.3140412,motorway_link,,,,
ramp,43.7678813,-79.3259759,motorway_link,,,,
ramp,43.4180364,-80.2906082,motorway_link,,33,,
ramp,43.423404,-80.2773282,motorway_link,,33,,
ramp,43.4185003,-80.282164,motorway_link,Toronto,401 East,,
ramp,43.7665063,-79.3458347,motorway_link,,,,
ramp,43.7664455,-79.3522707,motorway_link,Newmarket,404,,
ramp,43.7666169,-79.3536635,motorway_link,Newmarket,404,,
ramp,43.7669802,-79.3441885,motorway_link,Newmarket,404,,
ramp,43.7663729,-79.3416992,motorway_link,,,,
ramp,43.7663729,-79.3416992,motorway_link,Newmarket,404,,
ramp,43.7656509,-79.3403819,motorway_link,,,,
ramp,43.7665063,-79.3458347,motorway_link,Newmarket,404,,
ramp,43.7656473,-79.3397386,motorway_link,Newmarket,404,,
ramp,43.7657355,-79.340139,motorway_link,Newmarket,404,,
ramp,43.7656473,-79.3397386,motorway_link,,,,
ramp,43.7668989,-79.3373326,motorway_link,,,,
ramp,43.7676808,-79.3405818,motorway_link,,401 West,,
ramp,43.7735156,-79.3395646,motorway_link,,401 West;401 Ouest,,
ramp,43.7735156,-79.3395646,motorway_link,,401 East;401 Est,,
ramp,43.7667031,-79.3387036,motorway_link,,401 East,,
ramp,43.7757536,-79.3394044,motorway_link,,,,
ramp,43.7714029,-79.3391912,motorway_link,,,,
ramp,43.7697697,-79.3391184,motorway_link,,DVP,,
ramp,43.7813256,-79.3407965,motorway_link,,401,,
ramp,43.7643346,-79.3367429,motorway_link,,401 West,,
ramp,43.7668998,-79.3368906,motorway_link,,401 West,,
ramp,43.7683374,-79.336424,motorway_link,,401 West,,
ramp,43.768335,-79.3324498,motorway_link,Newmarket,404,,
ramp,43.7682983,-79.3273776,motorway_link,Newmarket,404,,
ramp,43.7689448,-79.3383924,motorway_link,Downtown,DVP South,,
ramp,43.767786,-79.3363094,motorway_link,,,,
ramp,43.4492464,-80.1696255,motorway_link,Guelph,6 North,,
ramp,43.4155966,-80.3278235,motorway_link,Brantford,24,,
ramp,43.4144393,-80.3206292,motorway_link,South Brantford,24,,
ramp,43.4149917,-80.3278406,motorway_link,London,401 West,,
ramp,43.4111173,-80.3281766,motorway_link,Toronto,401 East,,
ramp,43.4132977,-80.3280422,motorway_link,Toronto,401 East,,
ramp,43.7643346,-79.3367429,motorway_link,Victoria Park Avenue;Warden Avenue,401 East,,
ramp,43.7695059,-79.339568,motorway_link,Leslie Street;Bayview Avenue;Yonge Street,,,
ramp,43.6821878,-79.3638748,motorway_link,,,,
ramp,43.4164452,-80.3279562,motorway_link,London,401,,
ramp,43.4136636,-80.3363191,motorway_link,Brantford,24;24 South,,
ramp,43.4127638,-80.3280796,motorway_link,,24;24 North,,
ramp,43.4010302,-80.3774732,motorway_link,Toronto,401 East,,
ramp,43.4016061,-80.376855,motorway_link,Toronto,401 East,,
ramp,43.4083713,-80.3652047,motorway_link,Kitchener;Waterloo;Cambridge,8;8,,
ramp,43.4150202,-80.4049797,motorway_link,Kitchener;Waterloo,8 West,,
ramp,43.4007327,-80.3766617,motorway_link,Toronto,401 East,,
ramp,43.4050431,-80.3726946,motorway_link,Cambridge;Kitchener;Waterloo,8,,
ramp,43.3993543,-80.3833786,motorway_link,Cambridge,8,,
ramp,43.4015471,-80.3794074,motorway_link,Kitchener;Waterloo,8,,
ramp,43.4031401,-80.3821878,motorway_link,London,401 West,,
ramp,43.4087555,-80.3869436,motorway_link,,38,,
ramp,43.4117938,-80.3906669,motorway_link,Kitchener;Waterloo,8 West,,
ramp,43.4107604,-80.3918961,motorway_link,,38,,
ramp,43.6331047,-79.4283169,motorway_link,,,,
ramp,43.4513988,-80.1782751,motorway_link,Kitchener;Cambridge;London,401 West,,
ramp,43.4513988,-80.1782751,motorway_link,Hamilton;Toronto,6;401 East,,
ramp,43.4474764,-80.1767642,motorway_link,Hamilton;Milton;Toronto,401 East;6 South,,
ramp,43.4464924,-80.1832434,motorway_link,Guelph,6 North,,
ramp,43.4520273,-80.123788,motorway_link,Toronto,401 East,,
ramp,43.4508778,-80.1294734,motorway_link,Guelph;Hamilton,6 South;46,,
ramp,43.4539324,-80.1255802,motorway_link,London;Guelph,401 West;6 North,,
ramp,43.4894342,-79.9908173,motorway_link,Campbellville;Burlington,1,,
ramp,43.5276234,-79.9051357,motorway_link,,401,,
ramp,43.5416421,-79.8624123,motorway_link,Toronto,401 East,,
ramp,43.5396629,-79.8679454,motorway_link,,4,,
ramp,43.6000036,-79.7877955,motorway_link,Toronto,401 East;401 Est,,
ramp,43.6050596,-79.7456858,motorway_link,Toronto,401 East;401 Est,,
ramp,43.6201224,-79.7075282,motorway_link,Toronto,401 East,,
ramp,43.6184697,-79.7123848,motorway_link,,,,
ramp,43.6292838,-79.6840741,motorway_link,Toronto,401 West,,
ramp,43.6383154,-79.6607855,motorway_link,,4,,
ramp,43.6677052,-79.5905626,motorway_link,,427 South;427 Sud,,
ramp,43.647612,-79.6376565,motorway_link,Toronto,,,
ramp,43.7221573,-79.3331602,motorway_link,,,,
ramp,43.7237854,-79.3320698,motorway_link,,,,
ramp,43.7237854,-79.3320698,motorway_link,,,,
ramp,43.7206179,-79.3291998,motorway_link,,,,
ramp,43.7223676,-79.3283958,motorway_link,,,,
ramp,43.7223676,-79.3283958,motorway_link,Eglinton Avenue Westbound,,,
ramp,43.7239734,-79.3275483,motorway_link,,,,
ramp,43.7292606,-79.3307278,motorway_link,,,,
ramp,43.6722771,-79.5805721,motorway_link,,401 West;401 Ouest,,
ramp,43.6716815,-79.5839931,motorway_link,,401 West,,
ramp,43.6695948,-79.5917006,motorway_link,,401 West,,
ramp,43.7543381,-79.8013808,motorway_link,,410 South;410 Sud,,
ramp,43.6403299,-79.6616395,motorway_link,,,,
ramp,43.6461403,-79.6443325,motorway_link,Hamilton;Brampton,403;410,,
ramp,43.6446325,-79.6501259,motorway_link,Hamilton,403 West,,
ramp,43.6361953,-79.6554675,motorway_link,Hamilton,,,
ramp,43.6400019,-79.6618007,motorway_link,,,,
ramp,43.6444498,-79.6678016,motorway_link,Hamilton,403 West,,
ramp,43.6350351,-79.6552154,motorway_link,,403 West,,
ramp,43.6444498,-79.6678016,motorway_link,London,401,,
ramp,43.641938,-79.6652633,motorway_link,London,401 West,,
ramp,43.641938,-79.6652633,motorway_link,Toronto,401 East,,
ramp,43.6407264,-79.6642261,motorway_link,,,,
ramp,43.6149038,-79.5446882,motorway_link,,,,
ramp,43.6149038,-79.5446882,motorway_link,Pearson Airport,427,,
ramp,43.6146572,-79.5480897,motorway_link,,,,
ramp,43.7656861,-79.6331365,motorway_link,,7,,
ramp,43.7700788,-79.6346952,motorway_link,,427 South,,
ramp,43.7342258,-79.6272167,motorway_link,,427 South;427 Sud,,
ramp,43.6507435,-79.6321359,motorway_link,Dixie Road,4,,
ramp,43.6498914,-79.6400889,motorway_link,London,401 West,,
ramp,43.6474371,-79.6411416,motorway_link,,401 West Collector,,
ramp,43.6349419,-79.6729306,motorway_link,,,,
ramp,43.6324385,-79.6879087,motorway_link,London,401 West;401 Ouest,,
ramp,43.6220802,-79.7066927,motorway_link,,,,
ramp,43.6229637,-79.7110278,motorway_link,London,401 West,,
ramp,43.5436563,-79.8632357,motorway_link,,4,,
ramp,43.5309757,-79.9092477,motorway_link,London,401 West,,
ramp,43.4932305,-79.9843,motorway_link,Campbellville;Burlington,1,,
ramp,43.4927514,-79.9889653,motorway_link,Brookville;Rockwood,1 North,,
ramp,43.4927514,-79.9889653,motorway_link,Campbellville;Burlington,1 South,,
ramp,43.4931427,-79.9908128,motorway_link,London,401 West,,
ramp,43.4555892,-80.1193714,motorway_link,Hamilton;Guelph,6 South;46,,
ramp,43.454678,-80.1247416,motorway_link,Hamilton,,,
ramp,43.454678,-80.1247416,motorway_link,Aberfoyle;Guelph,46,,
ramp,43.4320524,-80.2517166,motorway_link,ONroute Cambridge,,,
ramp,43.4342713,-80.2440065,motorway_link,,,,
ramp,43.6390772,-79.6589125,motorway_link,,,,
ramp,43.6038183,-79.7435575,motorway_link,Toronto,401 East;401 Est,,
ramp,43.5983175,-79.7852718,motorway_link,Toronto,401 East;401 Est,,
ramp,43.4894799,-79.9854077,motorway_link,Toronto,401 East,,
ramp,43.6339546,-79.4712854,motorway_link,,,,
ramp,43.6263761,-79.4858841,motorway_link,,,,
ramp,43.7931163,-79.4975451,motorway_link,,407 ETR West,,
ramp,43.79523,-79.3431066,motorway_link,,404 South,,
ramp,43.7683151,-79.3196502,motorway_link,,401 West,,
ramp,43.7908796,-79.3424643,motorway_link,,,,
ramp,43.7942244,-79.347962,motorway_link,,404 South,,
ramp,43.8076942,-79.3461593,motorway_link,Steeles Avenue,8,,
ramp,43.5962333,-79.801246,motorway_link,,407 ETR West,,
ramp,43.682378,-79.5948418,motorway_link,Dixon Road;Airport Road,,,
ramp,43.6458843,-79.3699474,motorway_link,,,,
ramp,43.7127664,-79.4427137,motorway_link,,,,
ramp,43.7188825,-79.4455067,motorway_link,,,,
ramp,43.7157481,-79.4458456,motorway_link,,,,
ramp,43.7163545,-79.4433699,motorway_link,,,,
ramp,43.7248629,-79.4473829,motorway_link,,401,,
ramp,43.7310516,-79.450866,motorway_link,,401 West,,
ramp,43.7351789,-79.4505722,motorway_link,,401,,
ramp,43.7328081,-79.4503643,motorway_link,,401 East,,
ramp,43.7268241,-79.4477872,motorway_link,,401 East,,
ramp,43.7289269,-79.4465198,motorway_link,,401 East,,
ramp,43.7281047,-79.4559579,motorway_link,,,,
ramp,43.7334735,-79.4499405,motorway_link,,,,
ramp,43.7344056,-79.4371614,motorway_link,,,,
ramp,43.7309986,-79.4460239,motorway_link,,,,
ramp,43.7288995,-79.4517066,motorway_link,,,,
ramp,43.7269881,-79.4471402,motorway_link,,401 West,,
ramp,43.7310281,-79.4467821,motorway_link,,,,
ramp,43.7316863,-79.4442024,motorway_link,Allen Road North,,,
ramp,43.7336332,-79.4379865,motorway_link,,,,
ramp,43.7299403,-79.4483477,motorway_link,,,,
ramp,43.7284556,-79.4579153,motorway_link,,401 West,,
ramp,43.7398627,-79.4538934,motorway_link,Allen Road South,,,
ramp,43.7369408,-79.4507336,motorway_link,Wilson Heights Boulevard,,,
ramp,43.7200825,-79.4940963,motorway_link,Express,,,
ramp,43.7198732,-79.4936173,motorway_link,Barrie;Black Creek Drive;Weston Road,400,,
ramp,43.717781,-79.5060179,motorway_link,,,,
ramp,43.7174857,-79.5055603,motorway_link,Express,,,
ramp,43.7174696,-79.5121465,motorway_link,Barrie,400 North,,
ramp,43.7175743,-79.5162277,motorway_link,Black Creek Drive,,,
ramp,43.7253393,-79.5239512,motorway_link,,401 East;401 West,,
ramp,43.7198403,-79.5214875,motorway_link,Highway 401 West,401 West,,
ramp,43.7126232,-79.5117974,motorway_link,,401 East;401 Est,,
ramp,43.7121733,-79.5106287,motorway_link,Jane Street,,,
ramp,43.7107356,-79.5058295,motorway_link,,,,
ramp,43.7110316,-79.5054267,motorway_link,,,,
ramp,43.7139823,-79.5067939,motorway_link,,400 North,,
ramp,43.7101173,-79.5014991,motorway_link,Jane Street,,,
ramp,43.7690877,-79.5339032,motorway_link,,407 ETR,,
ramp,43.7871252,-79.5195486,motorway_link,Toronto;Barrie,400,,
ramp,43.7867302,-79.5395992,motorway_link,407 ETR West,407 ETR West,,
ramp,43.7826676,-79.536145,motorway_link,Highway 407 ETR East,407 ETR East,,
ramp,43.7841624,-79.5272741,motorway_link,,55,,
ramp,43.78579,-79.5232494,motorway_link,,407 ETR East,,
ramp,43.7856945,-79.5300743,motorway_link,Barrie,400 North,,
ramp,43.791885,-79.5367663,motorway_link,Barrie,400 North,,
ramp,43.8012927,-79.5412672,motorway_link,Langstaff Road,,,
ramp,43.7961799,-79.5410591,motorway_link,,,,
ramp,43.7900274,-79.5438109,motorway_link,Toronto,400 South,,
ramp,43.7912932,-79.5404876,motorway_link,Toronto,400 South,,
ramp,43.7810118,-79.5440639,motorway_link,Barrie,400 North,,
ramp,43.7831284,-79.546119,motorway_link,,407 ETR West,,
ramp,43.7784751,-79.5578893,motorway_link,,56,,
ramp,43.8482159,-79.3714357,motorway_link,,407 ETR,,
ramp,43.8440108,-79.3711011,motorway_link,,407 East,,
ramp,43.83963,-79.3634082,motorway_link,,8,,
ramp,43.8386055,-79.3550727,motorway_link,,407 ETR East,,
ramp,43.8415866,-79.3558666,motorway_link,,407 ETR West,,
ramp,43.8412344,-79.355482,motorway_link,Toronto;Newmarket,404,,
ramp,43.8366264,-79.3849533,motorway_link,Newmarket;Toronto,404,,
ramp,43.8402703,-79.3684616,motorway_link,Richmond Hill;Markham,7,,
ramp,43.8485039,-79.3649796,motorway_link,Newmarket,404 North;404 Nord,,
ramp,43.8529177,-79.3726355,motorway_link,Markham;Richmond Hill,7,,
ramp,43.8469439,-79.3715395,motorway_link,Toronto,404 South,,
ramp,43.8457888,-79.3758576,motorway_link,Toronto,404 South,,
ramp,43.8411836,-79.3619041,motorway_link,Newmarket,404 North,,
ramp,43.837553,-79.3745063,motorway_link,Toronto,404 South,,
ramp,43.8293668,-79.3642642,motorway_link,,407 ETR,,
ramp,43.8337267,-79.3651485,motorway_link,,407 East,,
ramp,43.8365205,-79.3897679,motorway_link,,12,,
ramp,43.8119927,-79.3568744,motorway_link,,404 South,,
ramp,43.8138557,-79.3494678,motorway_link,,404 North,,
ramp,43.8132492,-79.3513837,motorway_link,,404 North,,
ramp,43.842425,-79.3473301,motorway_link,,8,,
ramp,43.7393737,-79.3325515,motorway_link,,,,
ramp,43.7372537,-79.3322348,motorway_link,,,,
ramp,43.5830686,-79.8058178,motorway_link,Toronto,401 East,,
ramp,43.5261706,-80.2578733,trunk_link,Acton;Cambridge,,,
ramp,43.7553882,-79.5270965,motorway_link,,400 North,,
ramp,43.7061881,-79.5560452,motorway_link,Express,401,,
ramp,43.69678,-79.5981937,motorway_link,,427;7,,
ramp,43.7837813,-79.5370638,motorway_link,Highway 400 North;Barrie,400 North,,
ramp,43.7825934,-79.5377888,motorway_link,Highway 400 North;Barrie,400 North,,
ramp,43.7823178,-79.5375584,motorway_link,Highway 400 South;Toronto,400 South,,
ramp,43.7836069,-79.536436,motorway_link,Highway 400 South;Toronto,400 South,,
ramp,43.7866274,-79.539482,motorway_link,Highway 407 ETR East,407 ETR East,,
ramp,43.7837582,-79.5384876,motorway_link,Highway 407 ETR East,407 ETR East,,
ramp,43.7833059,-79.5393023,motorway_link,407 ETR West,407 ETR West,,
ramp,43.7820325,-79.5363048,motorway_link,407 ETR West,407 ETR West,,
ramp,43.7834501,-79.5350627,motorway_link,,55,,
ramp,43.7841066,-79.5293855,motorway_link,,55,,
ramp,43.7855501,-79.5291405,motorway_link,Highway 407 ETR West,407 ETR West,,
ramp,43.7862118,-79.5278205,motorway_link,Highway 407 ETR West,407 ETR West,,
ramp,43.7945475,-79.5403192,motorway_link,,407 ETR,,
ramp,43.7873575,-79.5395413,motorway_link,,407 ETR East,,
ramp,43.7879148,-79.5375062,motorway_link,,7,,
ramp,43.7879148,-79.5375062,motorway_link,,,,
ramp,43.779968,-79.5516375,motorway_link,Barrie;Toronto,400,,
ramp,43.7806286,-79.5472694,motorway_link,Highway 400;Barrie;Toronto,400,,
ramp,43.7843434,-79.5464607,motorway_link,,407 ETR West,,
ramp,43.7785751,-79.5351804,motorway_link,,407 ETR East,,
ramp,43.7810118,-79.5440639,motorway_link,Toronto,400 South,,
ramp,43.7904749,-79.5381177,motorway_link,,,,
ramp,43.7779505,-79.5372212,motorway_link,Highway 400 South;Toronto,400 South,,
ramp,43.6585297,-79.3535266,motorway_link,,,,
ramp,43.7027714,-79.5623762,motorway_link,,401 East;401 Est,,
ramp,43.7056854,-79.5582636,motorway_link,,,,
ramp,43.7046603,-79.5635061,motorway_link,,401 East,,
ramp,43.6983226,-79.5793446,motorway_link,,,,
ramp,43.6974864,-79.5734758,motorway_link,,409 East;409 Est,,
ramp,43.7004095,-79.5700068,motorway_link,Martin Grove Road,,,
ramp,43.6998736,-79.5747587,motorway_link,,409 West;409 Ouest,,
ramp,43.6967463,-79.6084706,motorway_link,,7,,
ramp,43.6918253,-79.6123606,motorway_link,,7,,
ramp,43.6918253,-79.6123606,motorway_link,,,,
ramp,43.700519,-79.6106346,motorway_link,Terminal 1;Terminal 3;Aérogare 1;Aérogare 3,,,
ramp,43.6945783,-79.6109244,trunk_link,Terminal 3,,,
ramp,43.6990766,-79.6099298,motorway_link,Terminal 1,,,
ramp,43.6930453,-79.6117083,trunk_link,Terminal 1,,,
ramp,43.6899356,-79.6123458,trunk_link,Terminal 1;Departures;Départs,,,
ramp,43.6933386,-79.6047196,motorway_link,,409 East;409 Est,,
ramp,43.7029724,-79.6115969,motorway_link,Highway 401 East via 409,409,,
ramp,43.6932225,-79.6108118,motorway_link,,427 North;427 South;401 West;427 Nord;427 Sud;401 Ouest,,
ramp,43.6948167,-79.6099706,motorway_link,,427 North,,
ramp,43.6861135,-79.6138268,trunk_link,Rentals;Location;Ground;Sol,,,
ramp,43.6851341,-79.6147074,trunk_link,Terminal 1;Terminal 3,409 East;409 Est;401 East;401 Est;427 North;427 Nord,,
ramp,43.6850641,-79.5988763,motorway_link,,,,
ramp,43.686315,-79.612163,motorway_link,Highway 409,409 East,,
ramp,43.6892826,-79.6114905,motorway_link,,409 East,,
ramp,43.6889998,-79.6105734,motorway_link,,409 East,,
ramp,43.6899356,-79.6123458,trunk_link,Terminal 1;Arrivals;Arrivées;Car Rental Return;Retour Voitures De Location,,,
ramp,43.6449916,-79.6487339,motorway_link,,,,
ramp,43.6220933,-79.6360898,motorway_link,Toronto;Brampton,401;410,,
ramp,43.7535102,-79.4082734,motorway_link,,401 West,,
ramp,43.7521888,-79.4093586,motorway_link,,,,
ramp,43.7563357,-79.4096578,motorway_link,,401 West,,
ramp,43.7578306,-79.4020481,motorway_link,,,,
ramp,43.7554634,-79.4071099,motorway_link,,,,
ramp,43.7478324,-79.6304971,motorway_link,Highway 427 South,427 South,,
ramp,43.7479625,-79.6434925,motorway_link,Highway 427,,,
ramp,43.7518653,-79.6384784,motorway_link,,427 North,,
ramp,43.7451967,-79.6294191,motorway_link,,407 ETR,,
ramp,43.7583974,-79.632535,motorway_link,Express Toll Route West,407 ETR West;407 ETR Ouest,,
ramp,43.7572736,-79.6232319,motorway_link,,427 North,,
ramp,43.7541715,-79.6329104,motorway_link,,27,,
ramp,43.7579706,-79.6158026,motorway_link,,407 ETR East,,
ramp,43.7609304,-79.6175415,motorway_link,,407 ETR West,,
ramp,43.758873,-79.6162114,motorway_link,,407 ETR West,,
ramp,43.6203168,-79.5123354,motorway_link,,,,
ramp,43.6196879,-79.5155094,motorway_link,,,,
ramp,43.6189244,-79.5117528,motorway_link,,,,
ramp,43.6200302,-79.5129786,motorway_link,,,,
ramp,43.6211196,-79.5109091,motorway_link,,,,
ramp,43.6222381,-79.5142543,motorway_link,,,,
ramp,43.6202802,-79.5130816,motorway_link,,,,
ramp,43.6200649,-79.5155228,motorway_link,,,,
ramp,43.6217305,-79.5050659,motorway_link,,,,
ramp,43.6271016,-79.4877369,motorway_link,Gardiner Expressway West,,,
ramp,43.7666354,-79.3630719,motorway_link,,401 West,,
ramp,43.7668744,-79.3551817,motorway_link,,,,
ramp,43.7642763,-79.3618099,motorway_link,,401 East,,
ramp,43.7641321,-79.3630297,motorway_link,,,,
ramp,43.7685204,-79.364354,motorway_link,,401 West,,
ramp,43.6784024,-79.3685698,trunk_link,,,,
ramp,43.6791396,-79.3674251,trunk_link,,,,
ramp,43.6771143,-79.3661959,trunk_link,Don Valley Parkway,,,
ramp,43.6821878,-79.3638748,motorway_link,,,,Bayview-Bloor Ramp
ramp,43.6841146,-79.3616299,motorway_link,,,,
ramp,43.6700951,-79.5856203,motorway_link,,,,
ramp,43.6694384,-79.5888091,motorway_link,,,,
ramp,43.6741092,-79.5685682,motorway_link,,401 West;427 North,,
ramp,43.6723851,-79.5891696,motorway_link,,427 North,,
ramp,43.6744123,-79.5921392,motorway_link,,401 West;401 Ouest,,
ramp,43.674064,-79.5897914,motorway_link,,401 East,,
ramp,43.6762788,-79.5781937,motorway_link,,,,
ramp,43.6773454,-79.5784262,motorway_link,,,,
ramp,43.6732936,-79.5766822,motorway_link,,401 East,,
ramp,43.6720831,-79.5831718,motorway_link,,427 North,,
ramp,43.6672156,-79.5727405,motorway_link,Eglinton Avenue East,,,
ramp,43.655629,-79.5677458,motorway_link,,427,,
ramp,43.6717269,-79.5727743,motorway_link,,,,
ramp,43.6612396,-79.570921,motorway_link,Holiday Drive;Burnhamthorpe Road;Eva Road,,,
ramp,43.6741092,-79.5685682,motorway_link,,427 South;27 North,,
ramp,43.6726897,-79.5734981,motorway_link,,,,
ramp,43.6738603,-79.5712021,motorway_link,,27 North,,
ramp,43.6738603,-79.5712021,motorway_link,,427 South,,
ramp,43.6668737,-79.572913,motorway_link,,401 East,,
ramp,43.6689992,-79.5736008,motorway_link,,401 East,,
ramp,43.6725327,-79.571631,motorway_link,,,,
ramp,43.6722922,-79.5719335,motorway_link,,,,
ramp,43.6697349,-79.5738629,motorway_link,,401 East,,
ramp,43.6708906,-79.574572,motorway_link,,401 East,,
ramp,43.6705705,-79.5760799,motorway_link,,,,
ramp,43.6710507,-79.5767158,motorway_link,,,,
ramp,43.6672367,-79.5940344,motorway_link,,427 North,,
ramp,43.668896,-79.5895277,motorway_link,,427 North,,
ramp,43.6708168,-79.5885679,motorway_link,,,,
ramp,43.671192,-79.5850307,motorway_link,,401 West,,
ramp,43.6712944,-79.5835613,motorway_link,,401 West,,
ramp,43.6720204,-79.5819599,motorway_link,,401 West,,
ramp,43.6735414,-79.5723847,motorway_link,,427 North,,
ramp,43.6723562,-79.5812652,motorway_link,,427 North,,
ramp,43.6725133,-79.5813406,motorway_link,,401 East,,
ramp,43.672239,-79.5830664,motorway_link,,401 East,,
ramp,43.6737912,-79.5791824,motorway_link,,,,
ramp,43.6753612,-79.5793588,motorway_link,,,,
ramp,43.672804,-79.5786567,motorway_link,,,,
ramp,43.6717498,-79.5776284,motorway_link,,,,
ramp,43.67132,-79.5749485,motorway_link,,401 East,,
ramp,43.6723617,-79.5758767,motorway_link,,401 East,,
ramp,43.6828451,-79.5748045,motorway_link,,427 South,,
ramp,43.67834,-79.5777539,motorway_link,,,,
ramp,43.6772136,-79.5770795,motorway_link,,401 East,,
ramp,43.6761308,-79.5774469,motorway_link,,401 East,,
ramp,43.6698343,-79.5732649,motorway_link,Eglinton Avenue West,,,
ramp,43.6711349,-79.5729129,motorway_link,,,,
ramp,43.6717396,-79.5724145,motorway_link,,,,
ramp,43.6711394,-79.5727413,motorway_link,,,,
ramp,43.6394815,-79.3874545,motorway_link,,,,
ramp,43.6273141,-79.4790355,motorway_link,,,,
ramp,43.6347321,-79.4707586,motorway_link,,2,,
ramp,43.8107802,-79.4796711,motorway_link,,53,,
ramp,43.8186122,-79.4771708,motorway_link,,407 ETR West,,
ramp,43.8220536,-79.4781331,motorway_link,,407 ETR West,,
ramp,43.8223526,-79.4712146,motorway_link,,53,,
ramp,43.8168495,-79.4769297,motorway_link,,407 ETR East,,
ramp,43.7403007,-79.4217264,motorway_link,,401 East;401 Est,,
ramp,43.740339,-79.4258893,motorway_link,,,,
ramp,43.7436075,-79.4248253,motorway_link,,401 West,,
ramp,43.744646,-79.4202624,motorway_link,,,,
ramp,43.7494865,-79.4147222,motorway_link,,,,
ramp,43.753059,-79.4056276,motorway_link,,401 East;401 Est,,
ramp,43.7616763,-79.3927643,motorway_link,,,,
ramp,43.7636481,-79.3871281,motorway_link,,401 West,,
ramp,43.7628016,-79.3871136,motorway_link,,401 East,,
ramp,43.7607924,-79.38659,motorway_link,,401 East;401 Est,,
ramp,43.7649555,-79.3804463,motorway_link,,,,
ramp,43.765163,-79.3877657,motorway_link,,401 West,,
ramp,43.7657825,-79.3756139,motorway_link,Express,,,
ramp,43.7641548,-79.3822128,motorway_link,,,,
ramp,43.7472146,-79.4161739,motorway_link,Express,,,
ramp,43.7689419,-79.3343753,motorway_link,,,,
ramp,43.7692445,-79.3357963,motorway_link,Downtown,DVP South,,
ramp,43.7677325,-79.3195815,motorway_link,,401 East,,
ramp,43.7661023,-79.3187575,motorway_link,,401 East,,
ramp,43.6205786,-79.6337017,motorway_link,,,,
ramp,43.6221146,-79.635689,motorway_link,,403 East,,
ramp,43.6191135,-79.6391405,motorway_link,Hamilton,403 West,,
ramp,43.6254975,-79.6424082,motorway_link,,,,
ramp,43.6210096,-79.6371294,motorway_link,Hamilton,403 West,,
ramp,43.6236752,-79.6340581,motorway_link,,403 East,,
ramp,43.6164615,-79.6295706,motorway_link,,403;410,,
ramp,43.5241807,-79.7177183,motorway_link,,407 ETR,,
ramp,43.5336657,-79.7365357,motorway_link,,403,,
ramp,43.5192186,-79.7353969,motorway_link,Toronto,403;QEW West,,
ramp,43.5211985,-79.732662,motorway_link,Toronto,403,,
ramp,43.541266,-79.7121213,motorway_link,,407 ETR West;407 ETR Ouest,,
ramp,43.5283312,-79.7257809,motorway_link,Highway 407 ETR West,407 ETR West,,
ramp,43.5277191,-79.7252192,motorway_link,Highway 403 Eastbound,,,
ramp,43.5324773,-79.7219419,motorway_link,,407 ETR East;407 ETR Est,,
ramp,43.5038218,-79.6704517,motorway_link,,13,,
ramp,43.6487082,-79.6380338,motorway_link,London,401 West Collector,,
ramp,43.645838,-79.6344452,motorway_link,Toronto,401 East,,
ramp,43.6098217,-79.6345705,motorway_link,,17,,
ramp,43.6156231,-79.6287055,motorway_link,Hamilton,403 West,,
ramp,43.5967657,-79.6484342,motorway_link,,,,
ramp,43.6046124,-79.6405435,motorway_link,,,,
ramp,43.6027781,-79.6474943,motorway_link,Hamilton,403 West,,
ramp,43.6012177,-79.6450837,motorway_link,Hamilton,403 West,,
ramp,43.5998024,-79.6431254,motorway_link,Toronto,403 East,,
ramp,43.6003007,-79.6440917,motorway_link,Toronto,403 East,,
ramp,43.5832925,-79.6622958,motorway_link,,,,
ramp,43.5846357,-79.6590361,motorway_link,,,,
ramp,43.5851073,-79.6587853,motorway_link,,,,
ramp,43.584552,-79.6594323,motorway_link,,,,
ramp,43.5855094,-79.6599872,motorway_link,Toronto,403 East,,
ramp,43.5798692,-79.6664979,motorway_link,,,,
ramp,43.5852361,-79.6593756,motorway_link,Toronto,403 East;403 Est,,
ramp,43.5902088,-79.6558983,motorway_link,,,,
ramp,43.5861384,-79.6606265,motorway_link,Hamilton,403 West;403 Ouest,,
ramp,43.588649,-79.6643045,motorway_link,Hamilton,403 West;403 Ouest,,
ramp,43.5500917,-79.7012125,motorway_link,,1,,
ramp,43.5521497,-79.6924614,motorway_link,Toronto,403 East:403 Est,,
ramp,43.5579417,-79.6908625,motorway_link,,1,,
ramp,43.5543464,-79.6970633,motorway_link,Hamilton,403 West;403 Ouest,,
ramp,43.553395,-79.6958193,motorway_link,Toronto,403 East,,
ramp,43.6174612,-79.5257392,motorway_link,,,,
ramp,43.6191739,-79.5261165,motorway_link,,,,
ramp,43.6183789,-79.5257885,motorway_link,,,,
ramp,43.6188136,-79.522799,motorway_link,,,,
ramp,43.6186159,-79.5209761,motorway_link,,,,
ramp,43.620036,-79.5169039,motorway_link,,,,
ramp,43.5428746,-79.7091644,motorway_link,Toronto,403 East;403 Est,,
ramp,43.5404408,-79.7056054,motorway_link,Toronto,403 East;403 Est,,
ramp,43.5481081,-79.7040848,motorway_link,,,,
ramp,43.5390363,-79.7142484,motorway_link,,,,
ramp,43.8316847,-79.4357774,motorway_link,,1,,
ramp,43.8338679,-79.4286916,motorway_link,,407 ETR East,,
ramp,43.8326189,-79.4281723,motorway_link,,407 ETR East,,
ramp,43.8376173,-79.4208171,motorway_link,,1,,
ramp,43.8378818,-79.429537,motorway_link,,407 ETR West,,
ramp,43.8346204,-79.4286201,motorway_link,,407 ETR West,,
ramp,43.7484285,-79.6296615,motorway_link,Express Toll Route East,407 ETR East,,
ramp,43.7548312,-79.6271078,motorway_link,Express Toll Route East,407 ETR East,,
ramp,43.7578212,-79.6216363,motorway_link,,407 ETR West,,
ramp,43.7569967,-79.6234988,motorway_link,,407 ETR West,,
ramp,43.7549818,-79.6274708,motorway_link,,27,,
ramp,43.7551586,-79.6258233,motorway_link,,27,,
ramp,43.7515188,-79.6329457,motorway_link,Airport,427 South,,
ramp,43.7511683,-79.6326066,motorway_link,Airport,427 South,,
ramp,43.75162,-79.632668,motorway_link,Highway 427 South;Toronto;Airport,427 South,,
ramp,43.7531265,-79.6329652,motorway_link,Highway 427 South;Toronto;Airport,427 South,,
ramp,43.751603,-79.6300477,motorway_link,Express Toll Route West,407 ETR West,,
ramp,43.7520866,-79.6301593,motorway_link,Express Toll Route West,407 ETR West,,
ramp,43.7517762,-79.6295622,motorway_link,Express Toll Route East,407 ETR East,,
ramp,43.752253,-79.6294173,motorway_link,Express Toll Route East,407 ETR East,,
ramp,43.7534126,-79.6314725,motorway_link,Express Toll Route East,407 ETR East,,
ramp,43.7529778,-79.6306604,motorway_link,Express Toll Route West,407 ETR West,,
ramp,43.7545333,-79.6341493,motorway_link,Express Toll Route West,407 ETR West,,
ramp,43.7572736,-79.6232319,motorway_link,Toronto,427 South,,
ramp,43.7556773,-79.6308688,motorway_link,Highway 427 South;Toronto;Airport,427 South,,
ramp,43.7541254,-79.631171,motorway_link,Highway 427 North,427 North,,
ramp,43.7524994,-79.6314244,motorway_link,Express Toll Route East,407 ETR East,,
ramp,43.6096156,-79.554433,motorway_link,Pearson,427,,
ramp,43.61583,-79.5373115,motorway_link,,427;401,,
ramp,43.6178567,-79.5524247,motorway_link,Toronto,,,
ramp,43.6178567,-79.5524247,motorway_link,Hamilton,QEW,,
ramp,43.6509899,-79.565995,motorway_link,,,,
ramp,43.6469486,-79.5637839,motorway_link,Eglinton Avenue;Highway 27,,,
ramp,43.6094699,-79.5483918,motorway_link,,QEW West,,
ramp,43.62763,-79.5563667,motorway_link,,,,
ramp,43.6371078,-79.5606462,motorway_link,Gardiner Expressway;Hamilton,QEW,,
ramp,43.6386483,-79.5606859,motorway_link,Sherway Gardens Road;The Queensway;Evans Avenue;Browns Line,,,
ramp,43.6336365,-79.5583956,motorway_link,,427 North,,
ramp,43.6143043,-79.5477123,motorway_link,,,,
ramp,43.644701,-79.3751499,motorway_link,,,,
ramp,43.7232065,-79.3296022,motorway_link,,,,
ramp,43.7233354,-79.3298228,motorway_link,,,,
ramp,43.491531,-79.9883983,motorway_link,London,401 West,,
ramp,43.4649293,-79.6802624,motorway_link,Trafalgar Road,3,,
ramp,43.7123509,-79.5539667,motorway_link,,401 West,,
ramp,43.7329342,-79.4406579,motorway_link,Express,,,
ramp,43.7323675,-79.4419939,motorway_link,,,,
ramp,43.7325299,-79.4408362,motorway_link,,,,
ramp,43.7306236,-79.4439402,motorway_link,,401 East,,
ramp,43.7301092,-79.4450184,motorway_link,,401 East,,
ramp,43.729395,-79.4531175,motorway_link,,401 West,,
ramp,43.730002,-79.4521788,motorway_link,,401 West,,
ramp,43.7301108,-79.4515138,motorway_link,,,,
ramp,43.7287395,-79.4510721,motorway_link,,,,
ramp,43.7278571,-79.4494048,motorway_link,,,,
ramp,43.7274897,-79.4490568,motorway_link,,,,
ramp,43.7275295,-79.4489953,motorway_link,,,,
ramp,43.7279947,-79.4492127,motorway_link,,,,
ramp,43.7274509,-79.4477858,motorway_link,,,,
ramp,43.7279152,-79.4475627,motorway_link,,,,
ramp,43.7291661,-79.4453184,motorway_link,,401 East,,
ramp,43.7315138,-79.4502263,motorway_link,,401 East,,
ramp,43.7299984,-79.446397,motorway_link,,,,
ramp,43.7310281,-79.4467821,motorway_link,,401 West,,
ramp,43.7352291,-79.4334997,motorway_link,,401 East,,
ramp,43.7411924,-79.4528589,motorway_link,Wilson Heights Boulevard North,,,
ramp,43.7950763,-79.3436074,motorway_link,,404 North,,
ramp,43.7992995,-79.3447591,motorway_link,,,,
ramp,43.7669184,-79.3589917,motorway_link,,,,
ramp,43.7671549,-79.3607576,motorway_link,,,,
ramp,43.8643811,-79.3783454,motorway_link,Toronto,404 South,,
ramp,43.8697191,-79.3767543,motorway_link,Markham;Richmond Hill,73,,
ramp,43.8649598,-79.37688,motorway_link,Toronto,404 South,,
ramp,43.8643443,-79.3749221,motorway_link,,73,,
ramp,43.8660636,-79.3725364,motorway_link,Newmarket,404 North,,
ramp,43.8781917,-79.3783141,motorway_link,Richmond Hill;Markham;Major MacKenzie Drive East,25,,
ramp,43.8895584,-79.3815677,motorway_link,Richmond Hill;Markham,25,,
ramp,43.8842152,-79.3754517,motorway_link,Newmarket,404 North;404 Nord,,
ramp,43.8956274,-79.3826332,motorway_link,,49,,
ramp,43.9021149,-79.3808728,motorway_link,Newmarket,404 North,,
ramp,43.9013694,-79.3840498,motorway_link,Newmarket,404 North,,
ramp,43.9014228,-79.3843918,motorway_link,Toronto,404 South,,
ramp,43.4581835,-79.6868723,motorway_link,,3,,
ramp,43.398834,-79.7530121,motorway_link,,,,
ramp,43.4466972,-79.700404,motorway_link,Hamilton,QEW;403,,
ramp,43.6628902,-79.7052978,motorway_link,,410,,
ramp,43.6626448,-79.6914569,motorway_link,,407 ETR,,
ramp,43.6782089,-79.6944862,motorway_link,,410,,
ramp,43.6642409,-79.7032664,motorway_link,,410 South,,
ramp,43.6761575,-79.7053727,motorway_link,,407 ETR,,
ramp,43.6661701,-79.6949126,motorway_link,,407 ETR West;407 ETR Ouest,,
ramp,43.671799,-79.703792,motorway_link,Highway 407 ETR West,407 ETR West,,
ramp,43.6563496,-79.3538346,motorway_link,Downtown,,,
ramp,43.6577976,-79.353806,motorway_link,Downtown,,,
ramp,43.4203336,-79.7289968,motorway_link,,,,
ramp,43.7498021,-79.5293583,motorway_link,,,,
ramp,43.7547257,-79.5284039,motorway_link,,400 North,,
ramp,43.7541264,-79.5302387,motorway_link,,400 North,,
ramp,43.7544252,-79.5310527,motorway_link,,400 South,,
ramp,43.7547566,-79.5310418,motorway_link,,400 South,,
ramp,43.7536734,-79.5339392,motorway_link,,400 South,,
ramp,43.6333905,-79.4347339,motorway_link,,,,
ramp,43.6341035,-79.4375266,motorway_link,,,,
ramp,43.6328783,-79.4309645,motorway_link,Dunn Avenue,,,
ramp,43.6318802,-79.4329893,motorway_link,,,,
ramp,43.6323828,-79.4350468,motorway_link,,,,
ramp,43.6980999,-79.3405621,motorway_link,,,,
ramp,43.7006454,-79.3366031,motorway_link,,,,
ramp,43.7017936,-79.3341355,motorway_link,,,,
ramp,43.699102,-79.3377333,motorway_link,,,,
ramp,43.6999946,-79.3381811,motorway_link,,,,
ramp,43.7403598,-79.3275989,motorway_link,,,,
ramp,43.7584741,-79.3338138,motorway_link,,,,
ramp,43.6618441,-79.3545261,motorway_link,,,,
ramp,43.6299425,-79.5521204,motorway_link,,427 North;427 Nord,,
ramp,43.6285677,-79.5565009,motorway_link,,427 North,,
ramp,43.6249587,-79.5549513,motorway_link,Dundas Street,5,,
ramp,43.6275995,-79.5607003,motorway_link,,427 South,,
ramp,43.6285829,-79.5569426,motorway_link,,427 South,,
ramp,43.6328854,-79.559747,motorway_link,Dundas Street,5,,
ramp,43.6286611,-79.5592784,motorway_link,,5,,
ramp,43.6288749,-79.5562903,motorway_link,,427 North,,
ramp,43.6320364,-79.5574937,motorway_link,Highway 427 Collectors;Dundas St,,,
ramp,43.6286357,-79.5574994,motorway_link,,427 South,,
ramp,43.6281674,-79.5572753,motorway_link,,427 South,,
ramp,43.6282925,-79.5565404,motorway_link,,,,
ramp,43.6283087,-79.5560757,motorway_link,,427 North,,
ramp,43.6331801,-79.559418,motorway_link,Sherway Gardens Road;The Queensway;Evans Avenue;Browns Line,,,
ramp,43.6342787,-79.5596017,motorway_link,Sherway Gardens Road;The Queensway;Evans Avenue;Browns Line,,,
ramp,43.6426375,-79.5616508,motorway_link,,,,
ramp,43.6488884,-79.5653953,motorway_link,Burnhamthorpe Road,,,
ramp,43.6447263,-79.5662556,motorway_link,,427 South,,
ramp,43.6456068,-79.5634977,motorway_link,,427 South;427 Sud,,
ramp,43.6461568,-79.5618276,motorway_link,,427 North,,
ramp,43.6455779,-79.5625418,motorway_link,,427 North,,
ramp,43.6455403,-79.5641512,motorway_link,,427 South,,
ramp,43.7152066,-79.5213623,motorway_link,Barrie,400 North,,
ramp,43.7157058,-79.5176013,motorway_link,,401 West,,
ramp,43.7119199,-79.5061122,motorway_link,,400 North,,
ramp,43.6395218,-79.387793,motorway_link,,,,
ramp,43.6387889,-79.392735,motorway_link,,,,
ramp,43.6426308,-79.3776866,motorway_link,,,,
ramp,43.6462243,-79.368164,motorway_link,Yonge Street;Bay Street;York Street,,,
ramp,43.6481414,-79.3605147,motorway_link,,,,
ramp,43.6456382,-79.3693113,motorway_link,,,,
ramp,43.6378351,-79.3993498,motorway_link,,,,
ramp,43.6393161,-79.3898518,motorway_link,,,,
ramp,43.6453697,-79.3707986,motorway_link,St. Lawrence Market,,,
ramp,43.6462045,-79.3700997,motorway_link,,,,
ramp,43.6454458,-79.3727687,motorway_link,,,,
ramp,43.7758996,-79.3376265,motorway_link,,404 North,,
ramp,43.7832969,-79.3412654,motorway_link,,,,
ramp,43.7265391,-79.4632492,motorway_link,,,,
ramp,43.7273171,-79.456407,motorway_link,,,,
ramp,43.7267455,-79.4578135,motorway_link,,,,
ramp,43.726846,-79.4574021,motorway_link,,,,
ramp,43.7284401,-79.4577322,motorway_link,,401 West,,
ramp,43.7282953,-79.4582997,motorway_link,,401 West,,
ramp,43.6516943,-79.7171286,motorway_link,,10,,
ramp,43.6532694,-79.7161078,motorway_link,,407 ETR East,,
ramp,43.6521143,-79.7142119,motorway_link,,407 ETR East,,
ramp,43.6574076,-79.7122198,motorway_link,,,,
ramp,43.6556338,-79.7193509,motorway_link,407 West,407 ETR West,,
ramp,43.6539447,-79.7167653,motorway_link,,407 ETR West,,
ramp,43.6303124,-79.6849432,motorway_link,London,401 West,,
ramp,43.6273515,-79.6807763,motorway_link,Toronto,401 East,,
ramp,43.6315407,-79.6836752,motorway_link,,,,
ramp,43.4481854,-80.1770092,motorway_link,,,,
ramp,43.4482107,-80.1769192,motorway_link,Guelph,6,,
ramp,43.6039485,-79.5606492,motorway_link,Evans Avenue;The West Mall;Browns Line,,,
ramp,43.6185834,-79.5531761,motorway_link,,,,
ramp,43.6151854,-79.5522439,motorway_link,,,,
ramp,43.611014,-79.5486041,motorway_link,,QEW West,,
ramp,43.6145552,-79.5492149,motorway_link,Gardiner Expressway;Evans Avenue,,,
ramp,43.6127832,-79.5491791,motorway_link,,,,
ramp,43.611143,-79.5467065,motorway_link,,427 North,,
ramp,43.6161486,-79.5479352,motorway_link,,427 North,,
ramp,43.6342944,-79.4745957,motorway_link,,,,
ramp,43.6343299,-79.4720238,motorway_link,,,,
ramp,43.6342418,-79.4720367,motorway_link,,2,,
ramp,43.6343529,-79.4717421,motorway_link,,2,,
ramp,43.7117488,-79.5414247,motorway_link,,,,
ramp,43.711694,-79.5433853,motorway_link,Islingtion Avenue;Pearson Airport,427 North;427 Nord;409,,
ramp,43.7106061,-79.55014,motorway_link,,,,
ramp,43.7085402,-79.5508749,motorway_link,,,,
ramp,43.7080929,-79.551695,motorway_link,,401 East,,
ramp,43.7120363,-79.5439775,motorway_link,Islington Avenue,,,
ramp,43.7108465,-79.5480732,motorway_link,,409;427 North,,
ramp,43.7088372,-79.551877,motorway_link,,,,
ramp,43.7088184,-79.5548466,motorway_link,,401 West,,
ramp,43.709462,-79.5546322,motorway_link,,401 West,,
ramp,43.711217,-79.5476624,motorway_link,Islingtion Avenue;Pearson Airport,427 North;409,,
ramp,43.7113416,-79.5459386,motorway_link,Islingtion Avenue;Pearson Airport,427 North;409,,
ramp,43.6498197,-79.5646668,motorway_link,,,,
ramp,43.654165,-79.5682735,motorway_link,,427 South;427 Sud,,
ramp,43.6515324,-79.5653372,motorway_link,Rathburn Rd EAST/EST,,,
ramp,43.6532572,-79.5713668,motorway_link,,427 South,,
ramp,43.6631569,-79.5728744,motorway_link,,427 South,,
ramp,43.6650678,-79.5729316,motorway_link,,,,
ramp,43.5974161,-79.8025356,motorway_link,London,401 West,,
ramp,43.5896911,-79.8084931,motorway_link,,407 ETR East,,
ramp,43.5926564,-79.8087104,motorway_link,London,401 West,,
ramp,43.5928197,-79.8044214,motorway_link,Toronto,401 East,,
ramp,43.5914265,-79.8053364,motorway_link,Toronto,401 East,,
ramp,43.5946991,-79.8058981,motorway_link,,,,
ramp,43.5942813,-79.8078491,motorway_link,,,,
ramp,43.597957,-79.7990448,motorway_link,,,,
ramp,43.5965941,-79.7994497,motorway_link,,,,
ramp,43.8385532,-79.4128807,motorway_link,,34,,
ramp,43.8375521,-79.3998122,motorway_link,,34,,
ramp,43.8415651,-79.4070637,motorway_link,,407 ETR West,,
ramp,43.8386268,-79.4060979,motorway_link,,407 ETR West,,
ramp,43.8376248,-79.4060261,motorway_link,,407 ETR East,,
ramp,43.7603883,-79.6082225,motorway_link,,27,,
ramp,43.7561876,-79.6145013,motorway_link,,407 ETR East,,
ramp,43.6948277,-79.5670057,motorway_link,,,,
ramp,43.693337,-79.5690394,motorway_link,,,,
ramp,43.6919475,-79.5696316,motorway_link,,401 West,,
ramp,43.6884178,-79.5712036,motorway_link,,,,
ramp,43.6919051,-79.569,motorway_link,Toronto,401 East,,
ramp,43.6926098,-79.5662677,motorway_link,,401 East,,
ramp,43.6910578,-79.5707062,motorway_link,London,401 West,,
ramp,43.6922212,-79.5686434,motorway_link,Toronto,401 East,,
ramp,43.6918248,-79.5689119,motorway_link,Toronto,401 East,,
ramp,43.6896483,-79.5702011,motorway_link,,,,
ramp,43.689922,-79.5698933,motorway_link,,,,
ramp,43.705645,-79.6130923,motorway_link,,,,
ramp,43.6984795,-79.5904439,motorway_link,,409 West;427,,
ramp,43.6971062,-79.5895003,motorway_link,,,,
ramp,43.6966266,-79.5998728,motorway_link,,409 East,,
ramp,43.6969894,-79.599959,motorway_link,,,,
ramp,43.6970329,-79.6003235,motorway_link,,,,
ramp,43.6966452,-79.6001646,motorway_link,,409 East,,
ramp,43.6969426,-79.6047779,motorway_link,Highway 401 East via 409,,,
ramp,43.6981649,-79.6082474,motorway_link,Highway 401 East via 409,,,
ramp,43.6973532,-79.6076562,motorway_link,Highway 427 South,427,,
ramp,43.6967241,-79.6071772,motorway_link,Highway 427 South,427,,
ramp,43.6968236,-79.606702,motorway_link,,427 North,,
ramp,43.6956423,-79.6102668,motorway_link,Terminal 3,,,
ramp,43.6952658,-79.6101453,motorway_link,Terminal 1,,,
ramp,43.696873,-79.6094643,motorway_link,Terminal 1,,,
ramp,43.6952147,-79.6096067,motorway_link,,409,,
ramp,43.695695,-79.6093154,motorway_link,,409,,
ramp,43.6967328,-79.6096577,motorway_link,Terminal 3,,,
ramp,43.6916679,-79.611502,trunk_link,Terminal 1;Terminal 3,,,
ramp,43.6855451,-79.6001807,motorway_link,Fasken Drive,,,
ramp,43.6861352,-79.6107221,motorway_link,,409 East,,
ramp,43.7209844,-79.6749886,motorway_link,,7,,
ramp,43.7293855,-79.6768752,motorway_link,,407 ETR West,,
ramp,43.7277755,-79.6744217,motorway_link,,407 ETR West,,
ramp,43.72621,-79.6725825,motorway_link,,407 ETR East,,
ramp,43.7244957,-79.6699671,motorway_link,,407 ETR East,,
ramp,43.7306823,-79.6701964,motorway_link,,7,,
ramp,43.6267907,-79.4835684,motorway_link,,,,
ramp,43.6269667,-79.4826641,motorway_link,,,,
ramp,43.7423081,-79.4521658,motorway_link,,Wilson Heights Boulevard North,,
ramp,43.7385132,-79.6572577,motorway_link,,,,
ramp,43.7342307,-79.6593285,motorway_link,,407 ETR East,,
ramp,43.7351506,-79.6607862,motorway_link,,407 ETR East,,
ramp,43.7894051,-79.4965938,motorway_link,,407 ETR East,,
ramp,43.7905497,-79.5044021,motorway_link,Keele Street,6,,
ramp,43.7919948,-79.4974124,motorway_link,,407 ETR East,,
ramp,43.7951317,-79.4982361,motorway_link,,407 ETR West,,
ramp,43.7789068,-79.3411888,motorway_link,Fairview Mall Drive,,,
ramp,43.7289838,-79.4491297,motorway_link,,,,
ramp,43.731824,-79.4496293,motorway_link,,,,
ramp,43.7293329,-79.4483036,motorway_link,,,,
ramp,43.7255225,-79.4475178,motorway_link,,401,,
ramp,43.7259628,-79.4476294,motorway_link,,401,,
ramp,43.7341328,-79.4503627,motorway_link,,401,,
ramp,43.7337012,-79.4503388,motorway_link,,401,,
ramp,43.7238717,-79.4470136,motorway_link,,,,
ramp,43.7258168,-79.4472719,motorway_link,Allen Road North,401,,
ramp,43.7268594,-79.4599816,motorway_link,,,,
ramp,43.7267097,-79.4592913,motorway_link,,,,
ramp,43.7267097,-79.4592913,motorway_link,,,,
ramp,43.7666189,-79.3627616,motorway_link,,401 West,,
ramp,43.7686189,-79.332808,motorway_link,Downtown,DVP South,,
ramp,43.7685558,-79.3338471,motorway_link,Downtown,DVP South,,
ramp,43.7668607,-79.3365529,motorway_link,Victoria Park Avenue;Warden Avenue,401 East,,
ramp,43.7666916,-79.3444496,motorway_link,Express,,,
ramp,43.7685507,-79.3397345,motorway_link,,401 West,,
ramp,43.7710051,-79.3211608,motorway_link,,401 West,,
ramp,43.4161173,-80.4089555,motorway_link,London,8,,
ramp,43.7211061,-79.4862475,motorway_link,,,,
ramp,43.721701,-79.4809643,motorway_link,,401 East,,
ramp,43.7220483,-79.4812132,motorway_link,,401 East,,
ramp,43.7239996,-79.4816366,motorway_link,,401 West,,
ramp,43.7232089,-79.4813255,motorway_link,,401 West,,
ramp,43.7241844,-79.4760296,motorway_link,,,,
ramp,43.8118353,-79.3484368,motorway_link,,404 South,,
ramp,43.810741,-79.3484084,motorway_link,,404 South,,
ramp,43.7755366,-79.5363944,motorway_link,Highway 400 South;Toronto,400 South,,
ramp,43.7767213,-79.5367832,motorway_link,Highway 400 South;Toronto,400 South,,
ramp,43.7761264,-79.5365858,motorway_link,Highway 400 South;Toronto,400 South,,
ramp,43.7761037,-79.5348528,motorway_link,,407 ETR,,
ramp,43.7770809,-79.5349928,motorway_link,,407 ETR,,
ramp,43.7728687,-79.5355066,motorway_link,Highway 400 South;Toronto,400 South,,
ramp,43.7724335,-79.5353655,motorway_link,Highway 400 South;Toronto,400 South,,
ramp,43.773031,-79.5344347,motorway_link,,407 ETR,,
ramp,43.7725963,-79.5343783,motorway_link,,407 ETR,,
ramp,43.4588947,-79.6821395,motorway_link,Toronto,QEW;403,,
ramp,43.4629861,-79.6843502,motorway_link,,3 North,,
ramp,43.6513373,-79.347194,motorway_link,,,,Don Roadway
ramp,43.6535571,-79.3491808,motorway_link,,,,
ramp,43.6529016,-79.3487766,motorway_link,Gardiner Expressway West,,,
ramp,43.6230719,-79.6391013,motorway_link,,17,,
ramp,43.3928895,-79.7530047,motorway_link,Toronto,QEW;403,,
ramp,43.7120891,-79.5354379,motorway_link,,401 East,,
ramp,43.7148503,-79.5307636,motorway_link,Weston Road,,,
ramp,43.7152545,-79.5369168,motorway_link,,401 West;401 Ouest,,
ramp,43.7138626,-79.5361754,motorway_link,,401 West,,
ramp,43.7128379,-79.535952,motorway_link,,401 East,,
ramp,43.5422109,-79.863323,motorway_link,London,401 West,,
ramp,43.4401611,-79.7930688,motorway_link,Oakville;Milton,25,,
ramp,43.4449763,-79.7895524,motorway_link,,407 ETR East,,
ramp,43.4427612,-79.7862958,motorway_link,,407 ETR East,,
ramp,43.4505792,-79.7877757,motorway_link,Oakville;Milton,25,,
ramp,43.4456218,-79.790196,motorway_link,,407 ETR West,,
ramp,43.4151576,-79.8200354,motorway_link,,407 ETR East,,
ramp,43.4164798,-79.8218593,motorway_link,,407 ETR West,,
ramp,43.4185216,-79.8167841,motorway_link,,,,
ramp,43.4134099,-79.817436,motorway_link,,407 ETR East,,
ramp,43.4111631,-79.824929,motorway_link,,,,
ramp,43.9014081,-79.3836083,motorway_link,Newmarket,404 North,,
ramp,43.901339,-79.3849791,motorway_link,Toronto,404 South,,
ramp,43.8401337,-79.3699433,motorway_link,,,,
ramp,43.8383978,-79.3663273,motorway_link,,,,
ramp,43.8374725,-79.3666882,motorway_link,407 ETR,407 West,,
ramp,43.8392863,-79.3705902,motorway_link,407 ETR,407 West,,
ramp,43.8337267,-79.3651485,motorway_link,,407 West,,
ramp,43.8440108,-79.3711011,motorway_link,,407 West,,
ramp,43.8469517,-79.3708281,motorway_link,Newmarket,404 North,,
ramp,43.8444864,-79.3717661,motorway_link,Toronto,404 South,,
ramp,43.844576,-79.371607,motorway_link,Toronto,404 South,,
ramp,43.8428459,-79.3705301,motorway_link,Toronto,404 South,,
ramp,43.8428741,-79.3690594,motorway_link,Richmond Hill;Markham,7,,
ramp,43.8465948,-79.3685161,motorway_link,Richmond Hill;Markham,7,,
ramp,43.8415088,-79.3687471,motorway_link,Richmond Hill;Markham,7,,
ramp,43.8407192,-79.369334,motorway_link,Toronto,404 South,,
ramp,43.8393482,-79.3694057,motorway_link,Toronto,404 South,,
ramp,43.8384269,-79.3672763,motorway_link,Newmarket,404 North,,
ramp,43.8383182,-79.3690027,motorway_link,Newmarket,404 North,,
ramp,43.8395474,-79.3673208,motorway_link,Toronto,404 South,,
ramp,43.8386509,-79.3670008,motorway_link,Newmarket,404 North,,
ramp,43.8383002,-79.3644522,motorway_link,,,,
ramp,43.8382872,-79.3652184,motorway_link,,,,
ramp,43.8392739,-79.3722295,motorway_link,407 ETR,407 ETR West,,
ramp,43.8392055,-79.3695129,motorway_link,Toronto,404 South,,
ramp,43.8421772,-79.3558707,motorway_link,,407 ETR West,,
ramp,43.8404376,-79.3557067,motorway_link,,407 ETR East,,
ramp,43.8409173,-79.3598726,motorway_link,,407 ETR West,,
ramp,43.8411352,-79.3594072,motorway_link,,407 ETR West,,
ramp,43.8398188,-79.3585931,motorway_link,,8,,
ramp,43.8398946,-79.3590264,motorway_link,,8,,
ramp,43.4797156,-79.7721722,motorway_link,,,,
ramp,43.4839229,-79.7654595,motorway_link,,407 ETR East,,
ramp,43.4822706,-79.7633248,motorway_link,,407 ETR East,,
ramp,43.4946414,-79.6687385,motorway_link,Toronto,QEW,,
ramp,43.4947506,-79.6709926,motorway_link,Toronto,QEW,,
ramp,43.494609,-79.6761999,motorway_link,Hamilton,QEW;403,,
ramp,43.443574,-79.7031652,motorway_link,,,,
ramp,43.4479557,-79.7026388,motorway_link,Hamilton,QEW;403,,
ramp,43.6337712,-79.4732421,motorway_link,,2,,
ramp,43.6328675,-79.4747866,motorway_link,,2,,
ramp,43.6327932,-79.4746062,motorway_link,,,,
ramp,43.633694,-79.4729313,motorway_link,,,,
ramp,43.6279927,-79.479891,motorway_link,,,,
ramp,43.6276112,-79.4804781,motorway_link,,,,
ramp,43.6295106,-79.478195,motorway_link,,,,
ramp,43.6297037,-79.4779666,motorway_link,,,,
ramp,43.6296949,-79.4781863,motorway_link,,,,
ramp,43.6298846,-79.4779412,motorway_link,,,,
ramp,43.5015842,-79.6737545,motorway_link,,403 East,,
ramp,43.5024855,-79.6785696,motorway_link,,38,,
ramp,43.5517106,-79.6150284,motorway_link,,,,
ramp,43.5509858,-79.6186186,motorway_link,Hamilton,QEW,,
ramp,43.6083159,-79.5586581,motorway_link,Hamilton,QEW,,
ramp,43.6049671,-79.5590594,motorway_link,,,,
ramp,43.6045592,-79.5596266,motorway_link,Evans Avenue;The West Mall;Browns Line,,,
ramp,43.605935,-79.55799,motorway_link,,,,
ramp,43.6074464,-79.5578398,motorway_link,,,,
ramp,43.3977607,-79.7599608,motorway_link,Hamilton,QEW;403,,
ramp,43.402479,-80.3801521,motorway_link,London,401 West,,
ramp,43.8476192,-79.5440616,motorway_link,Barrie,400 North,,
ramp,43.8533639,-79.5502524,motorway_link,,25,,
ramp,43.8415449,-79.5474463,motorway_link,,25,,
ramp,43.8238348,-79.453104,motorway_link,,407 ETR East,,
ramp,43.830278,-79.4545353,motorway_link,,407 ETR West,,
ramp,43.8278829,-79.4538818,motorway_link,,407 ETR West,,
ramp,43.8271732,-79.4539424,motorway_link,,407 ETR East,,
ramp,43.6995097,-79.6831708,motorway_link,,407 ETR East,,
ramp,43.7183937,-79.5185467,motorway_link,Barrie,400 North,,
ramp,43.7187411,-79.5194222,motorway_link,Barrie,400 North,,
ramp,43.718137,-79.5202348,motorway_link,Highway 401 East,401 East,,
ramp,43.7180433,-79.5203571,motorway_link,Highway 401 West,401 West,,
ramp,43.6761556,-79.6957004,motorway_link,Highway 410,410,,
ramp,43.6755353,-79.6961097,motorway_link,Highway 410,410,,
ramp,43.6737866,-79.7026053,motorway_link,,410 North,,
ramp,43.6747933,-79.6966347,motorway_link,,410 North,,
ramp,43.6741895,-79.7029846,motorway_link,,410 North,,
ramp,43.6968492,-79.5887643,motorway_link,,,,
ramp,43.7178587,-79.6181982,motorway_link,,,,
ramp,43.7193115,-79.6175537,motorway_link,,427 North;427 Nord,,
ramp,43.7229742,-79.622942,motorway_link,,5,,
ramp,43.7186311,-79.6197235,motorway_link,,427 South;427 Sud,,
ramp,43.718147,-79.6208939,motorway_link,,427 North;427 Nord,,
ramp,43.7173732,-79.6233508,motorway_link,,427 South;427 Sud,,
ramp,43.734149,-79.6267853,motorway_link,,427 North,,
ramp,43.7391976,-79.6285591,motorway_link,Finch Avenue,,,
ramp,43.7348141,-79.6241595,motorway_link,,427 North;427 Nord,,
ramp,43.7296798,-79.6261265,motorway_link,,,,
ramp,43.7371515,-79.6283457,motorway_link,,2,,
ramp,43.7365214,-79.6283106,motorway_link,,2,,
ramp,43.7362851,-79.6274056,motorway_link,,427 North,,
ramp,43.6379867,-79.5588418,motorway_link,,427 North;427 Nord,,
ramp,43.6396768,-79.5621035,motorway_link,,427 South,,
ramp,43.640523,-79.5616419,motorway_link,,,,
ramp,43.6399644,-79.5605353,motorway_link,,,,
ramp,43.6320364,-79.5574937,motorway_link,Dundas Street;Cloverdale Road,,,
ramp,43.6156317,-79.5517918,motorway_link,Hamilton,QEW,,
ramp,43.6149504,-79.5516324,motorway_link,Hamilton,QEW,,
ramp,43.6156831,-79.5516034,motorway_link,Toronto,,,
ramp,43.6157701,-79.5510597,motorway_link,,,,
ramp,43.6150574,-79.5507852,motorway_link,,,,
ramp,43.6134522,-79.5480246,motorway_link,Toronto,,,
ramp,43.6139861,-79.5492397,motorway_link,,,,
ramp,43.6141435,-79.5485069,motorway_link,,,,
ramp,43.6134412,-79.5505733,motorway_link,,,,
ramp,43.6121148,-79.5511653,motorway_link,,,,
ramp,43.6128025,-79.5518052,motorway_link,Hamilton,QEW,,
ramp,43.6132316,-79.5516174,motorway_link,Hamilton,QEW,,
ramp,43.6113424,-79.5463601,motorway_link,,427 North,,
ramp,43.6130114,-79.5496385,motorway_link,Toronto,,,
ramp,43.6136601,-79.5482561,motorway_link,Toronto,,,
ramp,43.6140679,-79.5484732,motorway_link,,,,
ramp,43.6137208,-79.5494035,motorway_link,,,,
ramp,43.6153075,-79.5494983,motorway_link,,,,
ramp,43.6153807,-79.5497554,motorway_link,,,,
ramp,43.6175867,-79.5523768,motorway_link,Hamilton,QEW,,
ramp,43.616807,-79.5521195,motorway_link,Hamilton,QEW,,
ramp,43.6168186,-79.5519871,motorway_link,Toronto,,,
ramp,43.6176044,-79.5522771,motorway_link,Toronto,,,
ramp,43.6165019,-79.5514072,motorway_link,,,,
ramp,43.6170993,-79.5515064,motorway_link,,,,
ramp,43.6170934,-79.5517112,motorway_link,,,,
ramp,43.6156676,-79.5490659,motorway_link,,427 North,,
ramp,43.6125079,-79.5483416,motorway_link,,,,
ramp,43.6128001,-79.548074,motorway_link,,,,
ramp,43.6148131,-79.5456423,motorway_link,Pearson Airport,427,,
ramp,43.6148728,-79.5450548,motorway_link,Pearson Airport,427,,
ramp,43.6148269,-79.5450136,motorway_link,,,,
ramp,43.6147352,-79.5456102,motorway_link,,,,
ramp,43.613074,-79.6327493,motorway_link,Hamilton,403 West,,
ramp,43.6137541,-79.6313743,motorway_link,Hamilton,403 West,,
ramp,43.618945,-79.6344553,motorway_link,Hamilton,17;403 West,,
ramp,43.6182816,-79.6333344,motorway_link,Hamilton,17;403 West,,
ramp,43.6457652,-79.3712429,motorway_link,,,,
ramp,43.6181369,-79.7038889,motorway_link,Toronto,401 East,,
ramp,43.621083,-79.7082303,motorway_link,London,401,,
ramp,43.7290688,-79.4582204,motorway_link,,401 West,,
ramp,43.7197073,-79.4975684,motorway_link,Express,,,
ramp,43.7193406,-79.4987281,motorway_link,Express,,,
ramp,43.7178623,-79.5025741,motorway_link,,,,
ramp,43.7178592,-79.501306,motorway_link,,,,
ramp,43.5532326,-79.6947512,motorway_link,Toronto,403 East;403 Est,,
ramp,43.6575981,-79.6847567,motorway_link,,5,,
ramp,43.6656057,-79.6944694,motorway_link,Highway 407 ETR,407 ETR,,
ramp,43.6651287,-79.6940888,motorway_link,Highway 407 ETR,407 ETR,,
ramp,43.6648815,-79.6962363,motorway_link,Highway 410 South,410 South,,
ramp,43.6644772,-79.695526,motorway_link,Highway 410 South,410 South,,
ramp,43.6647184,-79.6961061,motorway_link,,410 South,,
ramp,43.6676388,-79.6988598,motorway_link,,5,,
ramp,43.660972,-79.6908891,motorway_link,,410 South,,
ramp,43.6650159,-79.6961981,motorway_link,,5,,
ramp,43.6627319,-79.6939153,motorway_link,,5,,
ramp,43.6644284,-79.6864518,motorway_link,,410 North,,
ramp,43.6617911,-79.6894335,motorway_link,,410 North,,
ramp,43.6651924,-79.6938885,motorway_link,,410 North,,
ramp,43.6655791,-79.694658,motorway_link,,410 North,,
ramp,43.6520921,-79.6800326,motorway_link,,,,
ramp,43.6508945,-79.6794436,motorway_link,,410 South,,
ramp,43.8402189,-79.406869,motorway_link,,407 ETR West,,
ramp,43.8398884,-79.4068761,motorway_link,,407 ETR West,,
ramp,43.5287654,-79.643115,motorway_link,,1,,
ramp,43.5207245,-79.6515533,motorway_link,,1,,
ramp,43.5241792,-79.6478527,motorway_link,Toronto,QEW,,
ramp,43.5251298,-79.6491787,motorway_link,Hamilton,QEW,,
ramp,43.4711799,-79.6746396,motorway_link,Hamilton,QEW;403,,
ramp,43.471478,-79.6735088,motorway_link,Hamilton,QEW;403,,
ramp,43.4713543,-79.6744103,motorway_link,Hamilton,QEW;403,,
ramp,43.468032,-79.6763385,motorway_link,Royal Windsor Drive,,,
ramp,43.4738552,-79.6701695,motorway_link,,,,
ramp,43.6177491,-79.6320853,motorway_link,Hamilton,17;403 West,,
ramp,43.4751739,-79.6690349,motorway_link,Hamilton,QEW;403,,
ramp,43.4709467,-79.6746049,motorway_link,Hamilton,QEW;403,,
ramp,43.8276009,-79.5429244,motorway_link,Rutherford Road,73,,
ramp,43.4104734,-80.3913231,motorway_link,,38,,
ramp,43.7225958,-79.7610679,motorway_link,,,,
ramp,43.7226301,-79.7685753,motorway_link,,410 South,,
ramp,43.7260082,-79.7644582,motorway_link,,410 North;410 Nord,,
ramp,43.7251766,-79.7657594,motorway_link,,410 South;410 Sud,,
ramp,43.7294095,-79.7684038,motorway_link,,,,
ramp,43.7281449,-79.7622678,motorway_link,,410 North;410 Nord,,
ramp,43.7431945,-79.7843041,motorway_link,,,,
ramp,43.7352376,-79.7742214,motorway_link,,,,
ramp,43.7366915,-79.7800992,motorway_link,,410 South;410 Sud,,
ramp,43.7378688,-79.7788219,motorway_link,,410 South,,
ramp,43.7386826,-79.7774531,motorway_link,,410 North;410 Nord,,
ramp,43.7402418,-79.7756867,motorway_link,,410 North;410 Nord,,
ramp,43.7131078,-79.7483257,motorway_link,,,,
ramp,43.7177216,-79.7551447,motorway_link,,,,
ramp,43.7151446,-79.7525538,motorway_link,,410 South,,
ramp,43.7160441,-79.7512794,motorway_link,,410 North;410 Nord,,
ramp,43.7163103,-79.7511759,motorway_link,,410 North;410 Nord,,
ramp,43.7030534,-79.7345596,motorway_link,,107,,
ramp,43.7059786,-79.7378026,motorway_link,,410 North,,
ramp,43.7052752,-79.7387285,motorway_link,,410 South,,
ramp,43.7037271,-79.7402704,motorway_link,,410 South,,
ramp,43.707942,-79.7357779,motorway_link,,410 North,,
ramp,43.7080065,-79.742024,motorway_link,,107,,
ramp,43.6995177,-79.7297588,motorway_link,,,,
ramp,43.7012976,-79.735453,motorway_link,Toronto,410 South,,
ramp,43.6824419,-79.7080145,motorway_link,,15,,
ramp,43.6878495,-79.7094075,motorway_link,,410 North,,
ramp,43.6883089,-79.7154122,motorway_link,,15,,
ramp,43.6832099,-79.7142708,motorway_link,,410 South,,
ramp,43.6852652,-79.7122227,motorway_link,,410 South,,
ramp,43.5088387,-79.6877077,motorway_link,,5,,
ramp,43.5089168,-79.6965157,motorway_link,Hamilton,403 West,,
ramp,43.5151617,-79.6993147,motorway_link,,5,,
ramp,43.6557228,-79.6196056,motorway_link,,401 East;401 Est,,
ramp,43.6580499,-79.615707,motorway_link,Highway 401 East,401,,
ramp,43.6585096,-79.6150305,motorway_link,Highway 401 East,401,,
ramp,43.662506,-79.6081362,motorway_link,Brampton,4;410,,
ramp,43.8457721,-79.33068,motorway_link,,407 ETR West,,
ramp,43.8444656,-79.3305969,motorway_link,,407 ETR East,,
ramp,43.6096196,-79.7355322,motorway_link,,,,
ramp,43.638932,-79.7378743,motorway_link,,18,,
ramp,43.642849,-79.7352401,motorway_link,,18,,
ramp,43.6394506,-79.7319063,motorway_link,,407 ETR East,,
ramp,43.6409403,-79.7364509,motorway_link,,407 ETR East,,
ramp,43.641249,-79.742391,motorway_link,,407 ETR West,,
ramp,43.6411924,-79.7373772,motorway_link,,407 ETR West,,
ramp,43.5546272,-79.7602147,motorway_link,,407 ETR East,,
ramp,43.5550743,-79.7676039,motorway_link,,3,,
ramp,43.5684169,-79.7857374,motorway_link,,7,,
ramp,43.5737362,-79.7876124,motorway_link,Toronto,407 ETR East,,
ramp,43.5744319,-79.7945206,motorway_link,,7,,
ramp,43.5712495,-79.7902034,motorway_link,Toronto,407 ETR East,,
ramp,43.5713541,-79.7903325,motorway_link,Hamilton,407 ETR West,,
ramp,43.5060912,-79.6675189,motorway_link,,19,,
ramp,43.5133783,-79.6600149,motorway_link,,19,,
ramp,43.5520684,-79.7628915,motorway_link,,407 ETR East,,
ramp,43.5524595,-79.762394,motorway_link,,407 ETR East,,
ramp,43.552574,-79.7625417,motorway_link,,407 ETR West,,
ramp,43.5505891,-79.7646635,motorway_link,,407 ETR West,,
ramp,43.5520547,-79.7631906,motorway_link,,407 ETR West,,
ramp,43.5696466,-79.792033,motorway_link,Hamilton,407 ETR West,,
ramp,43.5718653,-79.7896888,motorway_link,Hamilton,407 ETR West,,
ramp,43.5718673,-79.7894343,motorway_link,Toronto,407 ETR East,,
ramp,43.529502,-79.7293545,motorway_link,Highway 403,403,,
ramp,43.5298085,-79.7307904,motorway_link,Highway 403,403,,
ramp,43.5282011,-79.7261053,motorway_link,Highway 403,403,,
ramp,43.5275672,-79.7249076,motorway_link,Highway 403 Hamilton,,,
ramp,43.5275705,-79.7250169,motorway_link,Highway 403 Eastbound,,,
ramp,43.5252932,-79.7257049,motorway_link,,403,,
ramp,43.5254319,-79.7248301,motorway_link,,403,,
ramp,43.581578,-79.581476,motorway_link,Toronto,QEW,,
ramp,43.5848264,-79.5855477,motorway_link,Hamilton,QEW,,
ramp,43.5811072,-79.5856401,motorway_link,,17,,
ramp,43.586011,-79.5805825,motorway_link,,17,,
ramp,43.5271494,-80.2600414,trunk_link,Acton;Cambridge,,,
ramp,43.5276673,-80.2609323,trunk_link,Acton;Cambridge,,,
ramp,43.5275364,-80.2632695,trunk_link,Fergus;Mount Forest,6 North,,
ramp,43.7588612,-79.7964974,motorway_link,,410 North;410 Nord,,
ramp,43.7551433,-79.807374,motorway_link,,14,,
ramp,43.4275208,-79.7216581,motorway_link,,,,
ramp,43.743937,-79.8262886,motorway_link,Brampton,,,
ramp,43.7424977,-79.8320344,motorway_link,Orangeville,10 North,,
ramp,43.7404128,-79.8317403,motorway_link,Mississauga,410 South,,
ramp,43.7423649,-79.8367464,motorway_link,Brampton,,,
ramp,43.7404844,-79.8327581,motorway_link,Brampton,,,
ramp,43.7525709,-79.7917582,motorway_link,,14,,
ramp,43.6008506,-79.5644642,motorway_link,,4,,
ramp,43.5997057,-79.565191,motorway_link,Toronto,QEW,,
ramp,43.6293856,-79.5555983,motorway_link,,427 North,,
ramp,43.6294081,-79.5550072,motorway_link,,427 North,,
ramp,43.6149145,-79.5480202,motorway_link,,427 North,,
ramp,43.6119889,-79.5475546,motorway_link,Hamilton,QEW,,
ramp,43.6127832,-79.5491791,motorway_link,,,,
ramp,43.4895881,-79.7610665,motorway_link,,,,
ramp,43.4849089,-79.7667467,motorway_link,,407 ETR West,,
ramp,43.6385807,-79.3923156,motorway_link,,,,
ramp,43.611014,-79.5486041,motorway_link,,,,
ramp,43.6143043,-79.5477123,motorway_link,,,,
ramp,43.7167277,-79.5202622,motorway_link,Black Creek Drive,,,
ramp,43.7158688,-79.5199127,motorway_link,Black Creek Drive,,,
ramp,43.7157874,-79.5171226,motorway_link,Highway 401 East,401 East,,
ramp,43.7169078,-79.519371,motorway_link,Highway 401 East,401 East,,
ramp,43.7169265,-79.5188194,motorway_link,Barrie,400 North,,
ramp,43.7161208,-79.5184505,motorway_link,Barrie,400 North,,
ramp,43.716104,-79.5178359,motorway_link,,401 West,,
ramp,43.7169761,-79.5184507,motorway_link,,401 West,,
ramp,43.7146753,-79.5185806,motorway_link,Black Creek Drive,,,
ramp,43.7153452,-79.5194451,motorway_link,Black Creek Drive,,,
ramp,43.7151096,-79.5264512,motorway_link,Barrie;Black Creek Drive,400 North,,
ramp,43.7151424,-79.5262466,motorway_link,Barrie;Black Creek Drive,400 North,,
ramp,43.7153325,-79.5265503,motorway_link,Barrie,400 North,,
ramp,43.7153822,-79.5262832,motorway_link,Barrie,400 North,,
ramp,43.7151205,-79.5278601,motorway_link,Barrie,400 North,,
ramp,43.7116704,-79.5059135,motorway_link,,400 North,,
ramp,43.7117192,-79.5063438,motorway_link,,400 North,,
ramp,43.7176858,-79.5194023,motorway_link,Barrie,400 North,,
ramp,43.717918,-79.5195739,motorway_link,Barrie,400 North,,
ramp,43.7176639,-79.5199074,motorway_link,Highway 401 East,401 East,,
ramp,43.7173765,-79.5197101,motorway_link,Highway 401 East,401 East,,
ramp,43.6925427,-79.5711517,motorway_link,,,,
ramp,43.692301,-79.5713572,motorway_link,,,,
ramp,43.7051412,-79.6128096,motorway_link,,,,
ramp,43.6920496,-79.5695503,motorway_link,,401 West,,
ramp,43.69164,-79.5697929,motorway_link,,401 West,,
ramp,43.6763604,-79.5925298,motorway_link,,,,
ramp,43.7040001,-79.5633896,motorway_link,,401 East,,
ramp,43.6987504,-79.574233,motorway_link,,409 East;409 Est,,
ramp,43.6993124,-79.5743241,motorway_link,,409 West;409 Ouest,,
ramp,43.6859848,-79.600403,motorway_link,Fasken Drive,,,
ramp,43.6866442,-79.6008335,motorway_link,Fasken Drive,,,
ramp,43.3951736,-79.7564246,motorway_link,Toronto,QEW;403,,
ramp,43.3952866,-79.7563846,motorway_link,Hamilton,QEW;403,,
ramp,43.3956568,-79.7567446,motorway_link,Hamilton,QEW;403,,
ramp,43.7375421,-79.4304546,motorway_link,,401 East,,
ramp,43.7378842,-79.4299733,motorway_link,,401 East,,
ramp,43.695695,-79.6093154,motorway_link,Highway 427 North,427 North,,
ramp,43.6948167,-79.6099706,motorway_link,,427 South;401 West,,
ramp,43.6931015,-79.6106263,motorway_link,,427 South;401 West,,
ramp,43.6973891,-79.6035518,motorway_link,,427 North;427 Nord,,
ramp,43.700519,-79.6106346,motorway_link,Viscount Road;Airport Road,7,,
ramp,43.6930289,-79.6111371,trunk_link,,,,
ramp,43.688221,-79.614345,motorway_link,,7,,
ramp,43.6990766,-79.6099298,motorway_link,Terminal 3,,,
ramp,43.7029724,-79.6115969,motorway_link,Viscount Road;Airport Road;Pearson Airport,7,,
ramp,43.6879891,-79.61235,trunk_link,Terminal 1;Terminal 3,409;401;427,,
ramp,43.6931015,-79.6106263,motorway_link,,409;427 North,,
ramp,43.6850641,-79.5988763,motorway_link,Pearson Airport;Pearson Aéroport,,,
ramp,43.6865215,-79.6121741,trunk_link,,,,
ramp,43.6845491,-79.6105173,trunk_link,,,,
ramp,43.6875218,-79.6128298,trunk_link,Terminal 1;Terminal 3,409 East;401 East;427 North,,
ramp,43.6883946,-79.6127519,trunk_link,Terminal 1 Departures,,,
ramp,43.6870484,-79.6132604,trunk_link,Terminal 1 Arrivals,,,
ramp,43.684975,-79.614004,trunk_link,Terminal 1;Terminal 3,409 East;401 East;427 North,,
ramp,43.6848614,-79.614779,trunk_link,Ground Transportation,,,
ramp,43.685609,-79.6074831,trunk_link,Terminal 1;Terminal 3,401;409;427,,
ramp,43.6857096,-79.6060843,trunk_link,Terminal 1;Terminal 3,401;409;427,,
ramp,43.4259579,-79.7274192,motorway_link,Hamilton,QEW;403,,
ramp,43.4226176,-79.7230194,motorway_link,Toronto,QEW;403,,
ramp,43.4240081,-79.7255923,motorway_link,Toronto,QEW;403,,
ramp,43.424029,-79.7254075,motorway_link,Hamilton,QEW;403,,
ramp,43.500059,-79.6743021,motorway_link,,13,,
ramp,43.5005002,-79.6740167,motorway_link,,13,,
ramp,43.7293358,-79.3296619,motorway_link,,,,
ramp,43.6157272,-79.6286123,motorway_link,,403 East;401 East;410 North,,
ramp,43.711701,-79.5050821,motorway_link,,400 North,,
ramp,43.7119368,-79.5047572,motorway_link,,400 North,,
ramp,43.6671475,-79.5901591,motorway_link,,427 South;427 Sud,,
ramp,43.6446325,-79.6501259,motorway_link,Brampton,410,,
ramp,43.637569,-79.6631477,motorway_link,,,,
ramp,43.6421358,-79.6626878,motorway_link,,,,
ramp,43.6393885,-79.6623614,motorway_link,,,,
ramp,43.6336291,-79.6525165,motorway_link,,,,
ramp,43.6376601,-79.6569427,motorway_link,,,,
ramp,43.6383955,-79.6600567,motorway_link,,,,
ramp,43.6388248,-79.6584106,motorway_link,,,,
ramp,43.6405624,-79.6521494,motorway_link,Toronto,,,
ramp,43.6413041,-79.6512816,motorway_link,Toronto,,,
ramp,43.6369213,-79.6558189,motorway_link,Hamilton,,,
ramp,43.6376942,-79.6560872,motorway_link,Hamilton,,,
ramp,43.6393491,-79.6561837,motorway_link,Hamilton,,,
ramp,43.6429414,-79.6539697,motorway_link,Hamilton,,,
ramp,43.5674255,-79.5986081,motorway_link,Toronto,QEW,,
ramp,43.6432637,-79.6542066,motorway_link,,,,
ramp,43.6429216,-79.654817,motorway_link,,,,
ramp,43.641135,-79.6514072,motorway_link,,,,
ramp,43.6408453,-79.6520435,motorway_link,,,,
ramp,43.5649251,-79.6032352,motorway_link,,,,
ramp,43.5715152,-79.5965313,motorway_link,,,,
ramp,43.5687571,-79.6006707,motorway_link,Hamilton,QEW,,
ramp,43.5693643,-79.6015112,motorway_link,Hamilton,QEW,,
ramp,43.5678607,-79.5996979,motorway_link,Toronto,QEW,,
ramp,43.5691626,-79.5984047,motorway_link,Toronto,QEW,,
ramp,43.6737729,-79.7028403,motorway_link,,410 North,,
ramp,43.6741828,-79.703132,motorway_link,,410 North,,
ramp,43.674045,-79.7046859,motorway_link,Highway 407 ETR,407 ETR,,
ramp,43.6736449,-79.7045392,motorway_link,Highway 407 ETR,407 ETR,,
ramp,43.7040289,-79.6810623,motorway_link,,,,
ramp,43.6978983,-79.6809842,motorway_link,,407 ETR East,,
ramp,43.7030354,-79.6819463,motorway_link,,,,
ramp,43.703205,-79.6809631,motorway_link,,,,
ramp,43.8293786,-79.4544933,motorway_link,,407 ETR West,,
ramp,43.8290027,-79.4545191,motorway_link,,407 ETR West,,
ramp,43.8650941,-79.3750276,motorway_link,Richmond Hill;Markham;16th Avenue,73,,
ramp,43.8654715,-79.3758057,motorway_link,Toronto,404 South,,
ramp,43.8433713,-79.3710951,motorway_link,,407 East,,
ramp,43.8434489,-79.371158,motorway_link,,407 ETR West,,
ramp,43.8439032,-79.3688116,motorway_link,Newmarket,404 North,,
ramp,43.844188,-79.3690482,motorway_link,Newmarket,404 North,,
ramp,43.8469085,-79.3702314,motorway_link,Newmarket,404 North,,
ramp,43.8472838,-79.3703726,motorway_link,Newmarket,404 North,,
ramp,43.8470678,-79.3712991,motorway_link,,407 ETR,,
ramp,43.8467532,-79.371248,motorway_link,,407 ETR,,
ramp,43.8470552,-79.3714493,motorway_link,Toronto,404 South,,
ramp,43.8467261,-79.3714079,motorway_link,Toronto,404 South,,
ramp,43.8468692,-79.370452,motorway_link,Newmarket,404 North,,
ramp,43.8472249,-79.3705632,motorway_link,Newmarket,404 North,,
ramp,43.4362057,-79.7967222,motorway_link,Truck inspection station,,,
ramp,43.4224967,-79.8119271,motorway_link,Truck inspection station,,,
ramp,43.6508101,-79.5662409,motorway_link,,,,
ramp,43.7628302,-79.3872836,motorway_link,,401 East,,
ramp,43.7629729,-79.3866838,motorway_link,,401 East,,
ramp,43.7667146,-79.3647906,motorway_link,,401 West,,
ramp,43.6172769,-79.761759,motorway_link,,407 ETR East,,
ramp,43.6183435,-79.7629218,motorway_link,,407 ETR West,,
ramp,43.615054,-79.7588005,motorway_link,,407 ETR East,,
ramp,43.6151661,-79.7677101,motorway_link,Mississauga Road,,,
ramp,43.6197298,-79.7652926,motorway_link,,407 ETR West,,
ramp,43.621108,-79.7579924,motorway_link,,1,,
ramp,43.5069677,-79.7452639,motorway_link,,407 ETR East,,
ramp,43.5047811,-79.7525183,motorway_link,Oakville;Halton Hills,3,,
ramp,43.5094232,-79.7486149,motorway_link,,407 ETR East,,
ramp,43.5100343,-79.7494218,motorway_link,,407 ETR West,,
ramp,43.508704,-79.7483042,motorway_link,,407 ETR West,,
ramp,43.6061237,-79.7468223,motorway_link,London,401 West;401 Ouest,,
ramp,43.5268883,-80.2669619,trunk_link,Acton;Cambridge,7 East,,
ramp,43.5267761,-80.2651164,trunk_link,Hamilton,6 South,,
ramp,43.5277005,-80.263563,trunk_link,Fergus;Mount Forest,6 North,,
ramp,43.5252233,-80.2662879,trunk_link,Hamilton,6 South,,
ramp,43.6700842,-79.7000599,motorway_link,Highway 410 South,410 South,,
ramp,43.667412,-79.6996374,motorway_link,Highway 410 South,410 South,,
ramp,43.6675437,-79.7004091,motorway_link,,410 North,,
ramp,43.6664915,-79.7007142,motorway_link,,410 North,,
ramp,43.666187,-79.7008668,motorway_link,,410 North,,
ramp,43.6666553,-79.6990172,motorway_link,Highway 410 South,410 South,,
ramp,43.6664023,-79.6987623,motorway_link,Highway 410 South,410 South,,
ramp,43.6706226,-79.700834,motorway_link,,410 North,,
ramp,43.6715371,-79.7012814,motorway_link,,410 North,,
ramp,43.6712328,-79.7011093,motorway_link,,410 North,,
ramp,43.6713513,-79.6994687,motorway_link,Highway 410 South,410 South,,
ramp,43.6716389,-79.699264,motorway_link,Highway 410 South,410 South,,
ramp,43.82276,-79.545661,motorway_link,Rutherford Road,73,,
ramp,43.7769469,-79.5636375,motorway_link,Pine Valley Drive,57,,
ramp,43.6341979,-79.6513871,motorway_link,Toronto,401 East Collector,,
ramp,43.8285789,-79.5436764,motorway_link,Barrie,400 North,,
ramp,43.833177,-79.546932,motorway_link,Rutherford Road,73,,
ramp,43.8282117,-79.5465913,motorway_link,Toronto,400 South,,
ramp,43.8282449,-79.5451935,motorway_link,Barrie,400 North,,
ramp,43.8086806,-79.546815,motorway_link,Toronto,400 South,,
ramp,43.8092984,-79.5440068,motorway_link,Toronto,400 South,,
ramp,43.8797048,-79.5564823,motorway_link,ONRoute Service Centre,,,
ramp,43.4119824,-80.3915585,motorway_link,,,,
ramp,43.4090571,-80.3918541,motorway_link,Region of Waterloo,38,,
ramp,43.4104775,-80.3920971,motorway_link,,38,,
ramp,43.41018,-80.3915383,motorway_link,,38,,
ramp,43.6147285,-79.5465091,motorway_link,Pearson Airport,427,,
ramp,43.615265,-79.5417915,motorway_link,,,,
ramp,43.7682669,-79.3390927,motorway_link,,401 East,,
ramp,43.7683897,-79.3372181,motorway_link,,401 West,,
ramp,43.7667725,-79.338415,motorway_link,Downtown,DVP South,,
ramp,43.6398826,-79.3845024,motorway_link,,,,
ramp,43.643238,-79.377451,motorway_link,,,,
ramp,43.6446697,-79.3740526,motorway_link,,,,
ramp,43.6449738,-79.3728882,motorway_link,,,,
ramp,43.6448903,-79.3735167,motorway_link,,,,
ramp,43.644627,-79.3744042,motorway_link,,,,
ramp,43.6421672,-79.3797671,motorway_link,,,,
ramp,43.6438292,-79.3762536,motorway_link,,,,
ramp,43.6457306,-79.3710301,motorway_link,,,,
ramp,43.6458392,-79.3704265,motorway_link,,,,
ramp,43.6455328,-79.3719308,motorway_link,,,,
ramp,43.6453122,-79.3729477,motorway_link,,,,
ramp,43.6455076,-79.372456,motorway_link,,,,
ramp,43.6454458,-79.3727687,motorway_link,,,,
ramp,43.6412898,-79.3820052,motorway_link,,,,
ramp,43.6417911,-79.3810077,motorway_link,,,,
ramp,43.6400435,-79.3843005,motorway_link,,,,
ramp,43.6393161,-79.3898518,motorway_link,,,,
ramp,43.6391105,-79.3907553,motorway_link,,,,
ramp,43.638585,-79.3939338,motorway_link,,,,
ramp,43.6383935,-79.3950481,motorway_link,,,,
ramp,43.6383521,-79.3934044,motorway_link,,,,
ramp,43.6381008,-79.3949239,motorway_link,,,,
ramp,43.4149033,-80.4039868,motorway_link,Highway 8 West - Kitchener/Waterloo,8,,
ramp,43.4366789,-79.7114007,motorway_link,Truck inspection station,,,
ramp,43.4321608,-79.7159175,motorway_link,Truck inspection station,,,
ramp,43.7455278,-79.6293649,motorway_link,,407 ETR,,
ramp,43.7461342,-79.6294534,motorway_link,,407 ETR,,
ramp,43.7484285,-79.6296615,motorway_link,Express Toll Route West,407 ETR West,,
ramp,43.7511683,-79.6323999,motorway_link,Highway 427 South;Toronto;Airport,427 South,,
ramp,43.7484166,-79.6307205,motorway_link,Highway 427 South,427 South,,
ramp,43.7479251,-79.6296084,motorway_link,,407 ETR,,
ramp,43.7071417,-79.613924,motorway_link,,,,
ramp,43.7010495,-79.6108497,motorway_link,,,,
ramp,43.7011772,-79.6106682,motorway_link,Highway 401 East via 409,,,
ramp,43.7017481,-79.6109381,motorway_link,Highway 401 East via 409,,,
ramp,43.7017383,-79.6111244,motorway_link,,,,
ramp,43.6972221,-79.6076898,motorway_link,,,,
ramp,43.6972221,-79.6076898,motorway_link,Highway 427 South,427,,
ramp,43.4524283,-80.1233107,motorway_link,Toronto,401 East,,
ramp,43.7672997,-79.3635509,motorway_link,,,,
ramp,43.6546419,-79.5670142,motorway_link,,,,
ramp,43.6304206,-79.6474022,motorway_link,Brampton,410,,
ramp,43.6304682,-79.6473127,motorway_link,,401 Collectors,,
ramp,43.6742941,-79.5660919,motorway_link,,,,
ramp,43.8467308,-79.3240083,motorway_link,,65,,
ramp,43.8462869,-79.3238274,motorway_link,,407 ETR East,,
ramp,43.7746251,-79.5705541,motorway_link,,407 ETR West,,
ramp,43.7744603,-79.5705705,motorway_link,,407 ETR West,,
ramp,43.7770049,-79.5713647,motorway_link,,407 ETR West,,
ramp,43.7733417,-79.5703983,motorway_link,,407 ETR East,,
ramp,43.7708544,-79.5695937,motorway_link,,407 ETR East,,
ramp,43.7594594,-79.53204,motorway_link,Finch Avenue,,,
ramp,43.7551531,-79.5328128,motorway_link,,,,
ramp,43.6356481,-79.4691291,motorway_link,,,,
ramp,43.6262846,-79.488907,motorway_link,Gardiner Expressway West,,,
ramp,43.6260079,-79.4895572,motorway_link,Gardiner Expressway West,,,
ramp,43.8393155,-79.3715674,motorway_link,407 ETR,407 West,,
ramp,43.5378355,-80.2806762,trunk_link,Willow Road,,,
ramp,43.5384328,-80.2819738,trunk_link,Willow Road,,,
ramp,43.5385821,-80.2808467,trunk_link,Fergus;Mount Forest,6 North,,
ramp,43.5375816,-80.2820179,trunk_link,Hamilton,6 South,,
ramp,43.5324085,-80.2747761,trunk_link,Hamilton,6 South,,
ramp,43.5328576,-80.2738151,trunk_link,Paisley Road,,,
ramp,43.5430995,-80.2881931,trunk_link,,,,
ramp,43.5439212,-80.2881286,trunk_link,Fergus;Mount Forest,,,
ramp,43.5429688,-80.2894527,trunk_link,Hamilton,6 South,,
ramp,43.7521278,-79.4094848,motorway_link,,,,
ramp,43.7525945,-79.408385,motorway_link,,,,
ramp,43.7528686,-79.4077088,motorway_link,,,,
ramp,43.7527519,-79.4102532,motorway_link,,401 West,,
ramp,43.7540338,-79.4081657,motorway_link,,401 West,,
ramp,43.7559747,-79.4052549,motorway_link,,,,
ramp,43.7553143,-79.4077775,motorway_link,,,,
ramp,43.7553668,-79.407813,motorway_link,,,,
ramp,43.7716325,-79.5758099,motorway_link,,57,,
ramp,43.4092277,-80.3924882,motorway_link,Toronto,401 East,,
ramp,43.6825561,-79.6925985,motorway_link,,4,,
ramp,43.6868279,-79.6901176,motorway_link,,407 ETR East,,
ramp,43.6899687,-79.6943916,motorway_link,,407 ETR West,,
ramp,43.6854322,-79.6880022,motorway_link,,407 ETR East,,
ramp,43.6925547,-79.6885052,motorway_link,,4,,
ramp,43.6883826,-79.6919731,motorway_link,,407 ETR West,,
ramp,43.7800911,-79.5389642,motorway_link,Highway 400 South;Toronto,400 South,,
ramp,43.7428721,-79.4234887,motorway_link,,401 West;401 Quest,,
ramp,43.821009,-79.4780297,motorway_link,,407 ETR West,,
ramp,43.8202278,-79.4779361,motorway_link,,407 ETR West,,
ramp,43.7132859,-79.5385424,motorway_link,,401 West,,
ramp,43.7118134,-79.5376996,motorway_link,,,,
ramp,43.7136113,-79.5375637,motorway_link,,401 West,,
ramp,43.7119969,-79.53892,motorway_link,,,,
ramp,43.706551,-79.5557783,motorway_link,Express,401,,
ramp,43.7065395,-79.5554067,motorway_link,,,,
ramp,43.7063746,-79.5559202,motorway_link,Express,401,,
ramp,43.7063682,-79.5558235,motorway_link,Weston Road;Black Creek Drive;Collectors,401,,
ramp,43.7065555,-79.5556486,motorway_link,Weston Road;Black Creek Drive;Collectors,401,,
ramp,43.7122018,-79.5074744,motorway_link,,400 North,,
ramp,43.7123141,-79.5072327,motorway_link,,400 North,,
ramp,43.7121141,-79.5060909,motorway_link,,400 North,,
ramp,43.7526828,-79.4071604,motorway_link,,401 East,,
ramp,43.7108645,-79.504014,motorway_link,,,,
ramp,43.7106869,-79.5033701,motorway_link,,,,
ramp,43.7404844,-79.8327581,motorway_link,,,,
ramp,43.767836,-79.6331173,motorway_link,Brampton;Vaughan,7,,
ramp,43.4099427,-79.7400832,motorway_link,,25,,
ramp,43.4137465,-79.7368289,motorway_link,Bronte Road,25,,
ramp,43.412237,-79.7439476,motorway_link,Hamilton,QEW;403,,
ramp,43.4104143,-79.7399586,motorway_link,Hamilton,403 West;QEW West,,
ramp,43.8379286,-79.4015142,motorway_link,,34,,
ramp,43.8378336,-79.4010056,motorway_link,,34,,
ramp,43.8372729,-79.4011829,motorway_link,,407 ETR East,,
ramp,43.8372378,-79.4007,motorway_link,,407 ETR East,,
ramp,43.8370384,-79.4228501,motorway_link,,1,,
ramp,43.8163494,-79.5449515,motorway_link,,,,
ramp,43.8269771,-79.5506703,motorway_link,Toronto,400 South,,
ramp,43.8465489,-79.5501257,motorway_link,Toronto,400 South,,
ramp,43.8597609,-79.551533,motorway_link,,49,,
ramp,43.8660499,-79.5490003,motorway_link,Barrie,400 North,,
ramp,43.86542,-79.5531241,motorway_link,,49,,
ramp,43.8612295,-79.5542881,motorway_link,,49,,
ramp,43.6200308,-79.7583733,motorway_link,,407 ETR East,,
ramp,43.6208135,-79.7584938,motorway_link,,1,,
ramp,43.6203325,-79.7591137,motorway_link,,1,,
ramp,43.5084716,-79.7479543,motorway_link,,407 ETR East,,
ramp,43.5089084,-79.7474922,motorway_link,,407 ETR East,,
ramp,43.5092095,-79.7478227,motorway_link,,407 ETR West,,
ramp,43.5085702,-79.7474885,motorway_link,,407 ETR West,,
ramp,43.5127744,-79.7433601,motorway_link,Oakville;Halton Hills,3,,
ramp,43.5283312,-79.7257809,motorway_link,Highway 407 ETR East,407 ETR East,,
ramp,43.5278637,-79.7249386,motorway_link,Highway 407 ETR,,,
ramp,43.7757907,-79.5364803,motorway_link,Highway 400 South;Toronto,400 South,,
ramp,43.4755455,-79.6696895,motorway_link,Hamilton,QEW,,
ramp,43.7661683,-79.3416517,motorway_link,Newmarket,404,,
ramp,43.7855572,-79.5232044,motorway_link,,407 ETR East,,
ramp,43.7828374,-79.521695,motorway_link,,407 ETR East,,
ramp,43.83558,-79.4052526,motorway_link,,407 ETR East,,
ramp,43.6142504,-79.5442026,motorway_link,,,,
ramp,43.5547579,-79.6984206,motorway_link,Hamilton,403 West;403 Ouest,,
ramp,43.6033133,-79.7515878,motorway_link,,1,,
ramp,43.4462453,-79.7913218,motorway_link,,407 ETR West,,
ramp,43.7555309,-79.3346901,motorway_link,,,,
ramp,43.757509,-79.337007,motorway_link,,,,
ramp,43.7225004,-79.3320126,motorway_link,,,,
ramp,43.723672,-79.3285689,motorway_link,,,,
ramp,43.795164,-79.3441993,motorway_link,Toronto,404 South,,
ramp,43.5430334,-79.8602762,motorway_link,,401 East,,
ramp,43.5438389,-79.7092637,motorway_link,Hamilton,403,,
ramp,43.6747933,-79.6966347,motorway_link,,410 South,,
ramp,43.6757316,-79.7041829,motorway_link,,410 North,,
ramp,43.7521888,-79.4093586,motorway_link,,,,
ramp,43.7307083,-79.4417411,motorway_link,,,,
ramp,43.7273171,-79.456407,motorway_link,,,,
ramp,43.7305254,-79.4494183,motorway_link,,,,
ramp,43.7269881,-79.4471402,motorway_link,,401 East,,
ramp,43.7310516,-79.450866,motorway_link,,401 West,,
ramp,43.6974584,-79.6045625,motorway_link,,,,
ramp,43.6855045,-79.6024847,motorway_link,,427 South;401 West,,
ramp,43.6857934,-79.6027296,motorway_link,Terminal 1;Terminal 3,,,
ramp,43.7868751,-79.5237307,motorway_link,,407 ETR West,,
ramp,43.7586985,-79.6151139,motorway_link,,427,,
ramp,43.7845258,-79.5226016,motorway_link,Jane Street,55,,
ramp,43.5832925,-79.6622958,motorway_link,,,,
ramp,43.7554634,-79.4071099,motorway_link,,,,
ramp,43.7556231,-79.4062365,motorway_link,,,,
ramp,43.7549452,-79.4087965,motorway_link,,,,
ramp,43.7533635,-79.4062454,motorway_link,,401 East,,
ramp,43.7240097,-79.4791223,motorway_link,,,,
ramp,43.7214529,-79.4838911,motorway_link,,,,
ramp,43.7289269,-79.4465198,motorway_link,,401 East,,
ramp,43.7299129,-79.4444996,motorway_link,,401 East,,
ramp,43.7328081,-79.4503643,motorway_link,,401 West,,
ramp,43.4449022,-79.6976725,motorway_link,Toronto,QEW;403,,
ramp,43.6165533,-79.6298936,motorway_link,Hamilton,17;403 West,,
ramp,43.6118009,-79.6339567,motorway_link,Hamilton,403 West,,
ramp,43.6168567,-79.6303527,motorway_link,Hamilton,17;403 West,,
ramp,43.6130966,-79.5508682,motorway_link,,,,
ramp,43.7756501,-79.5326741,motorway_link,Steeles Avenue West,,,
ramp,43.782417,-79.5436873,motorway_link,Highway 407 ETR West,407 ETR West,,
ramp,43.7309986,-79.4460239,motorway_link,,,,
ramp,43.4930609,-79.6720199,motorway_link,,13,,
ramp,43.4933915,-79.6743442,motorway_link,Hamilton,QEW;403,,
ramp,43.4930291,-79.6742733,motorway_link,Hamilton,QEW;403,,
ramp,43.4932952,-79.6717414,motorway_link,,13,,
ramp,43.7353556,-79.4366574,motorway_link,,,,
ramp,43.711682,-79.5371733,motorway_link,,,,
ramp,43.6250958,-79.4897543,motorway_link,Mystic Pointe Neighbourhood,,,
ramp,43.4337047,-80.2477305,motorway_link,,,,
ramp,43.435718,-80.2407767,motorway_link,ONroute Cambridge,,,
ramp,43.76212,-79.3900659,motorway_link,,,,
ramp,43.6347694,-79.4721452,motorway_link,,,,
ramp,43.6346707,-79.4715426,motorway_link,,,,
ramp,43.8375122,-79.3829105,motorway_link,,407 ETR West,,
ramp,43.8377312,-79.3783377,motorway_link,,,,
ramp,43.8379863,-79.3807164,motorway_link,,407 ETR West,,
ramp,43.7562421,-79.6206371,motorway_link,,27,,
ramp,43.7232764,-79.3321453,motorway_link,,,,
ramp,43.7232764,-79.3321453,motorway_link,,,,
ramp,43.6315094,-79.4293055,motorway_link,,,,
ramp,43.6191959,-79.5249952,motorway_link,,,,
ramp,43.8322839,-79.4326562,motorway_link,,1,,
ramp,43.8437332,-79.3324885,motorway_link,,65,,
ramp,43.420197,-80.2829514,motorway_link,Toronto,401 East,,
ramp,43.4215441,-80.283285,motorway_link,London,401 West,,
ramp,43.7789068,-79.3411888,motorway_link,Sheppard Avenue;Fairview Mall,,,
ramp,43.7761378,-79.3411478,motorway_link,Don Valley Parkway South,,,
ramp,43.4461545,-79.6998214,motorway_link,Toronto,QEW;403,,
ramp,43.9062607,-79.3856853,motorway_link,,49,,
ramp,43.8845846,-79.381534,motorway_link,Richmond Hill;Markham,25,,
ramp,43.7691897,-79.3180382,motorway_link,,,,
ramp,43.7674888,-79.3217392,motorway_link,,,,
ramp,43.7687836,-79.3170522,motorway_link,,,,
ramp,43.7669043,-79.3206935,motorway_link,,,,
ramp,43.611632,-79.5493776,motorway_link,,,,
ramp,43.6287072,-79.4793145,motorway_link,,,,
ramp,43.7230565,-79.3283633,motorway_link,,,,
ramp,43.7276139,-79.3308859,motorway_link,,,,
ramp,43.7714029,-79.3391912,motorway_link,,401 East;401 Est,,
ramp,43.7706907,-79.3377363,motorway_link,Newmarket,404,,
ramp,43.7764597,-79.3376979,motorway_link,Yorkland Road,,,
ramp,43.7768764,-79.3393574,motorway_link,,,,
ramp,43.7773697,-79.3385355,motorway_link,,,,
ramp,43.7163245,-79.4450918,motorway_link,,,,
ramp,43.7251875,-79.4470756,motorway_link,,Yorkdale Road,,
ramp,43.7276653,-79.4490768,motorway_link,Yorkdale Road South,,,
ramp,43.7148882,-79.4432941,motorway_link,,,,
ramp,43.7276653,-79.4490768,motorway_link,Shopping Centre,,,
ramp,43.7165979,-79.4435347,motorway_link,,Allen Road North,,
ramp,43.7289838,-79.4491297,motorway_link,,,,
ramp,43.7303018,-79.4427719,motorway_link,,401 East,,
ramp,43.7359125,-79.4345649,motorway_link,,,,
ramp,43.7116683,-79.5084428,motorway_link,Jane Street,,,
ramp,43.721335,-79.4829727,motorway_link,,,,
ramp,43.7146013,-79.5340589,motorway_link,Weston Road,,,
ramp,43.7099299,-79.5540339,motorway_link,Islington Avenue,,,
ramp,43.714794,-79.5283086,motorway_link,Barrie;Black Creek Drive,400 North,,
ramp,43.7106061,-79.55014,motorway_link,,409;427 North,,
ramp,43.7111231,-79.5539404,motorway_link,Islington Avenue North,,,
ramp,43.7104495,-79.550904,motorway_link,Islington Avenue,,,
ramp,43.7091123,-79.5508167,motorway_link,,,,
ramp,43.7095123,-79.5498052,motorway_link,,401 East,,
ramp,43.7061881,-79.5560452,motorway_link,Weston Road;Black Creek Drive;Collectors,401,,
ramp,43.7052544,-79.5623286,motorway_link,,409;427 North,,
ramp,43.7053976,-79.5617285,motorway_link,,409;427 North,,
ramp,43.618774,-79.634237,motorway_link,Hamilton,17;403 West,,
ramp,43.6209397,-79.6366301,motorway_link,Hamilton,17;403 West,,
ramp,43.6189889,-79.6323496,motorway_link,Toronto;Brampton,401;410,,
ramp,43.6237882,-79.6384097,motorway_link,Toronto;Brampton,401;410,,
ramp,43.6341078,-79.6539536,motorway_link,,,,
ramp,43.6224869,-79.6341663,motorway_link,,,,
ramp,43.6219799,-79.6338146,motorway_link,,,,
ramp,43.6207307,-79.6384915,motorway_link,,,,
ramp,43.620454,-79.6381556,motorway_link,,,,
ramp,43.6224869,-79.6341663,motorway_link,,,,
ramp,43.6222676,-79.6391728,motorway_link,,,,
ramp,43.6025756,-79.6442779,motorway_link,,,,
ramp,43.5987587,-79.6449998,motorway_link,,,,
ramp,43.584552,-79.6594323,motorway_link,,,,
ramp,43.5839007,-79.661404,motorway_link,,,,
ramp,43.5880019,-79.658864,motorway_link,,,,
ramp,43.5808975,-79.6650647,motorway_link,,,,
ramp,43.5558512,-79.6933673,motorway_link,Toronto,403 East,,
ramp,43.5541079,-79.6947961,motorway_link,Toronto,403 East,,
ramp,43.5521838,-79.6969252,motorway_link,,1,,
ramp,43.5558351,-79.6955449,motorway_link,,1,,
ramp,43.54531,-79.7091315,motorway_link,,,,
ramp,43.5412161,-79.7124815,motorway_link,,,,
ramp,43.539999,-79.7139923,motorway_link,,,,
ramp,43.5277191,-79.7252192,motorway_link,Highway 403 Hamilton,,,
ramp,43.5412009,-79.7093098,motorway_link,,,,
ramp,43.5016534,-79.6776603,motorway_link,,38,,
ramp,43.5116367,-79.6903187,motorway_link,,5,,
ramp,43.5125182,-79.6960151,motorway_link,,5,,
ramp,43.8363623,-79.4252146,motorway_link,,1,,
ramp,43.7501956,-79.6317643,motorway_link,Highway 427 South,427 South,,
ramp,43.733073,-79.625734,motorway_link,,2,,
ramp,43.7354705,-79.6288235,motorway_link,,2,,
ramp,43.7141357,-79.617493,motorway_link,,5,,
ramp,43.7178587,-79.6181982,motorway_link,,5,,
ramp,43.719538,-79.6220665,motorway_link,,5,,
ramp,43.7082113,-79.614465,motorway_link,Pearson Airport,409,,
ramp,43.6973891,-79.6035518,motorway_link,,,,
ramp,43.671799,-79.703792,motorway_link,Highway 407 ETR East,407 ETR East,,
ramp,43.7486283,-79.6425419,motorway_link,Pearson Airport,Highway 427,,
ramp,43.7198403,-79.5214875,motorway_link,Highway 401 East,401 East,,
ramp,43.5504698,-79.6164916,motorway_link,Mississauga Road,,,
ramp,43.5506217,-79.6139359,motorway_link,Toronto,QEW,,
ramp,43.5508153,-79.6176293,motorway_link,,,,
ramp,43.8346685,-79.3670051,motorway_link,,,,
ramp,43.8390008,-79.3609526,motorway_link,407 ETR,407 East,,
ramp,43.7419816,-79.4226314,motorway_link,,401 East;401 Est,,
ramp,43.7413348,-79.4221696,motorway_link,,401 East;401 Est,,
ramp,43.7410447,-79.4242562,motorway_link,,,,
ramp,43.7416831,-79.4220871,motorway_link,,401 East,,
ramp,43.7425496,-79.4218084,motorway_link,,401 East,,
ramp,43.6318475,-79.6810332,motorway_link,,,,
ramp,43.6325066,-79.6796858,motorway_link,,,,
ramp,43.4898877,-79.9884874,motorway_link,Toronto,401,,
ramp,43.4126819,-80.3291143,motorway_link,Brantford,24;24 South,,
ramp,43.4032092,-80.3797582,motorway_link,King Street East;Kitchener,8,,
ramp,43.6658273,-79.5980062,motorway_link,,,,
ramp,43.6672367,-79.5940344,motorway_link,,427 South,,
ramp,43.6279923,-79.5548059,motorway_link,Dundas Street West;Dundas Street Ouest,,,
ramp,43.6279923,-79.5548059,motorway_link,Dundas Street East;Dundas Street Est,,,
ramp,43.6428694,-79.378035,motorway_link,,,,
ramp,43.7367686,-79.3319634,motorway_link,,,,
ramp,43.7406403,-79.3320843,motorway_link,,,,
ramp,43.6417997,-79.6551734,motorway_link,Hamilton,,,
ramp,43.6416034,-79.6553124,motorway_link,Hamilton,,,
ramp,43.7961518,-79.3453615,motorway_link,,,,
ramp,43.837553,-79.3745063,motorway_link,Newmarket,404 North,,
ramp,43.8110608,-79.3472154,motorway_link,,8,,
ramp,43.8411836,-79.3619041,motorway_link,Toronto,404 South,,
ramp,43.6190525,-79.7085,motorway_link,,,,
ramp,43.8127035,-79.3484417,motorway_link,,404 South,,
ramp,43.8106475,-79.3470332,motorway_link,Woodbine Avenue;Steeles Avenue,8,,
ramp,43.9006042,-79.3871168,motorway_link,Toronto,404 South,,
ramp,43.6340456,-79.6746959,motorway_link,,,,
ramp,43.6335226,-79.6769113,motorway_link,,,,
ramp,43.6350255,-79.6718763,motorway_link,,,,
ramp,43.7723514,-79.5725546,motorway_link,,57,,
ramp,43.7860089,-79.5225598,motorway_link,Highway 407 ETR East,407 ETR East,,
ramp,43.7834277,-79.5310601,motorway_link,Highway 407 ETR East,407 ETR East,,
ramp,43.7868925,-79.5183209,motorway_link,Highway 407 ETR East,407 ETR East,,
ramp,43.7839996,-79.5291933,motorway_link,Highway 407 ETR East,407 ETR East,,
ramp,43.7860408,-79.5264316,motorway_link,Highway 400;Toronto;Barrie,400,,
ramp,43.787876,-79.5174568,motorway_link,,55,,
ramp,43.7842461,-79.528419,motorway_link,Highway 407 ETR East,407 ETR East,,
ramp,43.7796089,-79.5468833,motorway_link,,56,,
ramp,43.7785751,-79.5351804,motorway_link,,407 ETR West,,
ramp,43.7856945,-79.5300743,motorway_link,Toronto,400 South,,
ramp,43.7882647,-79.5376986,motorway_link,Highway 400 North;Barrie,400 North,,
ramp,43.7916354,-79.5386863,motorway_link,Langstaff Road,,,
ramp,43.7910237,-79.5387595,motorway_link,Highway 400 North;Barrie,400 North,,
ramp,43.7958145,-79.5399155,motorway_link,Langstaff Road;Highway 400,400,,
ramp,43.8818293,-79.3781672,motorway_link,Richmond Hill;Markham,,,
ramp,43.8831449,-79.3804354,motorway_link,Toronto,404 South;404 Sud,,
ramp,43.8833374,-79.3791948,motorway_link,Newmarket,404 North;404 Nord,,
ramp,43.7719041,-79.3390139,motorway_link,,401 West,,
ramp,43.8649583,-79.3756415,motorway_link,Toronto,404 South,,
ramp,43.8656677,-79.3777307,motorway_link,Markham;Richmond Hill,73,,
ramp,43.8655636,-79.3751104,motorway_link,Richmond Hill;Markham,,,
ramp,43.7692507,-79.338691,motorway_link,,401 West,,
ramp,43.7682734,-79.3393692,motorway_link,,401 West,,
ramp,43.8397511,-79.3590947,motorway_link,407 ETR,407 East,,
ramp,43.8434353,-79.3564185,motorway_link,,407 ETR West,,
ramp,43.8404197,-79.3613492,motorway_link,,407 ETR West,,
ramp,43.8395626,-79.3577577,motorway_link,,8,,
ramp,43.8438463,-79.3712688,motorway_link,,,,
ramp,43.8493229,-79.3724043,motorway_link,Markham;Richmond Hill,7,,
ramp,43.8434582,-79.3709822,motorway_link,Toronto,404 South,,
ramp,43.8143129,-79.3562176,motorway_link,,,,
ramp,43.6563975,-79.6196209,motorway_link,,,,
ramp,43.7695014,-79.3375237,motorway_link,Downtown,DVP South,,
ramp,43.8102094,-79.3482355,motorway_link,,404 South,,
ramp,43.7695059,-79.339568,motorway_link,,401 West;401 Ouest,,
ramp,43.7689419,-79.3343753,motorway_link,Newmarket,404 North;404 Nord,,
ramp,43.7665809,-79.3421684,motorway_link,Newmarket,404,,
ramp,43.7669081,-79.3430304,motorway_link,Newmarket,404,,
ramp,43.6678578,-79.5900415,motorway_link,,427 South,,
ramp,43.7950412,-79.3431769,motorway_link,,404 North,,
ramp,43.7935452,-79.3422017,motorway_link,,,,
ramp,43.718462,-79.6206734,motorway_link,,427 South,,
ramp,43.7075145,-79.614125,motorway_link,,,,
ramp,43.6137217,-79.6308365,motorway_link,,17,,
ramp,43.6141268,-79.6302455,motorway_link,,17,,
ramp,43.6110419,-79.63298,motorway_link,,17,,
ramp,43.6139745,-79.5450622,motorway_link,,,,
ramp,43.6141272,-79.5445125,motorway_link,,,,
ramp,43.6140537,-79.5450959,motorway_link,Toronto,,,
ramp,43.6141892,-79.5445534,motorway_link,Toronto,,,
ramp,43.7185473,-79.5206415,motorway_link,Highway 401 West,401 West,,
ramp,43.7175743,-79.5162277,motorway_link,Barrie,400 North,,
ramp,43.7534455,-79.5287087,motorway_link,,,,
ramp,43.7185813,-79.5205594,motorway_link,Highway 401 East,401 East,,
ramp,43.7745723,-79.5322754,motorway_link,Steeles Avenue West,,,
ramp,43.7873575,-79.5395413,motorway_link,,407 ETR West,,
ramp,43.789778,-79.5364989,motorway_link,,7,,
ramp,43.7873158,-79.5375948,motorway_link,,7,,
ramp,43.7740326,-79.535135,motorway_link,Steeles Avenue West,,,
ramp,43.7889086,-79.5370887,motorway_link,,7,,
ramp,43.7914831,-79.5382463,motorway_link,Barrie,400 North,,
ramp,43.7841319,-79.5374016,motorway_link,,7,,
ramp,43.7873423,-79.5397239,motorway_link,Highway 400 South,400 South,,
ramp,43.7875211,-79.5373458,motorway_link,Highway 400 North;Barrie,400 North,,
ramp,43.7873985,-79.5374044,motorway_link,Highway 400 North;Barrie,400 North,,
ramp,43.7872689,-79.5397878,motorway_link,Toronto,400 South,,
ramp,43.7867159,-79.5393037,motorway_link,Toronto,400 South,,
ramp,43.7961799,-79.5410591,motorway_link,,7,,
ramp,43.8128671,-79.5447068,motorway_link,Highway 7,7,,
ramp,43.5216231,-79.7320476,motorway_link,,403,,
ramp,43.8185177,-79.5448372,motorway_link,,,,
ramp,43.792956,-79.5413551,motorway_link,,7,,
ramp,43.8268773,-79.5440994,motorway_link,Rutherford Road,73,,
ramp,43.8281706,-79.5470076,motorway_link,Toronto,400 South,,
ramp,43.8612295,-79.5542881,motorway_link,,,,
ramp,43.8470542,-79.5483367,motorway_link,Toronto,400 South,,
ramp,43.8460516,-79.547682,motorway_link,Barrie,400 North,,
ramp,43.8469631,-79.5493109,motorway_link,Toronto,400 South,,
ramp,43.8470214,-79.5511712,motorway_link,,25,,
ramp,43.8381403,-79.409456,motorway_link,,34,,
ramp,43.8382726,-79.402945,motorway_link,,34,,
ramp,43.8425231,-79.3538232,motorway_link,,8,,
ramp,43.8464608,-79.3284809,motorway_link,,65,,
ramp,43.8476808,-79.3316423,motorway_link,,407 ETR West,,
ramp,43.8468876,-79.3230009,motorway_link,,65,,
ramp,43.8436291,-79.3373563,motorway_link,,65,,
ramp,43.8157524,-79.4765464,motorway_link,,407 ETR East,,
ramp,43.8419887,-79.3301309,motorway_link,,407 ETR East,,
ramp,43.7929458,-79.3425611,motorway_link,,,,
ramp,43.8676,-79.3743907,motorway_link,Newmarket;Keswick,404 North,,
ramp,43.7809036,-79.3409698,motorway_link,,,,
ramp,43.6720577,-79.5784253,motorway_link,,,,
ramp,43.6731727,-79.573376,motorway_link,,,,
ramp,43.6700583,-79.5838796,motorway_link,,427 South,,
ramp,43.6735414,-79.5723847,motorway_link,,401 West,,
ramp,43.6735624,-79.5709277,motorway_link,,,,
ramp,43.6672453,-79.5924299,motorway_link,,,,
ramp,43.6728889,-79.5910205,motorway_link,,,,
ramp,43.6858564,-79.599296,motorway_link,,,,
ramp,43.8339007,-79.428956,motorway_link,Highway 407 ETR Eastbound,407 ETR East,,
ramp,43.8346822,-79.428367,motorway_link,Highway 407 ETR Westbound,407 ETR West,,
ramp,43.8293914,-79.4463894,motorway_link,,38,,
ramp,43.8258674,-79.4609151,motorway_link,,38,,
ramp,43.7677072,-79.34288,motorway_link,,,,
ramp,43.7295926,-79.4485069,motorway_link,,,,
ramp,43.7316863,-79.4442024,motorway_link,Allen Road South;Yorkdale Road,,,
ramp,43.7271258,-79.4488382,motorway_link,,,,
ramp,43.8417444,-79.3697689,motorway_link,Toronto,404 South,,
ramp,43.8363726,-79.3852762,motorway_link,,12,,
ramp,43.4482448,-79.698774,motorway_link,,,,
ramp,43.4447331,-79.7015908,motorway_link,,,,
ramp,43.7861049,-79.5376408,motorway_link,Highway 7;Langstaff Road,7,,
ramp,43.7813252,-79.5473595,motorway_link,Highway 407 ETR West,407 ETR West,,
ramp,43.6649451,-79.6934094,motorway_link,,410 North,,
ramp,43.6634053,-79.6934993,motorway_link,Highway 410 South,410 South,,
ramp,43.6614682,-79.6875827,motorway_link,,5,,
ramp,43.6905599,-79.6902796,motorway_link,,4,,
ramp,43.684035,-79.6919507,motorway_link,,4,,
ramp,43.4432328,-79.7895916,motorway_link,Oakville;Milton,25,,
ramp,43.4476473,-79.7896561,motorway_link,Oakville;Milton,25,,
ramp,43.5202137,-79.7340186,motorway_link,Toronto,403;QEW West,,
ramp,43.5105988,-79.7479101,motorway_link,Oakville;Halton Hills,3,,
ramp,43.5521194,-79.7606591,motorway_link,,3,,
ramp,43.5523551,-79.765015,motorway_link,,3,,
ramp,43.5723312,-79.7922649,motorway_link,,7,,
ramp,43.5710043,-79.7877726,motorway_link,,7,,
ramp,43.5114473,-79.6637636,motorway_link,,19,,
ramp,43.5079176,-79.6640244,motorway_link,,19,,
ramp,43.5225629,-79.6481281,motorway_link,,1,,
ramp,43.5267604,-79.6466564,motorway_link,,1,,
ramp,43.5850553,-79.5829211,motorway_link,,17,,
ramp,43.6169821,-79.5529759,motorway_link,,,,
ramp,43.4150322,-80.3252934,motorway_link,South Brantford,24,,
ramp,43.4157397,-80.3263807,motorway_link,Brantford,24,,
ramp,43.4133543,-80.3313916,motorway_link,Brantford,24;24 South,,
ramp,43.4126819,-80.3291143,motorway_link,,24;24 North,,
ramp,43.836514,-79.4273695,motorway_link,,1,,
ramp,43.837433,-79.4216479,motorway_link,,1,,
ramp,43.8365276,-79.4283992,motorway_link,,1,,
ramp,43.6856245,-79.6113977,trunk_link,,401;409;427,,
ramp,43.6852194,-79.6096269,trunk_link,Terminal 1,401;409;427,,
ramp,43.685008,-79.6114443,trunk_link,Terminal 1;Terminal 3,401;409;427,,
ramp,43.6890952,-79.6121892,trunk_link,Terminal 1;Terminal 3,409;401;427,,
ramp,43.6884843,-79.613922,motorway_link,,7,,
ramp,43.688221,-79.614345,motorway_link,Terminal 3;Aérogare 3,7,,
ramp,43.688392,-79.6120348,motorway_link,Highway 409,409 East,,
ramp,43.6889988,-79.6119656,motorway_link,,409,,
ramp,43.6880925,-79.6126419,trunk_link,Terminal 1;Terminal 3,409 East;401 East;427 North,,
ramp,43.694808,-79.606278,motorway_link,,427 South; 401 West,,
ramp,43.6934239,-79.6053547,motorway_link,,427 South; 401 West,,
ramp,43.6951627,-79.611089,motorway_link,,,,
ramp,43.6944714,-79.6116747,motorway_link,,,,
ramp,43.6977575,-79.5751537,motorway_link,,,,
ramp,43.6881429,-79.6016121,motorway_link,Fasken Drive,,,
ramp,43.6250958,-79.4897543,motorway_link,,,,
ramp,43.6245795,-79.4921673,motorway_link,,,,
ramp,43.5281974,-79.7249426,motorway_link,Toronto,403,,
ramp,43.5312075,-79.7305984,motorway_link,,,,
ramp,43.5664369,-79.6006652,motorway_link,,,,
ramp,43.5677866,-79.6000416,motorway_link,Toronto,QEW,,
ramp,43.569879,-79.5986586,motorway_link,,,,
ramp,43.4496664,-79.6972764,motorway_link,,,,
ramp,43.4504213,-79.6963693,motorway_link,,,,
ramp,43.4514392,-79.6950876,motorway_link,,,,
ramp,43.4496664,-79.6972764,motorway_link,,,,
ramp,43.3955676,-79.7534945,motorway_link,Toronto,QEW;403,,
ramp,43.8609367,-79.5552598,motorway_link,Toronto,400 South,,
ramp,43.8617559,-79.5530718,motorway_link,,49,,
ramp,43.8959001,-79.5592595,motorway_link,Highway 400 North,,,
ramp,43.8899534,-79.5587457,motorway_link,ONRoute Service Centre,,,
ramp,43.8384366,-79.3755243,motorway_link,,407 ETR West,,
ramp,43.5276315,-79.9025902,motorway_link,,401,,
ramp,43.6841268,-79.6104038,trunk_link,Terminal 1;Terminal 3,401;409;427,,
ramp,43.6858272,-79.6039134,trunk_link,Terminal 1;Terminal 3,401;409;427,,
ramp,43.6861135,-79.6138268,trunk_link,Arrivals;Arrivées,,,
ramp,43.6278682,-79.6881539,motorway_link,,,,
ramp,43.6354379,-79.6690134,motorway_link,,,,
ramp,43.5538977,-79.7612208,motorway_link,,,,
ramp,43.553619,-79.7616372,motorway_link,,,,
ramp,43.6470094,-79.3650685,motorway_link,,,,
ramp,43.6458392,-79.3688035,motorway_link,,,,
ramp,43.8364538,-79.4290174,motorway_link,,1,,
ramp,43.6017322,-79.7872667,motorway_link,,19,,
ramp,43.5989049,-79.7884048,motorway_link,,19,,
ramp,43.4490956,-79.6993825,motorway_link,,,,
ramp,43.8138562,-79.3486949,motorway_link,,404 South;404 Sud,,
ramp,43.7885009,-79.5139639,motorway_link,Jane Street,55,,
ramp,43.7951283,-79.4902572,motorway_link,Keele Street,6,,
ramp,43.7941367,-79.4930682,motorway_link,Keele Street,6,,
ramp,43.7910575,-79.5017172,motorway_link,Keele Street,6,,
ramp,43.4087371,-79.7388794,motorway_link,Toronto,QEW;403,,
ramp,43.4103091,-79.7396028,motorway_link,,25,,
ramp,43.4242509,-79.7255883,motorway_link,Hamilton,QEW;403,,
ramp,43.4235079,-79.7250412,motorway_link,Toronto,QEW;403,,
ramp,43.813689,-79.4789989,motorway_link,,53,,
ramp,43.8209888,-79.4743467,motorway_link,,53,,
ramp,43.4623356,-79.6845706,motorway_link,Hamilton,QEW;403,,
ramp,43.4609365,-79.6835101,motorway_link,Toronto,QEW;403,,
ramp,43.7841413,-79.5282923,motorway_link,,55,,
ramp,43.58352,-79.5830179,motorway_link,Hamilton,QEW,,
ramp,43.5831265,-79.5828822,motorway_link,Toronto,QEW,,
ramp,43.5836188,-79.5833273,motorway_link,Toronto,QEW,,
ramp,43.5838908,-79.5833979,motorway_link,Hamilton,QEW,,
ramp,43.7649603,-79.338781,motorway_link,,,,
ramp,43.7584741,-79.3338138,motorway_link,,,,
ramp,43.7579808,-79.3357683,motorway_link,,,,
ramp,43.7413302,-79.3322728,motorway_link,,,,
ramp,43.7389908,-79.3346573,motorway_link,,,,
ramp,43.7394847,-79.3319654,motorway_link,,,,
ramp,43.7587245,-79.3345791,motorway_link,,,,
ramp,43.7583278,-79.3353387,motorway_link,,,,
ramp,43.7579146,-79.3372462,motorway_link,,,,
ramp,43.7580153,-79.3372816,motorway_link,,,,
ramp,43.8651101,-79.5522691,motorway_link,Barrie,400 North,,
ramp,43.7255298,-79.3305335,motorway_link,,,,
ramp,43.7227827,-79.3283349,motorway_link,Eglinton Avenue Westbound,,,
ramp,43.6674998,-79.7008613,motorway_link,,407 ETR East,,
ramp,43.6842468,-79.6927177,motorway_link,,,,
ramp,43.6862711,-79.7109243,motorway_link,,410 North,,
ramp,43.685095,-79.7093997,motorway_link,,15,,
ramp,43.6867519,-79.7138982,motorway_link,,15,,
ramp,43.6827356,-79.3634204,motorway_link,,,,Bayview-Bloor Ramp
ramp,43.6831643,-79.3619059,motorway_link,,,,Bayview-Bloor Ramp
ramp,43.6790924,-79.3673869,trunk_link,Don Valley Parkway,,,
ramp,43.6784395,-79.3684206,trunk_link,,,,
ramp,43.7015989,-79.3372289,motorway_link,,,,
ramp,43.5238761,-79.6479887,motorway_link,Toronto,QEW,,
ramp,43.5246624,-79.6477515,motorway_link,Hamilton,QEW,,
ramp,43.5243479,-79.647863,motorway_link,Hamilton,QEW,,
ramp,43.5233099,-79.6463881,motorway_link,Toronto,QEW,,
ramp,43.5107588,-79.66538,motorway_link,Hamilton,QEW,,
ramp,43.5094525,-79.6635469,motorway_link,Toronto,QEW,,
ramp,43.5099882,-79.6641151,motorway_link,Hamilton,QEW,,
ramp,43.510126,-79.6641933,motorway_link,Hamilton,QEW,,
ramp,43.5092346,-79.6633819,motorway_link,Toronto,QEW,,
ramp,43.5087264,-79.6623445,motorway_link,Toronto,QEW,,
ramp,43.5119399,-79.6934603,motorway_link,Hamilton,403 West,,
ramp,43.5148611,-79.6903054,motorway_link,Toronto,403 East,,
ramp,43.5122781,-79.6928063,motorway_link,Toronto,403 East,,
ramp,43.5118539,-79.6936105,motorway_link,Hamilton,403 West,,
ramp,43.5121161,-79.6930586,motorway_link,Toronto,403 East,,
ramp,43.7598503,-79.6144679,motorway_link,,27,,
ramp,43.7547749,-79.7943575,motorway_link,,410 South,,
ramp,43.7538432,-79.7925965,motorway_link,,14,,
ramp,43.7420683,-79.7826737,motorway_link,,410 North,,
ramp,43.742082,-79.7832907,motorway_link,,,,
ramp,43.7252581,-79.7628986,motorway_link,,107,,
ramp,43.6857868,-79.6119772,trunk_link,Terminal 1;Terminal 3,409;401;427,,
ramp,43.4152458,-80.3096512,motorway_link,WEST;London,401,,
ramp,43.5282231,-79.9024155,motorway_link,,401,,
ramp,43.733423,-79.6306814,motorway_link,,427 South;427 Sud,,
ramp,43.69672,-79.6014981,motorway_link,,409 East,,
ramp,43.5508442,-79.6141288,motorway_link,Toronto,QEW,,
ramp,43.7159958,-79.4450372,motorway_link,,,,
ramp,43.4499274,-80.1774912,motorway_link,Guelph,6,,
ramp,43.4499004,-80.1776744,motorway_link,Hamilton;Toronto,6;401 East,,
ramp,43.5491645,-79.758891,motorway_link,,3,,
ramp,43.8203663,-79.5473268,motorway_link,Toronto,400 South,,
ramp,43.8012927,-79.5412672,motorway_link,Barrie;Highway 400 North,400 North,,
ramp,43.5917191,-79.8053022,motorway_link,,,,
ramp,43.5920686,-79.8047512,motorway_link,,,,
ramp,43.4136401,-79.8196389,motorway_link,,20,,
ramp,43.4170351,-79.8207763,motorway_link,,20,,
ramp,43.6451302,-79.5652804,motorway_link,,,,
ramp,43.6457002,-79.5655571,motorway_link,,,,
ramp,43.6451064,-79.5610886,motorway_link,,,,
ramp,43.6459219,-79.5613421,motorway_link,,,,
ramp,43.644681,-79.5613374,motorway_link,,,,
ramp,43.646696,-79.5651483,motorway_link,,,,
ramp,43.6569128,-79.3512474,motorway_link,,,,
ramp,43.6517015,-79.3475987,motorway_link,,,,Don Roadway
ramp,43.6602964,-79.354674,motorway_link,Downtown,,,
ramp,43.6589361,-79.3543389,motorway_link,Downtown,,,
ramp,43.7050045,-79.736081,motorway_link,,107,,
ramp,43.7061432,-79.7405118,motorway_link,,107,,
ramp,43.5265146,-80.2615358,trunk_link,Hamilton,6 South,,
ramp,43.5263843,-80.2601417,trunk_link,Hamilton,6 South,,
ramp,43.6848874,-79.6065619,motorway_link,,427 South;401 West;427 Sud;401 Ouest,,
ramp,43.7002769,-79.5735744,motorway_link,Martin Grove Road,,,
ramp,43.7971749,-79.3446438,motorway_link,,,,
ramp,43.6066403,-79.7475009,motorway_link,,1,,
ramp,43.6070727,-79.7453274,motorway_link,,1,,
ramp,43.6039242,-79.7461542,motorway_link,,1,,
ramp,43.4632975,-79.6833132,motorway_link,,3,,
ramp,43.4629861,-79.6843502,motorway_link,Town Centre,3 South,,
ramp,43.6779443,-79.367278,trunk_link,,,,
ramp,43.4593939,-79.6851573,motorway_link,,3,,
ramp,43.6760099,-79.3599308,motorway_link,,,,Royal Drive
ramp,43.6512039,-79.3470125,motorway_link,,,,Don Roadway
ramp,43.622818,-79.4996791,motorway_link,,,,
ramp,43.6247225,-79.4914996,motorway_link,,,,
ramp,43.7518653,-79.6384784,motorway_link,Airport,427 South,,
ramp,43.7377087,-79.7759986,motorway_link,,,,
ramp,43.8349583,-79.4278301,motorway_link,Highway 407 ETR Westbound,407 ETR West,,
ramp,43.83337,-79.4300331,motorway_link,Highway 407 ETR Eastbound,407 ETR East,,
ramp,43.737574,-79.6593085,motorway_link,,,,
ramp,43.7414441,-79.831778,motorway_link,Orangeville,10 North,,
ramp,43.7416227,-79.8317427,motorway_link,Orangeville,10 North,,
ramp,43.7506768,-79.4120702,motorway_link,,,,
ramp,43.7644464,-79.3849221,motorway_link,Bayview Avenue South,,,
ramp,43.8252644,-79.5455393,motorway_link,Rutherford Road,73,,
ramp,43.7234765,-79.328595,motorway_link,,,,
ramp,43.7230565,-79.3283633,motorway_link,,,,
ramp,43.7234996,-79.3284978,motorway_link,,,,
ramp,43.7114842,-79.5534981,motorway_link,Islington Avenue North,,,
ramp,43.6338531,-79.5574356,motorway_link,Dundas Street;Cloverdale Road,,,
ramp,43.5495425,-80.2986604,trunk_link,Hamilton;Acton,6 South;7 East,,
ramp,43.7668957,-79.3192553,motorway_link,,,,
ramp,43.7695548,-79.3202424,motorway_link,,,,
ramp,43.7941834,-79.4963689,motorway_link,Keele Street,6,,
ramp,43.8291334,-79.4520906,motorway_link,,38,,
ramp,43.8125324,-79.3550981,motorway_link,,,,
ramp,43.8119229,-79.3476452,motorway_link,Woodbine Avenue;Steeles Avenue,8,,
ramp,43.7801664,-79.3408313,motorway_link,,,,
ramp,43.8264509,-79.457465,motorway_link,,38,,
ramp,43.7955356,-79.3459305,motorway_link,,,,
ramp,43.7952414,-79.345928,motorway_link,,,,
ramp,43.7952414,-79.345928,motorway_link,,,,
ramp,43.7952443,-79.3419017,motorway_link,,404 North,,
ramp,43.6287546,-79.6827419,motorway_link,,,,
ramp,43.6291627,-79.6821601,motorway_link,,,,
ramp,43.6284977,-79.6830688,motorway_link,,,,
ramp,43.6280979,-79.6857933,motorway_link,,,,
ramp,43.6293765,-79.6818845,motorway_link,,,,
ramp,43.8194096,-79.5443356,motorway_link,,,,
ramp,43.6723753,-79.5717197,motorway_link,,,,
ramp,43.7412432,-79.4222858,motorway_link,,,,
ramp,43.6347292,-79.4733753,motorway_link,,,,
ramp,43.8654469,-79.551032,motorway_link,,49,,
ramp,43.6159369,-79.6291082,motorway_link,Hamilton,17;403 West,,
ramp,43.6161122,-79.6293382,motorway_link,Hamilton,17;403 West,,
ramp,43.6143341,-79.6302403,motorway_link,Hamilton,403 West,,
ramp,43.6139911,-79.63088,motorway_link,Hamilton,403 West,,
ramp,43.6711179,-79.5742944,motorway_link,,,,
ramp,43.6162136,-79.6292423,motorway_link,,403;410,,
ramp,43.6160395,-79.6290109,motorway_link,,403;410,,
ramp,43.6148859,-79.6292423,motorway_link,,17,,
ramp,43.7548315,-79.5284549,motorway_link,,,,
ramp,43.5404614,-79.8639524,motorway_link,,4,,
ramp,43.9006207,-79.3875557,motorway_link,,49,,
ramp,43.9012559,-79.3877646,motorway_link,,49,,
ramp,43.9018073,-79.3819984,motorway_link,,49,,
ramp,43.9011483,-79.3817694,motorway_link,,49,,
ramp,43.5108342,-79.6652743,motorway_link,,19,,
ramp,43.3949436,-79.7562169,motorway_link,Toronto,QEW;403,,
ramp,43.4717651,-79.6722342,motorway_link,,,,
ramp,43.3942404,-79.7551351,motorway_link,,21,,
ramp,43.6299496,-79.6863933,motorway_link,London,401,,
ramp,43.4865795,-80.207352,motorway_link,Laird Road,,,
ramp,43.4906461,-80.2125741,motorway_link,Fergus;Mount Forest,6 North,,
ramp,43.4889461,-80.214823,motorway_link,Hamilton,6 South,,
ramp,43.4902581,-80.2133293,motorway_link,Hamilton,6 South,,
ramp,43.4935828,-80.2174583,motorway_link,Laird Road,,,
ramp,43.7359363,-79.437502,motorway_link,,,,
ramp,43.839597,-79.406334,motorway_link,,34,,
ramp,43.8394984,-79.4046445,motorway_link,,34,,
ramp,43.3963214,-79.7578222,motorway_link,,21,,
ramp,43.3972118,-79.7552256,motorway_link,,21,,
ramp,43.6205651,-79.7578642,motorway_link,,407 ETR East,,
ramp,43.8205616,-79.4762968,motorway_link,,53,,
ramp,43.8204002,-79.4775425,motorway_link,,53,,
ramp,43.8147595,-79.4780938,motorway_link,,53,,
ramp,43.6880818,-79.6130805,trunk_link,Terminal 1 Arrivals,,,
ramp,43.4089059,-79.7387996,motorway_link,,,,
ramp,43.4102229,-79.7373231,motorway_link,,25,,
ramp,43.5686809,-79.6008091,motorway_link,Hamilton,QEW,,
ramp,43.5688347,-79.6007466,motorway_link,,,,
ramp,43.6075636,-79.5581666,motorway_link,Hamilton,QEW,,
ramp,43.7268241,-79.4477872,motorway_link,,401 West,,
ramp,43.6309354,-79.6859334,motorway_link,,,,
ramp,43.6314492,-79.6849213,motorway_link,,,,
ramp,43.6438646,-79.652979,motorway_link,,,,
ramp,43.7560769,-79.7997218,motorway_link,,410 South;410 Sud,,
ramp,43.7572358,-79.7980871,motorway_link,,410 North;410 Nord,,
ramp,43.6221684,-79.7070828,motorway_link,,,,
ramp,43.6396273,-79.3864781,motorway_link,,,,
ramp,43.7432423,-79.4241605,motorway_link,,,,
ramp,43.7436238,-79.4238068,motorway_link,,,,
ramp,43.8361632,-79.381775,motorway_link,,12,,
ramp,43.8362708,-79.3802913,motorway_link,,12,,
ramp,43.7842324,-79.5240297,motorway_link,,55,,
ramp,43.8258481,-79.4537504,motorway_link,,38,,
ramp,43.8260383,-79.4552275,motorway_link,,38,,
ramp,43.7797075,-79.5453736,motorway_link,,,,
ramp,43.7723213,-79.5701617,motorway_link,Pine Valley Drive,57,,
ramp,43.7583481,-79.6188296,motorway_link,,407 ETR West,,
ramp,43.7635108,-79.3874115,motorway_link,,401 West,,
ramp,43.7636481,-79.3868389,motorway_link,,401 West,,
ramp,43.7770191,-79.340891,motorway_link,,404 South,,
ramp,43.8130339,-79.3529679,motorway_link,,404 South,,
ramp,43.4919485,-80.210865,motorway_link,Fergus;Mount Forest,6 North,,
ramp,43.4901256,-80.2151651,motorway_link,Laird Road,,,
ramp,43.7082127,-79.5517436,motorway_link,,,,
ramp,43.8289972,-79.4540819,motorway_link,,38,,
ramp,43.7756526,-79.5708776,motorway_link,Pine Valley Drive,57,,
ramp,43.7755715,-79.5692122,motorway_link,Pine Valley Drive,57,,
ramp,43.7275141,-79.4479238,motorway_link,,401 West,,
ramp,43.8277994,-79.5481404,motorway_link,,73,,
ramp,43.8288246,-79.5483031,motorway_link,Rutherford Road,73,,
ramp,43.7188854,-79.6185258,motorway_link,,5,,
ramp,43.7181988,-79.6205203,motorway_link,,427 North,,
ramp,43.7184244,-79.619675,motorway_link,,427 North,,
ramp,43.7017459,-79.337036,motorway_link,,,,
ramp,43.5498518,-80.2975209,trunk_link,Fergus;Mount Forest,6 North,,
ramp,43.4479121,-79.6998661,motorway_link,,,,
ramp,43.4867416,-79.6725302,motorway_link,,13,,
ramp,43.6869142,-79.6124732,trunk_link,Terminal 1;Terminal 3,409;401;427,,
ramp,43.6911332,-79.6113718,motorway_link,,409,,
ramp,43.6935287,-79.6108981,trunk_link,Airport Road,,,
ramp,43.4157244,-79.8205717,motorway_link,,407 ETR West,,
ramp,43.6178724,-79.5192711,motorway_link,,,,
ramp,43.6323828,-79.4350468,motorway_link,,,,
ramp,43.3970583,-79.7539863,motorway_link,Toronto,QEW;403,,
ramp,43.3936763,-79.7561817,motorway_link,,21,,
ramp,43.667647,-79.590714,motorway_link,,,,
ramp,43.6502222,-79.6380012,motorway_link,,4,,
ramp,43.7372165,-79.6613688,motorway_link,,,,
ramp,43.6837843,-79.5970062,motorway_link,Dixon Road;Airport Road,,,
ramp,43.7240303,-79.6739599,motorway_link,,7,,
ramp,43.6162404,-79.7639026,motorway_link,Mississauga Road,1,,
ramp,43.6695231,-79.5918381,motorway_link,,401 West,,
ramp,43.6195544,-79.760601,motorway_link,,1,,
ramp,43.7016082,-79.6841703,motorway_link,,,,
ramp,43.6160854,-79.7622949,motorway_link,Mississauga Road,1,,
ramp,43.6195749,-79.7623749,motorway_link,,1,,
ramp,43.7293332,-79.6723586,motorway_link,,7,,
ramp,43.7786351,-79.3415607,motorway_link,Don Valley Parkway South,404 South,,
ramp,43.6192082,-79.5259534,motorway_link,,,,
ramp,43.5849532,-79.6591968,motorway_link,,,,
ramp,43.6203425,-79.6378403,motorway_link,,,,
ramp,43.6229062,-79.6348407,motorway_link,,,,
ramp,43.7404104,-79.8318379,motorway_link,,,,
ramp,43.6873974,-79.6150529,motorway_link,,7,,
ramp,43.6280933,-79.5591748,motorway_link,,5,,
ramp,43.6289747,-79.5549072,motorway_link,,,,
ramp,43.6112738,-79.5466852,motorway_link,,427 North,,
ramp,43.7227403,-79.3319308,motorway_link,,,,
ramp,43.722707,-79.3320593,motorway_link,,,,
ramp,43.758576,-79.3346072,motorway_link,,,,
ramp,43.693337,-79.5690394,motorway_link,,,,
ramp,43.6931174,-79.5702566,motorway_link,,,,
ramp,43.6929052,-79.5714124,motorway_link,,,,
ramp,43.5821856,-79.5819809,motorway_link,,17,,
ramp,43.5818347,-79.5840111,motorway_link,,17,,
ramp,43.6494753,-79.6391588,motorway_link,,4,,
ramp,43.6476412,-79.6368083,motorway_link,Toronto,401 East,,
ramp,43.7529947,-79.4064937,motorway_link,,401 East,,
ramp,43.4618554,-79.6839339,motorway_link,Hamilton,QEW;403,,
ramp,43.7828395,-79.5473513,motorway_link,Highway 407 ETR West,407 ETR West,,
ramp,43.7823479,-79.5482677,motorway_link,,407 ETR West,,
ramp,43.5844151,-79.5843944,motorway_link,,17,,
ramp,43.4166627,-79.8218898,motorway_link,,20,,
ramp,43.4455339,-79.6987591,motorway_link,Dorval Drive,,,
ramp,43.7007365,-79.7309758,motorway_link,,,,
ramp,43.6868223,-79.7103274,motorway_link,,15,,
ramp,43.6846591,-79.7128971,motorway_link,,15,,
ramp,43.6892581,-79.6123188,trunk_link,Terminal 1;Terminal 3,409 East;401 East;427 North,,
ramp,43.6935287,-79.6108981,trunk_link,Terminal 1;Terminal 3;Cell Phone Lot;Reduced Rate Parking,,,
ramp,43.6642409,-79.7032664,motorway_link,,410 North,,
ramp,43.7141647,-79.7509065,motorway_link,,410 South,,
ramp,43.6510141,-79.6795605,motorway_link,,410 South,,
ramp,43.7402516,-79.781677,motorway_link,,,,
ramp,43.6661701,-79.6949126,motorway_link,,407 ETR East;407 ETR Est,,
ramp,43.7011148,-79.7311564,motorway_link,,,,
ramp,43.757248,-79.7959822,motorway_link,,14,,
ramp,43.7152192,-79.7497762,motorway_link,,,,
ramp,43.6615612,-79.6930002,motorway_link,,5,,
ramp,43.7255678,-79.76723,motorway_link,,107,,
ramp,43.5419725,-79.707945,motorway_link,,,,
ramp,43.4620342,-79.6824054,motorway_link,Toronto,QEW;403,,
ramp,43.412175,-79.7401986,motorway_link,Bronte Road,25,,
ramp,43.4257543,-79.7246503,motorway_link,,,,
ramp,43.6341979,-79.6513871,motorway_link,London,401 West Collector,,
ramp,43.6400039,-79.6601715,motorway_link,London,,,
ramp,43.6361597,-79.6667486,motorway_link,,403 West,,
ramp,43.543972,-79.7102387,motorway_link,Hamilton,403,,
ramp,43.5441491,-79.7109206,motorway_link,Hamilton,403 West;403 Ouest,,
ramp,43.5435046,-79.7105962,motorway_link,Hamilton,403 West,,
ramp,43.5431805,-79.7105971,motorway_link,Hamilton,403 West,,
ramp,43.555859,-79.6972812,motorway_link,,1,,
ramp,43.6515324,-79.5653372,motorway_link,Rathburn Rd. WEST/OUEST,,,
ramp,43.6281215,-79.6842308,motorway_link,,,,
ramp,43.7581663,-79.3342889,motorway_link,,,,
ramp,43.6112394,-79.546828,motorway_link,,,,
ramp,43.6161226,-79.5528676,motorway_link,,,,
ramp,43.6453697,-79.3707986,motorway_link,Cruise Ship Terminal;The Distillery Historic District,,,
ramp,43.6916007,-79.5674997,motorway_link,,,,
ramp,43.4466042,-79.7915704,motorway_link,Oakville;Milton,25,,
ramp,43.5532618,-79.7615768,motorway_link,,,,
ramp,43.6298377,-79.6806392,motorway_link,,,,
ramp,43.6279236,-79.6846332,motorway_link,,,,
ramp,43.7148486,-79.5365659,motorway_link,,,,
ramp,43.7000723,-79.5746768,motorway_link,,,,
ramp,43.9019124,-79.3875799,motorway_link,,49,,
ramp,43.766514,-79.3470324,motorway_link,Newmarket,404,,
ramp,43.7665162,-79.3465885,motorway_link,Newmarket,404,,
ramp,43.7619222,-79.3869308,motorway_link,,,,
ramp,43.6517474,-79.3474801,motorway_link,,,,
ramp,43.6119889,-79.5475546,motorway_link,,,,
ramp,43.7288995,-79.4517066,motorway_link,,,,
ramp,43.7243853,-79.4814828,motorway_link,,,,
ramp,43.4025527,-80.3803164,motorway_link,Shantz Hill Road,8,,
ramp,43.4090571,-80.3918541,motorway_link,,38,,
ramp,43.4032092,-80.3797582,motorway_link,Shantz Hill Road;Cambridge,8,,
ramp,43.4119824,-80.3915585,motorway_link,,38,,
ramp,43.57058,-79.7911861,motorway_link,,5;7,,
ramp,43.7179658,-79.6218872,motorway_link,,,,
ramp,43.7203559,-79.6218965,motorway_link,,5,,
ramp,43.8610943,-79.5551372,motorway_link,,,,
ramp,43.6978914,-79.5738135,motorway_link,,,,
ramp,43.6334907,-79.4737947,motorway_link,,2,,
ramp,43.6739504,-79.5679947,motorway_link,,,,
ramp,43.6729673,-79.5746337,motorway_link,,,,
ramp,43.7392,-79.7767905,motorway_link,,,,
ramp,43.7581064,-79.7971203,motorway_link,,14,,
ramp,43.4962003,-79.6754373,motorway_link,,13,,
ramp,43.6439464,-79.7329061,motorway_link,,18,,
ramp,43.6374584,-79.7412396,motorway_link,,,,
ramp,43.6425593,-79.737816,motorway_link,,18,,
ramp,43.6515628,-79.7180523,motorway_link,,10,,
ramp,43.6502824,-79.7205865,motorway_link,,10,,
ramp,43.6555132,-79.7162532,motorway_link,,10,,
ramp,43.7425055,-79.8317518,motorway_link,Orangeville,10 North,,
ramp,43.4853706,-79.7661348,motorway_link,,4,,
ramp,43.6190415,-79.7639438,motorway_link,,1,,
ramp,43.6155482,-79.549936,motorway_link,,427 North,,
ramp,43.6294284,-79.6793338,motorway_link,,,,
ramp,43.8394274,-79.355452,motorway_link,,8,,
ramp,43.7162205,-79.4433009,motorway_link,,,,
ramp,43.6189889,-79.6323496,motorway_link,,,,
ramp,43.6954955,-79.6107654,motorway_link,,,,
ramp,43.7166886,-79.6185097,motorway_link,,5,,
ramp,43.8209478,-79.5439473,motorway_link,,,,
ramp,43.4517886,-80.1239738,motorway_link,Guelph;Hamilton,6;46,,
ramp,43.4516548,-80.1249516,motorway_link,Guelph;Hamilton,6;46,,
ramp,43.4528508,-80.1239521,motorway_link,Toronto,401 East,,
ramp,43.6469508,-79.635994,motorway_link,,4,,
ramp,43.6463919,-79.6373753,motorway_link,,,,
ramp,43.8374173,-79.3803539,motorway_link,,,,
ramp,43.4225885,-80.2837389,motorway_link,Cambridge,33,,
ramp,43.4227646,-80.2819423,motorway_link,Cambridge,33,,
ramp,43.4188202,-80.2840614,motorway_link,Cambridge,33,,
ramp,43.5070716,-79.7474667,motorway_link,Oakville;Halton Hills,3,,
ramp,43.6864833,-79.6120858,motorway_link,,409 East,,
ramp,43.7066496,-79.7370563,motorway_link,,107,,
ramp,43.7045301,-79.7395575,motorway_link,,107,,
ramp,43.7165819,-79.7505348,motorway_link,,,,
ramp,43.726583,-79.7637382,motorway_link,,107,,
ramp,43.7245869,-79.766518,motorway_link,,107,,
ramp,43.7552081,-79.8006232,motorway_link,,14,,
ramp,43.7426462,-79.8318712,motorway_link,Brampton,,,
ramp,43.6535571,-79.3491808,motorway_link,Gardiner Expressway West,,,
ramp,43.7152066,-79.5213623,motorway_link,Black Creek Drive,,,
ramp,43.7248885,-79.4482718,motorway_link,,,,
ramp,43.6828118,-79.3632577,motorway_link,,,,
ramp,43.7426415,-79.8305063,motorway_link,Brampton,,,
ramp,43.8158958,-79.358077,motorway_link,,,,
ramp,43.6511759,-79.6747318,motorway_link,,,,
ramp,43.6722337,-79.5878794,motorway_link,,,,
ramp,43.7947645,-79.3456429,motorway_link,,,,
ramp,43.6170184,-79.5187847,motorway_link,,,,
ramp,43.721182,-79.480977,motorway_link,,,,
ramp,43.84441,-79.3689146,motorway_link,Richmond Hill;Markham,7,,
ramp,43.8476674,-79.3732194,motorway_link,Markham;Richmond Hill,7,,
ramp,43.4894473,-79.9874693,motorway_link,Toronto,401 East,,
ramp,43.4925513,-79.9877483,motorway_link,London,401,,
ramp,43.4922089,-79.9871835,motorway_link,London,401,,
ramp,43.4924637,-79.9874486,motorway_link,London,401,,
ramp,43.4506293,-79.6998263,motorway_link,,,,
ramp,43.422279,-79.7248005,motorway_link,,,,
ramp,43.6213084,-79.6389476,motorway_link,,,,
ramp,43.6207307,-79.6384915,motorway_link,,,,
ramp,43.620211,-79.638104,motorway_link,,,,
ramp,43.8505418,-79.3712848,motorway_link,,,,
ramp,43.8519216,-79.3717145,motorway_link,,,,
ramp,43.8673547,-79.3736084,motorway_link,Newmarket;Keswick,404 North,,
ramp,43.8836193,-79.3779132,motorway_link,,,,
ramp,43.8648151,-79.3774088,motorway_link,Markham;Richmond Hill,73,,
ramp,43.8474421,-79.3686637,motorway_link,Richmond Hill,7,,
ramp,43.5536368,-79.6960441,motorway_link,Toronto,403 East;403 Est,,
ramp,43.459971,-79.682894,motorway_link,,3,,
ramp,43.4826998,-79.7655128,motorway_link,,4,,
ramp,43.6288641,-79.556742,motorway_link,,,,
ramp,43.7091832,-79.550136,motorway_link,,401 East,,
ramp,43.7084476,-79.5506901,motorway_link,,401 East,,
ramp,43.7072761,-79.5513673,motorway_link,,401 East,,
ramp,43.7244597,-79.4806522,motorway_link,,,,
ramp,43.8465995,-79.3731322,motorway_link,Markham;Richmond Hill,7,,
ramp,43.7211073,-79.481405,motorway_link,,,,
ramp,43.7110398,-79.5058892,motorway_link,,,,
ramp,43.7110479,-79.5060138,motorway_link,,,,
ramp,43.7085402,-79.5508749,motorway_link,,,,
ramp,43.6525143,-79.7150786,motorway_link,,10,,
ramp,43.7908618,-79.4971331,motorway_link,Keele Street,6,,
ramp,43.6092699,-79.7364404,motorway_link,,,,
ramp,43.7158608,-79.4450258,motorway_link,,,,
ramp,43.7540959,-79.5327891,motorway_link,,,,
ramp,43.4914152,-80.2114783,motorway_link,,,,
ramp,43.7291601,-79.4491606,motorway_link,,,,
ramp,43.472807,-79.6710947,motorway_link,,,,
ramp,43.6741747,-79.5677988,motorway_link,,,,
ramp,43.4334938,-79.7140411,motorway_link,,,,
ramp,43.4344521,-79.7141714,motorway_link,Queen Elizabeth Way,QEW;403,,
ramp,43.7344645,-79.6255122,motorway_link,,2,,
ramp,43.6207942,-79.7053869,motorway_link,,,,
ramp,43.6191371,-79.7075681,motorway_link,,,,
ramp,43.6206462,-79.7099979,motorway_link,,,,
ramp,43.6220874,-79.7079554,motorway_link,London,401 West,,
ramp,43.6220788,-79.7054065,motorway_link,,,,
ramp,43.7127255,-79.5063476,motorway_link,,,,
ramp,43.7128098,-79.5056705,motorway_link,,,,
ramp,43.80929,-79.5444395,motorway_link,Toronto,400,,
ramp,43.6328783,-79.4309645,motorway_link,,,,
ramp,43.8642882,-79.5509107,motorway_link,,49,,
ramp,43.5266529,-80.2633983,trunk_link,Hamilton,6 South,,
ramp,43.4142189,-79.8187164,motorway_link,,20,,
ramp,43.7108347,-79.5542299,motorway_link,Islington Avenue,,,
ramp,43.7111231,-79.5539404,motorway_link,Islington Avenue South,,,
ramp,43.4117616,-80.3908787,motorway_link,,38,,
ramp,43.8231992,-79.6627969,motorway_link,,427 South,,
ramp,43.5694152,-79.7924264,motorway_link,Hamilton,407 ETR West,,
ramp,43.4949664,-79.6742097,motorway_link,,,,
ramp,43.4944606,-79.6741286,motorway_link,,,,
ramp,43.4947489,-79.6743012,motorway_link,,,,
ramp,43.8365115,-79.4056956,motorway_link,,34,,
ramp,43.8365757,-79.4071198,motorway_link,,34,,
ramp,43.4113699,-79.74145,motorway_link,Bronte Road,25,,
ramp,43.587039,-79.6618633,motorway_link,,,,
ramp,43.4229507,-79.7238994,motorway_link,,,,
ramp,43.4252164,-79.7265781,motorway_link,,,,
ramp,43.4474527,-79.7015515,motorway_link,,,,
ramp,43.5107824,-79.6947321,motorway_link,,5,,
ramp,43.5133509,-79.6917155,motorway_link,,5,,
ramp,43.6019096,-79.6460452,motorway_link,,,,
ramp,43.7099852,-79.5016743,motorway_link,,,,
ramp,43.6580305,-79.6160233,motorway_link,,,,
ramp,43.6584213,-79.6149095,motorway_link,,,,
ramp,43.67413,-79.5683713,motorway_link,,,,
ramp,43.6739233,-79.5683144,motorway_link,,,,
ramp,43.6501921,-79.6743125,motorway_link,,,,
ramp,43.7152522,-79.7526911,motorway_link,,,,
ramp,43.7295355,-79.3302301,motorway_link,,,,
ramp,43.6448071,-79.3735731,motorway_link,,,,
ramp,43.6003215,-79.565263,motorway_link,,4,,North Service Road
ramp,43.6738834,-79.5687248,motorway_link,,,,
ramp,43.6333134,-79.6769502,motorway_link,,,,
ramp,43.6333123,-79.6776632,motorway_link,,,,
ramp,43.6395868,-79.3863616,motorway_link,,,,
ramp,43.733264,-79.4503503,motorway_link,,401,,
ramp,43.7334049,-79.4503439,motorway_link,,401,,
ramp,43.7617346,-79.3874645,motorway_link,Bayview Avenue North,,,
ramp,43.7646324,-79.3873038,motorway_link,,,,
ramp,43.6403299,-79.6616395,motorway_link,,,,
ramp,43.6321361,-79.649534,motorway_link,Brampton,,,
ramp,43.6445164,-79.6499238,motorway_link,,,,
ramp,43.6450527,-79.6490925,motorway_link,,,,
ramp,43.6406355,-79.6558299,motorway_link,Hamilton,,,
ramp,43.6401313,-79.6560146,motorway_link,Hamilton,,,
ramp,43.6203465,-79.7074138,motorway_link,London,401 West,,
ramp,43.6205612,-79.7079704,motorway_link,Toronto,401 East,,
ramp,43.8481597,-79.3692657,motorway_link,Newmarket,404 North,,
ramp,43.8480456,-79.3686596,motorway_link,Newmarket,404 North,,
ramp,43.6402211,-79.3833457,motorway_link,,,,
ramp,43.6859314,-79.601982,motorway_link,Terminal 1;Terminal 3,,,
ramp,43.8808537,-79.3801902,motorway_link,Toronto,404 South,,
ramp,43.6361597,-79.6667486,motorway_link,,410 North,,
ramp,43.7309533,-79.4494893,motorway_link,,,,
ramp,43.7313024,-79.4495455,motorway_link,,,,
ramp,43.7313732,-79.4495568,motorway_link,,,,
ramp,43.6384003,-79.3931138,motorway_link,,,,
ramp,43.6864746,-79.5994408,motorway_link,,,,
ramp,43.6968584,-79.5921788,motorway_link,,,,
ramp,43.6292116,-79.5538245,motorway_link,,,,
ramp,43.8739249,-79.5557918,motorway_link,Highway 400 South,,,
ramp,43.6491579,-79.6732199,motorway_link,,,,
ramp,43.632953,-79.5575546,motorway_link,Dundas Street;Cloverdale Road,,,
ramp,43.6309598,-79.5573744,motorway_link,,,,
ramp,43.6350744,-79.4727429,motorway_link,,,,
ramp,43.6341357,-79.4711125,motorway_link,,,,
ramp,43.6960756,-79.60889,motorway_link,Highway 427 North,427 North,,
ramp,43.6960754,-79.6090141,motorway_link,,409,,
ramp,43.8128706,-79.3481192,motorway_link,Woodbine Avenue;Steeles Avenue,8,,
ramp,43.7597046,-79.6167363,motorway_link,,27,,
ramp,43.4019951,-80.378502,motorway_link,Kitchener;Waterloo,8,,
ramp,43.8471936,-79.5464866,motorway_link,,25,,
ramp,43.8459603,-79.5465405,motorway_link,,25,,
ramp,43.6320802,-79.6491431,motorway_link,,,,
ramp,43.639705,-79.5630802,motorway_link,,427 South,,
ramp,43.639788,-79.5620225,motorway_link,,,,
ramp,43.881565,-79.3811041,motorway_link,,,,
ramp,43.683881,-79.6108906,trunk_link,,,,
ramp,43.7868999,-79.5235561,motorway_link,Highway 407 ETR West,407 ETR West,,
ramp,43.6890031,-79.692811,motorway_link,,4,,
ramp,43.6862493,-79.6893454,motorway_link,,4,,
ramp,43.8819507,-79.385604,motorway_link,Toronto,404 South;404 Sud,,
ramp,43.6691156,-79.5867516,motorway_link,,427 South,,
ramp,43.646154,-79.5610218,motorway_link,,427 North,,
ramp,43.7848557,-79.6365406,motorway_link,,72,,
ramp,43.7751662,-79.6351139,motorway_link,,7,,
ramp,43.7711029,-79.6302385,motorway_link,,427 North,,
ramp,43.770291,-79.6331849,motorway_link,,427 North,,
ramp,43.7957472,-79.6390386,motorway_link,,72,,
ramp,43.7897002,-79.6338075,motorway_link,,427 North,,
ramp,43.7880106,-79.6412967,motorway_link,,427 South,,
ramp,43.7892641,-79.6370618,motorway_link,,427 North,,
ramp,43.7891174,-79.6380756,motorway_link,,427 South,,
ramp,43.8019992,-79.6407402,motorway_link,,73,,
ramp,43.8111495,-79.6508945,motorway_link,,73,,
ramp,43.8065605,-79.6448145,motorway_link,,427 North,,
ramp,43.8064266,-79.6459069,motorway_link,,427 South,,
ramp,43.8213157,-79.6563559,motorway_link,Major MacKenzie Dr W,25,,
ramp,43.8240532,-79.6617501,motorway_link,,427 South,,
ramp,43.8059204,-79.6477461,motorway_link,,427 South,,
ramp,43.8071253,-79.642708,motorway_link,,427,,
ramp,43.8246167,-79.6610188,motorway_link,Toronto,427,,
ramp,43.8243157,-79.6605157,motorway_link,Toronto,427,,
ramp,43.7721583,-79.5378418,motorway_link,,400 South,,
ramp,43.8607128,-79.5550554,motorway_link,Toronto,400 South,,
ramp,43.7283373,-79.6751816,motorway_link,,7,,
ramp,43.7256372,-79.6718109,motorway_link,,7,,
ramp,43.5296529,-79.9078676,motorway_link,,401,,
ramp,43.5262508,-79.9105305,motorway_link,Acton;Halton Hills,25,,
ramp,43.5267823,-79.9047331,motorway_link,,401,,
ramp,43.525813,-79.9022247,motorway_link,Toronto,401 East,,
ramp,43.5286276,-79.9022749,motorway_link,,401,,
ramp,43.5417178,-79.8649469,motorway_link,,,,
ramp,43.5463634,-79.8575353,motorway_link,James Snow Parkway,4,,
ramp,43.5928609,-79.8058934,motorway_link,,401 West,,
ramp,43.5909267,-79.8106431,motorway_link,London,401 West,,
ramp,43.6031104,-79.7916266,motorway_link,London,401 West;401 Ouest,,
ramp,43.5993501,-79.7934066,motorway_link,,19,,
ramp,43.6006227,-79.788296,motorway_link,London,401 West;401 Ouest,,
ramp,43.6010966,-79.7815498,motorway_link,,19,,
ramp,43.6044658,-79.7501421,motorway_link,London,401 West,,
ramp,43.6075633,-79.7408805,motorway_link,,,,
ramp,43.5666597,-79.8339292,motorway_link,Georgetown;Oakville,3,,
ramp,43.5704041,-79.829302,motorway_link,Toronto,401 East,,
ramp,43.571296,-79.8301749,motorway_link,,,,
ramp,43.5696761,-79.8275989,motorway_link,Toronto,401 East,,
ramp,43.5738264,-79.8272231,motorway_link,Trafalgar Road;Oakville;Georgetown,3,,
ramp,43.6273662,-79.6909409,motorway_link,,1;19,,
ramp,43.8609579,-79.5551049,motorway_link,Toronto,400 South,,
ramp,43.7722758,-79.5372732,motorway_link,,400 South,,
ramp,43.8073876,-79.5423425,motorway_link,Langstaff Road,,,
ramp,43.7541489,-79.6365681,motorway_link,Express Toll Route West,407 ETR West,,
ramp,43.7529964,-79.6385519,motorway_link,Express Toll Route West,407 ETR West,,
ramp,43.7524024,-79.6374911,motorway_link,Highway 427 North,427 North,,
ramp,43.7561797,-79.6235454,motorway_link,Express Toll Route East,407 ETR East,,
ramp,43.7542007,-79.6318673,motorway_link,Highway 427 North,427 North,,
ramp,43.7545373,-79.6306377,motorway_link,,27,,
ramp,43.7574065,-79.6146986,motorway_link,,407 ETR East,,
ramp,43.7588222,-79.612459,motorway_link,,407 ETR East,,
ramp,43.782037,-79.5448888,motorway_link,Highway 407 ETR West,407 ETR West,,
ramp,43.7163915,-79.4432024,motorway_link,,,,
ramp,43.7168095,-79.4438606,motorway_link,,Allen Road North,,
ramp,43.7411924,-79.4528589,motorway_link,Wilson Heights Boulevard South,,,
ramp,43.729974,-79.4531078,motorway_link,,401 West,,
ramp,43.7127548,-79.5061125,motorway_link,,,,
ramp,43.7127548,-79.5061125,motorway_link,,,,
ramp,43.7150971,-79.5194104,motorway_link,Barrie,400 North,,
ramp,43.7154527,-79.5227766,motorway_link,Barrie;Black Creek Drive,400 North,,
ramp,43.7872687,-79.5169537,motorway_link,Highway 407 ETR East,407 ETR East,,
ramp,43.7854747,-79.5384885,motorway_link,Toronto,400 South,,
ramp,43.7897915,-79.5401492,motorway_link,Highway 400 South,400 South,,
ramp,43.7908084,-79.5401384,motorway_link,Highway 400 South,400 South,,
ramp,43.8090968,-79.5440498,motorway_link,Highway 7,7,,
ramp,43.8064175,-79.5433917,motorway_link,Highway 7,7,,
ramp,43.8051246,-79.5431082,motorway_link,Highway 7;Highway 400,7;400,,
ramp,43.8043835,-79.5421198,motorway_link,Highway 400 North,,,
ramp,43.4894853,-79.6736184,motorway_link,Hamilton,QEW;403,,
ramp,43.8412025,-79.3519158,motorway_link,,407 ETR East,,
ramp,43.8414103,-79.3507115,motorway_link,,407 ETR East,,
ramp,43.7289455,-79.3301612,motorway_link,,,,
ramp,43.6969807,-79.6064974,motorway_link,,427 North,,
ramp,43.6965998,-79.6051847,motorway_link,,427 North,,
ramp,43.6146165,-79.5464075,motorway_link,,,,
ramp,43.6147134,-79.5421439,motorway_link,,,,
ramp,43.4474907,-80.1766488,motorway_link,,,,
ramp,43.881805,-79.3817432,motorway_link,Toronto,404 South,,
ramp,43.7341049,-79.6273659,motorway_link,,427 North;427 Nord,,
ramp,43.6383985,-79.6650372,motorway_link,,,,
ramp,43.656447,-79.6842403,motorway_link,,,,
ramp,43.652892,-79.6754165,motorway_link,,410 North,,
ramp,43.5434979,-79.7097811,motorway_link,Hamilton,403 West;403 Ouest,,
ramp,43.6385638,-79.3923668,motorway_link,Spadina Avenue,,,
ramp,43.8475454,-79.3687009,motorway_link,Richmond Hill,7,,
ramp,43.8474961,-79.3686904,motorway_link,Richmond Hill,7,,
ramp,43.6067436,-79.7419309,motorway_link,Toronto,401 East,,
ramp,43.6627319,-79.6939153,motorway_link,,,,
ramp,43.5402113,-79.859658,motorway_link,Toronto,401 East,,
ramp,43.5433389,-79.8662281,motorway_link,London,401 West,,
ramp,43.615532,-79.6285963,motorway_link,,,,
ramp,43.7529657,-79.5291333,motorway_link,,,,
ramp,43.7697135,-79.6359056,motorway_link,,427 South,,
ramp,43.7529649,-79.6316137,motorway_link,Express Toll Route East,407 ETR East,,
ramp,43.7531763,-79.630968,motorway_link,Express Toll Route East,407 ETR East,,
ramp,43.5816294,-79.8171573,motorway_link,,407 ETR West;407 ETR Ouest,,
ramp,43.6137731,-79.7243265,motorway_link,,,,
ramp,43.630045,-79.6847301,motorway_link,London,401 West,,
ramp,43.6576591,-79.6859246,motorway_link,,,,
ramp,43.656447,-79.6842403,motorway_link,,410 South,,
ramp,43.6598444,-79.6910668,motorway_link,,410 South,,
ramp,43.6598347,-79.6888078,motorway_link,,,,
ramp,43.6612401,-79.6904436,motorway_link,,410 South,,
ramp,43.6610686,-79.6903925,motorway_link,,410 North,,
ramp,43.6518405,-79.677904,motorway_link,,410 South,,
ramp,43.8243634,-79.6603984,motorway_link,,25,,
ramp,43.8213157,-79.6563559,motorway_link,,,,
ramp,43.8246657,-79.6609108,motorway_link,,25,,
ramp,43.6385899,-79.6584978,motorway_link,London,,,
ramp,43.408977,-80.3912882,motorway_link,,38,,
ramp,43.8236248,-79.6592345,motorway_link,,25,,
ramp,43.8069271,-79.6483832,motorway_link,,73,,
ramp,43.8059363,-79.6421238,motorway_link,,73,,
ramp,43.7894213,-79.6398406,motorway_link,,72,,
ramp,43.7881437,-79.6353475,motorway_link,,72,,
ramp,43.7711646,-79.6361334,motorway_link,Brampton;Vaughan,7,,
ramp,43.6608342,-79.6902374,motorway_link,,,,
ramp,43.6605853,-79.69225,motorway_link,,410 South,,
ramp,43.6615542,-79.6915726,motorway_link,,,,
ramp,43.6294331,-79.6841727,motorway_link,Toronto,401 West,,
ramp,43.7655619,-79.3651108,motorway_link,,,,
ramp,43.7656858,-79.3704472,motorway_link,,,,
ramp,43.7651098,-79.364007,motorway_link,,,,
ramp,43.6217633,-79.7093041,motorway_link,,,,
ramp,43.6195573,-79.7064276,motorway_link,,,,
ramp,43.7214208,-79.5225779,motorway_link,,401 East;401 West,,
ramp,43.7646651,-79.3635838,motorway_link,,,,
ramp,43.529057,-80.268857,trunk_link,Acton;Cambridge,7 East,,
ramp,43.5278141,-80.267452,trunk_link,Acton;Cambridge,7 East,,
ramp,43.5843212,-79.8084457,motorway_link,,407 ETR West,,
ramp,43.592345,-79.804748,motorway_link,Toronto,401 East,,
ramp,43.5726633,-79.8319292,motorway_link,London,401 West,,
ramp,43.5708573,-79.8296538,motorway_link,London,401 West,,
ramp,43.5708635,-79.8298657,motorway_link,Toronto,401 East,,
ramp,43.6584658,-79.6926312,motorway_link,,410 South,,
ramp,43.570768,-79.8316355,motorway_link,London,401 West,,
ramp,43.6081219,-79.740749,motorway_link,,1,,
ramp,43.5453019,-79.7099735,motorway_link,,,,
ramp,43.5449899,-79.7106087,motorway_link,,,,
ramp,43.5449899,-79.7106087,motorway_link,Winston Churchill Boulevard North,,,
ramp,43.7255763,-79.6718964,motorway_link,,7,,
ramp,43.5413803,-79.7122585,motorway_link,Hamilton,403,,
ramp,43.5515132,-79.7644821,motorway_link,,3,,
ramp,43.5701289,-79.7874088,motorway_link,,7,,
ramp,43.6228376,-79.6347241,motorway_link,,,,
ramp,43.4007328,-80.3780848,motorway_link,Cambridge,8,,
ramp,43.4009457,-80.3776553,motorway_link,,,,
ramp,43.6429614,-79.6656832,motorway_link,,,,
ramp,43.5419166,-79.7080208,motorway_link,,,,
ramp,43.7065682,-79.7369219,motorway_link,,107,,
ramp,43.7617346,-79.3874645,motorway_link,Bayview Avenue South,,,
ramp,43.7644464,-79.3849221,motorway_link,Bayview Avenue North,,,
ramp,43.6211153,-79.7078346,motorway_link,London,401 West,,
ramp,43.6303332,-79.6843862,motorway_link,London,401 West,,
ramp,43.6224595,-79.7039265,motorway_link,,,,
ramp,43.5282532,-79.9058555,motorway_link,Toronto,401 East,,
ramp,43.5265121,-79.9070116,motorway_link,Acton;Halton Hills;Milton,25,,
ramp,43.529245,-79.906043,motorway_link,london,401,,
ramp,43.5677493,-79.8338934,motorway_link,London,401 West,,
ramp,43.6097541,-79.7351711,motorway_link,,,,
ramp,43.605728,-79.7446379,motorway_link,Toronto,401 East,,
ramp,43.6073596,-79.7487106,motorway_link,London,401 West;401 Ouest,,
ramp,43.6057667,-79.7483252,motorway_link,London,401 West,,
ramp,43.6643111,-79.6955926,motorway_link,,5,,
ramp,43.6358414,-79.669415,motorway_link,,,,
ramp,43.5875236,-79.8112679,motorway_link,,,401,Highway 401 Collector
ramp,43.5211985,-79.732662,motorway_link,,403,,
ramp,43.5283111,-79.9057008,motorway_link,London,401 West,,
ramp,43.5295035,-79.9034597,motorway_link,Milton;Halton Hills;Acton,25,,
ramp,43.5305613,-79.9000583,motorway_link,Acton;Halton Hills,25,,
ramp,43.5296916,-79.9024266,motorway_link,Milton;Halton Hills;Acton,25,,
ramp,43.6288226,-79.6883095,motorway_link,London,401,,
ramp,43.6279623,-79.6904087,motorway_link,London,401,,
ramp,43.6273366,-79.6898655,motorway_link,,,,
ramp,43.6294084,-79.6843573,motorway_link,Toronto,401 West,,
ramp,43.6280979,-79.6857933,motorway_link,,,,
ramp,43.6316211,-79.6787326,motorway_link,Toronto,401 East,,
ramp,43.6344349,-79.6718878,motorway_link,,410 North;403 West,,
ramp,43.6352232,-79.6696391,motorway_link,,,,
ramp,43.6336067,-79.5576222,motorway_link,Dundas Street;Cloverdale Road,,,
ramp,43.7129483,-79.5361894,motorway_link,,401 East,,
ramp,43.6989533,-79.4350922,motorway_link,Allen Road North,,,
ramp,43.6990407,-79.4349495,motorway_link,,,,
ramp,43.7341652,-79.6278869,motorway_link,,,,
ramp,43.4679395,-80.1852418,motorway_link,,,,
ramp,43.4653404,-80.183248,motorway_link,,,,
ramp,43.466647,-80.1818762,motorway_link,,,,
ramp,43.4614419,-80.1820967,motorway_link,,,,
ramp,43.4645146,-80.1840642,motorway_link,,,,
ramp,43.4629186,-80.1857184,motorway_link,,,,
ramp,43.7547257,-79.5284039,motorway_link,,,,
ramp,43.7541224,-79.5282196,motorway_link,,,,
ramp,43.7537944,-79.5284076,motorway_link,,,,
ramp,43.6968492,-79.5887643,motorway_link,,,,
ramp,43.7617038,-79.3878038,motorway_link,,,,
ramp,43.7652526,-79.3641947,motorway_link,,,,
ramp,43.6921755,-79.5676561,motorway_link,,,,
ramp,43.6015974,-79.7895332,motorway_link,,19,,
ramp,43.6328795,-79.4306101,motorway_link,,,,
ramp,43.6632684,-79.6945826,motorway_link,,5,,
ramp,43.6452503,-79.371401,motorway_link,,,,
ramp,43.645333,-79.3709838,motorway_link,,,,
ramp,43.7276758,-79.4477053,motorway_link,,,,
ramp,43.7752787,-79.3399391,motorway_link,,401,,
ramp,43.6806611,-79.3683282,trunk_link,,,,
ramp,43.6861049,-79.603288,motorway_link,,,,
ramp,43.6614931,-79.7071507,motorway_link,,410,,
ramp,43.7576112,-79.621428,motorway_link,,427,,
ramp,43.7080378,-79.5518553,motorway_link,,,,
ramp,43.615642,-79.6284982,motorway_link,,,,
ramp,43.5311231,-79.7221456,motorway_link,Toronto,403,,
ramp,43.5252113,-79.7295691,motorway_link,,407 ETR West;407 ETR Ouest,,
ramp,43.5277079,-79.7258329,motorway_link,,407 ETR West;407 ETR Ouest,,
ramp,43.6846268,-79.6095377,trunk_link,Terminal 1,401;409;427,,
ramp,43.8658933,-79.3724582,motorway_link,,,,
ramp,43.685663,-79.6106629,trunk_link,,401;409;427,,
ramp,43.607273,-79.7430569,motorway_link,,1,,
ramp,43.8258615,-79.4536473,motorway_link,,38,,
ramp,43.5750666,-79.8255475,motorway_link,Trafalgar Road;Oakville;Georgetown,3,,
ramp,43.5687609,-79.8294509,motorway_link,Georgetown;Oakville,3,,
ramp,43.5732182,-79.8304895,motorway_link,Trafalgar Road;Oakville;Georgetown,3,,
ramp,43.4004472,-80.3793015,motorway_link,Cambridge,8,,
ramp,43.6851047,-79.6112438,trunk_link,Terminal 1;Terminal 3,409;401;427,,
ramp,43.6915883,-79.6119229,trunk_link,Terminal 1,,,
ramp,43.7647377,-79.3862917,motorway_link,Bayview Avenue South,,,
ramp,43.7647947,-79.3862756,motorway_link,Bayview Avenue North,,,
ramp,43.6000578,-79.5655745,motorway_link,,4,,
ramp,43.409349,-79.7413795,motorway_link,Hamilton,QEW;403,,
ramp,43.4094375,-79.7413168,motorway_link,Hamilton,QEW;403,,
ramp,43.6303493,-79.647215,motorway_link,Brampton,410,,
ramp,43.6303493,-79.647215,motorway_link,,401 Collectors,,
ramp,43.7381285,-79.7777531,motorway_link,,410 North;410 Nord,,
ramp,43.4003822,-80.3764017,motorway_link,Toronto,401 East,,
ramp,43.5327575,-79.7351257,motorway_link,,403,,
ramp,43.5298833,-79.7310445,motorway_link,,403,,
ramp,43.8289846,-79.4541778,motorway_link,,38,,
ramp,43.5280311,-80.2624913,trunk_link,Fergus;Mount Forest,6 North,,
ramp,43.645532,-79.563124,motorway_link,,427 North,,
ramp,43.6541769,-79.5680566,motorway_link,,427 South;427 Sud,,
ramp,43.6545286,-79.5666756,motorway_link,,,,
ramp,43.741974,-79.4519188,motorway_link,Wilson Heights Boulevard North,,,
ramp,43.7426518,-79.8317669,motorway_link,Brampton,,,
ramp,43.7425026,-79.8318587,motorway_link,Orangeville,10 North,,
ramp,43.8473082,-79.5466867,motorway_link,Barrie,400 North,,
ramp,43.8471737,-79.5466419,motorway_link,Barrie,400 North,,
ramp,43.4099027,-79.7402002,motorway_link,,25,,
ramp,43.4107274,-79.7399369,motorway_link,Hamilton,403 West;QEW West,,
ramp,43.765895,-79.3613395,motorway_link,,401 East,,
