sample_order,timestamp,latitude,longitude,speed_kmh
1,26094,43.411728,-80.395088,0.0
2,26095,43.411583,-80.394722,121.2
3,26096,43.411442,-80.394341,124.3
4,26097,43.411301,-80.393982,118.7
5,26098,43.411156,-80.393608,123.3
6,26099,43.411011,-80.393242,121.2
7,26100,43.41087,-80.392876,120.5
8,26101,43.410721,-80.392502,124.0
9,26102,43.410583,-80.392151,116.1
10,26103,43.410439,-80.391785,121.0
11,26104,43.410305,-80.391434,115.3
12,26105,43.41016,-80.391083,117.4
13,26106,43.410023,-80.390732,115.9
14,26107,43.409889,-80.390373,117.4
15,26108,43.409752,-80.390022,115.9
16,26109,43.409615,-80.389679,113.8
17,26110,43.409485,-80.389336,112.5
18,26111,43.409348,-80.388992,114.1
19,26112,43.40921,-80.388649,114.0
20,26113,43.409081,-80.388306,112.3
21,26114,43.408939,-80.387962,115.1
22,26115,43.408806,-80.387619,113.1
23,26116,43.408669,-80.387291,110.0
24,26117,43.408524,-80.386963,111.7
25,26118,43.408371,-80.386635,113.4
26,26119,43.408211,-80.386307,114.9
27,26120,43.408047,-80.385994,112.2
28,26121,43.407875,-80.385674,115.8
29,26122,43.407696,-80.385361,115.8
30,26123,43.40752,-80.385048,115.1
31,26124,43.407341,-80.384758,110.7
32,26125,43.407158,-80.384453,115.0
33,26126,43.406963,-80.384155,116.6
34,26127,43.406773,-80.38385,116.8
35,26128,43.406586,-80.383545,116.1
36,26129,43.406391,-80.383247,116.6
37,26130,43.4062,-80.38295,115.4
38,26131,43.406013,-80.382652,114.5
39,26132,43.40583,-80.382362,111.7
40,26133,43.40564,-80.382057,116.8
41,26134,43.405441,-80.381752,119.2
42,26135,43.405243,-80.381447,119.0
43,26136,43.405048,-80.381157,114.9
44,26137,43.404858,-80.380867,113.6
45,26138,43.404663,-80.380569,116.6
46,26139,43.40448,-80.38028,111.5
47,26140,43.404293,-80.379997,111.3
48,26141,43.404148,-80.379738,95.1
49,26142,43.404007,-80.379478,94.4
50,26143,43.40387,-80.379211,95.1
51,26144,43.403732,-80.378944,95.3
52,26145,43.403606,-80.378654,98.3
53,26146,43.403496,-80.378365,94.9
54,26147,43.403408,-80.378082,89.5
55,26148,43.403336,-80.377785,91.1
56,26149,43.403278,-80.377487,89.7
57,26150,43.403233,-80.37719,88.2
58,26151,43.403198,-80.376884,90.1
59,26152,43.403175,-80.376595,84.6
60,26153,43.403168,-80.376282,91.1
61,26154,43.403172,-80.375977,88.7
62,26155,43.403194,-80.375671,89.4
63,26156,43.403229,-80.375366,89.8
64,26157,43.403278,-80.375053,93.1
65,26158,43.403336,-80.374763,87.5
66,26159,43.403423,-80.374481,89.1
67,26160,43.403515,-80.374191,92.0
68,26161,43.403618,-80.373909,91.8
69,26162,43.403736,-80.373642,90.9
70,26163,43.40387,-80.373375,94.4
71,26164,43.404003,-80.373123,90.6
72,26165,43.404156,-80.372879,93.7
73,26166,43.404305,-80.372635,92.7
74,26167,43.404453,-80.372375,96.1
75,26168,43.404594,-80.372124,92.3
76,26169,43.404728,-80.371849,96.3
77,26170,43.404865,-80.371574,97.0
78,26171,43.404984,-80.3713,92.8
79,26172,43.40509,-80.37101,94.4
80,26173,43.405205,-80.37072,96.1
81,26174,43.405315,-80.370438,93.1
82,26175,43.405422,-80.370163,90.7
83,26176,43.405529,-80.369881,92.5
84,26177,43.40564,-80.369598,93.5
85,26178,43.40575,-80.369331,89.3
86,26179,43.405869,-80.369049,94.8
87,26180,43.405987,-80.368782,90.9
88,26181,43.406113,-80.368515,92.6
89,26182,43.406239,-80.36824,94.6
90,26183,43.406372,-80.367981,92.2
91,26184,43.406513,-80.367714,96.0
92,26185,43.406651,-80.367447,95.3
93,26186,43.406799,-80.367195,94.2
94,26187,43.406956,-80.366936,98.1
95,26188,43.407116,-80.366692,95.6
96,26189,43.407276,-80.36644,97.3
97,26190,43.407433,-80.366196,94.8
98,26191,43.407589,-80.365936,98.1
99,26192,43.407738,-80.365685,94.3
100,26193,43.407887,-80.36544,92.9
101,26194,43.408039,-80.365181,96.8
102,26195,43.408195,-80.364929,96.3
103,26196,43.408352,-80.364677,96.5
104,26197,43.408508,-80.364418,97.8
105,26198,43.408657,-80.364159,96.1
106,26199,43.40881,-80.363907,95.5
107,26200,43.408947,-80.363632,97.0
108,26201,43.409081,-80.363358,96.1
109,26202,43.40921,-80.363083,95.2
110,26203,43.409348,-80.362801,98.9
111,26204,43.409481,-80.362518,98.0
112,26205,43.409622,-80.362251,96.0
113,26206,43.409767,-80.361984,96.9
114,26207,43.40992,-80.361717,98.9
115,26208,43.41008,-80.36145,100.7
116,26209,43.410236,-80.361191,97.8
117,26210,43.410397,-80.360924,100.9
118,26211,43.410561,-80.360657,101.7
119,26212,43.410721,-80.36039,100.7
120,26213,43.410877,-80.360123,99.6
121,26214,43.411034,-80.35984,103.5
122,26215,43.411186,-80.359566,100.3
123,26216,43.411335,-80.359291,99.8
124,26217,43.41148,-80.359009,100.5
125,26218,43.41161,-80.358711,101.1
126,26219,43.411739,-80.358391,106.4
127,26220,43.41188,-80.35807,109.1
128,26221,43.412006,-80.357758,103.8
129,26222,43.412128,-80.357437,105.3
130,26223,43.412247,-80.357109,106.6
131,26224,43.412361,-80.356781,105.7
132,26225,43.412457,-80.356445,105.0
133,26226,43.41256,-80.35611,105.8
134,26227,43.412647,-80.355766,105.9
135,26228,43.412735,-80.355423,105.8
136,26229,43.412819,-80.355072,107.5
137,26230,43.412895,-80.354721,106.5
138,26231,43.412968,-80.354355,110.4
139,26232,43.413033,-80.353989,109.6
140,26233,43.41309,-80.35363,106.9
141,26234,43.413147,-80.353271,106.9
142,26235,43.413189,-80.352913,105.5
143,26236,43.413216,-80.352554,105.0
144,26237,43.413239,-80.352196,104.5
145,26238,43.413258,-80.35183,106.7
146,26239,43.413265,-80.351479,102.1
147,26240,43.413273,-80.351128,102.1
148,26241,43.413273,-80.350792,97.7
149,26242,43.413273,-80.350441,102.1
150,26243,43.413273,-80.350105,97.7
151,26244,43.413284,-80.349777,95.5
152,26245,43.4133,-80.349449,95.6
153,26246,43.413311,-80.349121,95.5
154,26247,43.413322,-80.348793,95.5
155,26248,43.413334,-80.34845,99.9
156,26249,43.413338,-80.348122,95.4
157,26250,43.413345,-80.347794,95.4
158,26251,43.413353,-80.347458,97.8
159,26252,43.413361,-80.347122,97.8
160,26253,43.413364,-80.346794,95.4
161,26254,43.413368,-80.346458,97.7
162,26255,43.41338,-80.34613,95.5
163,26256,43.413391,-80.345802,95.5
164,26257,43.413399,-80.345459,99.8
165,26258,43.413399,-80.345123,97.7
166,26259,43.413406,-80.344772,102.1
167,26260,43.413406,-80.344414,104.1
168,26261,43.413418,-80.344078,97.8
169,26262,43.413433,-80.343727,102.2
170,26263,43.413441,-80.343369,104.2
171,26264,43.413445,-80.34301,104.4
172,26265,43.413448,-80.342651,104.4
173,26266,43.413456,-80.342278,108.5
174,26267,43.413467,-80.341919,104.5
175,26268,43.413471,-80.341553,106.4
176,26269,43.413471,-80.341179,108.8
177,26270,43.413479,-80.340813,106.5
178,26271,43.413483,-80.340446,106.7
179,26272,43.413494,-80.34008,106.5
180,26273,43.413506,-80.339722,104.2
181,26274,43.413521,-80.339363,104.6
182,26275,43.413536,-80.338997,106.6
183,26276,43.413559,-80.338638,104.8
184,26277,43.413567,-80.338272,106.5
185,26278,43.413586,-80.337914,104.4
186,26279,43.413597,-80.33754,108.8
187,26280,43.413609,-80.337189,102.2
188,26281,43.413616,-80.33683,104.4
189,26282,43.413631,-80.336487,99.9
190,26283,43.413635,-80.336128,104.4
191,26284,43.413639,-80.335777,102.1
192,26285,43.413647,-80.335442,97.5
193,26286,43.41367,-80.335106,98.1
194,26287,43.413681,-80.334763,99.8
195,26288,43.413689,-80.334419,100.1
196,26289,43.413704,-80.334091,95.6
197,26290,43.413715,-80.333763,95.5
198,26291,43.413727,-80.333443,93.2
199,26292,43.413738,-80.333115,95.5
200,26293,43.413757,-80.332794,93.7
201,26294,43.413769,-80.332474,93.2
202,26295,43.413773,-80.33213,100.0
203,26296,43.413784,-80.331802,95.5
204,26297,43.413799,-80.331459,99.9
205,26298,43.413807,-80.331116,99.8
206,26299,43.413815,-80.330765,102.1
207,26300,43.41383,-80.330414,102.2
208,26301,43.413841,-80.330078,97.8
209,26302,43.413853,-80.329735,99.9
210,26303,43.413864,-80.329384,102.2
211,26304,43.413879,-80.329033,102.2
212,26305,43.413891,-80.328682,102.2
213,26306,43.413914,-80.328323,104.8
214,26307,43.413937,-80.327972,102.5
215,26308,43.41396,-80.327637,97.8
216,26309,43.413971,-80.327286,102.2
217,26310,43.413982,-80.32695,97.8
218,26311,43.414001,-80.326607,100.0
219,26312,43.414009,-80.326263,100.1
220,26313,43.414024,-80.325928,97.6
221,26314,43.414036,-80.325592,97.8
222,26315,43.414043,-80.325249,99.8
223,26316,43.414062,-80.324921,95.7
224,26317,43.414078,-80.324577,100.2
225,26318,43.414093,-80.324242,97.6
226,26319,43.414116,-80.323891,102.5
227,26320,43.414127,-80.32354,102.2
228,26321,43.414143,-80.323196,100.2
229,26322,43.414162,-80.322838,104.4
230,26323,43.414177,-80.322495,99.9
231,26324,43.414196,-80.322151,100.3
232,26325,43.414207,-80.3218,102.2
233,26326,43.414223,-80.321434,106.6
234,26327,43.414234,-80.321075,104.5
235,26328,43.414242,-80.320694,110.8
236,26329,43.414249,-80.320328,106.5
237,26330,43.414257,-80.319962,106.5
238,26331,43.414265,-80.319603,104.4
239,26332,43.414268,-80.319214,113.1
240,26333,43.414284,-80.318855,104.6
241,26334,43.414288,-80.318489,106.4
242,26335,43.414295,-80.318115,108.8
243,26336,43.414303,-80.317734,110.8
244,26337,43.41431,-80.31736,108.8
245,26338,43.414322,-80.316978,111.2
246,26339,43.414333,-80.316605,108.6
247,26340,43.414352,-80.316246,104.7
248,26341,43.414364,-80.31588,106.5
249,26342,43.414379,-80.315514,106.6
250,26343,43.414368,-80.315109,117.8
251,26344,43.41436,-80.314713,115.2
252,26345,43.41436,-80.314331,111.1
253,26346,43.414352,-80.313934,115.5
254,26347,43.414368,-80.313583,102.3
255,26348,43.414387,-80.313217,106.7
256,26349,43.41441,-80.312851,106.8
257,26350,43.414425,-80.312462,113.3
258,26351,43.414444,-80.312088,109.0
259,26352,43.414463,-80.311707,111.0
260,26353,43.414463,-80.311295,119.8
261,26354,43.414478,-80.310921,108.9
262,26355,43.414501,-80.310539,111.5
263,26356,43.41452,-80.310158,111.0
264,26357,43.414528,-80.309769,113.2
265,26358,43.414528,-80.309395,108.8
266,26359,43.414547,-80.309021,109.0
267,26360,43.414562,-80.308647,108.9
268,26361,43.414585,-80.308266,111.2
269,26362,43.4146,-80.307884,111.2
270,26363,43.414616,-80.307518,106.6
271,26364,43.414639,-80.307137,111.2
272,26365,43.414658,-80.30677,107.0
273,26366,43.414677,-80.306396,109.0
274,26367,43.414688,-80.306023,108.5
275,26368,43.4147,-80.305656,106.8
276,26369,43.414719,-80.305298,104.4
277,26370,43.414734,-80.304939,104.6
278,26371,43.414745,-80.304573,106.5
279,26372,43.414757,-80.30423,99.9
280,26373,43.414772,-80.303886,100.2
281,26374,43.414791,-80.303535,102.3
282,26375,43.414803,-80.303192,99.9
283,26376,43.414829,-80.302841,102.6
284,26377,43.414852,-80.302483,104.5
285,26378,43.414883,-80.302132,102.8
286,26379,43.414928,-80.301765,108.2
287,26380,43.414986,-80.301407,106.7
288,26381,43.415047,-80.301048,107.2
289,26382,43.415123,-80.30069,108.5
290,26383,43.415203,-80.300331,109.2
291,26384,43.415295,-80.299988,106.3
292,26385,43.415398,-80.299637,110.1
293,26386,43.415504,-80.299286,110.5
294,26387,43.415607,-80.298927,112.2
295,26388,43.415722,-80.298576,112.0
296,26389,43.415829,-80.298233,108.5
297,26390,43.415932,-80.297882,110.1
298,26391,43.416039,-80.297523,112.8
299,26392,43.416149,-80.297157,115.2
300,26393,43.416252,-80.296806,110.1
301,26394,43.416359,-80.29644,114.7
302,26395,43.41647,-80.296082,113.2
303,26396,43.416569,-80.295723,111.7
304,26397,43.416679,-80.295349,117.3
305,26398,43.416782,-80.294983,114.1
306,26399,43.416889,-80.294617,114.7
307,26400,43.417,-80.29425,115.6
308,26401,43.417107,-80.293869,118.8
309,26402,43.417217,-80.293488,119.2
310,26403,43.417328,-80.293114,117.5
311,26404,43.417439,-80.292725,121.5
312,26405,43.417557,-80.292336,122.6
313,26406,43.417664,-80.291962,116.9
314,26407,43.417774,-80.291565,123.5
315,26408,43.417889,-80.291191,118.1
316,26409,43.418007,-80.290802,122.6
317,26410,43.418121,-80.290405,124.1
318,26411,43.418236,-80.290024,120.0
319,26412,43.418343,-80.289642,119.0
320,26413,43.418449,-80.289261,118.6
321,26414,43.41856,-80.288887,117.5
322,26415,43.418667,-80.288521,114.7
323,26416,43.418777,-80.288162,113.3
324,26417,43.418888,-80.287804,113.2
325,26418,43.418999,-80.287453,111.3
326,26419,43.419121,-80.287117,109.2
327,26420,43.419239,-80.286781,108.5
328,26421,43.419365,-80.286446,109.7
329,26422,43.419491,-80.286118,107.9
330,26423,43.419628,-80.285782,112.0
331,26424,43.419765,-80.285454,110.0
332,26425,43.419903,-80.285126,110.2
333,26426,43.420044,-80.28479,112.8
334,26427,43.420189,-80.284454,113.6
335,26428,43.420326,-80.284119,111.8
336,26429,43.420467,-80.283783,112.8
337,26430,43.420609,-80.283447,113.0
338,26431,43.420753,-80.283119,111.4
339,26432,43.420887,-80.282776,113.2
340,26433,43.421032,-80.28244,113.6
341,26434,43.421173,-80.282097,114.6
342,26435,43.421322,-80.281761,114.5
343,26436,43.421455,-80.281425,111.3
344,26437,43.4216,-80.281082,115.4
345,26438,43.421741,-80.280754,110.8
346,26439,43.421879,-80.280418,112.2
347,26440,43.42202,-80.28009,110.8
348,26441,43.422161,-80.279755,112.6
349,26442,43.422302,-80.279419,112.8
350,26443,43.422447,-80.279083,113.6
351,26444,43.422592,-80.278732,117.4
352,26445,43.422733,-80.278397,112.6
353,26446,43.422878,-80.278069,111.6
354,26447,43.423023,-80.277725,115.6
355,26448,43.423164,-80.27739,112.6
356,26449,43.423306,-80.277046,115.0
357,26450,43.423443,-80.276718,110.0
358,26451,43.423584,-80.27639,110.8
359,26452,43.423729,-80.276047,115.4
360,26453,43.423866,-80.275719,110.0
361,26454,43.424007,-80.275391,110.8
362,26455,43.424145,-80.275063,110.2
363,26456,43.424286,-80.274734,111.1
364,26457,43.424423,-80.274406,110.0
365,26458,43.424564,-80.274078,110.8
366,26459,43.424702,-80.273758,108.2
367,26460,43.424839,-80.273438,108.0
368,26461,43.424973,-80.273117,107.6
369,26462,43.425114,-80.272789,110.8
370,26463,43.425247,-80.272469,107.2
371,26464,43.425388,-80.272133,112.8
372,26465,43.425526,-80.271805,110.2
373,26466,43.425659,-80.271484,107.4
374,26467,43.4258,-80.271156,110.8
375,26468,43.425934,-80.270828,109.4
376,26469,43.426071,-80.270493,111.8
377,26470,43.426205,-80.270164,109.7
378,26471,43.426334,-80.269821,112.3
379,26472,43.426468,-80.269478,113.2
380,26473,43.426598,-80.269127,114.5
381,26474,43.426716,-80.268776,112.4
382,26475,43.42683,-80.268417,113.9
383,26476,43.426945,-80.268074,109.8
384,26477,43.427055,-80.2677,117.3
385,26478,43.42717,-80.267349,111.9
386,26479,43.427284,-80.266998,111.8
387,26480,43.427395,-80.266647,111.3
388,26481,43.427509,-80.266296,111.8
389,26482,43.427624,-80.265938,113.8
390,26483,43.427731,-80.265579,112.8
391,26484,43.427849,-80.265213,116.4
392,26485,43.427959,-80.264854,113.3
393,26486,43.428078,-80.264496,114.5
394,26487,43.428185,-80.264137,112.8
395,26488,43.428291,-80.263779,112.4
396,26489,43.428406,-80.263435,110.1
397,26490,43.428513,-80.263084,110.7
398,26491,43.428616,-80.262741,107.9
399,26492,43.428722,-80.262398,108.4
400,26493,43.428837,-80.262062,108.0
401,26494,43.428944,-80.261719,108.5
402,26495,43.429047,-80.261383,106.0
403,26496,43.429161,-80.261047,107.8
404,26497,43.429264,-80.260712,105.8
405,26498,43.429367,-80.260361,110.1
406,26499,43.429482,-80.260017,110.1
407,26500,43.429588,-80.259674,108.4
408,26501,43.429695,-80.259323,110.7
409,26502,43.42981,-80.258965,113.8
410,26503,43.42992,-80.258614,111.1
411,26504,43.430031,-80.25827,109.4
412,26505,43.430138,-80.257927,108.5
413,26506,43.430244,-80.257576,110.5
414,26507,43.430355,-80.257225,111.3
415,26508,43.430466,-80.256882,109.2
416,26509,43.430573,-80.256531,110.7
417,26510,43.430683,-80.25618,111.1
418,26511,43.430801,-80.255829,112.4
419,26512,43.430908,-80.255478,110.7
420,26513,43.431019,-80.255127,111.3
421,26514,43.431129,-80.254784,109.0
422,26515,43.43124,-80.254425,113.4
423,26516,43.431351,-80.254082,109.2
424,26517,43.431461,-80.253731,111.1
425,26518,43.431568,-80.253372,112.8
426,26519,43.431679,-80.253036,107.3
427,26520,43.431789,-80.252686,110.9
428,26521,43.431892,-80.25235,106.0
429,26522,43.432003,-80.252007,109.2
430,26523,43.43211,-80.251671,106.7
431,26524,43.432213,-80.251335,106.0
432,26525,43.43232,-80.250999,106.7
433,26526,43.432426,-80.250664,106.2
434,26527,43.432533,-80.250328,106.7
435,26528,43.43264,-80.25,104.5
436,26529,43.432747,-80.249664,106.7
437,26530,43.43285,-80.249329,105.8
438,26531,43.432961,-80.249001,105.2
439,26532,43.433064,-80.248672,104.1
440,26533,43.433163,-80.248337,105.1
441,26534,43.43327,-80.248016,102.7
442,26535,43.433369,-80.247688,103.3
443,26536,43.433472,-80.247368,101.7
444,26537,43.433575,-80.247047,102.0
445,26538,43.433681,-80.246719,104.4
446,26539,43.433777,-80.246391,102.8
447,26540,43.43388,-80.246063,103.9
448,26541,43.433983,-80.245728,105.7
449,26542,43.43409,-80.245399,104.8
450,26543,43.4342,-80.245056,109.0
451,26544,43.434307,-80.24472,106.6
452,26545,43.43441,-80.244385,105.7
453,26546,43.434521,-80.244041,109.4
454,26547,43.434628,-80.24369,110.7
455,26548,43.434734,-80.243347,108.4
456,26549,43.434849,-80.242989,113.8
457,26550,43.434959,-80.242638,111.1
458,26551,43.435074,-80.242287,111.9
459,26552,43.435184,-80.241928,113.3
460,26553,43.435291,-80.24157,112.5
461,26554,43.435398,-80.241211,112.8
462,26555,43.435505,-80.240845,114.7
463,26556,43.435604,-80.240486,111.6
464,26557,43.435696,-80.24012,112.6
465,26558,43.435787,-80.239754,112.5
466,26559,43.435875,-80.239365,118.4
467,26560,43.435959,-80.238991,113.8
468,26561,43.436031,-80.238609,114.7
469,26562,43.436104,-80.23822,116.8
470,26563,43.43618,-80.237839,114.9
471,26564,43.436253,-80.237457,114.8
472,26565,43.436329,-80.237083,112.9
473,26566,43.436405,-80.236687,119.1
474,26567,43.436481,-80.236305,115.1
475,26568,43.436558,-80.235909,119.2
476,26569,43.436626,-80.235519,116.6
477,26570,43.436703,-80.23513,117.2
478,26571,43.436775,-80.234734,118.7
479,26572,43.436848,-80.234352,114.8
480,26573,43.436924,-80.233963,117.1
481,26574,43.436993,-80.233582,114.1
482,26575,43.437065,-80.2332,114.7
483,26576,43.437134,-80.232834,109.9
484,26577,43.437199,-80.232475,107.5
485,26578,43.437271,-80.232109,110.2
486,26579,43.437336,-80.231758,105.3
487,26580,43.437408,-80.2314,108.0
488,26581,43.437481,-80.231049,106.1
489,26582,43.43755,-80.23069,107.9
490,26583,43.437614,-80.230324,109.4
491,26584,43.437687,-80.229965,108.4
492,26585,43.437759,-80.229599,110.2
493,26586,43.437832,-80.229233,110.3
494,26587,43.437904,-80.228867,110.2
495,26588,43.437969,-80.228485,114.0
496,26589,43.438042,-80.228111,112.6
497,26590,43.438122,-80.227745,111.1
498,26591,43.43819,-80.227371,112.1
499,26592,43.438263,-80.226997,112.6
500,26593,43.438332,-80.226631,109.9
501,26594,43.438408,-80.226265,110.6
502,26595,43.43848,-80.225891,112.5
503,26596,43.438557,-80.22551,115.0
504,26597,43.438633,-80.225136,112.9
505,26598,43.438713,-80.22477,111.1
506,26599,43.438786,-80.224396,112.6
507,26600,43.438866,-80.224014,115.6
508,26601,43.438931,-80.223648,109.5
509,26602,43.438999,-80.223274,112.1
510,26603,43.439072,-80.222893,114.5
511,26604,43.439144,-80.222527,110.2
512,26605,43.439213,-80.22216,110.2
513,26606,43.439278,-80.221786,111.8
514,26607,43.439342,-80.22142,109.4
515,26608,43.439407,-80.221054,109.5
516,26609,43.439476,-80.220703,105.7
517,26610,43.439545,-80.220345,107.7
518,26611,43.439613,-80.219994,105.6
519,26612,43.439686,-80.219635,108.4
520,26613,43.439758,-80.219276,108.3
521,26614,43.439827,-80.21891,109.9
522,26615,43.439896,-80.218544,109.9
523,26616,43.439968,-80.21817,112.5
524,26617,43.440044,-80.217796,112.9
525,26618,43.440125,-80.217422,113.4
526,26619,43.440201,-80.217041,114.8
527,26620,43.440277,-80.21666,114.8
528,26621,43.440346,-80.216263,118.6
529,26622,43.44043,-80.215897,111.6
530,26623,43.440495,-80.215523,111.8
531,26624,43.440567,-80.215141,114.7
532,26625,43.440639,-80.214767,112.5
533,26626,43.440712,-80.214401,110.3
534,26627,43.440781,-80.214027,112.2
535,26628,43.440849,-80.213654,111.8
536,26629,43.440922,-80.213287,110.6
537,26630,43.440987,-80.212921,109.5
538,26631,43.441051,-80.212563,107.2
539,26632,43.441128,-80.212196,111.0
540,26633,43.4412,-80.21183,110.2
541,26634,43.441277,-80.211472,108.5
542,26635,43.441345,-80.211113,107.8
543,26636,43.441414,-80.210762,105.7
544,26637,43.441479,-80.210396,109.5
545,26638,43.44154,-80.210014,113.7
546,26639,43.441601,-80.209656,106.9
547,26640,43.441669,-80.209297,107.8
548,26641,43.44173,-80.208946,104.9
549,26642,43.441799,-80.208572,112.2
550,26643,43.441868,-80.208214,107.7
551,26644,43.441933,-80.207848,109.5
552,26645,43.442005,-80.207489,108.2
553,26646,43.442074,-80.207123,109.9
554,26647,43.442139,-80.206741,114.0
555,26648,43.442207,-80.206367,112.1
556,26649,43.44228,-80.206001,110.3
557,26650,43.442348,-80.205635,109.8
558,26651,43.442413,-80.205254,113.8
559,26652,43.442486,-80.204887,110.6
560,26653,43.442558,-80.204521,110.2
561,26654,43.442627,-80.204155,109.9
562,26655,43.442696,-80.203773,114.4
563,26656,43.442764,-80.2034,111.8
564,26657,43.442829,-80.203033,109.8
565,26658,43.44289,-80.202667,109.1
566,26659,43.442966,-80.202301,110.6
567,26660,43.443039,-80.201942,108.4
568,26661,43.443111,-80.201584,108.0
569,26662,43.443184,-80.201218,110.3
570,26663,43.443249,-80.200851,109.8
571,26664,43.443317,-80.200478,111.8
572,26665,43.443371,-80.200104,110.8
573,26666,43.443436,-80.199745,107.5
574,26667,43.443493,-80.199379,108.8
575,26668,43.443562,-80.199005,112.2
576,26669,43.443619,-80.198639,108.8
577,26670,43.443687,-80.19828,107.8
578,26671,43.443756,-80.197914,109.9
579,26672,43.443821,-80.197533,113.7
580,26673,43.44389,-80.197159,112.2
581,26674,43.443954,-80.196793,109.4
582,26675,43.444016,-80.196411,113.8
583,26676,43.444088,-80.19603,114.4
584,26677,43.444153,-80.195656,111.8
585,26678,43.444218,-80.195282,111.8
586,26679,43.444283,-80.194893,116.0
587,26680,43.444355,-80.194519,112.5
588,26681,43.444424,-80.194153,109.9
589,26682,43.444496,-80.193771,114.7
590,26683,43.444569,-80.193398,112.3
591,26684,43.444645,-80.193024,112.9
592,26685,43.444721,-80.19265,112.9
593,26686,43.44479,-80.192261,116.4
594,26687,43.444859,-80.191887,112.2
595,26688,43.444927,-80.191505,114.3
596,26689,43.445,-80.191109,118.7
597,26690,43.44508,-80.190727,115.5
598,26691,43.445148,-80.190338,116.3
599,26692,43.445217,-80.189941,118.6
600,26693,43.445293,-80.18956,114.8
601,26694,43.445374,-80.189171,117.6
602,26695,43.44545,-80.188782,117.1
603,26696,43.445522,-80.188393,116.7
604,26697,43.445599,-80.188004,117.2
605,26698,43.445667,-80.187607,118.5
606,26699,43.445736,-80.187218,116.4
607,26700,43.445816,-80.186836,115.5
608,26701,43.445889,-80.186455,114.5
609,26702,43.445969,-80.186089,111.1
610,26703,43.446049,-80.185715,113.3
611,26704,43.446121,-80.185333,114.7
612,26705,43.446198,-80.184967,110.7
613,26706,43.446262,-80.184601,109.4
614,26707,43.446331,-80.184242,107.9
615,26708,43.4464,-80.183868,112.1
616,26709,43.446472,-80.183502,110.2
617,26710,43.446541,-80.183136,109.9
618,26711,43.446609,-80.18277,109.8
619,26712,43.446686,-80.182404,110.7
620,26713,43.446758,-80.182014,117.0
621,26714,43.446831,-80.181648,110.3
622,26715,43.446892,-80.181274,111.4
623,26716,43.44696,-80.180885,116.3
624,26717,43.447033,-80.180519,110.3
625,26718,43.447105,-80.180153,110.2
626,26719,43.44717,-80.179787,109.5
627,26720,43.447239,-80.179436,105.7
628,26721,43.447311,-80.179054,114.7
629,26722,43.44738,-80.178696,107.6
630,26723,43.447449,-80.178337,107.9
631,26724,43.447525,-80.177979,108.4
632,26725,43.447598,-80.177605,112.6
633,26726,43.447674,-80.177246,108.7
634,26727,43.447746,-80.17688,110.2
635,26728,43.447823,-80.176514,110.7
636,26729,43.447895,-80.176147,110.5
637,26730,43.447964,-80.175758,116.4
638,26731,43.448036,-80.175385,112.2
639,26732,43.448105,-80.175018,110.2
640,26733,43.44817,-80.174637,113.7
641,26734,43.448238,-80.174263,112.0
642,26735,43.448299,-80.173889,111.4
643,26736,43.448364,-80.173515,111.8
644,26737,43.448437,-80.173126,116.8
645,26738,43.448505,-80.172752,112.0
646,26739,43.448566,-80.172379,111.1
647,26740,43.448635,-80.171997,114.4
648,26741,43.4487,-80.171623,111.8
649,26742,43.448769,-80.171257,109.9
650,26743,43.448837,-80.170891,109.8
651,26744,43.448902,-80.170525,109.5
652,26745,43.448967,-80.170166,107.5
653,26746,43.449039,-80.169815,106.0
654,26747,43.449108,-80.169456,107.9
655,26748,43.449177,-80.169106,105.4
656,26749,43.449245,-80.168739,110.1
657,26750,43.449306,-80.168381,106.9
658,26751,43.449368,-80.168015,109.2
659,26752,43.449436,-80.167664,105.6
660,26753,43.449493,-80.167297,109.1
661,26754,43.449551,-80.166931,108.9
662,26755,43.449604,-80.166557,110.7
663,26756,43.449654,-80.166191,108.2
664,26757,43.449699,-80.165817,110.2
665,26758,43.449745,-80.165443,110.2
666,26759,43.449783,-80.165062,111.8
667,26760,43.449821,-80.164688,109.7
668,26761,43.449848,-80.164314,109.2
669,26762,43.449863,-80.163918,115.2
670,26763,43.449879,-80.163536,111.2
671,26764,43.449886,-80.163162,108.7
672,26765,43.449913,-80.162788,109.2
673,26766,43.449905,-80.162392,115.1
674,26767,43.449898,-80.162018,108.7
675,26768,43.44989,-80.161629,113.1
676,26769,43.449886,-80.161247,111.0
677,26770,43.449879,-80.160873,108.7
678,26771,43.449867,-80.160477,115.2
679,26772,43.449856,-80.160095,111.1
680,26773,43.449863,-80.159729,106.4
681,26774,43.44986,-80.159355,108.7
682,26775,43.449856,-80.158966,113.1
683,26776,43.449844,-80.158577,113.1
684,26777,43.449852,-80.158211,106.4
685,26778,43.449844,-80.157806,117.7
686,26779,43.449833,-80.157433,108.5
687,26780,43.449825,-80.157043,113.4
688,26781,43.449818,-80.156647,115.1
689,26782,43.449806,-80.156265,111.1
690,26783,43.449799,-80.155884,110.8
691,26784,43.449791,-80.155502,111.1
692,26785,43.449783,-80.155128,108.7
693,26786,43.449772,-80.154747,110.8
694,26787,43.449764,-80.154366,110.8
695,26788,43.449757,-80.153992,108.7
696,26789,43.449749,-80.153618,108.7
697,26790,43.449738,-80.153236,111.1
698,26791,43.449726,-80.152855,110.8
699,26792,43.449718,-80.152473,111.1
700,26793,43.449715,-80.152084,113.1
701,26794,43.449703,-80.151695,113.1
702,26795,43.449688,-80.151314,110.9
703,26796,43.44968,-80.150917,115.4
704,26797,43.449673,-80.150528,113.1
705,26798,43.449665,-80.150154,108.7
706,26799,43.449654,-80.149757,115.5
707,26800,43.449642,-80.149376,110.8
708,26801,43.449635,-80.149002,108.7
709,26802,43.449623,-80.148621,110.8
710,26803,43.449615,-80.148239,111.1
711,26804,43.449608,-80.147858,110.8
712,26805,43.4496,-80.147469,113.1
713,26806,43.449593,-80.147087,111.0
714,26807,43.449585,-80.146713,108.7
715,26808,43.449574,-80.146317,115.2
716,26809,43.44957,-80.145927,113.3
717,26810,43.449558,-80.145546,110.8
718,26811,43.449554,-80.145157,113.1
719,26812,43.449547,-80.144768,113.1
720,26813,43.449539,-80.144394,108.7
721,26814,43.449532,-80.143997,115.4
722,26815,43.449528,-80.143616,110.7
723,26816,43.44952,-80.143234,111.1
724,26817,43.449512,-80.142845,113.1
725,26818,43.449501,-80.142471,108.8
726,26819,43.449493,-80.142097,108.7
727,26820,43.44949,-80.141724,108.4
728,26821,43.449478,-80.14135,108.8
729,26822,43.449471,-80.140968,111.0
730,26823,43.449463,-80.140587,110.8
731,26824,43.449455,-80.140198,113.1
732,26825,43.449448,-80.139809,113.1
733,26826,43.449448,-80.13942,113.0
734,26827,43.449444,-80.13903,113.3
735,26828,43.44944,-80.138634,115.1
736,26829,43.449444,-80.138237,115.4
737,26830,43.44944,-80.137833,117.4
738,26831,43.44944,-80.137413,122.1
739,26832,43.449451,-80.137024,113.1
740,26833,43.449478,-80.136635,113.6
741,26834,43.449509,-80.136246,113.7
742,26835,43.449547,-80.135872,109.7
743,26836,43.4496,-80.135506,108.5
744,26837,43.449635,-80.135109,116.2
745,26838,43.44968,-80.134727,112.5
746,26839,43.449726,-80.134338,114.5
747,26840,43.449791,-80.133965,111.5
748,26841,43.449863,-80.133598,110.5
749,26842,43.449936,-80.13324,108.1
750,26843,43.450016,-80.132881,109.1
751,26844,43.4501,-80.132523,109.3
752,26845,43.450188,-80.132156,112.3
753,26846,43.450272,-80.131783,113.5
754,26847,43.450359,-80.131416,112.2
755,26848,43.450451,-80.131058,110.4
756,26849,43.450562,-80.130699,113.4
757,26850,43.450665,-80.130341,111.9
758,26851,43.450771,-80.129997,108.6
759,26852,43.45089,-80.129646,112.6
760,26853,43.451008,-80.129303,110.3
761,26854,43.451138,-80.128975,108.6
762,26855,43.451263,-80.128639,109.7
763,26856,43.451397,-80.128304,111.2
764,26857,43.451527,-80.127968,110.6
765,26858,43.451668,-80.12764,110.8
766,26859,43.451809,-80.127296,114.8
767,26860,43.451954,-80.126968,111.6
768,26861,43.452103,-80.12664,112.4
769,26862,43.452255,-80.12632,111.1
770,26863,43.452408,-80.125992,113.3
771,26864,43.45256,-80.125664,113.1
772,26865,43.452709,-80.125328,114.4
773,26866,43.452854,-80.125,111.6
774,26867,43.453007,-80.124672,113.3
775,26868,43.453156,-80.124344,112.4
776,26869,43.453316,-80.124016,114.8
777,26870,43.45348,-80.123695,114.1
778,26871,43.453636,-80.123367,113.9
779,26872,43.453785,-80.123039,112.4
780,26873,43.453945,-80.122704,116.5
781,26874,43.454098,-80.122368,115.3
782,26875,43.454247,-80.122047,110.7
783,26876,43.454399,-80.121719,113.1
784,26877,43.454544,-80.121399,109.6
785,26878,43.454689,-80.121071,111.6
786,26879,43.454838,-80.120735,114.4
787,26880,43.454975,-80.120415,108.0
788,26881,43.45512,-80.120087,111.6
789,26882,43.455269,-80.119766,110.7
790,26883,43.455414,-80.119438,111.6
791,26884,43.455555,-80.11911,110.8
792,26885,43.455688,-80.11879,107.1
793,26886,43.455818,-80.118454,110.6
794,26887,43.455948,-80.118126,108.6
795,26888,43.456074,-80.117783,111.7
796,26889,43.456188,-80.117447,107.8
797,26890,43.456295,-80.117104,108.5
798,26891,43.456409,-80.116753,111.7
799,26892,43.456512,-80.116402,110.0
800,26893,43.456608,-80.116051,109.0
801,26894,43.456711,-80.1157,110.0
802,26895,43.456814,-80.115349,110.0
803,26896,43.456917,-80.114998,110.0
804,26897,43.457016,-80.114639,111.6
805,26898,43.457119,-80.114288,110.0
806,26899,43.457214,-80.11393,110.8
807,26900,43.457321,-80.113571,112.8
808,26901,43.457417,-80.113205,113.1
809,26902,43.457516,-80.112846,111.6
810,26903,43.457607,-80.112495,108.3
811,26904,43.45771,-80.112152,107.9
812,26905,43.457802,-80.111801,108.4
813,26906,43.457897,-80.11145,108.8
814,26907,43.457996,-80.111107,107.3
815,26908,43.458092,-80.110764,106.8
816,26909,43.458195,-80.110405,112.2
817,26910,43.45829,-80.110054,108.8
818,26911,43.458393,-80.109695,112.2
819,26912,43.458488,-80.109352,106.7
820,26913,43.458588,-80.108994,111.5
821,26914,43.458687,-80.108643,109.4
822,26915,43.45879,-80.108276,114.3
823,26916,43.458889,-80.107925,109.4
824,26917,43.458988,-80.107574,109.4
825,26918,43.459087,-80.107216,111.3
826,26919,43.459187,-80.106873,107.4
827,26920,43.45929,-80.106514,112.2
828,26921,43.459389,-80.106163,109.4
829,26922,43.459488,-80.105797,113.5
830,26923,43.459591,-80.105446,110.0
831,26924,43.459686,-80.105087,111.0
832,26925,43.459793,-80.104736,110.6
833,26926,43.459888,-80.104378,110.8
834,26927,43.459991,-80.104019,112.2
835,26928,43.460091,-80.103661,111.5
836,26929,43.460197,-80.103302,112.6
837,26930,43.460293,-80.102959,106.8
838,26931,43.460396,-80.1026,112.2
839,26932,43.460491,-80.102249,108.8
840,26933,43.46059,-80.101906,107.3
841,26934,43.46069,-80.101547,111.7
842,26935,43.460796,-80.101196,110.5
843,26936,43.460888,-80.100845,108.4
844,26937,43.460991,-80.100487,111.9
845,26938,43.461086,-80.100136,108.8
846,26939,43.461197,-80.099777,113.4
847,26940,43.461292,-80.099434,106.7
848,26941,43.461395,-80.099083,110.0
849,26942,43.461487,-80.098717,112.5
850,26943,43.461597,-80.098366,111.1
851,26944,43.461693,-80.098007,111.2
852,26945,43.461796,-80.097656,110.0
853,26946,43.461887,-80.097298,110.2
854,26947,43.46199,-80.096947,110.0
855,26948,43.46209,-80.096573,115.8
856,26949,43.462193,-80.096222,110.0
857,26950,43.462292,-80.095856,113.5
858,26951,43.462395,-80.09549,114.1
859,26952,43.462498,-80.095131,112.2
860,26953,43.462601,-80.094757,116.2
861,26954,43.462708,-80.094391,114.6
862,26955,43.462807,-80.094017,115.7
863,26956,43.462917,-80.093651,115.1
864,26957,43.463017,-80.093277,115.8
865,26958,43.46312,-80.092918,112.2
866,26959,43.463223,-80.09256,111.9
867,26960,43.463326,-80.092201,112.2
868,26961,43.463425,-80.091843,111.3
869,26962,43.463524,-80.091476,113.8
870,26963,43.463623,-80.091118,111.3
871,26964,43.463722,-80.090759,111.6
872,26965,43.463829,-80.090401,112.5
873,26966,43.463928,-80.090042,111.6
874,26967,43.464031,-80.089684,111.9
875,26968,43.464127,-80.089317,113.3
876,26969,43.46423,-80.088966,110.0
877,26970,43.464329,-80.088608,111.3
878,26971,43.464428,-80.088257,109.4
879,26972,43.464527,-80.087914,107.2
880,26973,43.464626,-80.087563,109.4
881,26974,43.464729,-80.087212,110.0
882,26975,43.464825,-80.086861,109.0
883,26976,43.464924,-80.08651,109.4
884,26977,43.465019,-80.086159,108.8
885,26978,43.465118,-80.085808,109.4
886,26979,43.465218,-80.085457,109.6
887,26980,43.465317,-80.085114,107.2
888,26981,43.465412,-80.084755,111.0
889,26982,43.465515,-80.084396,112.2
890,26983,43.465607,-80.084045,108.4
891,26984,43.46571,-80.083702,107.8
892,26985,43.465805,-80.083359,106.7
893,26986,43.465904,-80.083008,109.4
894,26987,43.466003,-80.082657,109.4
895,26988,43.466103,-80.082306,109.6
896,26989,43.466206,-80.081947,112.2
897,26990,43.466305,-80.081589,111.3
898,26991,43.466404,-80.08123,111.6
899,26992,43.466503,-80.080872,111.3
900,26993,43.466602,-80.080521,109.4
901,26994,43.466705,-80.080154,114.3
902,26995,43.466805,-80.079788,113.6
903,26996,43.466904,-80.07943,111.3
904,26997,43.467003,-80.079071,111.6
905,26998,43.467106,-80.078712,112.2
906,26999,43.467205,-80.078354,111.3
907,27000,43.467304,-80.077995,111.6
908,27001,43.467407,-80.077629,114.0
909,27002,43.467503,-80.077271,110.9
910,27003,43.467602,-80.076904,113.7
911,27004,43.467701,-80.076546,111.3
912,27005,43.4678,-80.07618,113.5
913,27006,43.467903,-80.075813,114.3
914,27007,43.468002,-80.075447,113.5
915,27008,43.468105,-80.075089,111.9
916,27009,43.468204,-80.07473,111.6
917,27010,43.468307,-80.074371,112.2
918,27011,43.468407,-80.074005,113.6
919,27012,43.468513,-80.073647,112.3
920,27013,43.468609,-80.073296,109.0
921,27014,43.468712,-80.072937,112.2
922,27015,43.468807,-80.072578,111.0
923,27016,43.46891,-80.072227,110.0
924,27017,43.469009,-80.071869,111.3
925,27018,43.469112,-80.071518,110.0
926,27019,43.469208,-80.071167,109.0
927,27020,43.469311,-80.070816,110.0
928,27021,43.469406,-80.070473,106.7
929,27022,43.469509,-80.070114,112.1
930,27023,43.469604,-80.069763,108.8
931,27024,43.469704,-80.069405,111.4
932,27025,43.469803,-80.069054,109.4
933,27026,43.469906,-80.068703,110.0
934,27027,43.470001,-80.068352,108.8
935,27028,43.4701,-80.068001,109.4
936,27029,43.4702,-80.06765,109.5
937,27030,43.470299,-80.067291,111.6
938,27031,43.470406,-80.066925,114.6
939,27032,43.470512,-80.066566,112.6
940,27033,43.470608,-80.0662,113.1
941,27034,43.470703,-80.065842,110.7
942,27035,43.470806,-80.065483,112.1
943,27036,43.470909,-80.065117,114.0
944,27037,43.471004,-80.064766,108.8
945,27038,43.4711,-80.064407,111.1
946,27039,43.471191,-80.064056,108.3
947,27040,43.471275,-80.063698,109.3
948,27041,43.471355,-80.063347,106.9
949,27042,43.471428,-80.062973,112.5
950,27043,43.471504,-80.062614,108.6
951,27044,43.471573,-80.062248,109.9
952,27045,43.471642,-80.061874,112.1
953,27046,43.471695,-80.061493,112.7
954,27047,43.471748,-80.061119,110.7
955,27048,43.471802,-80.060745,110.8
956,27049,43.471844,-80.060364,112.0
957,27050,43.471889,-80.05999,110.1
958,27051,43.47192,-80.059601,113.7
959,27052,43.471935,-80.059212,113.2
960,27053,43.471958,-80.05883,111.4
961,27054,43.471977,-80.058464,106.6
962,27055,43.471996,-80.05809,108.9
963,27056,43.472008,-80.057716,108.8
964,27057,43.472027,-80.057343,108.6
965,27058,43.472038,-80.056969,108.7
966,27059,43.472054,-80.056602,106.8
967,27060,43.472073,-80.056229,108.6
968,27061,43.47208,-80.055862,106.7
969,27062,43.472103,-80.055511,102.4
970,27063,43.472118,-80.055145,106.5
971,27064,43.472134,-80.054787,104.2
972,27065,43.472153,-80.054405,111.2
973,27066,43.472168,-80.054039,106.5
974,27067,43.472187,-80.053673,106.6
975,27068,43.472202,-80.053299,108.8
976,27069,43.472225,-80.052925,109.0
977,27070,43.47224,-80.052551,108.8
978,27071,43.472244,-80.052162,113.0
979,27072,43.472256,-80.051765,115.4
980,27073,43.47226,-80.051369,115.0
981,27074,43.472267,-80.05098,113.0
982,27075,43.472286,-80.050591,113.3
983,27076,43.472317,-80.050209,111.7
984,27077,43.472332,-80.049812,115.5
985,27078,43.472359,-80.049416,115.5
986,27079,43.472366,-80.049026,113.3
987,27080,43.472385,-80.048615,119.6
988,27081,43.472401,-80.04821,117.8
989,27082,43.472412,-80.047829,110.8
990,27083,43.472431,-80.047432,115.6
991,27084,43.472446,-80.04705,111.1
992,27085,43.472473,-80.046654,115.5
993,27086,43.472485,-80.046257,115.4
994,27087,43.4725,-80.045876,110.8
995,27088,43.472515,-80.045479,115.5
996,27089,43.47253,-80.045105,108.8
997,27090,43.472557,-80.044731,109.2
998,27091,43.472569,-80.044342,113.1
999,27092,43.472588,-80.043968,108.9
1000,27093,43.472603,-80.043587,110.8
1001,27094,43.472626,-80.043198,113.4
1002,27095,43.472645,-80.042816,111.2
1003,27096,43.472664,-80.04245,106.6
1004,27097,43.472683,-80.042061,113.3
1005,27098,43.472694,-80.041679,111.1
1006,27099,43.472721,-80.041298,111.2
1007,27100,43.47274,-80.040909,113.3
1008,27101,43.472763,-80.040527,111.4
1009,27102,43.472794,-80.040154,109.1
1010,27103,43.472824,-80.039764,113.9
1011,27104,43.472851,-80.039383,111.2
1012,27105,43.472897,-80.039001,112.5
1013,27106,43.472939,-80.038612,114.2
1014,27107,43.472988,-80.038239,110.1
1015,27108,43.473042,-80.037857,113.1
1016,27109,43.473103,-80.037483,111.4
1017,27110,43.473164,-80.037102,113.3
1018,27111,43.473236,-80.036728,112.4
1019,27112,43.473305,-80.036354,112.1
1020,27113,43.473381,-80.03598,112.8
1021,27114,43.473469,-80.035614,112.0
1022,27115,43.473553,-80.035248,111.5
1023,27116,43.473648,-80.034889,111.0
1024,27117,43.473743,-80.034538,108.8
1025,27118,43.473839,-80.03418,110.9
1026,27119,43.473927,-80.033821,110.1
1027,27120,43.474026,-80.033463,111.3
1028,27121,43.474121,-80.033112,108.8
1029,27122,43.474213,-80.032745,112.8
1030,27123,43.474312,-80.032402,107.2
1031,27124,43.474407,-80.032043,111.0
1032,27125,43.47451,-80.031685,111.9
1033,27126,43.474609,-80.031326,111.6
1034,27127,43.474712,-80.030975,110.0
1035,27128,43.474808,-80.030632,106.8
1036,27129,43.474907,-80.030273,111.6
1037,27130,43.475006,-80.029915,111.3
1038,27131,43.475109,-80.029549,114.0
1039,27132,43.475208,-80.02919,111.6
1040,27133,43.475307,-80.028824,113.5
1041,27134,43.475407,-80.028458,113.6
1042,27135,43.47551,-80.028091,114.3
1043,27136,43.475609,-80.027718,115.4
1044,27137,43.475704,-80.027359,111.0
1045,27138,43.475803,-80.026993,113.5
1046,27139,43.475903,-80.026634,111.7
1047,27140,43.47599,-80.026245,118.2
1048,27141,43.476074,-80.025871,113.7
1049,27142,43.476158,-80.025497,113.7
1050,27143,43.476261,-80.025139,111.9
1051,27144,43.476353,-80.02478,110.6
1052,27145,43.476448,-80.024429,108.8
1053,27146,43.476543,-80.024078,108.8
1054,27147,43.476643,-80.023727,109.5
1055,27148,43.476742,-80.023369,111.3
1056,27149,43.476841,-80.023026,107.2
1057,27150,43.476933,-80.022659,112.8
1058,27151,43.477036,-80.022301,111.9
1059,27152,43.477131,-80.021942,111.0
1060,27153,43.477242,-80.021591,111.2
1061,27154,43.477337,-80.021225,112.9
1062,27155,43.47744,-80.020882,107.8
1063,27156,43.477535,-80.020523,111.0
1064,27157,43.477638,-80.020157,114.0
1065,27158,43.477737,-80.019806,109.4
1066,27159,43.477837,-80.019447,111.7
1067,27160,43.477932,-80.019112,104.5
1068,27161,43.478035,-80.018761,110.0
1069,27162,43.478127,-80.01841,108.4
1070,27163,43.478233,-80.018059,110.4
1071,27164,43.478329,-80.017693,113.0
1072,27165,43.47842,-80.017349,106.4
1073,27166,43.478512,-80.016998,108.4
1074,27167,43.4786,-80.016655,105.7
1075,27168,43.478683,-80.016319,103.1
1076,27169,43.478767,-80.015991,101.0
1077,27170,43.478848,-80.01564,107.0
1078,27171,43.478931,-80.015305,102.8
1079,27172,43.479008,-80.014961,104.6
1080,27173,43.479088,-80.014618,104.7
1081,27174,43.479172,-80.014282,103.2
1082,27175,43.479263,-80.013939,106.1
1083,27176,43.479359,-80.013596,106.8
1084,27177,43.479446,-80.013245,107.7
1085,27178,43.479546,-80.012894,109.5
1086,27179,43.479641,-80.01255,106.9
1087,27180,43.479733,-80.012199,108.4
1088,27181,43.479832,-80.011848,109.4
1089,27182,43.479927,-80.01149,110.7
1090,27183,43.480026,-80.011139,109.4
1091,27184,43.480129,-80.010796,107.8
1092,27185,43.480236,-80.010429,114.9
1093,27186,43.480339,-80.010071,111.9
1094,27187,43.48045,-80.009712,113.3
1095,27188,43.48056,-80.009354,112.9
1096,27189,43.480667,-80.008995,112.7
1097,27190,43.480778,-80.008636,113.3
1098,27191,43.480888,-80.008278,112.9
1099,27192,43.480995,-80.007935,108.4
1100,27193,43.481106,-80.007591,109.4
1101,27194,43.481216,-80.00724,111.1
1102,27195,43.481323,-80.006897,108.4
1103,27196,43.481426,-80.006546,110.0
1104,27197,43.481537,-80.00618,115.2
1105,27198,43.481651,-80.005829,111.7
1106,27199,43.481785,-80.005478,115.2
1107,27200,43.481915,-80.005127,114.5
1108,27201,43.482048,-80.004776,115.0
1109,27202,43.482193,-80.004433,115.3
1110,27203,43.482334,-80.004089,114.8
1111,27204,43.482487,-80.003754,115.0
1112,27205,43.482639,-80.003433,111.3
1113,27206,43.4828,-80.003098,116.7
1114,27207,43.482956,-80.002777,112.2
1115,27208,43.48312,-80.002457,113.8
1116,27209,43.483284,-80.002151,110.5
1117,27210,43.483452,-80.001831,114.7
1118,27211,43.483627,-80.001518,114.8
1119,27212,43.483799,-80.001198,115.7
1120,27216,43.48452,-79.999901,118.6
1121,27217,43.484703,-79.999565,122.0
1122,27218,43.484886,-79.999237,120.2
1123,27219,43.485073,-79.998894,124.6
1124,27220,43.485256,-79.998558,122.0
1125,27221,43.485443,-79.998222,123.0
1126,27222,43.485634,-79.997879,125.6
1127,27223,43.485813,-79.997536,122.7
1128,27224,43.486,-79.9972,123.0
1129,27225,43.486187,-79.996857,124.6
1130,27226,43.486374,-79.996521,123.0
1131,27227,43.486561,-79.996178,124.6
1132,27228,43.486744,-79.995842,122.0
1133,27229,43.486927,-79.995514,120.2
1134,27230,43.487118,-79.995178,124.0
1135,27231,43.487293,-79.994843,119.9
1136,27232,43.48748,-79.994514,121.4
1137,27233,43.487656,-79.994179,120.1
1138,27234,43.487843,-79.993851,121.2
1139,27235,43.488029,-79.993523,120.9
1140,27236,43.488209,-79.993195,119.4
1141,27237,43.488388,-79.992867,119.2
1142,27238,43.488567,-79.992531,121.1
1143,27239,43.488747,-79.99221,117.8
1144,27240,43.488922,-79.99189,116.4
1145,27241,43.489098,-79.99157,116.6
1146,27242,43.489273,-79.991249,116.6
1147,27243,43.489449,-79.990929,116.6
1148,27244,43.489624,-79.990608,116.6
1149,27245,43.489799,-79.990288,116.4
1150,27246,43.489971,-79.989967,115.9
1151,27247,43.49015,-79.989647,117.3
1152,27248,43.490322,-79.989326,115.9
1153,27249,43.490498,-79.989006,116.6
1154,27250,43.490677,-79.988686,117.3
1155,27251,43.490849,-79.988373,114.0
1156,27252,43.491024,-79.988052,116.6
1157,27253,43.491196,-79.987747,112.2
1158,27254,43.491367,-79.987434,113.8
1159,27255,43.491531,-79.987129,110.3
1160,27256,43.491703,-79.986816,114.0
1161,27257,43.491867,-79.986519,108.4
1162,27258,43.492035,-79.986221,109.6
1163,27259,43.492203,-79.985924,109.4
1164,27260,43.492367,-79.985619,110.3
1165,27261,43.492531,-79.985329,106.8
1166,27262,43.492699,-79.985031,109.6
1167,27263,43.492863,-79.984726,110.2
1168,27264,43.493031,-79.984413,113.1
1169,27265,43.493202,-79.9841,113.8
1170,27266,43.493374,-79.983788,113.8
1171,27267,43.493546,-79.983459,117.8
1172,27268,43.49371,-79.983124,117.4
1173,27269,43.493862,-79.982758,122.5
1174,27270,43.494007,-79.982407,117.3
1175,27271,43.494144,-79.98204,119.9
1176,27272,43.494282,-79.981674,119.8
1177,27273,43.4944,-79.981285,122.4
1178,27274,43.494507,-79.980896,120.8
1179,27275,43.494598,-79.980499,120.9
1180,27276,43.494678,-79.980095,121.6
1181,27277,43.494755,-79.979698,119.3
1182,27278,43.49482,-79.979279,124.4
1183,27279,43.494877,-79.978874,119.8
1184,27280,43.494919,-79.978462,120.8
1185,27281,43.494953,-79.978058,118.1
1186,27282,43.494987,-79.977646,120.4
1187,27283,43.495026,-79.977242,118.4
1188,27284,43.495064,-79.976837,118.6
1189,27285,43.495098,-79.976433,118.1
1190,27286,43.495136,-79.976013,122.9
1191,27287,43.495167,-79.975616,116.0
1192,27288,43.495205,-79.97522,116.0
1193,27289,43.495239,-79.974808,120.4
1194,27290,43.495277,-79.974411,116.3
1195,27291,43.495308,-79.974007,118.0
1196,27292,43.495342,-79.973618,113.8
1197,27293,43.49538,-79.973213,118.6
1198,27294,43.495411,-79.972824,113.6
1199,27295,43.495449,-79.972435,114.0
1200,27296,43.495483,-79.972038,116.1
1201,27297,43.495522,-79.971649,114.0
1202,27298,43.495552,-79.971245,117.9
1203,27299,43.495583,-79.970856,113.6
1204,27300,43.495613,-79.970467,113.6
1205,27301,43.495647,-79.970062,118.4
1206,27302,43.495682,-79.969658,118.2
1207,27303,43.49572,-79.969254,118.3
1208,27304,43.495754,-79.968857,116.1
1209,27305,43.495789,-79.968475,111.8
1210,27306,43.495823,-79.968079,115.8
1211,27307,43.495869,-79.96769,114.5
1212,27308,43.495918,-79.9673,114.9
1213,27309,43.495968,-79.966919,112.4
1214,27310,43.49604,-79.966537,114.6
1215,27311,43.496113,-79.966164,112.2
1216,27312,43.496201,-79.965775,118.3
1217,27313,43.496292,-79.965393,116.8
1218,27314,43.496399,-79.965012,118.6
1219,27315,43.496513,-79.964638,117.8
1220,27316,43.496643,-79.964302,110.6
1221,27317,43.496788,-79.963951,117.3
1222,27318,43.496933,-79.963615,113.5
1223,27319,43.497089,-79.963287,113.9
1224,27320,43.49725,-79.962967,113.1
1225,27321,43.497414,-79.962654,112.1
1226,27322,43.497585,-79.962357,110.1
1227,27323,43.497757,-79.962082,105.4
1228,27324,43.497932,-79.961815,104.5
1229,27325,43.498116,-79.961563,103.8
1230,27326,43.498302,-79.961311,104.4
1231,27327,43.498497,-79.961075,103.9
1232,27328,43.498703,-79.960838,107.4
1233,27329,43.498917,-79.960609,108.4
1234,27330,43.499126,-79.960396,104.0
1235,27331,43.499352,-79.96019,108.5
1236,27332,43.499573,-79.959999,104.4
1237,27333,43.499802,-79.959816,106.0
1238,27334,43.500023,-79.959633,103.2
1239,27335,43.500248,-79.95945,104.6
1240,27336,43.500477,-79.959274,105.0
1241,27337,43.50071,-79.959099,106.2
1242,27338,43.500935,-79.958916,104.6
1243,27339,43.501175,-79.958725,110.9
1244,27340,43.501415,-79.958542,109.8
1245,27341,43.501663,-79.958359,112.6
1246,27342,43.501911,-79.958168,113.7
1247,27343,43.502159,-79.957977,113.7
1248,27344,43.502411,-79.957787,115.0
1249,27345,43.50267,-79.957588,118.7
1250,27346,43.50293,-79.957382,120.0
1251,27347,43.503189,-79.957191,117.6
1252,27348,43.503448,-79.956978,120.7
1253,27349,43.503716,-79.956764,124.0
1254,27350,43.503983,-79.956558,122.5
1255,27351,43.50425,-79.95636,121.4
1256,27352,43.50452,-79.956154,123.5
1257,27353,43.504791,-79.95594,125.0
1258,27354,43.50507,-79.955742,125.6
1259,27355,43.505337,-79.955528,123.6
1260,27356,43.5056,-79.955322,121.1
1261,27357,43.505867,-79.955109,123.5
1262,27358,43.506138,-79.954895,125.0
1263,27359,43.506409,-79.954689,123.9
1264,27360,43.50668,-79.954483,123.9
1265,27361,43.506962,-79.954277,127.8
1266,27362,43.507229,-79.954071,122.5
1267,27363,43.507504,-79.953857,126.4
1268,27364,43.507767,-79.953651,121.1
1269,27365,43.508041,-79.953438,125.9
1270,27366,43.508312,-79.953232,123.9
1271,27367,43.508583,-79.953026,123.9
1272,27368,43.508846,-79.952805,123.3
1273,27369,43.509109,-79.952583,123.4
1274,27370,43.509365,-79.952362,120.9
1275,27371,43.509621,-79.952126,123.3
1276,27372,43.509876,-79.951897,121.8
1277,27373,43.510128,-79.951675,119.7
1278,27374,43.510384,-79.951424,125.7
1279,27375,43.510635,-79.951164,125.7
1280,27376,43.51088,-79.95092,121.0
1281,27377,43.511124,-79.950653,124.7
1282,27378,43.511356,-79.950394,119.5
1283,27379,43.511574,-79.950104,121.3
1284,27380,43.511791,-79.949837,116.4
1285,27381,43.512001,-79.949562,115.9
1286,27382,43.512199,-79.949287,112.5
1287,27383,43.512402,-79.949005,115.4
1288,27384,43.5126,-79.948723,113.9
1289,27385,43.512783,-79.948441,109.9
1290,27386,43.512978,-79.948151,114.8
1291,27387,43.513161,-79.947853,113.4
1292,27388,43.513332,-79.947571,106.7
1293,27389,43.513512,-79.947281,110.8
1294,27390,43.513687,-79.946983,111.3
1295,27391,43.513866,-79.946693,110.6
1296,27392,43.51405,-79.946419,108.4
1297,27393,43.514221,-79.946129,108.5
1298,27394,43.514393,-79.945854,105.4
1299,27395,43.514568,-79.945587,104.5
1300,27396,43.51474,-79.945305,107.0
1301,27397,43.514908,-79.945038,102.6
1302,27398,43.515079,-79.944771,103.4
1303,27399,43.515247,-79.944504,102.6
1304,27400,43.515408,-79.944229,102.6
1305,27401,43.515568,-79.943962,100.5
1306,27402,43.515736,-79.943687,104.4
1307,27403,43.515903,-79.94342,102.4
1308,27404,43.516068,-79.943138,105.2
1309,27405,43.516243,-79.942863,106.2
1310,27406,43.516422,-79.942574,110.3
1311,27407,43.516605,-79.942299,108.3
1312,27408,43.516788,-79.942009,111.6
1313,27409,43.516968,-79.941711,112.6
1314,27410,43.517159,-79.941406,117.0
1315,27411,43.517357,-79.941101,118.8
1316,27412,43.517548,-79.940788,118.7
1317,27413,43.517742,-79.940483,117.8
1318,27414,43.517944,-79.940163,123.2
1319,27415,43.518143,-79.939842,122.6
1320,27416,43.518345,-79.939514,124.9
1321,27417,43.518547,-79.939186,124.9
1322,27418,43.518753,-79.93885,127.7
1323,27419,43.518955,-79.938522,124.9
1324,27420,43.519165,-79.938179,130.3
1325,27421,43.519367,-79.937851,124.9
1326,27422,43.519573,-79.937523,126.0
1327,27423,43.519783,-79.937187,128.8
1328,27424,43.519989,-79.936852,127.5
1329,27425,43.520195,-79.936516,127.7
1330,27426,43.520401,-79.936172,129.5
1331,27427,43.520599,-79.935844,123.9
1332,27428,43.520805,-79.935516,126.0
1333,27429,43.521008,-79.935204,121.7
1334,27430,43.521214,-79.934875,126.2
1335,27431,43.521416,-79.934547,124.9
1336,27432,43.52161,-79.934212,124.4
1337,27433,43.521816,-79.933891,124.4
1338,27434,43.522015,-79.933571,122.4
1339,27435,43.522213,-79.93325,122.3
1340,27436,43.522408,-79.932938,119.6
1341,27437,43.522598,-79.932625,118.5
1342,27438,43.522785,-79.932312,117.7
1343,27439,43.522976,-79.931999,118.7
1344,27440,43.523155,-79.931679,117.3
1345,27441,43.523308,-79.931358,111.5
1346,27442,43.523449,-79.931038,108.7
1347,27443,43.523582,-79.930717,107.3
1348,27444,43.523712,-79.930389,108.5
1349,27445,43.523827,-79.930046,109.7
1350,27446,43.523937,-79.929726,102.8
1351,27447,43.52404,-79.929382,108.0
1352,27448,43.524132,-79.929047,104.0
1353,27449,43.524216,-79.928703,105.4
1354,27450,43.524288,-79.928352,105.9
1355,27451,43.524361,-79.928001,106.0
1356,27452,43.524418,-79.927643,106.4
1357,27453,43.524471,-79.927284,106.3
1358,27454,43.524521,-79.926949,99.3
1359,27455,43.524563,-79.926605,101.3
1360,27456,43.524609,-79.926277,97.0
1361,27457,43.524643,-79.925934,100.5
1362,27458,43.524689,-79.925606,97.0
1363,27459,43.524731,-79.925278,96.7
1364,27460,43.524773,-79.924942,99.0
1365,27461,43.524811,-79.924583,105.3
1366,27462,43.524853,-79.924232,103.3
1367,27463,43.524891,-79.923866,107.3
1368,27464,43.524944,-79.923492,110.6
1369,27465,43.524994,-79.923119,110.1
1370,27466,43.52504,-79.922745,110.1
1371,27467,43.525082,-79.922371,109.8
1372,27468,43.52512,-79.921989,111.9
1373,27469,43.525162,-79.9216,114.2
1374,27470,43.525196,-79.921219,111.4
1375,27471,43.525223,-79.920837,111.4
1376,27472,43.525257,-79.920456,111.4
1377,27473,43.525288,-79.920082,109.3
1378,27474,43.525326,-79.919724,105.0
1379,27475,43.525368,-79.919357,107.8
1380,27476,43.52541,-79.919006,103.3
1381,27477,43.525448,-79.91864,107.3
1382,27478,43.52549,-79.918282,105.3
1383,27479,43.525528,-79.917923,105.3
1384,27480,43.525566,-79.917549,109.6
1385,27481,43.525608,-79.917191,105.3
1386,27482,43.525654,-79.916824,108.1
1387,27483,43.525696,-79.916458,107.6
1388,27484,43.525745,-79.916084,110.3
1389,27485,43.525784,-79.915718,107.4
1390,27486,43.525833,-79.915352,108.0
1391,27487,43.525875,-79.91497,112.1
1392,27488,43.525921,-79.914604,107.8
1393,27489,43.525959,-79.914238,107.3
1394,27490,43.526005,-79.913864,110.1
1395,27491,43.526047,-79.913498,107.6
1396,27492,43.526089,-79.913132,107.6
1397,27493,43.526127,-79.912743,113.9
1398,27494,43.526169,-79.912369,109.8
1399,27495,43.526207,-79.911995,109.6
1400,27496,43.526264,-79.911613,113.2
1401,27497,43.526306,-79.911247,107.6
1402,27498,43.52636,-79.910866,112.7
1403,27499,43.526405,-79.910469,116.6
1404,27500,43.526451,-79.91008,114.4
1405,27501,43.526512,-79.909698,113.5
1406,27502,43.526569,-79.909302,117.2
1407,27503,43.526646,-79.90892,115.1
1408,27504,43.52673,-79.908546,113.6
1409,27505,43.526825,-79.908157,119.1
1410,27506,43.526928,-79.907776,118.0
1411,27507,43.527046,-79.907425,112.3
1412,27508,43.527168,-79.907074,113.0
1413,27509,43.527306,-79.906731,113.9
1414,27510,43.527447,-79.906387,114.7
1415,27511,43.527592,-79.906052,113.2
1416,27512,43.527737,-79.905693,119.3
1417,27513,43.527885,-79.905357,114.1
1418,27514,43.52803,-79.905006,117.2
1419,27515,43.528183,-79.904671,114.9
1420,27516,43.528343,-79.904327,118.6
1421,27517,43.528503,-79.903992,116.4
1422,27518,43.528664,-79.903648,118.8
1423,27519,43.528824,-79.903297,120.3
1424,27520,43.528984,-79.902954,118.4
1425,27521,43.529144,-79.902603,120.3
1426,27522,43.529308,-79.902245,122.9
1427,27523,43.529469,-79.901901,118.8
1428,27524,43.529629,-79.90155,120.3
1429,27525,43.529793,-79.901199,121.2
1430,27526,43.529953,-79.900848,120.3
1431,27527,43.530117,-79.900497,121.2
1432,27528,43.530281,-79.900146,121.2
1433,27529,43.530441,-79.89978,124.0
1434,27530,43.530602,-79.899437,118.6
1435,27531,43.530766,-79.899086,121.2
1436,27532,43.53093,-79.898735,121.2
1437,27533,43.53109,-79.898392,118.4
1438,27534,43.531246,-79.898041,119.5
1439,27535,43.531406,-79.89769,120.3
1440,27536,43.531567,-79.897346,118.8
1441,27537,43.531727,-79.897003,118.4
1442,27538,43.531883,-79.896652,119.5
1443,27539,43.53204,-79.896317,115.8
1444,27540,43.532192,-79.895981,114.9
1445,27541,43.532345,-79.895645,115.2
1446,27542,43.532494,-79.895325,110.4
1447,27543,43.532642,-79.894997,112.1
1448,27544,43.532795,-79.894661,115.1
1449,27545,43.532944,-79.894333,112.3
1450,27546,43.533092,-79.894005,112.1
1451,27547,43.533245,-79.893669,115.1
1452,27548,43.533401,-79.893326,117.5
1453,27549,43.533558,-79.892982,118.0
1454,27550,43.533714,-79.892639,117.5
1455,27551,43.533875,-79.892296,118.6
1456,27552,43.534035,-79.891945,120.3
1457,27553,43.534195,-79.891602,118.4
1458,27554,43.534355,-79.891251,120.3
1459,27555,43.534519,-79.8909,121.2
1460,27556,43.534679,-79.890549,120.3
1461,27557,43.53484,-79.890205,118.8
1462,27558,43.534992,-79.889862,116.7
1463,27559,43.535145,-79.889526,115.1
1464,27560,43.535294,-79.889198,112.3
1465,27561,43.535442,-79.88887,112.1
1466,27562,43.535595,-79.88855,111.2
1467,27563,43.53574,-79.888214,113.5
1468,27564,43.535881,-79.887878,112.7
1469,27565,43.536018,-79.887543,111.6
1470,27566,43.536156,-79.887207,112.1
1471,27567,43.536285,-79.886864,112.1
1472,27568,43.536407,-79.88652,111.1
1473,27569,43.536533,-79.886162,115.5
1474,27570,43.536659,-79.885811,113.7
1475,27571,43.536777,-79.885437,118.4
1476,27572,43.536888,-79.885078,113.3
1477,27573,43.536995,-79.884712,114.5
1478,27574,43.537086,-79.884338,114.5
1479,27575,43.537186,-79.883965,115.4
1480,27576,43.537273,-79.883591,114.0
1481,27577,43.537354,-79.883209,115.5
1482,27578,43.537434,-79.882812,119.6
1483,27579,43.537502,-79.882431,113.9
1484,27580,43.537567,-79.88205,113.6
1485,27581,43.53764,-79.88166,116.9
1486,27582,43.537697,-79.881279,112.9
1487,27583,43.537758,-79.88089,115.5
1488,27584,43.537807,-79.880524,108.0
1489,27585,43.537865,-79.88015,111.0
1490,27586,43.537922,-79.879776,110.9
1491,27587,43.537971,-79.87941,108.0
1492,27588,43.538025,-79.879044,108.4
1493,27589,43.538074,-79.87867,110.3
1494,27590,43.538128,-79.878311,106.4
1495,27591,43.538185,-79.877945,108.6
1496,27592,43.538239,-79.877586,106.4
1497,27593,43.538296,-79.877235,104.4
1498,27594,43.538353,-79.876869,108.6
1499,27595,43.538406,-79.876488,112.6
1500,27596,43.538467,-79.876114,111.2
1501,27597,43.538521,-79.875725,114.9
1502,27598,43.538574,-79.875359,108.3
1503,27599,43.538628,-79.874969,115.2
1504,27600,43.538681,-79.874603,108.3
1505,27601,43.538738,-79.874229,110.9
1506,27602,43.538795,-79.873848,112.9
1507,27603,43.538849,-79.873474,110.7
1508,27604,43.538902,-79.873077,117.1
1509,27605,43.538963,-79.872696,113.2
1510,27606,43.539017,-79.872307,114.9
1511,27607,43.53907,-79.871902,119.4
1512,27608,43.539124,-79.871513,114.9
1513,27609,43.539177,-79.871101,121.4
1514,27610,43.539242,-79.870697,120.1
1515,27611,43.539299,-79.870277,124.0
1516,27612,43.539368,-79.869865,122.7
1517,27613,43.539448,-79.869446,125.7
1518,27614,43.539528,-79.869041,121.8
1519,27615,43.539623,-79.868652,119.1
1520,27616,43.539719,-79.868271,117.0
1521,27617,43.539822,-79.867889,118.3
1522,27618,43.539928,-79.867516,116.3
1523,27619,43.540047,-79.867142,118.5
1524,27620,43.540165,-79.866768,118.4
1525,27621,43.540283,-79.866402,116.2
1526,27622,43.540413,-79.866035,118.5
1527,27623,43.54055,-79.865669,119.5
1528,27624,43.540691,-79.865303,120.3
1529,27625,43.540844,-79.864952,118.8
1530,27626,43.541,-79.864601,119.5
1531,27627,43.541161,-79.864258,118.6
1532,27628,43.541325,-79.863914,119.5
1533,27629,43.541492,-79.863564,121.6
1534,27630,43.541664,-79.863213,122.9
1535,27631,43.54184,-79.862877,120.3
1536,27632,43.542023,-79.862526,125.5
1537,27633,43.542225,-79.862198,124.9
1538,27634,43.542412,-79.861877,119.5
1539,27635,43.54261,-79.861549,123.9
1540,27636,43.54282,-79.861229,125.3
1541,27637,43.543034,-79.860924,123.2
1542,27638,43.543243,-79.860619,121.8
1543,27639,43.543465,-79.860313,125.6
1544,27640,43.543682,-79.860016,122.4
1545,27641,43.543911,-79.859718,126.0
1546,27642,43.54414,-79.859444,121.3
1547,27643,43.544369,-79.859161,123.1
1548,27644,43.544609,-79.858879,126.2
1549,27645,43.544849,-79.858604,124.9
1550,27646,43.54509,-79.858337,123.7
1551,27647,43.545326,-79.85807,122.2
1552,27648,43.54557,-79.857803,124.7
1553,27649,43.545811,-79.857529,125.0
1554,27650,43.546047,-79.857269,120.9
1555,27651,43.546288,-79.85701,122.3
1556,27652,43.54652,-79.856735,122.4
1557,27653,43.546753,-79.856491,117.1
1558,27654,43.546986,-79.856232,119.8
1559,27655,43.547207,-79.855972,116.3
1560,27656,43.547436,-79.855728,115.8
1561,27657,43.547661,-79.855476,116.0
1562,27658,43.547878,-79.855225,113.4
1563,27659,43.5481,-79.854973,115.1
1564,27660,43.548321,-79.854736,112.0
1565,27661,43.548531,-79.854485,111.2
1566,27662,43.548752,-79.854248,112.0
1567,27663,43.548965,-79.854019,108.1
1568,27664,43.549175,-79.853775,109.9
1569,27665,43.549393,-79.853539,110.9
1570,27666,43.549603,-79.853302,108.6
1571,27667,43.549816,-79.853073,108.1
1572,27668,43.550034,-79.852829,112.4
1573,27669,43.55024,-79.852592,107.4
1574,27670,43.550457,-79.852348,112.1
1575,27671,43.550671,-79.852119,108.4
1576,27672,43.55088,-79.851891,106.7
1577,27673,43.551086,-79.851654,107.4
1578,27674,43.551296,-79.851425,107.1
1579,27675,43.55151,-79.851189,109.7
1580,27676,43.55172,-79.850952,108.6
1581,27677,43.551926,-79.850723,105.9
1582,27678,43.552132,-79.850487,107.2
1583,27679,43.552341,-79.850258,106.8
1584,27680,43.552547,-79.850021,107.4
1585,27681,43.552761,-79.8498,107.0
1586,27682,43.552967,-79.849564,107.2
1587,27683,43.553181,-79.849327,109.8
1588,27684,43.553391,-79.849098,107.1
1589,27685,43.5536,-79.848862,108.1
1590,27686,43.553818,-79.848625,111.1
1591,27687,43.554031,-79.848381,110.8
1592,27688,43.554249,-79.848145,110.9
1593,27689,43.554462,-79.847893,112.3
1594,27690,43.554684,-79.847649,113.6
1595,27691,43.554905,-79.847404,113.5
1596,27692,43.555126,-79.84716,113.3
1597,27693,43.555351,-79.846901,117.3
1598,27694,43.555573,-79.846649,115.1
1599,27695,43.555801,-79.846397,116.9
1600,27696,43.55603,-79.846153,115.8
1601,27697,43.556255,-79.845886,118.8
1602,27698,43.556484,-79.845642,115.8
1603,27699,43.556713,-79.845375,120.0
1604,27700,43.556938,-79.845131,114.6
1605,27701,43.557167,-79.844879,117.2
1606,27702,43.5574,-79.844635,117.1
1607,27703,43.557625,-79.844376,117.3
1608,27704,43.55785,-79.844116,117.5
1609,27705,43.558075,-79.84388,113.1
1610,27706,43.558296,-79.84362,116.3
1611,27707,43.558525,-79.843376,115.8
1612,27708,43.558743,-79.843124,113.8
1613,27709,43.558968,-79.84288,114.6
1614,27710,43.559196,-79.842628,116.9
1615,27711,43.559418,-79.842384,113.6
1616,27712,43.559639,-79.842125,116.1
1617,27713,43.559864,-79.841881,114.6
1618,27714,43.560089,-79.841629,116.0
1619,27715,43.560322,-79.841377,118.5
1620,27716,43.560543,-79.841125,114.8
1621,27717,43.560772,-79.840874,117.1
1622,27718,43.561001,-79.840607,120.0
1623,27719,43.561234,-79.840363,117.1
1624,27720,43.561462,-79.840096,119.7
1625,27721,43.561695,-79.839851,117.3
1626,27722,43.561928,-79.839592,119.8
1627,27723,43.56216,-79.839325,120.9
1628,27724,43.562389,-79.839073,117.2
1629,27725,43.562618,-79.838814,118.5
1630,27726,43.562847,-79.838562,117.2
1631,27727,43.56308,-79.838303,119.8
1632,27728,43.563313,-79.838051,118.5
1633,27729,43.563545,-79.837784,120.9
1634,27730,43.56377,-79.837524,117.5
1635,27731,43.564003,-79.837273,118.3
1636,27732,43.564236,-79.837013,119.9
1637,27733,43.564465,-79.836761,117.2
1638,27734,43.564697,-79.836494,120.9
1639,27735,43.564926,-79.836243,117.1
1640,27736,43.565159,-79.835991,118.5
1641,27737,43.565388,-79.835732,118.5
1642,27738,43.565624,-79.835472,120.9
1643,27739,43.565849,-79.835213,117.3
1644,27740,43.566078,-79.834961,117.2
1645,27741,43.566311,-79.834702,119.8
1646,27742,43.56654,-79.83445,117.2
1647,27743,43.566769,-79.83419,118.7
1648,27744,43.567001,-79.833931,119.4
1649,27745,43.56723,-79.833679,117.2
1650,27746,43.567459,-79.833427,117.2
1651,27747,43.567688,-79.833168,118.5
1652,27748,43.567909,-79.832932,111.9
1653,27749,43.568127,-79.83268,113.8
1654,27750,43.568348,-79.832436,113.3
1655,27751,43.568565,-79.832184,113.5
1656,27752,43.568783,-79.831955,109.7
1657,27753,43.569,-79.831711,112.0
1658,27754,43.569214,-79.831482,108.4
1659,27755,43.569427,-79.831238,110.8
1660,27756,43.569641,-79.831009,108.4
1661,27757,43.569847,-79.830772,107.4
1662,27758,43.570049,-79.830551,103.2
1663,27759,43.570251,-79.830322,104.6
1664,27760,43.570457,-79.830086,107.2
1665,27761,43.570663,-79.829857,105.9
1666,27762,43.570869,-79.82962,107.4
1667,27763,43.571072,-79.829399,103.5
1668,27764,43.571281,-79.82917,106.8
1669,27765,43.571484,-79.828934,106.2
1670,27766,43.57169,-79.828712,104.6
1671,27767,43.571899,-79.828468,109.6
1672,27768,43.572109,-79.828239,107.1
1673,27769,43.572315,-79.828003,107.2
1674,27770,43.572525,-79.827766,108.6
1675,27771,43.572731,-79.82753,107.2
1676,27772,43.572948,-79.827286,112.0
1677,27773,43.573158,-79.827049,108.6
1678,27774,43.573368,-79.826805,109.9
1679,27775,43.573589,-79.826569,111.9
1680,27776,43.573807,-79.826324,112.5
1681,27777,43.574024,-79.826088,110.6
1682,27778,43.574245,-79.825844,113.3
1683,27779,43.574467,-79.825592,115.1
1684,27780,43.574688,-79.825356,111.9
1685,27781,43.574913,-79.825089,118.8
1686,27782,43.575127,-79.824844,111.3
1687,27783,43.575356,-79.824593,117.1
1688,27784,43.575581,-79.824333,117.5
1689,27785,43.575806,-79.824089,114.5
1690,27786,43.576031,-79.823837,116.0
1691,27787,43.576252,-79.823593,113.3
1692,27788,43.576481,-79.823334,118.5
1693,27789,43.576702,-79.82309,113.3
1694,27790,43.576927,-79.82283,117.5
1695,27791,43.577156,-79.822578,117.2
1696,27792,43.577377,-79.822327,114.6
1697,27793,43.577602,-79.822083,114.5
1698,27794,43.577827,-79.821831,116.0
1699,27795,43.578053,-79.821571,117.8
1700,27796,43.578281,-79.82132,116.7
1701,27797,43.578503,-79.821075,113.8
1702,27798,43.578728,-79.820816,117.3
1703,27799,43.578953,-79.820564,116.0
1704,27800,43.57917,-79.820312,113.5
1705,27801,43.579399,-79.820053,118.5
1706,27802,43.579624,-79.819801,116.0
1707,27803,43.579849,-79.819542,117.3
1708,27804,43.580074,-79.81929,116.0
1709,27805,43.580303,-79.819038,117.2
1710,27806,43.580532,-79.818779,118.5
1711,27807,43.580765,-79.81852,119.8
1712,27808,43.580997,-79.81826,119.6
1713,27809,43.581226,-79.818008,117.2
1714,27810,43.581455,-79.817749,118.5
1715,27811,43.581688,-79.817497,118.5
1716,27812,43.581921,-79.817238,119.7
1717,27813,43.58215,-79.816994,115.8
1718,27814,43.582371,-79.816734,116.2
1719,27815,43.5826,-79.81649,115.8
1720,27816,43.582829,-79.816238,117.2
1721,27817,43.58305,-79.816002,111.8
1722,27818,43.583275,-79.815758,114.5
1723,27819,43.583504,-79.815521,114.6
1724,27820,43.583721,-79.815269,113.5
1725,27821,43.583935,-79.815033,109.6
1726,27822,43.58416,-79.814774,117.3
1727,27823,43.584385,-79.814529,114.7
1728,27824,43.584602,-79.814278,113.3
1729,27825,43.584824,-79.814041,112.3
1730,27826,43.585045,-79.813789,114.7
1731,27827,43.585262,-79.813545,112.0
1732,27828,43.58548,-79.813293,113.8
1733,27829,43.58569,-79.813057,108.4
1734,27830,43.585907,-79.812813,112.0
1735,27831,43.586121,-79.812576,109.8
1736,27832,43.586334,-79.81234,109.3
1737,27833,43.586552,-79.812096,112.3
1738,27834,43.586769,-79.811859,110.8
1739,27835,43.586987,-79.811623,110.9
1740,27836,43.587204,-79.811378,112.2
1741,27837,43.587429,-79.811134,114.5
1742,27838,43.587646,-79.81089,112.0
1743,27839,43.587875,-79.810638,117.2
1744,27840,43.588093,-79.810402,110.9
1745,27841,43.588322,-79.81015,117.2
1746,27842,43.588543,-79.809914,111.8
1747,27843,43.58876,-79.809669,112.2
1748,27844,43.588982,-79.809418,114.9
1749,27845,43.589199,-79.809166,113.5
1750,27846,43.589424,-79.808914,116.0
1751,27847,43.589649,-79.808655,117.3
1752,27848,43.589882,-79.808403,118.5
1753,27849,43.590111,-79.808144,118.5
1754,27850,43.59034,-79.807884,118.7
1755,27851,43.590572,-79.807625,119.4
1756,27852,43.590805,-79.807365,119.9
1757,27853,43.591045,-79.807114,120.5
1758,27854,43.591282,-79.806839,123.9
1759,27855,43.591518,-79.80658,120.7
1760,27856,43.591755,-79.806313,122.4
1761,27857,43.591995,-79.806046,123.4
1762,27858,43.592228,-79.805779,121.2
1763,27859,43.592464,-79.805519,120.9
1764,27860,43.592697,-79.805267,118.5
1765,27861,43.59293,-79.805,121.2
1766,27862,43.593159,-79.804733,120.0
1767,27863,43.593391,-79.804482,118.0
1768,27864,43.593624,-79.80423,118.5
1769,27865,43.593857,-79.80397,119.9
1770,27866,43.59409,-79.803719,118.3
1771,27867,43.594318,-79.803459,118.4
1772,27868,43.594551,-79.8032,119.7
1773,27869,43.594776,-79.802933,118.8
1774,27870,43.595001,-79.802673,117.4
1775,27871,43.595222,-79.802399,118.9
1776,27872,43.59544,-79.802132,116.6
1777,27873,43.595657,-79.801842,120.9
1778,27874,43.595871,-79.801559,118.6
1779,27875,43.596088,-79.801262,122.3
1780,27876,43.596298,-79.800957,122.0
1781,27877,43.596508,-79.800652,122.0
1782,27878,43.596706,-79.800331,122.2
1783,27879,43.596901,-79.800011,121.2
1784,27880,43.597095,-79.799683,122.8
1785,27881,43.597294,-79.799355,124.0
1786,27882,43.597481,-79.799011,124.7
1787,27883,43.597649,-79.798653,123.7
1788,27884,43.597824,-79.798309,121.9
1789,27885,43.597988,-79.797943,124.8
1790,27886,43.598148,-79.797592,120.2
1791,27887,43.598297,-79.797226,121.7
1792,27888,43.598438,-79.796867,118.4
1793,27889,43.598576,-79.796494,121.4
1794,27890,43.598713,-79.796135,117.6
1795,27891,43.598839,-79.795769,117.5
1796,27892,43.598961,-79.79541,115.0
1797,27893,43.599075,-79.795052,113.4
1798,27894,43.599182,-79.794678,116.6
1799,27895,43.599289,-79.794319,112.5
1800,27896,43.599384,-79.793945,114.9
1801,27897,43.59948,-79.793579,112.8
1802,27898,43.599567,-79.793198,115.8
1803,27899,43.599659,-79.792839,110.4
1804,27900,43.599747,-79.792473,111.8
1805,27901,43.599831,-79.792099,113.5
1806,27902,43.599899,-79.791718,113.8
1807,27903,43.599968,-79.791328,116.4
1808,27904,43.600029,-79.790939,115.4
1809,27905,43.600079,-79.790543,116.5
1810,27906,43.600124,-79.790146,116.5
1811,27907,43.600163,-79.789749,116.1
1812,27908,43.600201,-79.789352,116.1
1813,27909,43.600227,-79.78894,119.9
1814,27910,43.600258,-79.788551,113.4
1815,27911,43.600281,-79.788155,115.2
1816,27912,43.600311,-79.787766,113.4
1817,27913,43.600334,-79.787369,115.5
1818,27914,43.600368,-79.78698,113.6
1819,27915,43.600395,-79.786575,117.9
1820,27916,43.600426,-79.786179,115.5
1821,27917,43.600456,-79.785789,113.7
1822,27918,43.600483,-79.7854,113.3
1823,27919,43.600517,-79.785011,113.6
1824,27920,43.600544,-79.784622,113.3
1825,27921,43.600567,-79.784233,113.1
1826,27922,43.600601,-79.783836,115.9
1827,27923,43.600624,-79.783447,113.1
1828,27924,43.600647,-79.783066,110.8
1829,27925,43.600685,-79.782677,113.8
1830,27926,43.600716,-79.782295,111.4
1831,27927,43.600742,-79.781921,108.9
1832,27928,43.600769,-79.781532,113.3
1833,27929,43.600796,-79.781166,106.6
1834,27930,43.600822,-79.780792,108.9
1835,27931,43.600849,-79.780418,109.0
1836,27932,43.600876,-79.780037,111.0
1837,27933,43.600906,-79.779671,106.8
1838,27934,43.600937,-79.779289,111.4
1839,27935,43.600967,-79.778915,109.1
1840,27936,43.601002,-79.778534,111.3
1841,27937,43.601028,-79.778152,111.2
1842,27938,43.601055,-79.777771,111.0
1843,27939,43.601086,-79.777374,115.8
1844,27940,43.601112,-79.776993,110.9
1845,27941,43.601135,-79.776604,113.1
1846,27942,43.601166,-79.776215,113.4
1847,27943,43.601196,-79.775833,111.4
1848,27944,43.601223,-79.775452,111.0
1849,27945,43.60125,-79.775055,115.6
1850,27946,43.60128,-79.774658,115.7
1851,27947,43.601307,-79.774269,113.3
1852,27948,43.60133,-79.77388,113.1
1853,27949,43.60136,-79.773491,113.4
1854,27950,43.601387,-79.773102,113.3
1855,27951,43.601406,-79.772713,113.0
1856,27952,43.60144,-79.772324,113.6
1857,27953,43.601463,-79.771927,115.5
1858,27954,43.601494,-79.771538,113.4
1859,27955,43.601524,-79.771156,111.4
1860,27956,43.601551,-79.77076,115.3
1861,27957,43.601585,-79.77037,113.9
1862,27958,43.601608,-79.769974,115.2
1863,27959,43.601639,-79.769592,111.4
1864,27960,43.601665,-79.769203,113.2
1865,27961,43.601688,-79.768806,115.4
1866,27962,43.601719,-79.76841,115.5
1867,27963,43.601753,-79.768005,118.2
1868,27964,43.601784,-79.767609,115.5
1869,27965,43.601807,-79.767204,117.8
1870,27966,43.601845,-79.7668,118.1
1871,27967,43.601879,-79.766403,115.9
1872,27968,43.60191,-79.765991,120.1
1873,27969,43.60194,-79.765587,117.7
1874,27970,43.601967,-79.765167,122.2
1875,27971,43.602001,-79.764763,117.9
1876,27972,43.602036,-79.764343,122.6
1877,27973,43.602062,-79.763931,119.9
1878,27974,43.6021,-79.763527,118.1
1879,27975,43.602131,-79.763123,117.8
1880,27976,43.602165,-79.762711,120.2
1881,27977,43.6022,-79.762314,115.9
1882,27978,43.602234,-79.761909,118.2
1883,27979,43.602257,-79.761513,115.2
1884,27980,43.602287,-79.761108,118.0
1885,27981,43.602318,-79.760712,115.5
1886,27982,43.602345,-79.760315,115.6
1887,27983,43.602379,-79.759918,115.9
1888,27984,43.602413,-79.759529,113.6
1889,27985,43.602463,-79.759125,118.8
1890,27986,43.602489,-79.758736,113.2
1891,27987,43.60252,-79.758362,109.1
1892,27988,43.602558,-79.757965,116.1
1893,27989,43.602585,-79.757584,111.0
1894,27990,43.602612,-79.757202,111.3
1895,27991,43.60265,-79.756805,116.1
1896,27992,43.60268,-79.756432,108.8
1897,27993,43.602711,-79.75605,111.4
1898,27994,43.602757,-79.755646,118.5
1899,27995,43.602844,-79.755264,116.1
1900,27996,43.602894,-79.754875,114.5
1901,27997,43.602947,-79.754471,119.0
1902,27998,43.603001,-79.754074,117.1
1903,27999,43.603069,-79.753677,118.3
1904,28000,43.60313,-79.753288,115.4
1905,28001,43.603199,-79.752899,116.1
1906,28002,43.603279,-79.752518,115.0
1907,28003,43.603363,-79.752136,115.7
1908,28004,43.603451,-79.751762,114.0
1909,28005,43.603531,-79.751366,119.2
1910,28006,43.603622,-79.750977,118.5
1911,28007,43.603725,-79.75061,114.1
1912,28008,43.603828,-79.750259,109.8
1913,28009,43.603928,-79.749886,115.3
1914,28010,43.604034,-79.749527,112.4
1915,28011,43.604149,-79.749184,109.6
1916,28012,43.604267,-79.74884,110.3
1917,28013,43.604397,-79.748497,112.2
1918,28014,43.604523,-79.748169,107.6
1919,28015,43.604649,-79.747841,107.6
1920,28016,43.604771,-79.747513,106.9
1921,28017,43.604904,-79.747185,109.0
1922,28018,43.605026,-79.746849,109.0
1923,28019,43.60516,-79.746529,107.1
1924,28020,43.605289,-79.746208,106.4
1925,28021,43.605423,-79.745888,107.1
1926,28022,43.605556,-79.745583,103.2
1927,28023,43.605679,-79.74527,103.2
1928,28024,43.605804,-79.744949,105.6
1929,28025,43.605927,-79.744637,103.0
1930,28026,43.606049,-79.744331,101.3
1931,28027,43.606167,-79.744011,104.1
1932,28028,43.606289,-79.743698,103.0
1933,28029,43.606407,-79.743393,100.2
1934,28030,43.606529,-79.74308,103.0
1935,28031,43.606647,-79.742767,102.3
1936,28032,43.60677,-79.742447,105.0
1937,28033,43.606892,-79.742134,103.0
1938,28034,43.607029,-79.741829,104.0
1939,28035,43.607159,-79.741508,106.6
1940,28036,43.607288,-79.741173,110.0
1941,28037,43.607422,-79.740845,109.2
1942,28038,43.607563,-79.740517,110.6
1943,28039,43.607704,-79.740166,116.3
1944,28040,43.607841,-79.739822,113.8
1945,28041,43.607983,-79.739471,116.5
1946,28042,43.60812,-79.73912,115.6
1947,28043,43.608261,-79.73877,116.1
1948,28044,43.608398,-79.738426,113.8
1949,28045,43.608528,-79.738083,112.2
1950,28046,43.608662,-79.737747,111.2
1951,28047,43.608788,-79.737411,109.7
1952,28048,43.608917,-79.737083,108.2
1953,28049,43.609043,-79.736732,113.6
1954,28050,43.609169,-79.73642,103.5
1955,28051,43.609295,-79.736092,107.6
1956,28052,43.609428,-79.735779,105.2
1957,28053,43.60955,-79.735458,105.1
1958,28054,43.609676,-79.735138,105.6
1959,28055,43.609798,-79.734818,104.8
1960,28056,43.609921,-79.734512,101.4
1961,28057,43.610046,-79.7342,103.4
1962,28058,43.610172,-79.733894,102.0
1963,28059,43.610294,-79.733589,101.0
1964,28060,43.61042,-79.733276,103.8
1965,28061,43.610542,-79.732971,101.0
1966,28062,43.610672,-79.732658,104.6
1967,28063,43.610798,-79.732338,105.6
1968,28064,43.61092,-79.732025,103.0
1969,28065,43.61105,-79.731705,106.3
1970,28066,43.611172,-79.731377,106.9
1971,28067,43.611309,-79.731049,109.7
1972,28068,43.611443,-79.730721,109.2
1973,28069,43.611572,-79.730385,110.2
1974,28070,43.611713,-79.730042,114.3
1975,28071,43.611847,-79.729691,115.0
1976,28072,43.61198,-79.729355,111.0
1977,28073,43.612118,-79.728996,117.8
1978,28074,43.612251,-79.728653,112.8
1979,28075,43.612392,-79.728325,110.6
1980,28076,43.612522,-79.727989,110.4
1981,28077,43.612652,-79.727646,112.2
1982,28078,43.612793,-79.727318,110.6
1983,28079,43.612923,-79.726982,110.4
1984,28080,43.613056,-79.726654,109.0
1985,28081,43.613194,-79.726326,109.9
1986,28082,43.613319,-79.725998,107.4
1987,28083,43.613457,-79.725662,112.0
1988,28084,43.61359,-79.725327,110.7
1989,28085,43.613724,-79.724998,109.4
1990,28086,43.613857,-79.724655,112.8
1991,28087,43.613991,-79.724327,109.2
1992,28088,43.614128,-79.723991,111.8
1993,28089,43.614265,-79.723656,111.5
1994,28090,43.614388,-79.72332,109.1
1995,28091,43.614521,-79.722992,109.0
1996,28092,43.614651,-79.722664,108.4
1997,28093,43.614784,-79.722336,109.0
1998,28094,43.614918,-79.722008,109.1
1999,28095,43.615044,-79.72168,107.6
2000,28096,43.615177,-79.721352,109.0
2001,28097,43.615303,-79.721008,111.7
2002,28098,43.615433,-79.720665,112.2
2003,28099,43.615559,-79.720329,109.7
2004,28100,43.615688,-79.719994,110.0
2005,28101,43.61581,-79.719658,108.9
2006,28102,43.615936,-79.719322,109.7
2007,28103,43.616062,-79.719002,105.6
2008,28104,43.616184,-79.718674,106.9
2009,28105,43.61631,-79.718353,105.8
2010,28106,43.616432,-79.718025,106.9
2011,28107,43.616566,-79.717712,105.4
2012,28108,43.61668,-79.717384,105.4
2013,28109,43.616802,-79.717064,104.8
2014,28110,43.616928,-79.716759,101.8
2015,28111,43.61705,-79.716431,106.9
2016,28112,43.61718,-79.716118,104.6
2017,28113,43.617294,-79.715797,103.6
2018,28114,43.617413,-79.715485,102.2
2019,28115,43.617516,-79.715172,99.6
2020,28116,43.617638,-79.714874,99.2
2021,28117,43.617752,-79.714569,99.5
2022,28118,43.61787,-79.714287,94.4
2023,28119,43.617985,-79.713997,95.8
2024,28120,43.618099,-79.713722,91.8
2025,28121,43.618214,-79.71344,93.8
2026,28122,43.618336,-79.713158,95.2
2027,28123,43.618462,-79.712883,94.3
2028,28124,43.618576,-79.712585,97.7
2029,28125,43.618706,-79.712311,94.9
2030,28126,43.618832,-79.712013,100.0
2031,28127,43.618958,-79.711731,96.0
2032,28128,43.619076,-79.711433,98.4
2033,28129,43.61919,-79.711128,99.5
2034,28130,43.619308,-79.710838,96.4
2035,28131,43.619427,-79.710564,92.6
2036,28132,43.619541,-79.710281,93.9
2037,28133,43.619652,-79.709999,93.0
2038,28134,43.619766,-79.709709,95.6
2039,28135,43.619877,-79.709419,95.1
2040,28136,43.619987,-79.709129,94.9
2041,28137,43.620098,-79.708839,95.1
2042,28138,43.620213,-79.708542,97.6
2043,28139,43.620327,-79.708244,97.7
2044,28140,43.620449,-79.707962,95.2
2045,28141,43.620567,-79.707672,96.4
2046,28142,43.620689,-79.707367,101.0
2047,28143,43.620808,-79.707062,100.4
2048,28144,43.62093,-79.706757,101.0
2049,28145,43.621048,-79.706451,100.5
2050,28146,43.621162,-79.706146,99.5
2051,28147,43.621284,-79.705833,103.0
2052,28148,43.621403,-79.705521,102.2
2053,28149,43.621521,-79.705208,102.3
2054,28150,43.621647,-79.704903,101.8
2055,28151,43.621769,-79.704597,101.2
2056,28152,43.621895,-79.704277,105.6
2057,28153,43.622021,-79.703964,103.8
2058,28154,43.622139,-79.703651,102.3
2059,28155,43.622265,-79.703339,103.5
2060,28156,43.622383,-79.703026,102.3
2061,28157,43.622509,-79.702713,103.8
2062,28158,43.622627,-79.7024,102.3
2063,28159,43.622753,-79.702087,103.8
2064,28160,43.622871,-79.701775,102.0
2065,28161,43.622993,-79.701477,99.2
2066,28162,43.623112,-79.70118,98.4
2067,28163,43.623226,-79.700882,97.7
2068,28164,43.623344,-79.700577,100.2
2069,28165,43.623463,-79.700279,98.6
2070,28166,43.623585,-79.699966,103.0
2071,28167,43.623703,-79.699669,98.2
2072,28168,43.623825,-79.699364,101.0
2073,28169,43.62394,-79.699043,103.8
2074,28170,43.624046,-79.69873,100.1
2075,28171,43.624176,-79.698425,102.6
2076,28172,43.624294,-79.69812,100.2
2077,28173,43.624416,-79.697815,101.0
2078,28174,43.624535,-79.69751,100.4
2079,28175,43.624653,-79.697197,102.3
2080,28176,43.624767,-79.696892,99.5
2081,28177,43.624886,-79.696579,102.4
2082,28178,43.625,-79.696259,103.3
2083,28179,43.625111,-79.695946,101.0
2084,28180,43.625225,-79.695641,99.5
2085,28181,43.625336,-79.695328,101.0
2086,28182,43.62545,-79.695023,99.5
2087,28183,43.625568,-79.694717,100.5
2088,28184,43.625683,-79.694405,101.5
2089,28185,43.625805,-79.694115,97.2
2090,28186,43.625923,-79.693817,98.4
2091,28187,43.626045,-79.693527,97.2
2092,28188,43.626171,-79.693237,98.0
2093,28189,43.626293,-79.692955,95.2
2094,28190,43.626408,-79.69265,99.6
2095,28191,43.626526,-79.692352,98.4
2096,28192,43.62664,-79.692047,99.5
2097,28193,43.626766,-79.69175,99.7
2098,28194,43.626888,-79.691437,103.0
2099,28195,43.627022,-79.691139,101.7
2100,28196,43.627151,-79.690826,104.4
2101,28197,43.627281,-79.690514,104.3
2102,28198,43.627407,-79.690201,103.8
2103,28199,43.627541,-79.68988,107.4
2104,28200,43.62767,-79.689552,108.2
2105,28201,43.6278,-79.689224,108.4
2106,28202,43.62793,-79.688896,108.4
2107,28203,43.628056,-79.688576,105.6
2108,28204,43.628178,-79.688255,105.1
2109,28205,43.628304,-79.687935,105.6
2110,28206,43.628429,-79.687622,103.6
2111,28207,43.628551,-79.687317,101.0
2112,28208,43.628677,-79.687012,101.8
2113,28209,43.628799,-79.686699,103.0
2114,28210,43.628925,-79.686394,101.8
2115,28211,43.629047,-79.686073,105.1
2116,28212,43.629173,-79.68576,103.8
2117,28213,43.629299,-79.68544,105.5
2118,28214,43.629425,-79.685127,103.8
2119,28215,43.629547,-79.684807,104.8
2120,28216,43.629677,-79.684494,104.6
2121,28217,43.629799,-79.684174,104.8
2122,28218,43.629921,-79.683868,101.2
2123,28219,43.630039,-79.683563,100.2
2124,28220,43.630157,-79.683266,98.2
2125,28221,43.630276,-79.682961,100.4
2126,28222,43.630383,-79.682655,98.5
2127,28223,43.630497,-79.682358,97.4
2128,28224,43.630608,-79.682053,98.9
2129,28225,43.63073,-79.681763,97.2
2130,28226,43.630844,-79.681458,99.5
2131,28227,43.630959,-79.68116,97.8
2132,28228,43.631073,-79.680862,97.7
2133,28229,43.631187,-79.680557,99.5
2134,28230,43.63131,-79.68026,99.1
2135,28231,43.631432,-79.679955,101.0
2136,28232,43.63155,-79.679642,102.3
2137,28233,43.631672,-79.679321,105.0
2138,28234,43.631798,-79.679008,103.8
2139,28235,43.631924,-79.678688,105.5
2140,28236,43.63205,-79.678368,105.5
2141,28237,43.632168,-79.678047,104.3
2142,28238,43.632298,-79.677727,106.3
2143,28239,43.632423,-79.677399,107.4
2144,28240,43.632561,-79.677078,108.2
2145,28241,43.632687,-79.67675,107.6
2146,28242,43.63282,-79.676414,111.0
2147,28243,43.632954,-79.676086,109.1
2148,28244,43.63308,-79.675758,107.6
2149,28245,43.633209,-79.67543,108.2
2150,28246,43.633339,-79.675095,110.1
2151,28247,43.633472,-79.674767,108.9
2152,28248,43.633598,-79.674438,107.8
2153,28249,43.633728,-79.67411,108.3
2154,28250,43.633865,-79.673775,111.5
2155,28251,43.633995,-79.673447,108.3
2156,28252,43.634129,-79.673119,109.1
2157,28253,43.634258,-79.672798,106.4
2158,28254,43.634392,-79.67247,109.1
2159,28255,43.634525,-79.67215,106.9
2160,28256,43.634659,-79.671822,109.1
2161,28257,43.634792,-79.671494,108.9
2162,28258,43.634926,-79.671173,107.4
2163,28259,43.635048,-79.670853,104.8
2164,28260,43.635185,-79.670547,104.2
2165,28261,43.635307,-79.670235,102.7
2166,28262,43.635437,-79.669914,106.6
2167,28263,43.635559,-79.669594,104.8
2168,28264,43.635689,-79.669273,106.6
2169,28265,43.635807,-79.668945,106.1
2170,28266,43.635937,-79.66861,110.1
2171,28267,43.636082,-79.668289,109.6
2172,28268,43.636208,-79.667961,107.6
2173,28269,43.636345,-79.667625,111.7
2174,28270,43.636475,-79.66729,110.1
2175,28271,43.636608,-79.666962,108.9
2176,28272,43.636742,-79.666634,109.1
2177,28273,43.636875,-79.66629,113.0
2178,28274,43.637009,-79.665947,112.9
2179,28275,43.637142,-79.665604,112.7
2180,28276,43.63728,-79.66526,113.9
2181,28277,43.637409,-79.664917,112.0
2182,28278,43.637547,-79.664566,115.7
2183,28279,43.63768,-79.66423,110.9
2184,28280,43.637817,-79.663879,115.5
2185,28281,43.637951,-79.663528,115.0
2186,28282,43.638088,-79.663193,111.5
2187,28283,43.638233,-79.662842,117.1
2188,28284,43.638363,-79.662483,116.3
2189,28285,43.638504,-79.662125,118.1
2190,28286,43.638645,-79.661758,120.4
2191,28287,43.638783,-79.6614,117.5
2192,28288,43.63892,-79.661034,119.4
2193,28289,43.63905,-79.660645,124.1
2194,28290,43.639198,-79.660286,119.7
2195,28291,43.639336,-79.65992,119.6
2196,28292,43.639481,-79.659554,120.9
2197,28293,43.639626,-79.659195,119.1
2198,28294,43.639767,-79.658813,124.2
2199,28295,43.639915,-79.658447,121.5
2200,28296,43.640057,-79.658081,120.3
2201,28297,43.640202,-79.657707,122.9
2202,28298,43.64035,-79.657333,123.5
2203,28299,43.640495,-79.65696,122.7
2204,28300,43.640648,-79.656586,124.5
2205,28301,43.6408,-79.656204,126.3
2206,28302,43.640949,-79.65583,123.7
2207,28303,43.641087,-79.655449,123.4
2208,28304,43.641239,-79.655075,124.3
2209,28305,43.641384,-79.654686,126.8
2210,28306,43.641533,-79.65432,121.7
2211,28307,43.641682,-79.653938,125.7
2212,28308,43.64183,-79.653557,125.3
2213,28309,43.641972,-79.653191,120.3
2214,28310,43.642128,-79.652817,125.1
2215,28311,43.642277,-79.652443,123.7
2216,28312,43.642426,-79.652069,123.7
2217,28313,43.64257,-79.651695,122.7
2218,28314,43.642719,-79.651329,121.6
2219,28315,43.642864,-79.650955,122.9
2220,28316,43.643005,-79.650558,128.1
2221,28317,43.64315,-79.6502,118.8
2222,28318,43.643288,-79.649834,119.6
2223,28319,43.64344,-79.649475,120.5
2224,28320,43.643585,-79.649117,118.8
2225,28321,43.643726,-79.648758,118.3
2226,28322,43.643875,-79.648399,119.9
2227,28323,43.644012,-79.648041,117.3
2228,28324,43.644161,-79.647682,119.9
2229,28325,43.644302,-79.647324,118.1
2230,28326,43.644447,-79.646965,119.1
2231,28327,43.644592,-79.646606,119.1
2232,28328,43.644737,-79.646255,117.1
2233,28329,43.644878,-79.645897,118.1
2234,28330,43.645016,-79.645531,119.5
2235,28331,43.645161,-79.645164,121.1
2236,28332,43.645294,-79.644806,116.6
2237,28333,43.645439,-79.644447,119.1
2238,28334,43.645576,-79.644081,119.4
2239,28335,43.645721,-79.643723,118.8
2240,28336,43.645859,-79.643356,119.8
2241,28337,43.646,-79.642998,118.1
2242,28338,43.646145,-79.642639,119.1
2243,28339,43.646278,-79.642273,118.6
2244,28340,43.646423,-79.641914,119.1
2245,28341,43.646561,-79.641541,121.3
2246,28342,43.646706,-79.64119,117.1
2247,28343,43.646843,-79.640816,121.4
2248,28344,43.646984,-79.640457,118.3
2249,28345,43.647129,-79.640099,118.8
2250,28346,43.647263,-79.639748,115.0
2251,28347,43.647408,-79.639381,121.1
2252,28348,43.647552,-79.63903,116.9
2253,28349,43.64769,-79.638664,119.5
2254,28350,43.647831,-79.638313,116.3
2255,28351,43.647972,-79.637962,116.3
2256,28352,43.648117,-79.637604,118.8
2257,28353,43.648251,-79.637245,117.0
2258,28354,43.648388,-79.636887,117.3
2259,28355,43.648529,-79.636536,116.3
2260,28356,43.648666,-79.636177,117.6
2261,28357,43.648808,-79.635834,114.5
2262,28358,43.648949,-79.635483,116.3
2263,28359,43.649078,-79.635124,116.1
2264,28360,43.64922,-79.634766,118.3
2265,28361,43.649361,-79.634415,116.3
2266,28362,43.649487,-79.634071,111.7
2267,28363,43.649628,-79.63372,116.3
2268,28364,43.649761,-79.633377,112.7
2269,28365,43.649891,-79.633034,112.2
2270,28366,43.650032,-79.63269,114.5
2271,28367,43.650169,-79.632355,111.5
2272,28368,43.650311,-79.632019,112.7
2273,28369,43.650448,-79.631683,111.7
2274,28370,43.650585,-79.631355,109.7
2275,28371,43.650723,-79.63102,111.7
2276,28372,43.650864,-79.630692,110.5
2277,28373,43.651009,-79.630363,111.6
2278,28374,43.651157,-79.630043,110.0
2279,28375,43.651295,-79.629715,109.9
2280,28376,43.65144,-79.629387,111.3
2281,28377,43.651581,-79.629059,110.5
2282,28378,43.651718,-79.628738,107.9
2283,28379,43.651863,-79.628418,109.4
2284,28380,43.652008,-79.628105,107.6
2285,28381,43.652149,-79.6278,104.8
2286,28382,43.652287,-79.62748,107.9
2287,28383,43.652435,-79.627167,108.3
2288,28384,43.652576,-79.626862,104.8
2289,28385,43.652729,-79.626549,109.4
2290,28386,43.652878,-79.626251,104.9
2291,28387,43.653027,-79.625946,106.6
2292,28388,43.653179,-79.625648,105.6
2293,28389,43.653332,-79.625351,105.6
2294,28390,43.653488,-79.625038,110.1
2295,28391,43.653648,-79.624733,109.1
2296,28392,43.653809,-79.624443,105.9
2297,28393,43.653969,-79.62413,111.0
2298,28394,43.654129,-79.623833,107.2
2299,28395,43.654289,-79.62352,111.0
2300,28396,43.654449,-79.623215,109.1
2301,28397,43.65461,-79.622917,107.7
2302,28398,43.65477,-79.622604,111.0
2303,28399,43.65493,-79.622307,107.2
2304,28400,43.655102,-79.622002,112.0
2305,28401,43.655273,-79.621696,112.0
2306,28402,43.655449,-79.621407,109.4
2307,28403,43.655621,-79.621117,108.6
2308,28404,43.655792,-79.620819,110.2
2309,28405,43.655968,-79.620529,109.6
2310,28406,43.656139,-79.620232,109.9
2311,28407,43.656311,-79.619926,112.2
2312,28408,43.656483,-79.619637,108.4
2313,28409,43.656651,-79.619347,107.6
2314,28410,43.656822,-79.619041,112.0
2315,28411,43.656998,-79.618736,113.0
2316,28412,43.657162,-79.618439,108.2
2317,28413,43.65733,-79.618134,111.0
2318,28414,43.657505,-79.617828,113.0
2319,28415,43.657661,-79.617523,108.2
2320,28416,43.657837,-79.61721,114.8
2321,28417,43.658009,-79.616898,113.6
2322,28418,43.658188,-79.6166,112.2
2323,28419,43.658363,-79.616287,114.6
2324,28420,43.658535,-79.615967,115.5
2325,28421,43.658714,-79.615654,115.5
2326,28422,43.658882,-79.615349,111.0
2327,28423,43.659046,-79.615028,113.8
2328,28424,43.659222,-79.614723,113.0
2329,28425,43.659389,-79.614403,114.3
2330,28426,43.659546,-79.614082,112.2
2331,28427,43.659702,-79.613754,113.7
2332,28428,43.659866,-79.613434,113.6
2333,28429,43.660027,-79.613106,114.8
2334,28430,43.660191,-79.61277,117.4
2335,28431,43.660355,-79.61245,113.6
2336,28432,43.660519,-79.612122,115.5
2337,28433,43.660679,-79.611801,112.9
2338,28434,43.660839,-79.611458,118.2
2339,28435,43.660995,-79.61113,113.7
2340,28436,43.661152,-79.610794,115.8
2341,28437,43.661301,-79.610466,112.2
2342,28438,43.661449,-79.610146,110.0
2343,28439,43.661598,-79.60981,114.1
2344,28440,43.661736,-79.609489,108.1
2345,28441,43.66188,-79.609161,111.1
2346,28442,43.662025,-79.608826,113.1
2347,28443,43.662159,-79.608498,109.1
2348,28444,43.662292,-79.60817,108.9
2349,28445,43.662437,-79.607841,111.6
2350,28446,43.662567,-79.607513,108.3
2351,28447,43.662708,-79.607178,112.2
2352,28448,43.662846,-79.60685,109.9
2353,28449,43.662975,-79.606514,110.2
2354,28450,43.663116,-79.606178,112.5
2355,28451,43.663246,-79.605843,110.1
2356,28452,43.663383,-79.605499,113.7
2357,28453,43.663517,-79.605148,114.9
2358,28454,43.663643,-79.604805,111.4
2359,28455,43.663776,-79.604462,112.7
2360,28456,43.663906,-79.604103,116.3
2361,28457,43.66404,-79.603752,114.9
2362,28458,43.664169,-79.603401,114.0
2363,28459,43.664299,-79.603043,116.0
2364,28460,43.664433,-79.602669,120.9
2365,28461,43.664558,-79.602303,117.2
2366,28462,43.664696,-79.601936,119.8
2367,28463,43.664833,-79.60157,119.3
2368,28464,43.664959,-79.601196,119.5
2369,28465,43.665092,-79.600822,120.7
2370,28466,43.66523,-79.600464,117.5
2371,28467,43.665359,-79.60009,120.0
2372,28468,43.665493,-79.599731,117.0
2373,28469,43.66563,-79.599358,121.1
2374,28470,43.665768,-79.598991,119.8
2375,28471,43.665916,-79.598625,121.4
2376,28472,43.666058,-79.598251,122.3
2377,28473,43.666199,-79.597878,121.9
2378,28474,43.666344,-79.597496,124.9
2379,28475,43.666481,-79.597122,121.4
2380,28476,43.666618,-79.596725,127.4
2381,28477,43.666759,-79.596344,123.9
2382,28478,43.666893,-79.595963,122.7
2383,28479,43.66703,-79.595589,121.4
2384,28480,43.667168,-79.595207,123.6
2385,28481,43.667305,-79.594841,119.3
2386,28482,43.667431,-79.594475,117.4
2387,28483,43.667561,-79.594093,122.2
2388,28484,43.667686,-79.593727,117.2
2389,28485,43.667824,-79.593369,117.5
2390,28486,43.667957,-79.59301,116.8
2391,28487,43.668083,-79.592651,115.5
2392,28488,43.668217,-79.592285,118.8
2393,28489,43.66835,-79.591934,114.7
2394,28490,43.66848,-79.591576,116.0
2395,28491,43.66861,-79.591225,114.2
2396,28492,43.668728,-79.590866,114.2
2397,28493,43.668861,-79.590508,116.5
2398,28494,43.668991,-79.590149,116.2
2399,28495,43.669121,-79.58979,116.2
2400,28496,43.669247,-79.589432,115.3
2401,28497,43.669384,-79.589081,115.5
2402,28498,43.669521,-79.588715,119.3
2403,28499,43.669647,-79.588341,119.5
2404,28500,43.669777,-79.587982,116.2
2405,28501,43.669903,-79.587616,117.4
2406,28502,43.670036,-79.587257,116.8
2407,28503,43.670158,-79.586884,118.5
2408,28504,43.670288,-79.586494,124.3
2409,28505,43.670425,-79.586128,119.3
2410,28506,43.670559,-79.585762,118.8
2411,28507,43.670689,-79.585396,118.1
2412,28508,43.670822,-79.585014,122.8
2413,28509,43.670959,-79.584648,119.3
2414,28510,43.671097,-79.58429,117.5
2415,28511,43.671242,-79.583931,119.1
2416,28512,43.671379,-79.583565,119.3
2417,28513,43.671535,-79.583229,115.6
2418,28514,43.6717,-79.582893,117.6
2419,28515,43.671867,-79.582565,116.1
2420,28516,43.672039,-79.582237,117.3
2421,28517,43.672215,-79.581924,114.8
2422,28518,43.672371,-79.581619,108.2
2423,28519,43.672489,-79.581291,106.1
2424,28520,43.672722,-79.580986,128.4
2425,28521,43.672905,-79.580681,114.7
2426,28522,43.67308,-79.580353,118.0
2427,28523,43.673302,-79.580078,119.3
2428,28524,43.673538,-79.579842,116.6
2429,28525,43.673786,-79.579605,120.7
2430,28526,43.674042,-79.579391,119.8
2431,28527,43.674294,-79.57917,119.5
2432,28528,43.674545,-79.578957,117.9
2433,28529,43.674793,-79.578751,115.8
2434,28530,43.675053,-79.578568,116.8
2435,28531,43.67532,-79.578384,119.4
2436,28532,43.675587,-79.578209,118.3
2437,28533,43.675854,-79.578049,116.5
2438,28534,43.676125,-79.577896,117.2
2439,28535,43.676395,-79.577744,116.7
2440,28536,43.676662,-79.577591,115.7
2441,28537,43.676933,-79.577446,116.3
2442,28538,43.677208,-79.577301,117.8
2443,28539,43.677483,-79.577171,116.3
2444,28540,43.677761,-79.577042,117.4
2445,28541,43.678032,-79.576889,117.2
2446,28542,43.678299,-79.576744,114.8
2447,28543,43.678577,-79.576607,118.1
2448,28544,43.678848,-79.576477,114.8
2449,28545,43.679123,-79.576355,115.6
2450,28546,43.679401,-79.576218,118.1
2451,28547,43.679668,-79.57608,114.1
2452,28548,43.679935,-79.575935,114.8
2453,28549,43.680206,-79.57579,116.3
2454,28550,43.680481,-79.575661,116.2
2455,28551,43.680752,-79.575531,114.8
2456,28552,43.681015,-79.575394,112.5
2457,28553,43.68129,-79.575249,117.8
2458,28554,43.681561,-79.575119,114.8
2459,28555,43.681824,-79.574974,113.3
2460,28556,43.682079,-79.574844,108.8
2461,28557,43.682339,-79.574722,109.9
2462,28558,43.682598,-79.574593,110.2
2463,28559,43.68285,-79.574455,108.5
2464,28560,43.683109,-79.574318,111.0
2465,28561,43.683361,-79.574173,109.3
2466,28562,43.68362,-79.574043,110.3
2467,28563,43.68388,-79.573891,113.0
2468,28564,43.684147,-79.573738,115.7
2469,28565,43.684406,-79.573593,111.9
2470,28566,43.684669,-79.573433,115.0
2471,28567,43.684937,-79.57328,116.1
2472,28568,43.685204,-79.57312,116.5
2473,28569,43.685467,-79.572968,114.1
2474,28570,43.685726,-79.572815,112.7
2475,28571,43.685986,-79.572655,113.9
2476,28572,43.686241,-79.57251,110.4
2477,28573,43.686489,-79.572357,108.7
2478,28574,43.686733,-79.572205,107.1
2479,28575,43.686981,-79.572067,107.0
2480,28576,43.687225,-79.571922,106.3
2481,28577,43.687462,-79.571777,103.7
2482,28578,43.687691,-79.57164,99.9
2483,28579,43.68792,-79.571518,98.2
2484,28580,43.688129,-79.571381,92.6
2485,28581,43.688335,-79.571274,88.1
2486,28582,43.688526,-79.571159,83.4
2487,28583,43.688717,-79.571053,82.4
2488,28584,43.688885,-79.570969,71.5
2489,28585,43.689041,-79.570869,68.8
2490,28586,43.689198,-79.570778,68.1
2491,28587,43.689342,-79.570702,61.7
2492,28588,43.689484,-79.570625,61.1
2493,28589,43.689621,-79.570549,59.1
2494,28590,43.689743,-79.570488,51.9
2495,28591,43.689854,-79.570427,47.8
2496,28592,43.689953,-79.570366,43.4
2497,28593,43.690041,-79.57032,37.7
2498,28594,43.690125,-79.570267,37.0
2499,28595,43.690208,-79.570213,36.7
2500,28596,43.690304,-79.570168,40.6
2501,28597,43.690395,-79.570122,38.8
2502,28598,43.690487,-79.570061,40.8
2503,28599,43.690571,-79.570007,37.1
2504,28600,43.690655,-79.569969,35.4
2505,28601,43.690742,-79.569923,37.3
2506,28602,43.690815,-79.569862,34.1
2507,28603,43.690903,-79.569817,37.6
2508,28604,43.690987,-79.569771,36.2
2509,28605,43.691067,-79.569717,35.6
2510,28606,43.691135,-79.569664,31.2
2511,28607,43.691208,-79.569611,33.0
2512,28608,43.691284,-79.569557,34.2
2513,28609,43.69136,-79.569511,33.2
2514,28610,43.691441,-79.56945,36.9
2515,28611,43.691525,-79.569397,37.0
2516,28612,43.691608,-79.569336,37.6
2517,28613,43.691708,-79.569275,43.8
2518,28614,43.691795,-79.569206,40.1
2519,28615,43.691879,-79.569145,38.0
2520,28616,43.691963,-79.569092,37.0
2521,28617,43.692043,-79.569031,36.6
2522,28618,43.69212,-79.568977,34.6
2523,28619,43.6922,-79.568916,36.6
2524,28620,43.692284,-79.568855,38.0
2525,28621,43.692375,-79.568794,40.5
2526,28622,43.692471,-79.56871,45.5
2527,28623,43.692574,-79.568634,46.7
2528,28624,43.692684,-79.568542,51.5
2529,28625,43.692783,-79.568466,45.3
2530,28626,43.692879,-79.56839,44.3
2531,28627,43.692955,-79.568321,36.4
2532,28628,43.693016,-79.568275,27.8
2533,28629,43.693073,-79.56823,26.3
2534,28630,43.693119,-79.568184,22.7
2535,28631,43.693169,-79.568153,21.9
2536,28632,43.693207,-79.568115,18.8
2537,28633,43.693245,-79.568077,18.8
2538,28634,43.693272,-79.568062,11.6
2539,28635,43.693287,-79.568047,7.4
2540,28636,43.693302,-79.568039,6.4
2541,28637,43.693325,-79.568031,9.5
2542,28638,43.69334,-79.568016,7.4
2543,28639,43.693359,-79.568001,8.8
2544,28640,43.693378,-79.567978,10.1
2545,28641,43.693413,-79.567955,15.5
2546,28642,43.693451,-79.567924,17.7
2547,28643,43.693501,-79.567886,22.8
2548,28644,43.69355,-79.567841,23.5
2549,28645,43.693607,-79.567787,27.7
2550,28646,43.69368,-79.567726,34.1
2551,28647,43.693756,-79.567665,35.2
2552,28648,43.693829,-79.567589,36.6
2553,28649,43.693897,-79.567513,35.0
2554,28650,43.693977,-79.567429,40.2
2555,28651,43.694065,-79.567352,41.7
2556,28652,43.694153,-79.567284,40.4
2557,28653,43.694229,-79.567207,37.7
2558,28654,43.69429,-79.567162,27.7
2559,28655,43.694336,-79.567131,20.5
2560,28656,43.69437,-79.567101,16.1
2561,28657,43.694408,-79.567078,16.6
2562,28658,43.694439,-79.567055,14.1
2563,28659,43.694473,-79.567047,13.8
2564,28660,43.694496,-79.567032,10.2
2565,28661,43.69453,-79.567009,15.2
2566,28662,43.694584,-79.566986,22.6
2567,28663,43.694626,-79.566963,18.1
2568,28664,43.69466,-79.566925,17.5
2569,28665,43.694687,-79.566895,13.9
2570,28666,43.694721,-79.566872,15.2
2571,28667,43.694756,-79.566841,16.6
2572,28668,43.694794,-79.566811,17.5
2573,28669,43.694832,-79.566757,21.8
2574,28670,43.694881,-79.566727,21.5
2575,28671,43.694927,-79.566681,22.7
2576,28672,43.694984,-79.566635,26.4
2577,28673,43.695042,-79.566574,29.2
2578,28674,43.695084,-79.566536,20.1
2579,28675,43.695122,-79.566513,16.6
2580,28676,43.695137,-79.566498,7.4
2581,28677,43.695145,-79.56649,4.0
2582,28678,43.695152,-79.566483,3.5
2583,28679,43.69516,-79.566483,3.2
2584,28680,43.695168,-79.566483,3.2
2585,28681,43.695175,-79.566467,5.4
2586,28682,43.695187,-79.566444,8.2
2587,28683,43.69521,-79.566422,11.2
2588,28684,43.695232,-79.566399,11.0
2589,28685,43.695248,-79.566338,18.8
2590,28686,43.695278,-79.566292,17.9
2591,28687,43.69532,-79.566254,20.1
2592,28688,43.695351,-79.566223,15.3
2593,28689,43.695385,-79.566185,17.5
2594,28690,43.695423,-79.566154,17.7
2595,28691,43.69545,-79.566116,15.4
2596,28692,43.695484,-79.566086,16.1
2597,28693,43.695518,-79.566048,17.5
2598,28694,43.695549,-79.56601,16.6
2599,28695,43.69558,-79.565979,15.3
2600,28696,43.695614,-79.565941,17.5
2601,28697,43.695648,-79.56591,16.3
2602,28698,43.695683,-79.56588,16.5
2603,28699,43.695721,-79.565849,17.7
2604,28700,43.695751,-79.565834,12.8
2605,28701,43.695778,-79.565811,12.7
2606,28702,43.695801,-79.565804,9.4
2607,28703,43.695816,-79.565781,9.0
2608,28704,43.695831,-79.565773,6.4
2609,28705,43.695839,-79.565773,3.2
2610,28706,43.695847,-79.565765,4.0
2611,28707,43.695866,-79.565758,7.9
2612,28708,43.695877,-79.565742,6.4
2613,28709,43.695889,-79.565727,6.5
2614,28710,43.695908,-79.565704,10.1
2615,28711,43.695927,-79.565689,8.8
2616,28712,43.695961,-79.565674,14.3
2617,28713,43.695999,-79.565651,16.6
2618,28714,43.696045,-79.565605,22.7
2619,28715,43.696087,-79.565559,21.4
2620,28716,43.696144,-79.565514,26.3
2621,28717,43.696201,-79.565453,28.8
2622,28718,43.696247,-79.565407,22.7
2623,28719,43.696304,-79.565369,25.3
2624,28720,43.696346,-79.565323,21.4
2625,28721,43.696388,-79.565285,20.1
2626,28722,43.696415,-79.565269,11.8
2627,28723,43.696442,-79.565254,11.6
2628,28724,43.696461,-79.565254,7.6
2629,28725,43.696472,-79.565247,4.8
2630,28726,43.696472,-79.565247,0.0
2631,28727,43.696476,-79.565247,1.6
2632,28728,43.696476,-79.565239,2.3
2633,28729,43.696476,-79.565239,0.0
2634,28730,43.696472,-79.565239,1.6
2635,28731,43.696472,-79.565239,0.0
2636,28732,43.696472,-79.565239,0.0
2637,28733,43.696472,-79.565239,0.0
2638,28734,43.696476,-79.565231,2.8
2639,28735,43.696487,-79.565208,8.0
2640,28736,43.69651,-79.565186,11.2
2641,28737,43.696545,-79.565147,18.0
2642,28738,43.696587,-79.565102,21.3
2643,28739,43.69664,-79.565048,26.4
2644,28740,43.696697,-79.564987,28.8
2645,28741,43.69677,-79.564919,35.2
2646,28742,43.696838,-79.56485,33.8
2647,28743,43.696918,-79.564766,40.2
2648,28744,43.696995,-79.564705,35.5
2649,28745,43.697071,-79.564629,37.5
2650,28746,43.69714,-79.564568,32.8
2651,28747,43.697208,-79.564507,32.4
2652,28748,43.697277,-79.564453,31.7
2653,28749,43.697327,-79.5644,25.2
2654,28750,43.697388,-79.564354,27.8
2655,28751,43.697441,-79.564316,23.9
2656,28752,43.697479,-79.56427,20.2
2657,28753,43.697521,-79.56424,18.9
2658,28754,43.697533,-79.564217,8.2
2659,28755,43.697548,-79.564209,6.4
2660,28756,43.697556,-79.564209,3.2
2661,28757,43.697559,-79.564209,1.2
2662,28758,43.697559,-79.564209,0.0
2663,28759,43.697563,-79.564209,1.6
2664,28760,43.697563,-79.564209,0.0
2665,28761,43.697567,-79.564209,1.6
2666,28762,43.697567,-79.564209,0.0
2667,28763,43.697567,-79.564209,0.0
2668,28764,43.697571,-79.564209,1.6
2669,28765,43.697571,-79.564209,0.0
2670,28766,43.69759,-79.564201,8.0
2671,28767,43.697609,-79.564186,8.8
2672,28768,43.697639,-79.564163,13.7
2673,28769,43.697655,-79.564125,12.7
2674,28770,43.697685,-79.564087,16.3
2675,28771,43.697735,-79.564049,22.8
2676,28772,43.6978,-79.564003,29.2
2677,28773,43.697865,-79.563934,32.8
2678,28774,43.697929,-79.563889,28.7
2679,28775,43.69799,-79.563835,29.0
2680,28776,43.698048,-79.563766,30.6
2681,28777,43.698109,-79.563721,27.7
2682,28778,43.69817,-79.563675,27.8
2683,28779,43.698223,-79.563614,27.6
2684,28780,43.698273,-79.563576,22.8
2685,28781,43.698318,-79.563538,21.1
2686,28782,43.698357,-79.563515,17.0
2687,28783,43.698383,-79.563477,15.1
2688,28784,43.698399,-79.563454,9.2
2689,28785,43.698406,-79.563446,3.6
2690,28786,43.698425,-79.563438,8.0
2691,28787,43.698437,-79.563431,5.2
2692,28788,43.698448,-79.563408,8.0
2693,28789,43.698463,-79.5634,6.4
2694,28790,43.698479,-79.563377,9.2
2695,28791,43.698498,-79.563362,8.8
2696,28792,43.698521,-79.563354,9.5
2697,28793,43.69854,-79.563316,13.4
2698,28794,43.698566,-79.563293,12.4
2699,28795,43.698605,-79.563255,19.1
2700,28796,43.698647,-79.563217,20.1
2701,28797,43.698689,-79.563187,18.9
2702,28798,43.698727,-79.563141,20.2
2703,28799,43.698769,-79.56311,19.1
2704,28800,43.698807,-79.56308,17.5
2705,28801,43.698841,-79.563049,16.3
2706,28802,43.698864,-79.563034,10.2
2707,28803,43.698879,-79.563011,9.0
2708,28804,43.698895,-79.563004,6.7
2709,28805,43.698921,-79.562981,12.4
2710,28806,43.698933,-79.562973,5.3
2711,28807,43.698956,-79.562958,10.2
2712,28808,43.698982,-79.562935,12.4
2713,28809,43.699013,-79.562904,15.3
2714,28810,43.699047,-79.562881,15.2
2715,28811,43.699085,-79.562843,18.8
2716,28812,43.699123,-79.562805,18.8
2717,28813,43.699169,-79.562767,21.4
2718,28814,43.699207,-79.562737,17.5
2719,28815,43.699253,-79.562698,21.6
2720,28816,43.699299,-79.562645,24.0
2721,28817,43.699348,-79.562607,22.5
2722,28818,43.699394,-79.562569,21.4
2723,28819,43.69944,-79.562531,21.4
2724,28820,43.699474,-79.562492,17.7
2725,28821,43.699512,-79.562469,16.6
2726,28822,43.699543,-79.562439,15.1
2727,28823,43.699574,-79.562408,15.3
2728,28824,43.699604,-79.562393,12.8
2729,28825,43.699631,-79.562363,13.9
2730,28826,43.699654,-79.56234,11.4
2731,28827,43.699688,-79.562309,16.3
2732,28828,43.699722,-79.562279,16.1
2733,28829,43.699772,-79.562241,22.8
2734,28830,43.699829,-79.562187,27.7
2735,28831,43.699883,-79.562126,27.9
2736,28832,43.699944,-79.562073,28.8
2737,28833,43.700008,-79.562012,31.1
2738,28834,43.700073,-79.561951,31.4
2739,28835,43.700127,-79.561905,25.4
2740,28836,43.700184,-79.561852,27.5
2741,28837,43.700233,-79.561806,23.7
2742,28838,43.700268,-79.561775,16.6
2743,28839,43.700294,-79.561752,12.4
2744,28840,43.700329,-79.561722,16.5
2745,28841,43.700359,-79.561691,15.0
2746,28842,43.700382,-79.561668,11.4
2747,28843,43.700413,-79.561638,15.1
2748,28844,43.700439,-79.561615,12.4
2749,28845,43.700474,-79.5616,14.7
2750,28846,43.700504,-79.561569,15.0
2751,28847,43.700535,-79.561539,15.1
2752,28848,43.700573,-79.561501,18.8
2753,28849,43.700623,-79.561462,23.0
2754,28850,43.700668,-79.561424,21.1
2755,28851,43.700703,-79.561371,20.8
2756,28852,43.700745,-79.56131,24.4
2757,28853,43.700783,-79.561249,23.3
2758,28854,43.70084,-79.561203,26.4
2759,28855,43.700909,-79.561134,34.1
2760,28856,43.700974,-79.561089,29.1
2761,28857,43.701035,-79.561035,29.0
2762,28858,43.701099,-79.560959,33.8
2763,28859,43.70118,-79.56089,38.1
2764,28860,43.701279,-79.560799,47.6
2765,28861,43.701382,-79.560707,49.1
2766,28862,43.701488,-79.5606,52.5
2767,28863,43.701591,-79.560486,52.8
2768,28864,43.701687,-79.560394,46.8
2769,28865,43.70179,-79.560295,50.2
2770,28866,43.701881,-79.560204,44.9
2771,28867,43.701969,-79.560104,45.6
2772,28868,43.702053,-79.560005,44.2
2773,28869,43.702141,-79.559921,42.8
2774,28870,43.702236,-79.55983,46.3
2775,28871,43.702328,-79.559731,46.7
2776,28872,43.702427,-79.559631,49.1
2777,28873,43.702534,-79.559517,54.1
2778,28874,43.702644,-79.559418,52.5
2779,28875,43.702755,-79.559311,54.2
2780,28876,43.702866,-79.559196,55.5
2781,28877,43.702969,-79.55909,51.4
2782,28878,43.703079,-79.558968,56.4
2783,28879,43.703197,-79.558846,59.0
2784,28880,43.703316,-79.558731,58.1
2785,28881,43.703438,-79.558609,60.3
2786,28882,43.70356,-79.558479,61.6
2787,28883,43.703678,-79.55835,60.2
2788,28884,43.703808,-79.558212,65.6
2789,28885,43.703945,-79.558083,66.3
2790,28886,43.704079,-79.557945,66.9
2791,28887,43.70422,-79.5578,70.3
2792,28888,43.704361,-79.557663,69.0
2793,28889,43.704494,-79.557518,67.8
2794,28890,43.704639,-79.557365,73.0
2795,28891,43.704773,-79.557236,65.4
2796,28892,43.70491,-79.557091,69.1
2797,28893,43.705044,-79.556953,66.9
2798,28894,43.705177,-79.556808,67.8
2799,28895,43.705315,-79.556671,68.0
2800,28896,43.705448,-79.556526,67.8
2801,28897,43.705589,-79.556389,69.0
2802,28898,43.705723,-79.556252,66.7
2803,28899,43.705864,-79.556107,70.3
2804,28900,43.706001,-79.555969,67.8
2805,28901,43.706127,-79.55584,62.7
2806,28902,43.706261,-79.555695,68.1
2807,28903,43.706387,-79.555565,62.9
2808,28904,43.706516,-79.555443,62.6
2809,28905,43.706638,-79.555313,61.6
2810,28906,43.706764,-79.555183,62.9
2811,28907,43.706886,-79.555054,61.5
2812,28908,43.707016,-79.554932,62.9
2813,28909,43.707153,-79.554794,67.8
2814,28910,43.707283,-79.554657,65.4
2815,28911,43.707424,-79.554512,70.3
2816,28912,43.707561,-79.554367,69.1
2817,28913,43.707703,-79.554222,70.7
2818,28914,43.707844,-79.554077,70.3
2819,28915,43.707981,-79.553925,70.3
2820,28916,43.708115,-79.55378,68.1
2821,28917,43.708244,-79.553619,69.5
2822,28918,43.708378,-79.553459,70.9
2823,28919,43.7085,-79.553284,70.4
2824,28920,43.708626,-79.553101,73.1
2825,28921,43.708736,-79.552902,72.5
2826,28922,43.708851,-79.552704,73.5
2827,28923,43.708961,-79.55249,76.0
2828,28924,43.709068,-79.552269,77.0
2829,28925,43.709167,-79.55204,77.2
2830,28926,43.709267,-79.551804,79.2
2831,28927,43.709351,-79.551544,82.4
2832,28928,43.709423,-79.551292,78.4
2833,28929,43.709496,-79.551041,78.3
2834,28930,43.709564,-79.550766,84.1
2835,28931,43.709633,-79.550499,82.0
2836,28932,43.709686,-79.55024,77.9
2837,28933,43.709751,-79.549965,83.7
2838,28934,43.709812,-79.549698,81.0
2839,28935,43.709881,-79.549431,82.0
2840,28936,43.709949,-79.549149,86.0
2841,28937,43.710014,-79.548874,83.7
2842,28938,43.710079,-79.548592,85.6
2843,28939,43.710148,-79.548309,86.4
2844,28940,43.710213,-79.548027,85.6
2845,28941,43.710281,-79.547752,84.1
2846,28942,43.710342,-79.547455,89.3
2847,28943,43.710411,-79.547173,86.1
2848,28944,43.710484,-79.54689,86.9
2849,28945,43.710552,-79.546608,86.0
2850,28946,43.710617,-79.546318,87.9
2851,28947,43.71069,-79.546043,84.8
2852,28948,43.710751,-79.545746,89.3
2853,28949,43.710815,-79.545456,87.7
2854,28950,43.710888,-79.545158,91.0
2855,28951,43.71096,-79.544861,90.6
2856,28952,43.711033,-79.544563,91.0
2857,28953,43.711109,-79.544258,93.3
2858,28954,43.711185,-79.543953,93.3
2859,28955,43.711266,-79.543648,94.0
2860,28956,43.71133,-79.543343,91.9
2861,28957,43.711407,-79.543037,93.8
2862,28958,43.711475,-79.542725,94.3
2863,28959,43.711548,-79.542427,91.0
2864,28960,43.711617,-79.542122,92.5
2865,28961,43.711693,-79.541817,93.3
2866,28962,43.711765,-79.541512,92.8
2867,28963,43.71183,-79.541206,92.3
2868,28964,43.711903,-79.540909,90.8
2869,28965,43.711967,-79.540604,91.9
2870,28966,43.712044,-79.540298,93.8
2871,28967,43.712116,-79.539993,92.8
2872,28968,43.712181,-79.539688,92.0
2873,28969,43.71225,-79.539383,92.5
2874,28970,43.712322,-79.539078,92.8
2875,28971,43.712399,-79.538795,87.5
2876,28972,43.712475,-79.53849,93.3
2877,28973,43.712547,-79.538193,90.6
2878,28974,43.712624,-79.537903,89.4
2879,28975,43.712692,-79.537605,90.4
2880,28976,43.712765,-79.537331,84.5
2881,28977,43.712837,-79.537048,86.8
2882,28978,43.712906,-79.536766,86.1
2883,28979,43.712967,-79.536484,85.2
2884,28980,43.713039,-79.536201,86.8
2885,28981,43.713108,-79.535919,86.1
2886,28982,43.713177,-79.535622,90.3
2887,28983,43.713245,-79.535347,84.1
2888,28984,43.713318,-79.535057,88.9
2889,28985,43.713375,-79.534767,87.0
2890,28986,43.713444,-79.534477,88.3
2891,28987,43.713512,-79.534187,88.2
2892,28988,43.713581,-79.53389,90.3
2893,28989,43.71365,-79.533592,90.5
2894,28990,43.713718,-79.533287,92.4
2895,28991,43.713787,-79.532982,92.5
2896,28992,43.713852,-79.532677,92.0
2897,28993,43.713921,-79.532372,92.5
2898,28994,43.713993,-79.532059,95.0
2899,28995,43.714054,-79.531754,91.6
2900,28996,43.714123,-79.531441,94.7
2901,28997,43.714191,-79.531136,92.4
2902,28998,43.714256,-79.530838,90.1
2903,28999,43.714321,-79.53054,90.1
2904,29000,43.71439,-79.530243,90.3
2905,29001,43.714447,-79.529938,91.1
2906,29002,43.714516,-79.52964,90.5
2907,29003,43.714581,-79.52935,87.8
2908,29004,43.714642,-79.529053,89.3
2909,29005,43.714703,-79.52877,85.4
2910,29006,43.714764,-79.528481,87.1
2911,29007,43.714832,-79.528175,92.6
2912,29008,43.714893,-79.527878,89.3
2913,29009,43.714958,-79.527557,96.5
2914,29010,43.715031,-79.527245,94.9
2915,29011,43.715099,-79.526932,94.6
2916,29012,43.715168,-79.526604,98.8
2917,29013,43.715233,-79.52626,102.9
2918,29014,43.715298,-79.525925,100.4
2919,29015,43.715355,-79.525597,97.6
2920,29016,43.715408,-79.525253,101.8
2921,29017,43.715466,-79.524918,99.7
2922,29018,43.715508,-79.524574,100.9
2923,29019,43.715553,-79.524239,98.6
2924,29020,43.715595,-79.523911,96.4
2925,29021,43.715637,-79.523567,100.9
2926,29022,43.715675,-79.523239,96.1
2927,29023,43.715717,-79.522919,94.1
2928,29024,43.715755,-79.522583,98.4
2929,29025,43.715797,-79.522255,96.4
2930,29026,43.715839,-79.521927,96.4
2931,29027,43.715881,-79.521591,98.7
2932,29028,43.715919,-79.521248,100.4
2933,29029,43.715961,-79.520912,98.7
2934,29030,43.716,-79.520569,100.5
2935,29031,43.716045,-79.520233,98.9
2936,29032,43.716087,-79.519897,98.7
2937,29033,43.716137,-79.519547,103.2
2938,29034,43.716175,-79.519196,102.7
2939,29035,43.716217,-79.518837,105.2
2940,29036,43.716259,-79.518486,102.9
2941,29037,43.716301,-79.518127,105.2
2942,29038,43.716347,-79.517769,105.2
2943,29039,43.716393,-79.51741,105.5
2944,29040,43.716431,-79.517036,109.3
2945,29041,43.716469,-79.516678,104.7
2946,29042,43.716503,-79.516312,106.8
2947,29043,43.716545,-79.515938,109.5
2948,29044,43.716583,-79.515579,105.0
2949,29045,43.716625,-79.515205,109.5
2950,29046,43.716663,-79.514847,104.7
2951,29047,43.716702,-79.514496,102.7
2952,29048,43.71674,-79.514145,102.7
2953,29049,43.716778,-79.513794,102.7
2954,29050,43.716816,-79.513451,100.4
2955,29051,43.71685,-79.5131,102.5
2956,29052,43.716892,-79.512756,100.9
2957,29053,43.716927,-79.512405,102.5
2958,29054,43.716969,-79.51207,98.4
2959,29055,43.717003,-79.511726,100.5
2960,29056,43.717041,-79.511391,98.1
2961,29057,43.717075,-79.511055,98.2
2962,29058,43.71711,-79.510727,95.9
2963,29059,43.717144,-79.510406,93.9
2964,29060,43.717171,-79.510086,93.2
2965,29061,43.717205,-79.509766,93.6
2966,29062,43.717239,-79.509438,95.9
2967,29063,43.717274,-79.509125,91.6
2968,29064,43.717304,-79.50882,89.1
2969,29065,43.717327,-79.508522,86.7
2970,29066,43.717361,-79.508232,85.0
2971,29067,43.717381,-79.507942,84.3
2972,29068,43.717403,-79.507675,77.7
2973,29069,43.717422,-79.507393,81.9
2974,29070,43.717442,-79.507118,80.0
2975,29071,43.717453,-79.506851,77.4
2976,29072,43.717461,-79.506577,79.3
2977,29073,43.717464,-79.50631,77.3
2978,29074,43.717468,-79.506042,77.6
2979,29075,43.717468,-79.505768,79.3
2980,29076,43.717464,-79.505501,77.3
2981,29077,43.717461,-79.505219,81.6
2982,29078,43.717453,-79.504929,84.0
2983,29079,43.717449,-79.504646,81.9
2984,29080,43.717445,-79.504372,79.3
2985,29081,43.717442,-79.504089,81.9
2986,29082,43.717438,-79.50383,75.0
2987,29083,43.71743,-79.503563,77.3
2988,29084,43.71743,-79.503296,77.2
2989,29085,43.717438,-79.503029,77.3
2990,29086,43.717442,-79.502762,77.3
2991,29087,43.717449,-79.50248,81.6
2992,29088,43.717472,-79.502197,82.4
2993,29089,43.717491,-79.501923,79.6
2994,29090,43.717522,-79.501625,87.1
2995,29091,43.71756,-79.501335,85.3
2996,29092,43.717606,-79.501045,85.9
2997,29093,43.717651,-79.500771,81.3
2998,29094,43.717712,-79.500496,83.2
2999,29095,43.717773,-79.500252,74.7
3000,29096,43.717838,-79.499992,79.6
3001,29097,43.717918,-79.499725,83.6
3002,29098,43.717995,-79.499481,77.0
3003,29099,43.718075,-79.499222,81.5
3004,29100,43.718159,-79.498978,78.2
3005,29101,43.718246,-79.498718,82.9
3006,29102,43.718342,-79.498474,80.4
3007,29103,43.718433,-79.498207,85.4
3008,29104,43.718521,-79.497932,87.0
3009,29105,43.718613,-79.497681,81.4
3010,29106,43.718689,-79.497406,85.2
3011,29107,43.718769,-79.497131,85.8
3012,29108,43.718842,-79.496849,86.7
3013,29109,43.718903,-79.496567,85.2
3014,29110,43.71896,-79.496277,86.9
3015,29111,43.719017,-79.495995,84.7
3016,29112,43.719067,-79.495697,88.5
3017,29113,43.71912,-79.495407,86.5
3018,29114,43.719166,-79.495125,83.6
3019,29115,43.719208,-79.494843,83.3
3020,29116,43.719261,-79.49456,84.6
3021,29117,43.719311,-79.49427,86.3
3022,29118,43.71936,-79.49398,86.2
3023,29119,43.719406,-79.49369,85.9
3024,29120,43.719463,-79.493408,84.7
3025,29121,43.719517,-79.493118,86.6
3026,29122,43.719566,-79.492813,90.4
3027,29123,43.719631,-79.492531,85.6
3028,29124,43.719692,-79.492233,89.6
3029,29125,43.719761,-79.491928,92.5
3030,29126,43.71983,-79.491615,94.7
3031,29127,43.719891,-79.491295,95.7
3032,29128,43.719959,-79.490982,94.6
3033,29129,43.720036,-79.490662,97.6
3034,29130,43.720112,-79.490334,99.7
3035,29131,43.720188,-79.490005,99.9
3036,29132,43.720272,-79.489677,100.7
3037,29133,43.720352,-79.489349,100.2
3038,29134,43.720432,-79.489006,104.3
3039,29135,43.720516,-79.488663,104.8
3040,29136,43.7206,-79.488327,102.9
3041,29137,43.72068,-79.487991,102.3
3042,29138,43.720764,-79.487648,104.8
3043,29139,43.720848,-79.487305,104.8
3044,29140,43.720936,-79.486969,103.4
3045,29141,43.721024,-79.486633,103.4
3046,29142,43.721104,-79.48629,104.3
3047,29143,43.721184,-79.485962,100.1
3048,29144,43.721264,-79.485634,100.1
3049,29145,43.721348,-79.485298,102.9
3050,29146,43.721428,-79.484978,98.0
3051,29147,43.721508,-79.48465,100.1
3052,29148,43.721584,-79.484322,99.6
3053,29149,43.721664,-79.484001,98.2
3054,29150,43.721745,-79.483681,98.1
3055,29151,43.721817,-79.48336,97.2
3056,29152,43.721893,-79.483047,95.5
3057,29153,43.72197,-79.482727,97.6
3058,29154,43.72205,-79.482414,96.0
3059,29155,43.722122,-79.482109,92.8
3060,29156,43.722202,-79.481796,96.0
3061,29157,43.722279,-79.481506,89.4
3062,29158,43.722347,-79.481201,92.3
3063,29159,43.722412,-79.480896,92.0
3064,29160,43.722488,-79.480598,91.4
3065,29161,43.722572,-79.480301,92.3
3066,29162,43.722649,-79.480003,91.6
3067,29163,43.722721,-79.479698,92.8
3068,29164,43.722801,-79.479401,91.7
3069,29165,43.722874,-79.479103,91.0
3070,29166,43.722942,-79.478798,92.3
3071,29167,43.723019,-79.478493,93.5
3072,29168,43.723091,-79.478195,90.9
3073,29169,43.723167,-79.477882,95.5
3074,29170,43.723244,-79.47757,95.4
3075,29171,43.72332,-79.477249,97.7
3076,29172,43.7234,-79.476929,98.0
3077,29173,43.723476,-79.476608,97.7
3078,29174,43.723553,-79.476303,93.5
3079,29175,43.723629,-79.47599,95.5
3080,29176,43.723705,-79.475685,93.3
3081,29177,43.72377,-79.475388,89.8
3082,29178,43.723843,-79.475098,88.8
3083,29179,43.723915,-79.474808,88.7
3084,29180,43.723984,-79.474518,88.3
3085,29181,43.724052,-79.474236,86.0
3086,29182,43.724125,-79.473946,88.8
3087,29183,43.724194,-79.473671,84.2
3088,29184,43.724258,-79.473381,87.7
3089,29185,43.724327,-79.473106,84.2
3090,29186,43.7244,-79.472816,88.8
3091,29187,43.724472,-79.472534,86.5
3092,29188,43.724537,-79.472244,87.8
3093,29189,43.724602,-79.471954,87.8
3094,29190,43.72467,-79.471649,92.3
3095,29191,43.724743,-79.471352,90.8
3096,29192,43.724815,-79.471039,95.0
3097,29193,43.724892,-79.470718,97.8
3098,29194,43.724968,-79.47039,99.6
3099,29195,43.725044,-79.470047,103.8
3100,29196,43.725121,-79.469704,103.9
3101,29197,43.725197,-79.46936,104.1
3102,29198,43.725273,-79.469009,106.0
3103,29199,43.725353,-79.468674,102.1
3104,29200,43.72543,-79.46833,104.2
3105,29201,43.725498,-79.467995,100.7
3106,29202,43.725567,-79.467667,98.8
3107,29203,43.725643,-79.467331,101.8
3108,29204,43.725712,-79.46701,96.9
3109,29205,43.725784,-79.46669,97.0
3110,29206,43.725849,-79.466385,92.0
3111,29207,43.725918,-79.46608,92.5
3112,29208,43.725975,-79.465775,91.1
3113,29209,43.72604,-79.465477,90.0
3114,29210,43.726105,-79.465195,85.6
3115,29211,43.726158,-79.464897,88.8
3116,29212,43.726212,-79.464607,86.6
3117,29213,43.726269,-79.464317,86.9
3118,29214,43.726318,-79.464035,83.9
3119,29215,43.726372,-79.463753,84.4
3120,29216,43.726425,-79.463455,88.8
3121,29217,43.726475,-79.463165,86.2
3122,29218,43.726524,-79.462883,83.9
3123,29219,43.72657,-79.462601,83.6
3124,29220,43.726616,-79.462318,83.9
3125,29221,43.726665,-79.462051,79.7
3126,29222,43.726707,-79.4618,74.5
3127,29223,43.726753,-79.461563,71.0
3128,29224,43.726788,-79.461319,72.0
3129,29225,43.726826,-79.46109,68.0
3130,29226,43.726852,-79.460861,67.1
3131,29227,43.726879,-79.46064,64.8
3132,29228,43.726887,-79.460419,64.0
3133,29229,43.726887,-79.460197,64.2
3134,29230,43.726871,-79.459984,61.9
3135,29231,43.726841,-79.45977,63.1
3136,29232,43.726807,-79.459541,67.6
3137,29233,43.726772,-79.459328,63.2
3138,29234,43.726734,-79.459114,63.7
3139,29235,43.726704,-79.458885,67.3
3140,29236,43.726673,-79.458679,60.9
3141,29237,43.726646,-79.458473,60.6
3142,29238,43.726643,-79.45826,61.6
3143,29239,43.726646,-79.458061,57.6
3144,29240,43.726669,-79.457855,60.3
3145,29241,43.726696,-79.457672,54.0
3146,29242,43.72673,-79.457481,56.9
3147,29243,43.726788,-79.457291,59.7
3148,29244,43.726852,-79.457115,57.0
3149,29245,43.726933,-79.456955,56.5
3150,29246,43.727024,-79.456795,58.9
3151,29247,43.727123,-79.45665,57.7
3152,29248,43.727226,-79.456505,58.8
3153,29249,43.727333,-79.456367,58.6
3154,29250,43.727444,-79.45623,59.5
3155,29251,43.727558,-79.456085,62.0
3156,29252,43.727669,-79.45594,61.1
3157,29253,43.727764,-79.455803,54.9
3158,29254,43.72784,-79.455658,51.8
3159,29255,43.727886,-79.455513,45.8
3160,29256,43.727921,-79.455353,48.4
3161,29257,43.727955,-79.455193,48.2
3162,29258,43.727985,-79.45504,45.9
3163,29259,43.728008,-79.454887,45.2
3164,29260,43.728039,-79.454742,43.7
3165,29261,43.728065,-79.454605,41.0
3166,29262,43.728088,-79.454483,36.5
3167,29263,43.728115,-79.454369,34.7
3168,29264,43.72813,-79.454285,25.0
3169,29265,43.728146,-79.454231,16.9
3170,29266,43.728146,-79.454193,11.0
3171,29267,43.728153,-79.45417,7.2
3172,29268,43.728157,-79.454124,13.4
3173,29269,43.728161,-79.454086,11.1
3174,29270,43.72813,-79.454048,16.6
3175,29271,43.728104,-79.45401,15.1
3176,29272,43.728065,-79.453995,16.2
3177,29273,43.728016,-79.453957,22.5
3178,29274,43.727966,-79.453934,21.1
3179,29275,43.727921,-79.453918,18.6
3180,29276,43.727871,-79.45388,22.8
3181,29277,43.727833,-79.453857,16.6
3182,29278,43.727795,-79.453842,15.8
3183,29279,43.727772,-79.453835,9.4
3184,29280,43.727768,-79.453827,2.8
3185,29281,43.727764,-79.453819,2.8
3186,29282,43.72776,-79.453819,1.6
3187,29283,43.72773,-79.453796,13.7
3188,29284,43.727703,-79.453766,13.9
3189,29285,43.727684,-79.45372,15.3
3190,29286,43.72768,-79.453651,20.0
3191,29287,43.727688,-79.453568,24.2
3192,29288,43.727703,-79.453484,25.0
3193,29289,43.727722,-79.453377,31.9
3194,29290,43.727745,-79.453278,30.1
3195,29291,43.727768,-79.453171,32.3
3196,29292,43.727787,-79.453056,34.1
3197,29293,43.72781,-79.45295,32.0
3198,29294,43.727833,-79.452843,32.3
3199,29295,43.727848,-79.452736,31.5
3200,29296,43.727875,-79.452637,30.6
3201,29297,43.727886,-79.452553,24.7
3202,29298,43.727917,-79.452454,31.2
3203,29299,43.727932,-79.45237,25.0
3204,29300,43.727955,-79.452278,28.2
3205,29301,43.72797,-79.452187,27.0
3206,29302,43.727989,-79.45211,23.5
3207,29303,43.727997,-79.452065,13.4
3208,29304,43.728001,-79.452019,13.4
3209,29305,43.727993,-79.451988,9.5
3210,29306,43.727966,-79.451958,13.9
3211,29307,43.727936,-79.451935,13.7
3212,29308,43.727886,-79.45192,20.5
3213,29309,43.72784,-79.451912,18.6
3214,29310,43.727791,-79.451889,20.7
3215,29311,43.727737,-79.451874,22.0
3216,29312,43.727688,-79.451851,20.7
3217,29313,43.727634,-79.451836,22.0
3218,29314,43.727577,-79.451805,24.5
3219,29315,43.727528,-79.45179,20.1
3220,29316,43.727489,-79.451775,16.2
3221,29317,43.727448,-79.451759,17.1
3222,29318,43.727421,-79.451752,11.0
3223,29319,43.727394,-79.451744,11.1
3224,29320,43.727367,-79.451729,11.6
3225,29321,43.727352,-79.451721,6.4
3226,29322,43.727333,-79.451698,10.1
3227,29323,43.727325,-79.451675,7.4
3228,29324,43.727322,-79.451637,11.1
3229,29325,43.727325,-79.451607,8.8
3230,29326,43.727329,-79.451584,6.8
3231,29327,43.727329,-79.451569,4.3
3232,29328,43.727325,-79.451553,4.9
3233,29329,43.727322,-79.451546,2.4
3234,29330,43.727322,-79.451538,2.3
3235,29331,43.727318,-79.451538,1.6
3236,29332,43.72731,-79.451546,4.0
3237,29333,43.727318,-79.451546,3.2
3238,29334,43.727318,-79.451538,2.3
3239,29335,43.727322,-79.451538,1.6
3240,29336,43.727325,-79.451538,1.2
3241,29337,43.727333,-79.451538,3.2
3242,29338,43.727341,-79.451538,3.2
3243,29339,43.727345,-79.451538,1.6
3244,29340,43.727352,-79.451538,2.8
3245,29341,43.727356,-79.45153,2.8
3246,29342,43.727352,-79.45153,1.6
3247,29343,43.727348,-79.45153,1.6
3248,29344,43.727337,-79.45153,4.4
3249,29345,43.727329,-79.45153,3.2
3250,29346,43.727325,-79.45153,1.6
3251,29347,43.727325,-79.45153,0.0
3252,29348,43.727322,-79.451538,2.6
3253,29349,43.727318,-79.45153,2.8
3254,29350,43.727318,-79.45153,0.0
3255,29351,43.727306,-79.45153,4.8
3256,29352,43.727306,-79.45153,0.0
3257,29353,43.727306,-79.45153,0.0
3258,29354,43.727306,-79.45153,0.0
3259,29355,43.727306,-79.45153,0.0
3260,29356,43.727306,-79.45153,0.0
3261,29357,43.727306,-79.45153,0.0
3262,29358,43.727306,-79.45153,0.0
3263,29359,43.727306,-79.45153,0.0
3264,29360,43.727306,-79.45153,0.0
3265,29361,43.727306,-79.45153,0.0
3266,29362,43.727306,-79.45153,0.0
3267,29363,43.727306,-79.45153,0.0
3268,29364,43.727306,-79.45153,0.0
3269,29365,43.727306,-79.45153,0.0
3270,29366,43.727306,-79.45153,0.0
3271,29367,43.727306,-79.45153,0.0
3272,29368,43.727306,-79.45153,0.0
3273,29369,43.727306,-79.45153,0.0
3274,29370,43.727306,-79.45153,0.0
3275,29371,43.72731,-79.451538,2.8
3276,29372,43.72731,-79.45153,2.3
3277,29373,43.72731,-79.45153,0.0
3278,29374,43.72731,-79.45153,0.0
3279,29375,43.727318,-79.45153,3.2
3280,29376,43.727318,-79.451538,2.3
3281,29377,43.727322,-79.451538,1.6
3282,29378,43.727322,-79.451538,0.0
3283,29379,43.727322,-79.451538,0.0
3284,29380,43.727322,-79.451538,0.0
3285,29381,43.727322,-79.451538,0.0
3286,29382,43.727322,-79.451538,0.0
3287,29383,43.727322,-79.451546,2.3
3288,29384,43.727322,-79.451546,0.0
3289,29385,43.727322,-79.451546,0.0
3290,29386,43.727325,-79.451553,2.4
3291,29387,43.727325,-79.451561,2.3
3292,29388,43.727329,-79.451561,1.6
3293,29389,43.727333,-79.451561,1.6
3294,29390,43.727337,-79.451561,1.6
3295,29391,43.727337,-79.451561,0.0
3296,29392,43.727329,-79.451561,3.2
3297,29393,43.727329,-79.451553,2.3
3298,29394,43.727329,-79.451553,0.0
3299,29395,43.727329,-79.451553,0.0
3300,29396,43.727329,-79.451553,0.0
3301,29397,43.727329,-79.451553,0.0
3302,29398,43.727329,-79.451553,0.0
3303,29399,43.727329,-79.451553,0.0
3304,29400,43.727329,-79.451553,0.0
3305,29401,43.727329,-79.451553,0.0
3306,29402,43.727329,-79.451546,2.0
3307,29403,43.727329,-79.451546,0.0
3308,29404,43.727329,-79.451546,0.0
3309,29405,43.727329,-79.451546,0.0
3310,29406,43.727329,-79.451546,0.0
3311,29407,43.727333,-79.451553,2.6
3312,29408,43.727337,-79.451546,2.6
3313,29409,43.727333,-79.451546,1.6
3314,29410,43.727333,-79.451553,2.0
3315,29411,43.727333,-79.451546,2.0
3316,29412,43.727333,-79.451546,0.0
3317,29413,43.727333,-79.451546,0.0
3318,29414,43.727333,-79.451546,0.0
3319,29415,43.727337,-79.451538,2.8
3320,29416,43.727345,-79.451515,7.4
3321,29417,43.727345,-79.451454,17.6
3322,29418,43.727356,-79.451408,14.0
3323,29419,43.72736,-79.45137,11.1
3324,29420,43.727367,-79.45134,9.1
3325,29421,43.727371,-79.451309,9.1
3326,29422,43.727386,-79.451286,9.0
3327,29423,43.727421,-79.451294,14.2
3328,29424,43.72747,-79.451317,20.7
3329,29425,43.727505,-79.451324,14.2
3330,29426,43.727558,-79.45134,21.7
3331,29427,43.727623,-79.451363,26.9
3332,29428,43.72768,-79.451378,23.2
3333,29429,43.727737,-79.451401,23.8
3334,29430,43.727783,-79.451416,18.9
3335,29431,43.727821,-79.451439,16.6
3336,29432,43.727848,-79.451469,13.9
3337,29433,43.727859,-79.451515,14.0
3338,29434,43.727871,-79.451561,14.1
3339,29435,43.727875,-79.451607,13.4
3340,29436,43.727875,-79.451645,11.0
3341,29437,43.727882,-79.451675,9.1
3342,29438,43.727898,-79.451691,7.9
3343,29439,43.727913,-79.451698,6.3
3344,29440,43.727924,-79.451698,4.4
3345,29441,43.727928,-79.451698,1.6
3346,29442,43.727928,-79.451706,2.3
3347,29443,43.727951,-79.451729,11.4
3348,29444,43.727978,-79.451767,15.4
3349,29445,43.727997,-79.451805,13.4
3350,29446,43.727997,-79.451851,13.3
3351,29447,43.727993,-79.451889,11.1
3352,29448,43.727985,-79.451935,13.7
3353,29449,43.727978,-79.451988,15.6
3354,29450,43.727966,-79.452026,12.0
3355,29451,43.727959,-79.452072,13.6
3356,29452,43.727955,-79.452118,13.4
3357,29453,43.727943,-79.452179,18.3
3358,29454,43.727928,-79.45224,18.6
3359,29455,43.727917,-79.452332,27.0
3360,29456,43.727898,-79.452415,25.2
3361,29457,43.727879,-79.452522,31.9
3362,29458,43.727859,-79.452629,32.0
3363,29459,43.72784,-79.452728,29.6
3364,29460,43.727821,-79.452827,29.6
3365,29461,43.727798,-79.452919,28.2
3366,29462,43.727787,-79.453018,29.0
3367,29463,43.727768,-79.45311,27.7
3368,29464,43.727753,-79.453201,27.0
3369,29465,43.727734,-79.453278,23.5
3370,29466,43.727718,-79.453362,25.1
3371,29467,43.727711,-79.453438,22.2
3372,29468,43.727699,-79.453499,18.3
3373,29469,43.727692,-79.453529,9.1
3374,29470,43.727688,-79.453545,4.9
3375,29471,43.727688,-79.45356,4.3
3376,29472,43.72768,-79.453583,7.4
3377,29473,43.727684,-79.453613,8.8
3378,29474,43.727695,-79.453651,11.8
3379,29475,43.72773,-79.453682,16.6
3380,29476,43.727768,-79.453697,15.8
3381,29477,43.727814,-79.45372,19.6
3382,29478,43.727875,-79.453735,24.8
3383,29479,43.727932,-79.453758,23.8
3384,29480,43.727997,-79.453773,26.4
3385,29481,43.728039,-79.453796,18.1
3386,29482,43.728069,-79.453812,12.9
3387,29483,43.728081,-79.453812,4.8
3388,29484,43.728081,-79.453812,0.0
3389,29485,43.728081,-79.453812,0.0
3390,29486,43.728085,-79.453812,1.6
3391,29487,43.728088,-79.453812,1.2
3392,29488,43.728088,-79.453819,2.0
3393,29489,43.728088,-79.453819,0.0
3394,29490,43.728092,-79.453819,1.6
3395,29491,43.728092,-79.453819,0.0
3396,29492,43.728092,-79.453819,0.0
3397,29493,43.728104,-79.453827,5.3
3398,29494,43.728115,-79.453835,5.0
3399,29495,43.728123,-79.453835,3.2
3400,29496,43.728146,-79.453835,9.2
3401,29497,43.728168,-79.453827,9.1
3402,29498,43.728195,-79.453789,15.4
3403,29499,43.728214,-79.453751,13.4
3404,29500,43.728245,-79.453682,23.5
3405,29501,43.728264,-79.453583,29.6
3406,29502,43.728287,-79.453468,34.5
3407,29503,43.728321,-79.453346,37.8
3408,29504,43.728355,-79.453194,46.0
3409,29505,43.728394,-79.453033,49.1
3410,29506,43.728432,-79.452858,52.9
3411,29507,43.72847,-79.452682,53.1
3412,29508,43.728508,-79.452499,55.1
3413,29509,43.728542,-79.452332,50.2
3414,29510,43.728573,-79.452171,48.2
3415,29511,43.728592,-79.452019,44.6
3416,29512,43.728596,-79.451866,44.3
3417,29513,43.728569,-79.451721,43.3
3418,29514,43.728531,-79.451576,44.6
3419,29515,43.728489,-79.451439,43.0
3420,29516,43.728436,-79.451294,47.0
3421,29517,43.728382,-79.451157,45.1
3422,29518,43.728329,-79.451035,41.2
3423,29519,43.728271,-79.450905,44.2
3424,29520,43.728214,-79.450783,42.0
3425,29521,43.728168,-79.450661,39.8
3426,29522,43.728123,-79.450562,33.8
3427,29523,43.728081,-79.450455,35.2
3428,29524,43.728039,-79.450371,29.5
3429,29525,43.728008,-79.450287,27.3
3430,29526,43.727985,-79.450233,18.1
3431,29527,43.727966,-79.450195,13.4
3432,29528,43.727959,-79.450165,9.1
3433,29529,43.727955,-79.45015,4.6
3434,29530,43.727951,-79.45015,1.6
3435,29531,43.727951,-79.45015,0.0
3436,29532,43.727951,-79.45015,0.0
3437,29533,43.727951,-79.45015,0.0
3438,29534,43.727951,-79.45015,0.0
3439,29535,43.727951,-79.45015,0.0
3440,29536,43.727951,-79.45015,0.0
3441,29537,43.727951,-79.45015,0.0
3442,29538,43.727951,-79.45015,0.0
3443,29539,43.727951,-79.45015,0.0
3444,29540,43.727951,-79.45015,0.0
3445,29541,43.727951,-79.45015,0.0
3446,29542,43.727951,-79.45015,0.0
3447,29543,43.727951,-79.450142,2.3
3448,29544,43.727951,-79.450134,2.3
3449,29545,43.727951,-79.450134,0.0
3450,29546,43.727951,-79.450134,0.0
3451,29547,43.727943,-79.450127,3.8
3452,29548,43.727943,-79.450127,0.0
3453,29549,43.727943,-79.450127,0.0
3454,29550,43.727943,-79.450127,0.0
3455,29551,43.72794,-79.450104,6.8
3456,29552,43.727921,-79.45005,17.4
3457,29553,43.727886,-79.449982,24.1
3458,29554,43.727852,-79.449898,27.9
3459,29555,43.727814,-79.449799,32.4
3460,29556,43.727768,-79.449699,34.3
3461,29557,43.727707,-79.4496,37.6
3462,29558,43.72765,-79.449501,36.6
3463,29559,43.727577,-79.449417,38.0
3464,29560,43.727501,-79.449341,37.5
3465,29561,43.727409,-79.44928,40.8
3466,29562,43.727325,-79.449226,37.1
3467,29563,43.727226,-79.449173,42.5
3468,29564,43.727123,-79.449127,43.3
3469,29565,43.72702,-79.449089,42.7
3470,29566,43.726921,-79.449051,41.1
3471,29567,43.72681,-79.449005,46.4
3472,29568,43.726715,-79.448967,39.6
3473,29569,43.726608,-79.448952,43.1
3474,29570,43.726501,-79.448929,43.3
3475,29571,43.726368,-79.448936,53.3
3476,29572,43.726284,-79.448914,34.2
3477,29573,43.726212,-79.448898,29.2
3478,29574,43.726185,-79.448891,11.0
3479,29575,43.726158,-79.448891,10.8
3480,29576,43.726151,-79.448891,2.8
3481,29577,43.726143,-79.448891,3.2
3482,29578,43.726135,-79.448891,3.2
3483,29579,43.726128,-79.448898,3.5
3484,29580,43.72612,-79.448898,3.2
3485,29581,43.726116,-79.448898,1.6
3486,29582,43.726109,-79.448898,2.8
3487,29583,43.726105,-79.448898,1.6
3488,29584,43.726097,-79.448898,3.2
3489,29585,43.726097,-79.448898,0.0
3490,29586,43.726097,-79.448898,0.0
3491,29587,43.726093,-79.448906,2.8
3492,29588,43.726093,-79.448914,2.3
3493,29589,43.726089,-79.448921,2.6
3494,29590,43.726089,-79.448921,0.0
3495,29591,43.726089,-79.448921,0.0
3496,29592,43.726089,-79.448921,0.0
3497,29593,43.726089,-79.448921,0.0
3498,29594,43.726089,-79.448921,0.0
3499,29595,43.726089,-79.448921,0.0
3500,29596,43.726089,-79.448921,0.0
3501,29597,43.726089,-79.448921,0.0
3502,29598,43.726089,-79.448921,0.0
3503,29599,43.726089,-79.448921,0.0
3504,29600,43.726089,-79.448921,0.0
3505,29601,43.726089,-79.448921,0.0
3506,29602,43.726089,-79.448921,0.0
3507,29603,43.726089,-79.448921,0.0
3508,29604,43.726089,-79.448921,0.0
3509,29605,43.726089,-79.448921,0.0
3510,29606,43.726089,-79.448921,0.0
3511,29607,43.726086,-79.448906,4.5
3512,29608,43.726059,-79.448898,11.1
3513,29609,43.726021,-79.448891,15.3
3514,29610,43.725986,-79.448875,14.8
3515,29611,43.72596,-79.448845,13.6
3516,29612,43.725922,-79.448837,15.4
3517,29613,43.72588,-79.448814,18.1
3518,29614,43.725842,-79.448799,15.8
3519,29615,43.725792,-79.448776,21.1
3520,29616,43.725742,-79.448761,20.5
3521,29617,43.725689,-79.448738,22.2
3522,29618,43.725632,-79.448715,23.8
3523,29619,43.725559,-79.448685,30.5
3524,29620,43.725513,-79.448662,19.6
3525,29621,43.725464,-79.448624,22.5
3526,29622,43.725468,-79.448563,17.7
3527,29623,43.725475,-79.448486,22.5
3528,29624,43.72551,-79.448402,28.0
3529,29625,43.725544,-79.448311,29.6
3530,29626,43.725567,-79.448227,26.0
3531,29627,43.725594,-79.448151,24.5
3532,29628,43.725601,-79.448082,20.2
3533,29629,43.725601,-79.448082,0.0
3534,29630,43.725559,-79.448067,17.4
3535,29631,43.725559,-79.448006,17.6
3536,29632,43.725521,-79.447968,18.8
3537,29633,43.725529,-79.447929,11.7
3538,29634,43.725559,-79.447922,12.2
3539,29640,43.725887,-79.447525,29.1
3540,29641,43.725887,-79.447525,0.0
3541,29642,43.726093,-79.447464,84.3
3542,29643,43.726112,-79.447273,55.8
3543,29644,43.726112,-79.447273,0.0
3544,29645,43.72604,-79.447128,50.9
3545,29646,43.726009,-79.447014,35.2
3546,29647,43.726009,-79.446922,26.6
3547,29648,43.726044,-79.446815,34.0
3548,29649,43.726089,-79.446739,28.4
3549,29650,43.726139,-79.446686,25.2
3550,29651,43.7262,-79.446625,30.1
3551,29652,43.726276,-79.446587,32.3
3552,29653,43.726364,-79.446579,35.3
3553,29654,43.72646,-79.446602,39.0
3554,29655,43.726551,-79.446632,37.4
3555,29656,43.726639,-79.446655,35.8
3556,29657,43.726727,-79.446732,41.7
3557,29658,43.726826,-79.446831,48.9
3558,29659,43.726887,-79.446953,42.9
3559,29660,43.726944,-79.447075,42.0
3560,29661,43.72702,-79.447189,44.9
3561,29662,43.727104,-79.447296,45.7
3562,29663,43.7272,-79.447372,44.3
3563,29664,43.727306,-79.447441,46.9
3564,29665,43.727409,-79.447479,42.7
3565,29666,43.727516,-79.447479,42.8
3566,29667,43.727627,-79.447456,44.9
3567,29668,43.727745,-79.447403,49.7
3568,29669,43.727852,-79.447319,49.2
3569,29670,43.72797,-79.447227,54.2
3570,29671,43.728092,-79.447128,56.6
3571,29672,43.728226,-79.447014,63.0
3572,29673,43.728359,-79.446892,63.9
3573,29674,43.728489,-79.446747,66.8
3574,29675,43.728642,-79.446587,76.8
3575,29676,43.728783,-79.446442,70.3
3576,29677,43.728928,-79.446281,74.4
3577,29678,43.729076,-79.446144,71.3
3578,29679,43.729221,-79.445976,75.7
3579,29680,43.729359,-79.445816,72.1
3580,29681,43.729481,-79.44561,77.0
3581,29682,43.729584,-79.445358,83.7
3582,29683,43.729668,-79.44516,66.4
3583,29684,43.729752,-79.444946,70.4
3584,29685,43.729836,-79.444717,74.3
3585,29686,43.729881,-79.44445,79.3
3586,29687,43.729935,-79.444191,78.0
3587,29688,43.73,-79.443932,79.3
3588,29689,43.730057,-79.443672,78.6
3589,29690,43.730125,-79.443405,81.9
3590,29691,43.73019,-79.443161,75.2
3591,29692,43.730263,-79.442894,82.6
3592,29693,43.730339,-79.44265,76.9
3593,29694,43.730412,-79.442398,78.5
3594,29695,43.730495,-79.442154,78.0
3595,29696,43.730591,-79.441917,78.6
3596,29697,43.730694,-79.441704,74.1
3597,29698,43.730804,-79.44149,76.0
3598,29699,43.730919,-79.441269,78.8
3599,29700,43.731037,-79.441048,79.5
3600,29701,43.731163,-79.440834,79.8
3601,29702,43.731312,-79.440605,89.1
3602,29703,43.731457,-79.440392,84.6
3603,29704,43.731609,-79.44017,88.5
3604,29705,43.731758,-79.439949,87.4
3605,29706,43.731922,-79.43972,93.3
3606,29707,43.732071,-79.439491,89.1
3607,29708,43.732227,-79.439255,92.5
3608,29709,43.732395,-79.439026,94.4
3609,29710,43.732548,-79.438782,93.4
3610,29711,43.732708,-79.438553,92.1
3611,29712,43.73288,-79.438293,102.0
3612,29713,43.733044,-79.438049,96.4
3613,29714,43.733208,-79.437798,97.9
3614,29715,43.73336,-79.437546,94.9
3615,29716,43.733517,-79.437286,98.0
3616,29717,43.733673,-79.437035,95.8
3617,29718,43.733826,-79.436768,98.6
3618,29719,43.73399,-79.436516,98.1
3619,29720,43.734146,-79.436249,99.3
3620,29721,43.734306,-79.435989,98.8
3621,29722,43.73447,-79.435738,97.9
3622,29723,43.734634,-79.435478,99.8
3623,29724,43.734802,-79.435226,99.2
3624,29725,43.734966,-79.434967,99.6
3625,29726,43.73513,-79.434723,96.4
3626,29727,43.735287,-79.434471,96.2
3627,29728,43.735439,-79.434227,93.2
3628,29729,43.735626,-79.43396,107.6
3629,29730,43.735783,-79.433693,99.6
3630,29731,43.735928,-79.433449,91.4
3631,29732,43.736088,-79.433189,98.8
3632,29733,43.736256,-79.432922,102.4
3633,29734,43.73642,-79.432655,101.4
3634,29735,43.736584,-79.432404,97.9
3635,29736,43.736748,-79.432137,101.4
3636,29737,43.736908,-79.431877,98.8
3637,29738,43.737057,-79.43161,97.6
3638,29739,43.737209,-79.431351,96.5
3639,29740,43.737358,-79.431084,97.6
3640,29741,43.737514,-79.430809,101.1
3641,29742,43.737663,-79.430542,97.6
3642,29743,43.737831,-79.430267,104.2
3643,29744,43.737995,-79.429993,102.9
3644,29745,43.738144,-79.429726,97.6
3645,29746,43.738289,-79.429451,98.5
3646,29747,43.738445,-79.429169,102.7
3647,29748,43.738609,-79.428886,104.9
3648,29749,43.73877,-79.428596,105.8
3649,29750,43.738934,-79.428314,104.7
3650,29751,43.739105,-79.428009,111.7
3651,29752,43.739277,-79.427719,108.5
3652,29753,43.739445,-79.427422,109.1
3653,29754,43.739605,-79.427132,105.5
3654,29755,43.739784,-79.426826,113.9
3655,29756,43.739956,-79.426529,110.1
3656,29757,43.740128,-79.426231,110.3
3657,29758,43.740307,-79.425926,113.6
3658,29759,43.740486,-79.425629,111.9
3659,29760,43.740673,-79.425339,112.4
3660,29761,43.740856,-79.425041,113.1
3661,29762,43.741051,-79.424744,116.1
3662,29763,43.741241,-79.424454,113.2
3663,29764,43.741432,-79.424171,112.0
3664,29765,43.741619,-79.423889,110.7
3665,29766,43.741829,-79.423592,120.2
3666,29767,43.742035,-79.423294,119.3
3667,29768,43.742241,-79.423012,116.0
3668,29769,43.742439,-79.422714,117.1
3669,29770,43.742638,-79.422409,118.9
3670,29771,43.74284,-79.422119,116.5
3671,29772,43.743027,-79.421837,110.7
3672,29773,43.74321,-79.421562,108.1
3673,29774,43.743382,-79.421288,105.0
3674,29775,43.743561,-79.421005,108.8
3675,29776,43.743725,-79.420731,102.9
3676,29777,43.743904,-79.420464,105.3
3677,29778,43.744076,-79.420181,107.0
3678,29779,43.744247,-79.419914,103.2
3679,29780,43.744411,-79.419647,101.4
3680,29781,43.744583,-79.419365,106.7
3681,29782,43.74474,-79.419113,96.2
3682,29783,43.744907,-79.418854,100.4
3683,29784,43.745079,-79.418602,100.3
3684,29785,43.74527,-79.418335,108.7
3685,29786,43.745449,-79.418091,100.6
3686,29787,43.74564,-79.417854,102.7
3687,29788,43.745819,-79.417625,97.6
3688,29789,43.745995,-79.417412,93.6
3689,29790,43.746174,-79.417191,96.0
3690,29791,43.746361,-79.416969,98.6
3691,29792,43.746544,-79.416771,93.0
3692,29793,43.746731,-79.416573,94.2
3693,29794,43.746929,-79.416397,94.2
3694,29795,43.747124,-79.416222,93.0
3695,29796,43.747326,-79.416039,96.6
3696,29797,43.74752,-79.415855,94.1
3697,29798,43.747723,-79.41568,95.7
3698,29799,43.747925,-79.415489,97.9
3699,29800,43.748123,-79.415298,96.6
3700,29801,43.748329,-79.415123,96.8
3701,29802,43.748516,-79.414917,95.7
3702,29803,43.748699,-79.414719,93.0
3703,29804,43.748886,-79.414513,95.7
3704,29805,43.749065,-79.414299,94.7
3705,29806,43.749241,-79.41407,96.7
3706,29807,43.749413,-79.413834,96.9
3707,29808,43.749577,-79.413574,99.8
3708,29809,43.749737,-79.413353,90.5
3709,29810,43.749905,-79.413109,97.5
3710,29811,43.750065,-79.41288,92.1
3711,29812,43.750229,-79.412643,94.9
3712,29813,43.750397,-79.412399,97.5
3713,29814,43.750553,-79.41217,91.0
3714,29815,43.75071,-79.411926,94.5
3715,29816,43.750862,-79.411697,89.9
3716,29817,43.750999,-79.411461,87.5
3717,29818,43.751129,-79.41124,82.4
3718,29819,43.751259,-79.411003,86.0
3719,29820,43.751392,-79.410767,86.6
3720,29821,43.751518,-79.410545,81.6
3721,29822,43.751652,-79.410309,86.8
3722,29823,43.751778,-79.410088,81.4
3723,29824,43.751911,-79.409859,85.0
3724,29825,43.752041,-79.409622,86.0
3725,29826,43.752159,-79.409401,79.5
3726,29827,43.752281,-79.409164,84.2
3727,29828,43.752373,-79.408936,75.5
3728,29829,43.752468,-79.408714,74.6
3729,29830,43.752563,-79.408478,78.1
3730,29831,43.752663,-79.408249,77.4
3731,29832,43.752754,-79.408028,73.6
3732,29833,43.752846,-79.407806,74.0
3733,29834,43.75293,-79.407616,64.4
3734,29835,43.753014,-79.40744,61.0
3735,29836,43.753109,-79.40728,59.9
3736,29837,43.753208,-79.407158,53.1
3737,29838,43.753323,-79.407013,62.3
3738,29839,43.753448,-79.406891,61.2
3739,29840,43.753578,-79.406815,56.5
3740,29841,43.753727,-79.406738,63.7
3741,29842,43.753887,-79.406677,66.4
3742,29843,43.754028,-79.406631,58.0
3743,29844,43.754154,-79.406586,52.1
3744,29845,43.754288,-79.406555,54.4
3745,29846,43.754436,-79.406517,60.3
3746,29850,43.755077,-79.406792,67.2
3747,29851,43.755077,-79.406792,0.0
3748,29852,43.755184,-79.407005,75.0
3749,29853,43.755329,-79.407158,73.0
3750,29854,43.75544,-79.407303,61.1
3751,29855,43.755512,-79.407478,58.2
3752,29856,43.755581,-79.407677,63.8
3753,29857,43.755657,-79.40786,61.0
3754,29858,43.755726,-79.408043,59.7
3755,29859,43.755791,-79.408234,61.0
3756,29860,43.755856,-79.408401,54.8
3757,29861,43.755924,-79.408585,59.8
3758,29862,43.756001,-79.408798,68.9
3759,29863,43.756081,-79.408974,60.1
3760,29864,43.756176,-79.409119,56.6
3761,29865,43.756329,-79.409073,62.7
3762,29866,43.756447,-79.40918,56.5
3763,29867,43.756569,-79.409271,55.5
3764,29868,43.756687,-79.409332,50.4
3765,29869,43.756828,-79.409393,59.1
3766,29870,43.75695,-79.409447,51.3
3767,29871,43.757065,-79.409515,50.1
3768,29872,43.757172,-79.409561,44.8
3769,29873,43.757282,-79.409599,45.4
3770,29874,43.757393,-79.409637,45.8
3771,29875,43.757492,-79.409676,41.2
3772,29876,43.757599,-79.409698,43.3
3773,29877,43.75769,-79.409729,37.5
3774,29878,43.757786,-79.40976,39.5
3775,29879,43.75787,-79.40979,34.7
3776,29880,43.757954,-79.409813,34.3
3777,29881,43.758015,-79.409828,24.8
3778,29882,43.758102,-79.409828,34.8
3779,29883,43.758183,-79.409851,33.1
3780,29884,43.758263,-79.409866,32.3
3781,29885,43.758331,-79.409897,28.7
3782,29886,43.758408,-79.40992,31.5
3783,29887,43.75848,-79.40995,30.1
3784,29888,43.75853,-79.409973,21.1
3785,29889,43.758598,-79.410004,28.7
3786,29890,43.758678,-79.410019,32.3
3787,29891,43.758755,-79.410042,31.5
3788,29892,43.758839,-79.410072,34.7
3789,29893,43.758919,-79.41008,32.1
3790,29894,43.759007,-79.410118,36.9
3791,29895,43.759048,-79.410141,17.7
3792,29896,43.759117,-79.410172,29.0
3793,29897,43.759186,-79.410202,29.0
3794,29898,43.759251,-79.41021,26.1
3795,29899,43.759327,-79.41024,31.6
3796,29900,43.759441,-79.410271,46.5
3797,29901,43.759533,-79.410278,36.9
3798,29902,43.759628,-79.410309,39.1
3799,29903,43.759716,-79.410332,35.8
3800,29904,43.759785,-79.410393,32.8
3801,29905,43.759838,-79.410416,22.2
3802,29906,43.75988,-79.410461,21.3
3803,29907,43.759895,-79.4105,12.8
3804,29908,43.759926,-79.410538,16.6
3805,29909,43.759933,-79.410583,13.3
3806,29910,43.759945,-79.410591,5.3
3807,29911,43.759933,-79.410576,6.5
3808,29912,43.759914,-79.410591,8.8
3809,29913,43.759918,-79.41066,20.0
3810,29914,43.759865,-79.410645,21.7
3811,29915,43.759815,-79.410606,23.0
3812,29916,43.759785,-79.410591,12.8
3813,29917,43.759773,-79.410629,12.0
3814,29918,43.759769,-79.410667,11.1
3815,29919,43.759769,-79.410721,15.6
3816,29920,43.759769,-79.410759,11.0
3817,29921,43.759804,-79.410805,19.3
3818,29922,43.759827,-79.410873,21.7
3819,29923,43.759846,-79.410889,8.9
3820,29924,43.759865,-79.410927,13.4
3821,29925,43.759872,-79.41098,15.6
3822,29926,43.759884,-79.411026,14.1
3823,29927,43.759888,-79.411057,9.1
3824,29928,43.759903,-79.411079,8.7
3825,29929,43.759903,-79.411079,0.0
3826,29930,43.759903,-79.411079,0.0
3827,29931,43.759903,-79.411079,0.0
3828,29932,43.759903,-79.411079,0.0
3829,29933,43.759903,-79.411079,0.0
3830,29934,43.759903,-79.411079,0.0
3831,29935,43.759903,-79.411079,0.0
3832,29936,43.759903,-79.411079,0.0
3833,29937,43.759903,-79.411079,0.0
3834,29938,43.759903,-79.411079,0.0
3835,29939,43.759903,-79.411079,0.0
3836,29940,43.759903,-79.411079,0.0
3837,29941,43.759903,-79.411079,0.0
3838,29942,43.759903,-79.411079,0.0
3839,29943,43.759903,-79.411079,0.0
3840,29944,43.759903,-79.411079,0.0
3841,29945,43.759903,-79.411079,0.0
3842,29946,43.759903,-79.411079,0.0
3843,29947,43.759903,-79.411079,0.0
3844,29948,43.759903,-79.411079,0.0
3845,29949,43.759903,-79.411079,0.0
3846,29950,43.759903,-79.411079,0.0
3847,29951,43.759899,-79.411095,4.9
3848,29952,43.759888,-79.411118,8.0
3849,29953,43.759884,-79.411133,4.6
3850,29954,43.759888,-79.411163,8.8
3851,29955,43.759892,-79.411163,1.6
3852,29956,43.759903,-79.411171,5.0
3853,29957,43.759911,-79.411186,5.4
3854,29958,43.759911,-79.411171,4.3
3855,29959,43.759907,-79.411194,6.8
3856,29960,43.759895,-79.411194,4.8
3857,29961,43.759888,-79.411194,2.8
3858,29962,43.759888,-79.411201,2.0
3859,29963,43.759888,-79.411209,2.3
3860,29964,43.75988,-79.411209,3.2
3861,29965,43.759865,-79.411209,6.0
3862,29966,43.759853,-79.411217,5.3
3863,29967,43.75985,-79.411224,2.4
3864,29968,43.75985,-79.41124,4.6
3865,29969,43.75985,-79.41124,0.0
3866,29970,43.759865,-79.411255,7.4
3867,29971,43.759872,-79.41127,5.2
3868,29972,43.75988,-79.41127,3.2
3869,29973,43.759888,-79.411278,4.0
3870,29974,43.759888,-79.411285,2.0
3871,29975,43.759888,-79.411293,2.3
3872,29976,43.759895,-79.411308,5.2
3873,29977,43.759903,-79.411308,3.2
3874,29978,43.759907,-79.411285,6.8
3875,29979,43.759884,-79.411324,14.6
3876,29980,43.759865,-79.411362,13.4
3877,29981,43.75983,-79.41143,24.1
3878,29982,43.759808,-79.41153,30.2
3879,29983,43.759785,-79.411568,14.3
3880,29984,43.759762,-79.411598,12.6
3881,29985,43.75972,-79.411613,17.4
3882,29986,43.75972,-79.411629,4.6
3883,29987,43.759686,-79.411682,20.5
3884,29988,43.759663,-79.411728,16.2
3885,29989,43.75964,-79.411797,22.0
3886,29990,43.75959,-79.411858,26.7
3887,29991,43.759556,-79.411919,22.3
3888,29992,43.759487,-79.411995,35.3
3889,29993,43.759483,-79.412109,33.0
3890,29994,43.759407,-79.412354,77.1
3891,29995,43.759357,-79.412575,67.0
3892,29996,43.759312,-79.412727,47.5
3893,29997,43.759289,-79.412872,42.9
3894,29998,43.759251,-79.413017,44.6
3895,29999,43.759224,-79.413162,43.3
3896,30000,43.759186,-79.413284,38.4
3897,30001,43.759155,-79.413406,37.4
3898,30002,43.759148,-79.413498,26.7
3899,30003,43.759117,-79.413589,29.1
3900,30004,43.759087,-79.413651,21.6
3901,30005,43.759079,-79.413689,11.4
3902,30006,43.759068,-79.413719,9.7
3903,30007,43.759041,-79.413773,19.0
3904,30008,43.759007,-79.413849,25.8
3905,30009,43.758961,-79.41391,25.5
3906,30010,43.758904,-79.413925,23.2
3907,30011,43.758839,-79.413933,26.1
3908,30012,43.758759,-79.413925,32.1
3909,30013,43.758675,-79.413918,33.7
3910,30014,43.758587,-79.413895,35.8
3911,30015,43.758511,-79.413879,30.8
3912,30016,43.758446,-79.413879,26.0
3913,30017,43.758396,-79.413879,20.0
3914,30018,43.758362,-79.413879,13.6
3915,30019,43.758362,-79.413887,2.3
3916,30020,43.758362,-79.413879,2.3
3917,30021,43.758339,-79.413887,9.5
3918,30022,43.75832,-79.413887,7.6
3919,30023,43.758278,-79.413879,17.0
3920,30024,43.758224,-79.413864,22.0
3921,30025,43.75816,-79.413857,25.7
3922,30026,43.75808,-79.413834,32.7
3923,30027,43.757999,-79.413811,33.1
3924,30028,43.757915,-79.41378,34.8
3925,30029,43.757835,-79.413757,32.7
3926,30030,43.757759,-79.413734,31.1
3927,30031,43.757687,-79.413719,29.1
3928,30032,43.757626,-79.413696,25.3
3929,30033,43.757572,-79.413689,21.7
3930,30034,43.757538,-79.413681,13.8
3931,30035,43.757538,-79.413681,0.0
3932,30036,43.75753,-79.413673,4.0
3933,30037,43.757526,-79.413673,1.6
3934,30038,43.757515,-79.413673,4.4
3935,30039,43.757492,-79.413673,9.2
3936,30040,43.757439,-79.413651,22.1
3937,30041,43.757397,-79.413612,20.2
3938,30042,43.757336,-79.413589,25.3
3939,30043,43.757275,-79.413544,27.7
3940,30044,43.757198,-79.413513,32.1
3941,30045,43.757107,-79.413483,37.4
3942,30046,43.75703,-79.413445,32.7
3943,30047,43.756966,-79.413422,26.5
3944,30048,43.756897,-79.413391,29.0
3945,30049,43.75684,-79.413368,23.8
3946,30050,43.756798,-79.413361,16.9
3947,30051,43.756779,-79.413353,7.9
3948,30052,43.756779,-79.413353,0.0
3949,30053,43.756763,-79.413338,7.7
3950,30054,43.756744,-79.413322,8.9
3951,30055,43.756721,-79.413284,14.3
3952,30056,43.756687,-79.413231,20.5
3953,30057,43.756683,-79.413162,20.0
3954,30058,43.75668,-79.413048,33.0
3955,30059,43.756687,-79.412956,26.7
3956,30060,43.756718,-79.412834,37.4
3957,30061,43.756741,-79.412712,36.5
3958,30062,43.75676,-79.412605,31.9
3959,30063,43.756775,-79.412521,25.0
3960,30064,43.756802,-79.412437,26.6
3961,30065,43.756809,-79.412369,19.9
3962,30066,43.756828,-79.412315,17.4
3963,30067,43.756832,-79.412262,15.4
3964,30068,43.756844,-79.412224,12.0
3965,30069,43.756851,-79.412178,13.6
3966,30070,43.756866,-79.412155,9.0
3967,30071,43.756866,-79.412125,8.7
3968,30072,43.75687,-79.412094,9.1
3969,30073,43.756863,-79.412086,3.6
3970,30074,43.756847,-79.412086,6.4
3971,30075,43.756847,-79.412071,4.3
3972,30076,43.756847,-79.412056,4.3
3973,30077,43.756847,-79.412041,4.3
3974,30078,43.756863,-79.412033,6.8
3975,30079,43.756851,-79.412041,5.3
3976,30080,43.756863,-79.412041,4.8
3977,30081,43.756863,-79.412041,0.0
3978,30082,43.756863,-79.412048,2.0
3979,30083,43.75687,-79.412056,3.6
3980,30084,43.756882,-79.412071,6.5
3981,30085,43.756886,-79.412079,2.8
3982,30086,43.756908,-79.412086,9.0
3983,30087,43.756908,-79.412086,0.0
3984,30088,43.756905,-79.412086,1.2
3985,30089,43.756893,-79.412094,5.3
3986,30090,43.756889,-79.412094,1.6
3987,30091,43.756889,-79.412094,0.0
3988,30092,43.756889,-79.412102,2.3
3989,30093,43.756889,-79.412102,0.0
3990,30094,43.756889,-79.412109,2.0
3991,30095,43.756893,-79.412117,2.8
3992,30096,43.756889,-79.412102,4.6
3993,30097,43.756893,-79.412094,2.8
3994,30098,43.756901,-79.412079,5.4
3995,30099,43.756908,-79.412071,3.6
3996,30100,43.756912,-79.412071,1.6
3997,30101,43.75692,-79.412071,3.2
3998,30102,43.756927,-79.412064,3.5
3999,30103,43.756927,-79.412064,0.0
4000,30104,43.756927,-79.412064,0.0
4001,30105,43.756927,-79.412064,0.0
4002,30106,43.756927,-79.412064,0.0
4003,30107,43.756927,-79.412064,0.0
4004,30108,43.756927,-79.412064,0.0
4005,30109,43.756927,-79.412064,0.0
4006,30110,43.756927,-79.412064,0.0
4007,30111,43.756927,-79.412064,0.0
4008,30112,43.756927,-79.412064,0.0
4009,30113,43.756927,-79.412064,0.0
4010,30114,43.756927,-79.412064,0.0
4011,30115,43.756927,-79.412064,0.0
4012,30116,43.756927,-79.412064,0.0
4013,30117,43.756927,-79.412064,0.0
4014,30118,43.756927,-79.412064,0.0
4015,30119,43.756927,-79.412064,0.0
4016,30120,43.756927,-79.412064,0.0
4017,30121,43.756927,-79.412064,0.0
4018,30122,43.756927,-79.412064,0.0
4019,30123,43.756927,-79.412064,0.0
4020,30124,43.756927,-79.412064,0.0
4021,30125,43.756927,-79.412064,0.0
4022,30126,43.756927,-79.412064,0.0
4023,30127,43.756927,-79.412064,0.0
4024,30128,43.756927,-79.412064,0.0
4025,30129,43.756927,-79.412064,0.0
4026,30130,43.756927,-79.412064,0.0
4027,30131,43.756927,-79.412064,0.0
4028,30132,43.756927,-79.412064,0.0
4029,30133,43.756927,-79.412064,0.0
4030,30134,43.756927,-79.412064,0.0
4031,30135,43.756927,-79.412064,0.0
4032,30136,43.756927,-79.412064,0.0
4033,30137,43.756927,-79.412064,0.0
4034,30138,43.756927,-79.412064,0.0
4035,30139,43.756927,-79.412064,0.0
4036,30140,43.756927,-79.412064,0.0
4037,30141,43.756927,-79.412064,0.0
4038,30142,43.756935,-79.412056,4.0
4039,30143,43.756947,-79.412048,5.3
4040,30144,43.756962,-79.412048,6.0
4041,30145,43.756973,-79.412048,4.4
4042,30146,43.756996,-79.412048,9.2
4043,30147,43.757019,-79.412048,9.2
4044,30148,43.757053,-79.412041,13.8
4045,30149,43.75708,-79.412041,10.8
4046,30150,43.757118,-79.412041,15.2
4047,30151,43.75713,-79.412041,4.8
4048,30152,43.757145,-79.412041,6.0
4049,30153,43.757145,-79.412041,0.0
4050,30154,43.757133,-79.412041,4.8
4051,30155,43.757133,-79.412041,0.0
4052,30156,43.757141,-79.412041,3.2
4053,30157,43.75713,-79.412048,4.8
4054,30158,43.75713,-79.412048,0.0
4055,30159,43.757137,-79.412048,2.8
4056,30160,43.757133,-79.412048,1.6
4057,30161,43.75713,-79.412048,1.2
4058,30162,43.75713,-79.412048,0.0
4059,30163,43.757133,-79.412056,2.6
4060,30164,43.75713,-79.412056,1.2
4061,30165,43.75713,-79.412056,0.0
4062,30166,43.757118,-79.412056,4.8
4063,30167,43.757107,-79.412064,5.0
4064,30168,43.757095,-79.412064,4.8
4065,30169,43.757088,-79.412064,2.8
4066,30170,43.757084,-79.412064,1.6
4067,30171,43.757084,-79.412064,0.0
4068,30172,43.757084,-79.412064,0.0
4069,30173,43.757084,-79.412064,0.0
4070,30174,43.757084,-79.412064,0.0
4071,30175,43.757084,-79.412064,0.0
4072,30176,43.757084,-79.412064,0.0
4073,30177,43.757084,-79.412064,0.0
4074,30178,43.757084,-79.412064,0.0
4075,30179,43.757084,-79.412064,0.0
4076,30180,43.757084,-79.412064,0.0
4077,30181,43.757084,-79.412064,0.0
4078,30182,43.757084,-79.412064,0.0
4079,30183,43.757084,-79.412064,0.0
4080,30184,43.757084,-79.412064,0.0
4081,30185,43.757084,-79.412064,0.0
4082,30186,43.757084,-79.412064,0.0
4083,30187,43.757084,-79.412064,0.0
4084,30188,43.757084,-79.412064,0.0
4085,30189,43.757084,-79.412064,0.0
4086,30190,43.757084,-79.412064,0.0
4087,30191,43.757084,-79.412064,0.0
4088,30192,43.757084,-79.412064,0.0
4089,30193,43.757084,-79.412064,0.0
4090,30194,43.757084,-79.412064,0.0
4091,30195,43.757084,-79.412064,0.0
4092,30196,43.757084,-79.412064,0.0
4093,30197,43.757084,-79.412064,0.0
4094,30198,43.757084,-79.412064,0.0
4095,30199,43.757084,-79.412064,0.0
4096,30200,43.757084,-79.412064,0.0
4097,30201,43.757084,-79.412064,0.0
4098,30202,43.757084,-79.412064,0.0
4099,30203,43.757084,-79.412064,0.0
4100,30204,43.757084,-79.412064,0.0
4101,30205,43.757084,-79.412064,0.0
4102,30206,43.757084,-79.412064,0.0
4103,30207,43.757084,-79.412064,0.0
4104,30208,43.757084,-79.412064,0.0
4105,30209,43.757084,-79.412064,0.0
4106,30210,43.757084,-79.412064,0.0
4107,30211,43.757084,-79.412064,0.0
4108,30212,43.757084,-79.412064,0.0
4109,30213,43.757084,-79.412064,0.0
4110,30214,43.757084,-79.412064,0.0
4111,30215,43.757084,-79.412064,0.0
4112,30216,43.757084,-79.412064,0.0
4113,30217,43.757084,-79.412064,0.0
4114,30218,43.757084,-79.412064,0.0
4115,30219,43.757084,-79.412064,0.0
4116,30220,43.757084,-79.412064,0.0
4117,30221,43.757084,-79.412064,0.0
4118,30222,43.757084,-79.412064,0.0
4119,30223,43.757084,-79.412064,0.0
4120,30224,43.757084,-79.412064,0.0
4121,30225,43.757084,-79.412064,0.0
4122,30226,43.757084,-79.412064,0.0
4123,30227,43.757084,-79.412064,0.0
4124,30228,43.757084,-79.412064,0.0
4125,30229,43.757084,-79.412064,0.0
4126,30230,43.757084,-79.412064,0.0
4127,30231,43.757084,-79.412064,0.0
4128,30232,43.757084,-79.412064,0.0
4129,30233,43.757084,-79.412064,0.0
4130,30234,43.757084,-79.412064,0.0
4131,30235,43.757084,-79.412064,0.0
4132,30236,43.757084,-79.412064,0.0
4133,30237,43.757084,-79.412064,0.0
4134,30238,43.757084,-79.412064,0.0
4135,30239,43.757084,-79.412064,0.0
4136,30240,43.757084,-79.412064,0.0
4137,30241,43.757084,-79.412064,0.0
4138,30242,43.757084,-79.412064,0.0
4139,30243,43.757084,-79.412064,0.0
4140,30244,43.757084,-79.412064,0.0
4141,30245,43.757084,-79.412064,0.0
4142,30246,43.757084,-79.412064,0.0
4143,30247,43.757084,-79.412064,0.0
4144,30248,43.757084,-79.412064,0.0
4145,30249,43.757084,-79.412064,0.0
4146,30250,43.757084,-79.412064,0.0
4147,30251,43.757084,-79.412064,0.0
4148,30252,43.75708,-79.412071,2.6
4149,30253,43.757076,-79.412071,1.6
4150,30254,43.757072,-79.412071,1.6
4151,30255,43.757057,-79.412071,6.0
4152,30256,43.757038,-79.412071,7.6
4153,30257,43.757015,-79.412079,9.5
4154,30258,43.757011,-79.412079,1.6
4155,30259,43.757008,-79.412079,1.2
4156,30260,43.756966,-79.412079,16.8
4157,30261,43.756962,-79.412079,1.6
4158,30262,43.756954,-79.412079,3.2
4159,30263,43.75695,-79.412079,1.6
4160,30264,43.756947,-79.412071,2.6
4161,30265,43.756905,-79.412079,17.0
4162,30266,43.756855,-79.412079,20.0
4163,30267,43.75687,-79.412071,6.4
4164,30268,43.756878,-79.412071,3.2
4165,30269,43.75687,-79.412071,3.2
4166,30270,43.75687,-79.412071,0.0
4167,30271,43.756886,-79.412064,6.7
4168,30272,43.756886,-79.412064,0.0
4169,30273,43.756886,-79.412064,0.0
4170,30274,43.756886,-79.412064,0.0
4171,30275,43.756886,-79.412064,0.0
4172,30276,43.756886,-79.412064,0.0
4173,30277,43.756886,-79.412064,0.0
4174,30278,43.756886,-79.412064,0.0
4175,30279,43.756886,-79.412064,0.0
4176,30280,43.756886,-79.412064,0.0
4177,30281,43.756886,-79.412064,0.0
4178,30282,43.756886,-79.412064,0.0
4179,30283,43.756886,-79.412064,0.0
4180,30284,43.756886,-79.412064,0.0
4181,30285,43.756886,-79.412064,0.0
4182,30286,43.756886,-79.412064,0.0
4183,30287,43.756886,-79.412064,0.0
4184,30288,43.756886,-79.412064,0.0
4185,30289,43.756886,-79.412064,0.0
4186,30290,43.756886,-79.412064,0.0
4187,30291,43.756886,-79.412064,0.0
4188,30292,43.756886,-79.412064,0.0
4189,30293,43.756886,-79.412064,0.0
4190,30296,43.756748,-79.412048,18.5
4191,30297,43.756744,-79.412048,1.6
4192,30298,43.75676,-79.412048,6.4
4193,30301,43.758743,-79.410362,310.5
4194,30302,43.75869,-79.410339,22.2
4195,30303,43.758629,-79.410332,24.5
4196,30304,43.75856,-79.410309,28.4
4197,30305,43.758488,-79.410286,29.6
4198,30306,43.758408,-79.410263,32.7
4199,30307,43.758327,-79.410248,32.7
4200,30308,43.758247,-79.410233,32.3
4201,30309,43.758167,-79.41021,32.7
4202,30310,43.758087,-79.410179,33.3
4203,30311,43.758003,-79.410156,34.3
4204,30312,43.757923,-79.410141,32.3
4205,30313,43.757839,-79.410118,34.3
4206,30314,43.757759,-79.410095,32.7
4207,30315,43.757675,-79.410072,34.3
4208,30316,43.757595,-79.410049,32.7
4209,30317,43.757519,-79.410034,30.7
4210,30318,43.757446,-79.410019,29.5
4211,30319,43.757401,-79.410019,18.0
4212,30320,43.757359,-79.410034,17.4
4213,30321,43.757328,-79.41008,18.2
4214,30322,43.757305,-79.410141,19.9
4215,30323,43.75729,-79.410233,27.3
4216,30324,43.757263,-79.410316,26.3
4217,30325,43.757244,-79.410416,29.9
4218,30326,43.757217,-79.41053,34.7
4219,30327,43.757198,-79.410637,31.9
4220,30328,43.757168,-79.410736,31.0
4221,30329,43.757145,-79.410828,28.1
4222,30330,43.757126,-79.410927,29.6
4223,30331,43.757095,-79.411034,33.3
4224,30332,43.757072,-79.411125,27.9
4225,30333,43.757053,-79.41124,34.1
4226,30334,43.757034,-79.411354,33.8
4227,30335,43.757011,-79.411453,30.1
4228,30336,43.756992,-79.411568,34.1
4229,30337,43.756969,-79.411667,30.1
4230,30338,43.756962,-79.411758,26.5
4231,30339,43.756947,-79.411842,25.0
4232,30340,43.756931,-79.411911,21.0
4233,30341,43.756924,-79.411964,15.6
4234,30342,43.756916,-79.41201,13.7
4235,30343,43.756908,-79.412048,11.4
4236,30344,43.756889,-79.412079,11.8
4237,30345,43.756882,-79.412086,3.5
4238,30346,43.75687,-79.412086,4.8
4239,30347,43.756863,-79.412094,3.6
4240,30348,43.756855,-79.412086,4.0
4241,30349,43.756851,-79.412086,1.6
4242,30350,43.756851,-79.412086,0.0
4243,30351,43.756851,-79.412079,2.0
4244,30352,43.756847,-79.412079,1.6
4245,30353,43.756847,-79.412071,2.3
4246,30354,43.75684,-79.412071,2.8
4247,30355,43.756824,-79.412064,6.7
4248,30356,43.756821,-79.412064,1.2
4249,30357,43.756813,-79.412064,3.2
4250,30358,43.756813,-79.412064,0.0
4251,30359,43.756809,-79.412064,1.6
4252,30360,43.756805,-79.412064,1.6
4253,30361,43.756802,-79.412064,1.2
4254,30362,43.756805,-79.412064,1.2
4255,30363,43.756802,-79.412064,1.2
4256,30364,43.756798,-79.412064,1.6
4257,30365,43.756802,-79.412064,1.6
4258,30366,43.756775,-79.412064,10.8
4259,30367,43.756744,-79.412056,12.6
4260,30368,43.756729,-79.412056,6.0
4261,30369,43.756721,-79.412064,4.0
4262,30370,43.756718,-79.412071,2.4
4263,30371,43.756706,-79.412071,4.8
4264,30372,43.756714,-79.412071,3.2
4265,30373,43.756706,-79.412071,3.2
4266,30374,43.756714,-79.412071,3.2
4267,30375,43.756702,-79.412064,5.2
4268,30376,43.756702,-79.412064,0.0
4269,30377,43.756706,-79.412056,2.8
4270,30378,43.756706,-79.412056,0.0
4271,30379,43.756714,-79.412048,4.0
4272,30380,43.756714,-79.412041,2.0
4273,30381,43.756718,-79.412033,2.8
4274,30382,43.756725,-79.412025,3.6
4275,30383,43.756729,-79.412025,1.6
4276,30384,43.756729,-79.412033,2.3
4277,30385,43.756721,-79.412025,4.0
4278,30386,43.756718,-79.412018,2.4
4279,30387,43.756706,-79.412018,4.8
4280,30388,43.756695,-79.412018,4.4
4281,30389,43.756687,-79.412018,3.2
4282,30390,43.75668,-79.412018,2.8
4283,30391,43.756672,-79.412025,3.8
4284,30392,43.75668,-79.412033,4.0
4285,30393,43.756683,-79.412041,2.6
4286,30394,43.756687,-79.412041,1.6
4287,30395,43.756687,-79.412041,0.0
4288,30396,43.756683,-79.412048,2.6
4289,30397,43.75668,-79.412048,1.2
4290,30398,43.756668,-79.412048,4.8
4291,30399,43.756653,-79.412048,6.0
4292,30400,43.756641,-79.412048,4.8
4293,30401,43.756622,-79.412041,7.9
4294,30402,43.756607,-79.412041,6.0
4295,30403,43.756599,-79.412033,4.0
4296,30404,43.756599,-79.412033,0.0
4297,30405,43.756592,-79.412018,5.2
4298,30406,43.756596,-79.412018,1.6
4299,30407,43.756599,-79.412018,1.2
4300,30408,43.756607,-79.41201,4.0
4301,30409,43.756626,-79.41201,7.6
4302,30410,43.756626,-79.412003,2.0
4303,30411,43.756626,-79.412003,0.0
4304,30412,43.756634,-79.412003,3.2
4305,30413,43.756634,-79.412003,0.0
4306,30414,43.756649,-79.412003,6.0
4307,30415,43.756645,-79.412003,1.6
4308,30416,43.75666,-79.412003,6.0
4309,30417,43.75668,-79.41201,8.3
4310,30418,43.756687,-79.41201,2.8
4311,30419,43.756695,-79.41201,3.2
4312,30420,43.756702,-79.41201,2.8
4313,30421,43.756702,-79.41201,0.0
4314,30422,43.756702,-79.41201,0.0
4315,30423,43.756702,-79.41201,0.0
4316,30424,43.756702,-79.41201,0.0
4317,30425,43.756702,-79.41201,0.0
4318,30426,43.756702,-79.41201,0.0
4319,30427,43.756702,-79.41201,0.0
4320,30428,43.756702,-79.41201,0.0
4321,30429,43.756702,-79.41201,0.0
4322,30430,43.756702,-79.41201,0.0
4323,30431,43.756714,-79.412018,5.3
4324,30432,43.756721,-79.412018,2.8
4325,30433,43.756725,-79.412018,1.6
4326,30434,43.756725,-79.412018,0.0
4327,30435,43.756721,-79.412018,1.6
4328,30436,43.756721,-79.412018,0.0
4329,30437,43.756721,-79.412018,0.0
4330,30438,43.756721,-79.412018,0.0
4331,30439,43.756721,-79.412018,0.0
4332,30440,43.756721,-79.412018,0.0
4333,30441,43.756725,-79.412018,1.6
4334,30442,43.756729,-79.412025,2.6
4335,30443,43.756744,-79.412033,6.4
4336,30444,43.756752,-79.412025,4.0
4337,30445,43.75676,-79.412033,4.0
4338,30446,43.756767,-79.412033,2.8
4339,30447,43.756767,-79.412033,0.0
4340,30448,43.75676,-79.412033,2.8
4341,30449,43.756744,-79.412025,6.8
4342,30450,43.756737,-79.412025,2.8
4343,30451,43.756725,-79.412018,5.2
4344,30452,43.756702,-79.412018,9.2
4345,30453,43.756687,-79.412018,6.0
4346,30454,43.756676,-79.412018,4.4
4347,30455,43.756649,-79.41201,11.1
4348,30456,43.756603,-79.412003,18.5
4349,30457,43.756618,-79.41201,6.3
4350,30458,43.756626,-79.41201,3.2
4351,30459,43.756645,-79.41201,7.6
4352,30460,43.756641,-79.412003,2.6
4353,30461,43.756653,-79.41201,5.2
4354,30462,43.756657,-79.41201,1.6
4355,30463,43.756664,-79.41201,2.8
4356,30464,43.756668,-79.41201,1.6
4357,30465,43.756668,-79.41201,0.0
4358,30466,43.756668,-79.41201,0.0
4359,30467,43.756668,-79.41201,0.0
4360,30468,43.756668,-79.41201,0.0
4361,30469,43.756668,-79.41201,0.0
4362,30470,43.756672,-79.412003,2.6
4363,30471,43.756676,-79.41201,2.6
4364,30472,43.75668,-79.412018,2.8
4365,30473,43.756676,-79.412018,1.6
4366,30474,43.756668,-79.412018,3.2
4367,30475,43.756672,-79.412018,1.6
4368,30476,43.756676,-79.412025,2.6
4369,30477,43.75668,-79.412025,1.6
4370,30478,43.75668,-79.412033,2.3
4371,30479,43.75668,-79.412041,2.3
4372,30480,43.756683,-79.412041,1.2
4373,30481,43.756683,-79.412041,0.0
4374,30482,43.756683,-79.412041,0.0
4375,30483,43.756687,-79.412041,1.6
4376,30484,43.756687,-79.412041,0.0
4377,30485,43.756691,-79.412041,1.6
4378,30486,43.756691,-79.412048,2.0
4379,30487,43.756695,-79.412048,1.6
4380,30488,43.756702,-79.412048,2.8
4381,30491,43.756809,-79.412041,14.3
4382,30492,43.756828,-79.412041,7.6
4383,30493,43.75684,-79.412041,4.8
4384,30494,43.756832,-79.412033,4.0
4385,30497,43.754513,-79.418182,668.6
4386,30498,43.75452,-79.418198,5.4
4387,30499,43.75452,-79.418205,2.0
4388,30500,43.754517,-79.418213,2.6
4389,30501,43.75452,-79.418221,2.6
4390,30502,43.754528,-79.418221,3.2
4391,30503,43.754536,-79.418221,3.2
4392,30504,43.754536,-79.418205,4.6
4393,30505,43.754543,-79.418205,2.8
4394,30506,43.754551,-79.418205,3.2
4395,30507,43.754559,-79.418236,9.5
4396,30508,43.754566,-79.418282,13.6
4397,30509,43.754566,-79.41835,19.7
4398,30510,43.754536,-79.418419,23.3
4399,30511,43.754513,-79.41848,19.9
4400,30512,43.754478,-79.418571,29.8
4401,30513,43.754448,-79.418686,35.4
4402,30514,43.75441,-79.418839,46.8
4403,30515,43.754383,-79.418961,36.9
4404,30516,43.754368,-79.41909,37.8
4405,30517,43.754356,-79.419212,35.6
4406,30518,43.754333,-79.419327,34.5
4407,30519,43.754318,-79.419441,33.5
4408,30520,43.754288,-79.419533,29.2
4409,30521,43.754269,-79.419632,29.6
4410,30522,43.754246,-79.419724,28.1
4411,30523,43.754227,-79.4198,23.3
4412,30524,43.754211,-79.419861,18.8
4413,30525,43.754192,-79.419922,19.2
4414,30526,43.754169,-79.419991,22.0
4415,30527,43.754154,-79.420059,20.6
4416,30528,43.754143,-79.420113,16.2
4417,30529,43.754135,-79.420151,11.4
4418,30530,43.754128,-79.420174,7.2
4419,30531,43.754131,-79.420235,17.7
4420,30532,43.75415,-79.420273,13.4
4421,30533,43.754177,-79.420311,15.4
4422,30534,43.754211,-79.420326,14.3
4423,30535,43.754269,-79.420357,24.9
4424,30536,43.754318,-79.420395,22.5
4425,30537,43.754383,-79.42041,26.4
4426,30538,43.754452,-79.420433,28.4
4427,30539,43.754524,-79.420471,30.8
4428,30540,43.754597,-79.420486,29.5
4429,30541,43.754658,-79.420517,26.0
4430,30542,43.754707,-79.420555,22.5
4431,30543,43.75473,-79.420563,9.5
4432,30544,43.754749,-79.420563,7.6
4433,30545,43.754745,-79.420563,1.6
4434,30546,43.754753,-79.420563,3.2
4435,30547,43.754765,-79.42057,5.2
4436,30548,43.754784,-79.42057,7.6
4437,30549,43.754803,-79.420563,7.9
4438,30550,43.754833,-79.420547,12.9
4439,30551,43.754856,-79.420509,14.3
4440,30552,43.754879,-79.420448,19.9
4441,30553,43.754894,-79.420387,18.6
4442,30554,43.754913,-79.420311,23.3
4443,30555,43.754906,-79.420212,28.8
4444,30556,43.754929,-79.420082,38.7
4445,30557,43.754955,-79.41996,36.8
4446,30558,43.754971,-79.419838,35.9
4447,30559,43.755001,-79.419724,35.1
4448,30560,43.75502,-79.419594,38.3
4449,30561,43.755047,-79.419449,43.3
4450,30562,43.755081,-79.419319,40.0
4451,30563,43.755127,-79.419182,43.7
4452,30564,43.755173,-79.419037,45.8
4453,30565,43.755222,-79.418915,40.4
4454,30566,43.755276,-79.418777,45.4
4455,30567,43.755322,-79.418648,41.6
4456,30568,43.755379,-79.418526,42.0
4457,30569,43.755428,-79.418411,38.6
4458,30570,43.755455,-79.418289,36.9
4459,30571,43.755489,-79.418175,35.7
4460,30572,43.75552,-79.418076,31.2
4461,30573,43.75555,-79.417961,35.4
4462,30574,43.755577,-79.417847,34.7
4463,30575,43.755611,-79.417725,37.8
4464,30576,43.755657,-79.417633,32.4
4465,30577,43.755703,-79.417549,30.5
4466,30578,43.755756,-79.417488,27.6
4467,30579,43.755795,-79.417427,23.6
4468,30580,43.755829,-79.417389,17.5
4469,30581,43.755844,-79.417374,7.4
4470,30582,43.755848,-79.417351,6.8
4471,30583,43.755856,-79.41732,9.5
4472,30584,43.755852,-79.417274,13.4
4473,30585,43.755871,-79.417191,25.2
4474,30586,43.755875,-79.417084,31.0
4475,30587,43.75589,-79.416977,31.5
4476,30588,43.755913,-79.41687,32.3
4477,30589,43.75592,-79.416763,31.1
4478,30590,43.755932,-79.416641,35.6
4479,30591,43.755959,-79.416519,36.9
4480,30592,43.755974,-79.416405,33.5
4481,30593,43.755997,-79.41629,34.5
4482,30594,43.756012,-79.416161,37.8
4483,30595,43.756039,-79.416039,36.9
4484,30596,43.756065,-79.415909,39.0
4485,30597,43.756092,-79.415779,39.1
4486,30598,43.756123,-79.415657,37.4
4487,30599,43.756153,-79.415535,37.3
4488,30600,43.756176,-79.415436,30.1
4489,30601,43.756207,-79.415321,35.5
4490,30602,43.756214,-79.415199,35.4
4491,30603,43.756207,-79.415085,33.1
4492,30604,43.756187,-79.41497,34.2
4493,30605,43.756172,-79.414856,33.5
4494,30606,43.756191,-79.414726,38.3
4495,30607,43.756207,-79.414597,37.8
4496,30608,43.756241,-79.414482,35.9
4497,30609,43.756268,-79.414352,39.1
4498,30610,43.756294,-79.41423,36.8
4499,30611,43.756321,-79.414093,41.1
4500,30612,43.756367,-79.413971,39.8
4501,30613,43.756409,-79.413849,39.1
4502,30614,43.756447,-79.413734,36.6
4503,30615,43.756489,-79.413658,27.7
4504,30616,43.756512,-79.413651,9.4
4505,30617,43.756535,-79.413643,9.5
4506,30618,43.756557,-79.413628,9.8
4507,30619,43.756569,-79.413605,8.2
4508,30620,43.756569,-79.413567,11.0
4509,30621,43.756577,-79.413521,13.7
4510,30622,43.756603,-79.413445,24.3
4511,30623,43.756626,-79.413368,24.1
4512,30624,43.756645,-79.413254,33.8
4513,30625,43.756657,-79.413139,33.6
4514,30626,43.756683,-79.41301,38.7
4515,30627,43.756702,-79.41288,38.3
4516,30628,43.756721,-79.412735,42.6
4517,30629,43.756729,-79.412605,37.7
4518,30630,43.75676,-79.412491,35.2
4519,30631,43.756786,-79.412392,30.5
4520,30632,43.756828,-79.412338,22.9
4521,30633,43.756824,-79.412277,17.7
4522,30634,43.75684,-79.412239,12.7
4523,30635,43.756847,-79.412209,9.1
4524,30636,43.756851,-79.412201,2.8
4525,30637,43.75684,-79.412178,8.0
4526,30638,43.756828,-79.412155,8.2
4527,30639,43.756809,-79.412117,13.4
4528,30640,43.756805,-79.412102,4.6
4529,30641,43.756802,-79.412086,4.8
4530,30642,43.756802,-79.412086,0.0
4531,30643,43.75679,-79.412086,4.8
4532,30644,43.75679,-79.412079,2.0
4533,30645,43.756783,-79.412079,2.8
4534,30646,43.756779,-79.412079,1.6
4535,30647,43.756783,-79.412079,1.6
4536,30648,43.756783,-79.412079,0.0
4537,30649,43.756783,-79.412079,0.0
4538,30650,43.756783,-79.412079,0.0
4539,30651,43.756783,-79.412079,0.0
4540,30652,43.756783,-79.412079,0.0
4541,30653,43.756783,-79.412079,0.0
4542,30654,43.756783,-79.412079,0.0
4543,30655,43.756783,-79.412079,0.0
4544,30656,43.756783,-79.412079,0.0
4545,30657,43.756783,-79.412079,0.0
4546,30658,43.756783,-79.412079,0.0
4547,30659,43.756783,-79.412079,0.0
4548,30660,43.756783,-79.412079,0.0
4549,30661,43.756783,-79.412079,0.0
4550,30662,43.756783,-79.412079,0.0
4551,30663,43.756783,-79.412079,0.0
4552,30664,43.756783,-79.412079,0.0
4553,30665,43.756783,-79.412079,0.0
4554,30666,43.756783,-79.412079,0.0
4555,30667,43.756783,-79.412079,0.0
4556,30668,43.756783,-79.412079,0.0
4557,30669,43.756783,-79.412079,0.0
4558,30670,43.756783,-79.412079,0.0
4559,30671,43.756783,-79.412079,0.0
4560,30672,43.756783,-79.412079,0.0
4561,30673,43.756783,-79.412079,0.0
4562,30674,43.756783,-79.412079,0.0
4563,30675,43.756783,-79.412079,0.0
4564,30676,43.756783,-79.412079,0.0
4565,30677,43.756783,-79.412079,0.0
4566,30678,43.756783,-79.412079,0.0
4567,30679,43.756783,-79.412079,0.0
4568,30680,43.756783,-79.412079,0.0
4569,30681,43.756783,-79.412079,0.0
4570,30682,43.756783,-79.412079,0.0
4571,30683,43.756783,-79.412079,0.0
4572,30684,43.756783,-79.412079,0.0
4573,30685,43.756783,-79.412079,0.0
4574,30686,43.756783,-79.412079,0.0
4575,30687,43.756783,-79.412079,0.0
4576,30688,43.756783,-79.412079,0.0
4577,30689,43.756783,-79.412079,0.0
4578,30690,43.756783,-79.412079,0.0
4579,30691,43.756783,-79.412079,0.0
4580,30692,43.756783,-79.412079,0.0
4581,30693,43.756783,-79.412079,0.0
4582,30694,43.756783,-79.412079,0.0
4583,30695,43.756783,-79.412079,0.0
4584,30696,43.756783,-79.412079,0.0
4585,30697,43.756783,-79.412079,0.0
4586,30698,43.756783,-79.412079,0.0
4587,30699,43.756783,-79.412079,0.0
4588,30700,43.756783,-79.412079,0.0
4589,30701,43.756783,-79.412079,0.0
4590,30702,43.756783,-79.412079,0.0
4591,30703,43.756783,-79.412079,0.0
4592,30704,43.756783,-79.412079,0.0
4593,30705,43.756783,-79.412079,0.0
4594,30706,43.756783,-79.412079,0.0
4595,30709,43.756878,-79.412018,14.0
4596,30710,43.756889,-79.412018,4.4
4597,30711,43.756897,-79.41201,4.0
4598,30712,43.756893,-79.412025,4.6
4599,30715,43.75972,-79.412201,377.6
4600,30716,43.759785,-79.412209,26.1
4601,30717,43.759861,-79.412239,31.6
4602,30718,43.759953,-79.412277,38.4
4603,30719,43.760036,-79.412323,35.8
4604,30720,43.760105,-79.412338,28.0
4605,30721,43.760159,-79.412354,22.1
4606,30722,43.760208,-79.412338,20.2
4607,30723,43.760269,-79.412308,25.9
4608,30724,43.760303,-79.412262,19.0
4609,30725,43.760326,-79.412231,12.8
4610,30726,43.760361,-79.412186,19.1
4611,30727,43.760384,-79.412125,19.9
4612,30728,43.760403,-79.412071,17.4
4613,30729,43.760441,-79.411995,26.7
4614,30730,43.760475,-79.411934,22.3
4615,30731,43.760509,-79.411903,16.3
4616,30732,43.760544,-79.411873,16.5
4617,30733,43.760578,-79.411819,20.7
4618,30734,43.760616,-79.411766,21.6
4619,30735,43.760643,-79.411728,15.4
4620,30736,43.760647,-79.41169,11.1
4621,30737,43.760654,-79.411667,7.2
4622,30738,43.760647,-79.411621,13.6
4623,30739,43.760616,-79.411583,16.6
4624,30740,43.760593,-79.411568,10.2
4625,30741,43.760574,-79.411552,8.9
4626,30742,43.760555,-79.41153,9.9
4627,30743,43.76054,-79.411514,7.6
4628,30744,43.760517,-79.411499,10.2
4629,30745,43.760487,-79.411484,12.8
4630,30746,43.76046,-79.411446,15.4
4631,30747,43.76046,-79.411438,2.3
4632,30748,43.760471,-79.411415,8.0
4633,30749,43.760468,-79.4114,4.5
4634,30750,43.760471,-79.411392,2.6
4635,30751,43.760471,-79.411377,4.3
4636,30752,43.760471,-79.411377,0.0
4637,30753,43.760471,-79.411377,0.0
4638,30754,43.760471,-79.411377,0.0
4639,30755,43.760471,-79.411377,0.0
4640,30756,43.760471,-79.411377,0.0
4641,30757,43.760471,-79.411377,0.0
4642,30758,43.760471,-79.411377,0.0
4643,30759,43.760471,-79.411377,0.0
4644,30760,43.760479,-79.411362,5.4
4645,30761,43.760502,-79.411354,9.5
4646,30762,43.760521,-79.411354,7.6
4647,30763,43.76054,-79.411346,7.9
4648,30764,43.760559,-79.411331,8.8
4649,30765,43.760563,-79.411324,2.6
4650,30766,43.760574,-79.411324,4.4
4651,30767,43.760593,-79.411308,8.9
4652,30768,43.760601,-79.411293,5.4
4653,30769,43.760609,-79.411293,3.2
4654,30770,43.760612,-79.411285,2.6
4655,30771,43.760612,-79.411278,2.0
4656,30772,43.760612,-79.411278,0.0
4657,30773,43.760616,-79.41127,2.8
4658,30774,43.760624,-79.411247,7.4
4659,30775,43.760632,-79.411247,3.2
4660,30776,43.760632,-79.411263,4.6
4661,30777,43.760628,-79.411263,1.6
4662,30778,43.760624,-79.41127,2.6
4663,30779,43.760624,-79.41127,0.0
4664,30780,43.760624,-79.41127,0.0
4665,30781,43.760624,-79.41127,0.0
4666,30782,43.760624,-79.41127,0.0
4667,30783,43.760624,-79.41127,0.0
4668,30784,43.760624,-79.41127,0.0
4669,30785,43.760624,-79.41127,0.0
4670,30786,43.760624,-79.41127,0.0
4671,30787,43.760624,-79.41127,0.0
4672,30788,43.760624,-79.41127,0.0
4673,30789,43.760624,-79.41127,0.0
4674,30790,43.760624,-79.41127,0.0
4675,30791,43.760624,-79.41127,0.0
4676,30792,43.760624,-79.41127,0.0
4677,30793,43.760624,-79.41127,0.0
4678,30794,43.760624,-79.41127,0.0
4679,30795,43.760624,-79.41127,0.0
4680,30796,43.760624,-79.41127,0.0
4681,30797,43.760624,-79.41127,0.0
4682,30798,43.760624,-79.41127,0.0
4683,30799,43.760624,-79.41127,0.0
4684,30800,43.760624,-79.41127,0.0
4685,30801,43.760624,-79.41127,0.0
4686,30802,43.760624,-79.41127,0.0
4687,30803,43.760624,-79.41127,0.0
4688,30804,43.760624,-79.41127,0.0
4689,30805,43.760624,-79.41127,0.0
4690,30806,43.760624,-79.41127,0.0
4691,30807,43.760624,-79.41127,0.0
4692,30808,43.760624,-79.41127,0.0
4693,30809,43.760624,-79.41127,0.0
4694,30810,43.760624,-79.41127,0.0
4695,30811,43.760624,-79.41127,0.0
4696,30812,43.760624,-79.41127,0.0
4697,30813,43.760612,-79.411278,5.3
4698,30814,43.760612,-79.411308,8.7
4699,30815,43.760612,-79.411354,13.3
4700,30816,43.760616,-79.411369,4.6
4701,30817,43.760635,-79.411377,7.9
4702,30818,43.760647,-79.411385,5.3
4703,30819,43.76067,-79.411392,9.4
4704,30820,43.760681,-79.4114,5.0
4705,30821,43.760689,-79.411407,3.8
4706,30822,43.760693,-79.411407,1.6
4707,30823,43.760704,-79.411385,7.7
4708,30824,43.760719,-79.411377,6.4
4709,30825,43.760719,-79.411369,2.3
4710,30826,43.760727,-79.411369,3.2
4711,30827,43.760731,-79.411369,1.6
4712,30828,43.760731,-79.411362,2.0
4713,30829,43.760735,-79.411369,2.6
4714,30830,43.760742,-79.411377,3.6
4715,30831,43.760757,-79.4114,9.0
4716,30832,43.760769,-79.411407,5.2
4717,30833,43.76078,-79.411438,10.0
4718,30834,43.760799,-79.411461,10.1
4719,30835,43.760811,-79.411491,9.9
4720,30836,43.760815,-79.411507,4.9
4721,30837,43.760815,-79.411522,4.3
4722,30838,43.760822,-79.41153,3.6
4723,30839,43.760834,-79.411552,8.0
4724,30840,43.760818,-79.41156,6.8
4725,30841,43.760807,-79.411568,5.0
4726,30842,43.760796,-79.411568,4.4
4727,30843,43.760792,-79.411568,1.6
4728,30844,43.760788,-79.411575,2.6
4729,30845,43.760784,-79.411568,2.6
4730,30846,43.760784,-79.41156,2.3
4731,30847,43.760788,-79.41156,1.6
4732,30848,43.760788,-79.411552,2.3
4733,30849,43.760784,-79.411537,4.6
4734,30850,43.760784,-79.41153,2.0
4735,30851,43.760777,-79.41153,2.8
4736,30852,43.760769,-79.411514,5.6
4737,30853,43.760765,-79.411522,2.8
4738,30854,43.760765,-79.411514,2.3
4739,30855,43.760761,-79.411499,4.6
4740,30856,43.760761,-79.411499,0.0
4741,30857,43.760765,-79.411507,2.8
4742,30858,43.760761,-79.411499,2.8
4743,30859,43.760765,-79.411484,4.6
4744,30860,43.760765,-79.411469,4.3
4745,30861,43.760769,-79.411446,6.8
4746,30862,43.760765,-79.41143,4.9
4747,30863,43.760773,-79.411415,5.4
4748,30864,43.760769,-79.411407,2.8
4749,30865,43.760769,-79.411407,0.0
4750,30866,43.760769,-79.4114,2.0
4751,30867,43.760769,-79.411392,2.3
4752,30868,43.760773,-79.411377,4.6
4753,30869,43.760777,-79.411377,1.6
4754,30870,43.760784,-79.411377,2.8
4755,30871,43.760788,-79.411369,2.8
4756,30872,43.760796,-79.411362,3.8
4757,30873,43.760799,-79.411362,1.2
4758,30874,43.760803,-79.411362,1.6
4759,30875,43.760803,-79.411354,2.3
4760,30876,43.760807,-79.411354,1.6
4761,30877,43.760815,-79.411362,4.0
4762,30878,43.760826,-79.411362,4.4
4763,30879,43.760841,-79.411369,6.3
4764,30880,43.760849,-79.411377,4.0
4765,30881,43.760857,-79.411369,4.0
4766,30882,43.76088,-79.411369,9.2
4767,30883,43.760868,-79.411354,6.5
4768,30884,43.76088,-79.411339,6.5
4769,30885,43.760883,-79.411331,2.6
4770,30886,43.760887,-79.411331,1.6
4771,30887,43.760891,-79.411324,2.6
4772,30888,43.760895,-79.411324,1.6
4773,30889,43.760899,-79.411308,4.9
4774,30890,43.760906,-79.411301,3.5
4775,30891,43.760918,-79.411293,5.3
4776,30892,43.760921,-79.411293,1.2
4777,30893,43.760925,-79.411285,2.8
4778,30894,43.760925,-79.411285,0.0
4779,30895,43.760925,-79.411278,2.0
4780,30896,43.760921,-79.41127,2.8
4781,30897,43.760921,-79.41127,0.0
4782,30898,43.760933,-79.411278,5.3
4783,30899,43.760929,-79.41127,2.8
4784,30900,43.760921,-79.411263,3.8
4785,30901,43.760921,-79.411247,4.6
4786,30902,43.760929,-79.411247,3.2
4787,30903,43.760925,-79.411232,4.6
4788,30904,43.760921,-79.411224,2.8
4789,30905,43.760906,-79.411224,6.0
4790,30906,43.760895,-79.411224,4.4
4791,30907,43.760895,-79.411224,0.0
4792,30908,43.760883,-79.41124,6.7
4793,30909,43.76088,-79.41124,1.2
4794,30910,43.760872,-79.41124,3.2
4795,30911,43.760864,-79.41124,3.2
4796,30912,43.760853,-79.41124,4.4
4797,30913,43.760864,-79.41127,9.7
4798,30914,43.760853,-79.41127,4.4
4799,30915,43.760857,-79.411278,2.8
4800,30916,43.760857,-79.411293,4.3
4801,30917,43.760853,-79.411293,1.6
4802,30918,43.760857,-79.411301,2.8
4803,30919,43.760845,-79.411324,8.2
4804,30920,43.760822,-79.411324,9.2
4805,30921,43.760799,-79.411331,9.4
4806,30922,43.760784,-79.411331,6.0
4807,30923,43.760769,-79.411331,6.0
4808,30924,43.760765,-79.411346,4.6
4809,30925,43.760765,-79.411362,4.6
4810,30926,43.760799,-79.411385,15.1
4811,30927,43.760796,-79.4114,4.5
4812,30928,43.760796,-79.411415,4.3
4813,30929,43.760841,-79.411446,20.1
4814,30930,43.760887,-79.411484,21.4
4815,30931,43.760921,-79.411507,15.1
4816,30932,43.76096,-79.411522,16.2
4817,30933,43.76096,-79.41153,2.3
4818,30934,43.76096,-79.411537,2.0
4819,30935,43.760952,-79.411537,3.2
4820,30936,43.760944,-79.411537,3.2
4821,30937,43.760952,-79.41153,3.8
4822,30938,43.76096,-79.411522,4.0
4823,30939,43.76096,-79.411522,0.0
4824,30940,43.760952,-79.411514,4.0
4825,30941,43.760948,-79.411491,6.8
4826,30942,43.76096,-79.411469,8.0
4827,30943,43.760967,-79.411446,7.2
4828,30944,43.760967,-79.411407,11.3
4829,30945,43.760967,-79.411369,11.0
4830,30946,43.760967,-79.411346,6.6
4831,30947,43.760967,-79.411331,4.3
4832,30948,43.760914,-79.411285,25.0
4833,30949,43.760883,-79.411263,13.9
4834,30950,43.760883,-79.41124,6.6
4835,30951,43.760883,-79.411209,9.0
4836,30952,43.76088,-79.411194,4.5
4837,30953,43.760853,-79.411133,20.7
4838,30954,43.760864,-79.411133,4.4
4839,30955,43.76088,-79.411133,6.4
4840,30956,43.760899,-79.411095,13.4
4841,30957,43.760849,-79.411011,31.5
4842,30958,43.760838,-79.410965,14.0
4843,30959,43.760799,-79.410927,19.1
4844,30960,43.760773,-79.410904,12.4
4845,30961,43.760731,-79.410881,18.1
4846,30962,43.760689,-79.410851,18.9
4847,30963,43.760654,-79.410835,14.8
4848,30964,43.760624,-79.410805,14.8
4849,30965,43.760574,-79.410789,20.5
4850,30966,43.760525,-79.410774,20.1
4851,30967,43.760471,-79.410759,22.0
4852,30968,43.760433,-79.410736,16.6
4853,30969,43.760399,-79.410721,14.3
4854,30970,43.760365,-79.41069,16.3
4855,30971,43.760338,-79.410683,11.0
4856,30972,43.760307,-79.410667,13.2
4857,30973,43.760284,-79.410645,11.2
4858,30974,43.760262,-79.410645,8.8
4859,30975,43.760242,-79.410637,8.3
4860,30976,43.760239,-79.410629,2.6
4861,30977,43.760239,-79.410606,6.6
4862,30978,43.760223,-79.410591,7.7
4863,30979,43.760197,-79.410583,10.7
4864,30980,43.760151,-79.410568,18.9
4865,30981,43.760071,-79.410576,32.1
4866,30982,43.759987,-79.410614,35.4
4867,30983,43.759903,-79.410629,33.9
4868,30984,43.759838,-79.410645,26.4
4869,30985,43.759769,-79.410683,29.7
4870,30986,43.759686,-79.410713,34.3
4871,30987,43.759602,-79.410728,33.9
4872,30988,43.759521,-79.410744,32.8
4873,30989,43.759445,-79.410759,30.7
4874,30990,43.759415,-79.410866,33.2
4875,30991,43.759388,-79.410934,22.4
4876,30992,43.759361,-79.410995,20.7
4877,30993,43.759331,-79.411034,16.5
4878,30994,43.759342,-79.411102,20.1
4879,30995,43.759369,-79.411201,30.6
4880,30996,43.759399,-79.41127,23.3
4881,30997,43.759434,-79.411362,30.1
4882,30998,43.759483,-79.411453,32.8
4883,30999,43.759583,-79.41156,50.6
4884,31000,43.759697,-79.411636,50.6
4885,31001,43.759789,-79.411713,43.0
4886,31002,43.759876,-79.411751,36.5
4887,31003,43.759941,-79.411797,29.2
4888,31004,43.76001,-79.41185,31.6
4889,31005,43.760071,-79.411888,26.8
4890,31006,43.760128,-79.411919,24.5
4891,31007,43.760189,-79.411934,24.8
4892,31008,43.760223,-79.411934,13.6
4893,31009,43.760269,-79.411995,25.5
4894,31010,43.760277,-79.412003,4.0
4895,31011,43.760265,-79.412041,12.0
4896,31012,43.760258,-79.412086,13.3
4897,31013,43.760265,-79.412125,11.6
4898,31014,43.760281,-79.41217,14.5
4899,31015,43.760281,-79.412201,9.0
4900,31016,43.760284,-79.412239,11.1
4901,31017,43.760296,-79.412262,8.2
4902,31018,43.760311,-79.412292,10.5
4903,31019,43.760319,-79.412323,9.5
4904,31020,43.760326,-79.412361,11.3
4905,31021,43.760323,-79.412392,9.0
4906,31022,43.760326,-79.412415,6.8
4907,31023,43.760353,-79.412422,11.0
4908,31024,43.760384,-79.412445,14.1
4909,31025,43.760429,-79.412476,20.1
4910,31026,43.760506,-79.412529,34.4
4911,31027,43.760563,-79.412605,31.7
4912,31028,43.760651,-79.412682,41.7
4913,31029,43.76075,-79.41275,44.2
4914,31030,43.760822,-79.412827,36.4
4915,31031,43.760929,-79.412888,46.3
4916,31032,43.761055,-79.412926,51.6
4917,31033,43.761166,-79.412987,47.8
4918,31034,43.761276,-79.41304,46.6
4919,31035,43.761395,-79.413086,49.5
4920,31036,43.761517,-79.413162,53.6
4921,31037,43.761635,-79.4132,48.5
4922,31038,43.761757,-79.413231,49.7
4923,31039,43.761871,-79.413269,46.9
4924,31040,43.76199,-79.413315,49.5
4925,31041,43.762104,-79.413368,48.1
4926,31042,43.762218,-79.413414,47.5
4927,31043,43.762337,-79.413475,50.8
4928,31044,43.762447,-79.413513,45.4
4929,31045,43.762566,-79.413559,49.5
4930,31046,43.762672,-79.413597,43.8
4931,31047,43.762783,-79.413651,47.1
4932,31048,43.76289,-79.413696,44.8
4933,31049,43.763004,-79.41375,48.2
4934,31050,43.763123,-79.413811,50.8
4935,31051,43.763241,-79.413857,49.1
4936,31052,43.763359,-79.41391,49.7
4937,31053,43.763477,-79.413979,51.3
4938,31054,43.763596,-79.41404,50.8
4939,31055,43.763721,-79.414093,52.3
4940,31056,43.76384,-79.414154,50.8
4941,31057,43.763962,-79.414207,51.2
4942,31058,43.764076,-79.414261,48.2
4943,31059,43.764183,-79.414322,46.3
4944,31060,43.764297,-79.414368,47.5
4945,31061,43.764408,-79.414413,46.3
4946,31062,43.764515,-79.414474,46.3
4947,31063,43.764614,-79.41452,41.8
4948,31064,43.764717,-79.414558,42.7
4949,31065,43.764809,-79.414597,38.5
4950,31066,43.764885,-79.414642,33.1
4951,31067,43.764969,-79.414673,34.8
4952,31068,43.765049,-79.414711,33.9
4953,31069,43.765141,-79.414749,38.4
4954,31070,43.765224,-79.414795,35.8
4955,31071,43.76532,-79.414818,39.0
4956,31072,43.765408,-79.414864,37.7
4957,31073,43.765503,-79.414894,39.0
4958,31074,43.765598,-79.414932,39.6
4959,31075,43.76569,-79.41497,38.4
4960,31076,43.765789,-79.415009,41.2
4961,31077,43.765884,-79.415047,39.6
4962,31078,43.765991,-79.415108,46.3
4963,31079,43.766087,-79.415138,39.4
4964,31080,43.766186,-79.415184,41.8
4965,31081,43.766289,-79.415222,42.7
4966,31082,43.766388,-79.415276,42.6
4967,31083,43.766491,-79.415306,42.1
4968,31084,43.766602,-79.415352,46.4
4969,31085,43.766705,-79.415382,42.1
4970,31086,43.766808,-79.415436,44.1
4971,31087,43.766937,-79.415482,53.3
4972,31088,43.767052,-79.415527,47.8
4973,31089,43.767178,-79.415573,52.2
4974,31090,43.767303,-79.415642,53.9
4975,31091,43.767426,-79.415688,51.0
4976,31092,43.767536,-79.415726,45.4
4977,31093,43.767639,-79.415779,44.0
4978,31094,43.767727,-79.415825,37.7
4979,31095,43.767811,-79.415855,34.7
4980,31096,43.767887,-79.415886,31.7
4981,31097,43.767967,-79.415916,33.2
4982,31098,43.76804,-79.415962,32.1
4983,31099,43.768108,-79.415993,28.7
4984,31100,43.768166,-79.416008,23.6
4985,31101,43.7682,-79.416023,14.3
4986,31102,43.76823,-79.416039,12.9
4987,31103,43.768242,-79.416039,4.8
4988,31104,43.768261,-79.416031,7.9
4989,31105,43.768276,-79.416039,6.4
4990,31106,43.768284,-79.416046,3.8
4991,31107,43.768288,-79.416061,4.6
4992,31108,43.768303,-79.416077,7.6
4993,31109,43.768314,-79.416084,4.8
4994,31110,43.768326,-79.4161,6.7
4995,31111,43.768333,-79.416107,3.5
4996,31112,43.768345,-79.416115,5.3
4997,31113,43.768356,-79.416122,4.8
4998,31114,43.76836,-79.416122,1.6
4999,31115,43.768368,-79.416122,3.2
5000,31116,43.768368,-79.416115,2.0
5001,31117,43.768368,-79.4161,4.3
5002,31118,43.76836,-79.416084,5.6
5003,31119,43.768353,-79.416069,5.2
5004,31120,43.768345,-79.416054,5.4
5005,31121,43.768333,-79.416039,6.5
5006,31122,43.768326,-79.416023,5.4
5007,31123,43.768318,-79.416016,3.8
5008,31124,43.768311,-79.416008,3.6
5009,31125,43.768303,-79.416,4.0
5010,31126,43.768299,-79.415993,2.6
5011,31127,43.768303,-79.415993,1.6
5012,31128,43.768318,-79.415985,6.4
5013,31129,43.768349,-79.415977,12.6
5014,31130,43.768383,-79.415977,13.6
5015,31131,43.768436,-79.415985,21.3
5016,31132,43.768494,-79.415993,23.3
5017,31133,43.768566,-79.416016,29.6
5018,31134,43.768646,-79.416046,33.2
5019,31135,43.768745,-79.416107,43.4
5020,31136,43.768841,-79.416153,40.7
5021,31137,43.768944,-79.416199,43.3
5022,31138,43.769039,-79.416214,38.3
5023,31139,43.769142,-79.416237,41.8
5024,31140,43.769257,-79.41626,46.5
5025,31141,43.76939,-79.41629,53.9
5026,31142,43.769505,-79.416313,46.5
5027,31143,43.769611,-79.416336,42.9
5028,31144,43.769714,-79.416328,41.3
5029,31145,43.769829,-79.416336,46.1
5030,31146,43.769932,-79.416336,41.2
5031,31147,43.770023,-79.416328,36.5
5032,31148,43.770111,-79.416321,35.3
5033,31149,43.770218,-79.416313,42.9
5034,31150,43.770313,-79.416313,38.0
5035,31151,43.77042,-79.416328,43.1
5036,31152,43.770527,-79.416351,43.3
5037,31153,43.770645,-79.416367,47.5
5038,31154,43.770756,-79.416397,45.3
5039,31155,43.770847,-79.416397,36.4
5040,31156,43.770935,-79.416405,35.3
5041,31157,43.771027,-79.416412,36.9
5042,31158,43.771111,-79.416435,34.3
5043,31159,43.77121,-79.416451,39.9
5044,31160,43.771294,-79.416466,33.9
5045,31161,43.771393,-79.416481,39.9
5046,31162,43.771492,-79.416496,39.9
5047,31163,43.771595,-79.416527,42.2
5048,31164,43.771687,-79.416542,37.1
5049,31165,43.77177,-79.41655,33.3
5050,31166,43.77187,-79.41655,40.0
5051,31167,43.771942,-79.416496,32.8
5052,31168,43.772022,-79.416458,33.9
5053,31169,43.772125,-79.416405,44.0
5054,31170,43.772202,-79.416344,35.5
5055,31171,43.772278,-79.416275,36.4
5056,31172,43.772343,-79.416199,34.1
5057,31173,43.772404,-79.416138,30.1
5058,31174,43.772457,-79.4161,23.9
5059,31175,43.772511,-79.416046,26.7
5060,31176,43.772568,-79.416016,24.4
5061,31177,43.772629,-79.416008,24.5
5062,31178,43.772671,-79.416,17.0
5063,31179,43.77272,-79.415993,19.7
5064,31180,43.772758,-79.415985,15.4
5065,31181,43.772793,-79.415985,14.0
5066,31182,43.772816,-79.415993,9.5
5067,31183,43.772835,-79.415993,7.6
5068,31184,43.772842,-79.415993,2.8
5069,31185,43.772854,-79.415993,4.8
5070,31186,43.772858,-79.416,2.6
5071,31187,43.772858,-79.416,0.0
5072,31188,43.772861,-79.415993,2.4
5073,31189,43.772861,-79.415993,0.0
5074,31190,43.772861,-79.415993,0.0
5075,31191,43.772861,-79.415993,0.0
5076,31192,43.772861,-79.415993,0.0
5077,31193,43.772861,-79.415993,0.0
5078,31194,43.772861,-79.415993,0.0
5079,31195,43.772877,-79.416,6.7
5080,31196,43.772907,-79.415993,12.2
5081,31197,43.772949,-79.416,16.9
5082,31198,43.772995,-79.416008,18.6
5083,31199,43.773041,-79.416016,18.6
5084,31200,43.77309,-79.416031,20.1
5085,31201,43.773167,-79.416061,32.0
5086,31202,43.773266,-79.4161,41.2
5087,31203,43.773369,-79.416145,43.2
5088,31204,43.773487,-79.416199,49.7
5089,31205,43.773598,-79.41626,47.8
5090,31206,43.773712,-79.416313,48.1
5091,31207,43.773827,-79.416359,47.9
5092,31208,43.773949,-79.416405,50.6
5093,31209,43.774071,-79.416451,50.6
5094,31210,43.7742,-79.416504,53.9
5095,31211,43.774326,-79.416557,52.7
5096,31212,43.77446,-79.416611,55.9
5097,31213,43.774586,-79.416656,52.1
5098,31214,43.774704,-79.416718,50.5
5099,31215,43.774822,-79.416771,49.7
5100,31216,43.774933,-79.416817,46.4
5101,31217,43.775043,-79.416862,45.9
5102,31218,43.775154,-79.416901,45.8
5103,31219,43.775261,-79.416954,45.5
5104,31220,43.775368,-79.416992,44.2
5105,31221,43.775471,-79.41703,42.7
5106,31222,43.775585,-79.417084,48.2
5107,31223,43.775688,-79.417114,42.1
5108,31224,43.775799,-79.417145,45.3
5109,31225,43.775894,-79.417175,39.0
5110,31226,43.776009,-79.417213,47.3
5111,31227,43.776104,-79.417267,41.1
5112,31228,43.776184,-79.41729,32.7
5113,31229,43.776241,-79.417297,22.9
5114,31230,43.776276,-79.417305,14.2
5115,31231,43.776302,-79.41732,11.3
5116,31232,43.776302,-79.417328,2.3
5117,31233,43.776295,-79.417336,3.6
5118,31234,43.776299,-79.417343,2.6
5119,31235,43.776299,-79.417351,2.3
5120,31236,43.776302,-79.417358,2.4
5121,31237,43.776306,-79.417358,1.6
5122,31238,43.776302,-79.417358,1.6
5123,31239,43.776302,-79.417358,0.0
5124,31240,43.776302,-79.417351,2.0
5125,31241,43.776295,-79.417343,3.6
5126,31242,43.776295,-79.417343,0.0
5127,31243,43.776295,-79.417343,0.0
5128,31244,43.776295,-79.417343,0.0
5129,31245,43.776295,-79.417343,0.0
5130,31246,43.776295,-79.417343,0.0
5131,31247,43.776295,-79.417343,0.0
5132,31248,43.776295,-79.417343,0.0
5133,31249,43.776295,-79.417343,0.0
5134,31250,43.776295,-79.417343,0.0
5135,31251,43.776295,-79.417343,0.0
5136,31252,43.776291,-79.417336,2.6
5137,31253,43.776291,-79.417328,2.3
5138,31254,43.776291,-79.417336,2.3
5139,31255,43.776291,-79.417336,0.0
5140,31256,43.776291,-79.417336,0.0
5141,31257,43.776291,-79.417336,0.0
5142,31258,43.776291,-79.417336,0.0
5143,31259,43.776291,-79.41732,4.6
5144,31260,43.776287,-79.417297,6.8
5145,31261,43.776287,-79.417297,0.0
5146,31262,43.776287,-79.417297,0.0
5147,31263,43.776295,-79.41729,3.8
5148,31264,43.776325,-79.41729,12.0
5149,31265,43.776363,-79.417297,15.3
5150,31266,43.776413,-79.417305,20.1
5151,31267,43.776478,-79.41732,26.4
5152,31268,43.776546,-79.417328,27.3
5153,31269,43.77663,-79.417351,34.3
5154,31270,43.776726,-79.417374,39.0
5155,31271,43.776833,-79.417419,44.8
5156,31272,43.776947,-79.41748,48.9
5157,31273,43.777061,-79.417519,47.0
5158,31274,43.777176,-79.417564,47.8
5159,31275,43.777287,-79.417618,47.1
5160,31276,43.777405,-79.417671,49.7
5161,31277,43.777512,-79.417717,44.8
5162,31278,43.777622,-79.417763,46.0
5163,31279,43.77774,-79.417809,49.1
5164,31280,43.777859,-79.417854,49.4
5165,31281,43.777973,-79.417915,48.9
5166,31282,43.778088,-79.417961,47.9
5167,31283,43.778194,-79.417999,43.8
5168,31284,43.778297,-79.418022,41.8
5169,31285,43.7784,-79.418076,44.1
5170,31286,43.778481,-79.418098,33.0
5171,31287,43.778568,-79.418137,36.6
5172,31288,43.778652,-79.418167,34.7
5173,31289,43.778736,-79.418205,35.4
5174,31290,43.778809,-79.418243,31.2
5175,31291,43.778881,-79.418274,30.2
5176,31292,43.778919,-79.418304,17.5
5177,31293,43.778942,-79.41832,10.3
5178,31294,43.778957,-79.418327,6.3
5179,31295,43.778954,-79.418335,2.6
5180,31296,43.778954,-79.418343,2.3
5181,31297,43.778961,-79.41835,3.5
5182,31298,43.778992,-79.418358,12.6
5183,31299,43.779022,-79.418373,12.8
5184,31300,43.779076,-79.418388,22.0
5185,31301,43.779137,-79.418411,25.3
5186,31302,43.779205,-79.418442,28.7
5187,31303,43.779266,-79.418472,25.9
5188,31304,43.77932,-79.418495,22.6
5189,31305,43.779396,-79.418526,31.7
5190,31306,43.779484,-79.418556,36.3
5191,31307,43.779564,-79.418571,32.3
5192,31308,43.779652,-79.418556,35.5
5193,31309,43.779724,-79.418587,30.2
5194,31310,43.779804,-79.418579,32.1
5195,31311,43.779903,-79.418594,39.9
5196,31312,43.779999,-79.418602,38.5
5197,31313,43.780106,-79.418617,43.1
5198,31314,43.780201,-79.41864,38.6
5199,31315,43.780289,-79.418648,35.3
5200,31316,43.780369,-79.418655,32.1
5201,31317,43.780418,-79.418655,19.6
5202,31318,43.780464,-79.418648,18.5
5203,31319,43.780514,-79.418655,20.1
5204,31320,43.780552,-79.418655,15.2
5205,31321,43.780575,-79.41864,10.2
5206,31322,43.780579,-79.41864,1.6
5207,31323,43.780586,-79.41864,2.8
5208,31324,43.780609,-79.418648,9.5
5209,31325,43.780636,-79.41861,15.4
5210,31326,43.780678,-79.418594,17.4
5211,31327,43.780708,-79.418556,16.3
5212,31328,43.780743,-79.418518,17.8
5213,31329,43.7808,-79.418449,30.3
5214,31330,43.780842,-79.418373,27.7
5215,31331,43.780869,-79.418304,22.7
5216,31332,43.780891,-79.418213,27.7
5217,31333,43.78093,-79.418129,28.9
5218,31334,43.780941,-79.418015,33.2
5219,31335,43.780964,-79.417915,30.3
5220,31336,43.780987,-79.417801,34.2
5221,31337,43.781017,-79.417686,35.3
5222,31338,43.781055,-79.417595,30.4
5223,31339,43.781082,-79.417488,32.8
5224,31340,43.781113,-79.417374,35.2
5225,31341,43.781136,-79.417282,28.1
5226,31342,43.781162,-79.417191,28.3
5227,31343,43.781189,-79.417099,28.7
5228,31344,43.781212,-79.417015,26.0
5229,31345,43.781239,-79.416954,20.7
5230,31346,43.781246,-79.416893,17.9
5231,31347,43.781258,-79.416862,10.2
5232,31348,43.781273,-79.416862,6.0
5233,31349,43.781288,-79.416862,6.0
5234,31350,43.781311,-79.41687,9.5
5235,31351,43.781353,-79.416878,17.0
5236,31352,43.781406,-79.416878,21.2
5237,31353,43.781464,-79.416893,23.6
5238,31354,43.781532,-79.416901,27.3
5239,31355,43.781605,-79.416931,30.5
5240,31356,43.781651,-79.416939,18.6
5241,31357,43.781704,-79.416954,21.7
5242,31358,43.781742,-79.416962,15.4
5243,31359,43.781784,-79.416977,17.4
5244,31360,43.78183,-79.416992,18.9
5245,31361,43.781868,-79.417,15.4
5246,31362,43.781887,-79.416992,7.9
5247,31363,43.781925,-79.417,15.4
5248,31364,43.78196,-79.417,14.0
5249,31365,43.781982,-79.416985,9.8
5250,31366,43.781994,-79.416969,6.7
5251,31367,43.781986,-79.416977,3.9
5252,31368,43.782009,-79.416985,9.5
5253,31369,43.78204,-79.417,13.1
5254,31370,43.782063,-79.417007,9.4
5255,31371,43.782066,-79.417,2.4
5256,31372,43.782082,-79.417007,6.7
5257,31373,43.782082,-79.417007,0.0
5258,31374,43.782082,-79.417007,0.0
5259,31375,43.782082,-79.417007,0.0
5260,31376,43.782082,-79.417007,0.0
5261,31377,43.782082,-79.417007,0.0
5262,31378,43.782082,-79.417007,0.0
5263,31379,43.782082,-79.417007,0.0
5264,31380,43.782082,-79.417007,0.0
5265,31381,43.782082,-79.417007,0.0
5266,31382,43.782082,-79.417007,0.0
5267,31383,43.782082,-79.417007,0.0
5268,31384,43.782082,-79.417007,0.0
5269,31385,43.782082,-79.417007,0.0
5270,31386,43.782082,-79.417007,0.0
5271,31387,43.782082,-79.417007,0.0
5272,31388,43.782082,-79.417007,0.0
5273,31389,43.782082,-79.417007,0.0
5274,31390,43.782082,-79.417007,0.0
5275,31391,43.782082,-79.417007,0.0
5276,31392,43.782089,-79.41703,7.2
5277,31393,43.782093,-79.41703,1.6
5278,31394,43.782108,-79.417046,7.6
5279,31395,43.782112,-79.417053,2.6
5280,31396,43.782112,-79.417053,0.0
5281,31397,43.782112,-79.417053,0.0
5282,31398,43.782112,-79.417053,0.0
5283,31399,43.782112,-79.417053,0.0
5284,31400,43.782112,-79.417053,0.0
5285,31401,43.782112,-79.417053,0.0
5286,31402,43.782112,-79.417053,0.0
5287,31403,43.782112,-79.417053,0.0
5288,31404,43.782112,-79.417053,0.0
5289,31405,43.782112,-79.417053,0.0
5290,31406,43.782112,-79.417053,0.0
5291,31407,43.782112,-79.417053,0.0
5292,31408,43.782112,-79.417053,0.0
5293,31409,43.782112,-79.417053,0.0
5294,31410,43.782112,-79.417053,0.0
5295,31411,43.782112,-79.417053,0.0
5296,31412,43.782112,-79.417053,0.0
5297,31413,43.782112,-79.417053,0.0
5298,31414,43.782112,-79.417053,0.0
5299,31415,43.782112,-79.417053,0.0
5300,31416,43.782112,-79.417053,0.0
5301,31417,43.782112,-79.417053,0.0
5302,31418,43.782112,-79.417053,0.0
5303,31419,43.782112,-79.417053,0.0
5304,31420,43.782112,-79.417053,0.0
5305,31421,43.782112,-79.417053,0.0
5306,31422,43.782112,-79.417053,0.0
5307,31423,43.782112,-79.417053,0.0
5308,31424,43.782112,-79.417053,0.0
5309,31425,43.782112,-79.417053,0.0
5310,31426,43.782112,-79.417053,0.0
5311,31427,43.782112,-79.417053,0.0
5312,31428,43.782112,-79.417053,0.0
5313,31429,43.782112,-79.417053,0.0
5314,31430,43.782112,-79.417053,0.0
5315,31431,43.782112,-79.417053,0.0
5316,31432,43.782112,-79.417053,0.0
5317,31433,43.782112,-79.417053,0.0
5318,31434,43.782143,-79.41703,14.1
5319,31435,43.782166,-79.41703,9.2
5320,31436,43.782185,-79.41703,7.6
5321,31437,43.7822,-79.41703,6.0
5322,31438,43.782211,-79.41703,4.4
5323,31439,43.782234,-79.41703,9.2
5324,31440,43.782249,-79.41703,6.0
5325,31441,43.782272,-79.41703,9.2
5326,31442,43.782284,-79.41703,4.8
5327,31443,43.782303,-79.417038,7.9
5328,31444,43.782314,-79.417038,4.4
5329,31445,43.782326,-79.417038,4.8
5330,31446,43.782333,-79.417038,2.8
5331,31447,43.782345,-79.417046,5.3
5332,31448,43.78236,-79.417046,6.0
5333,31449,43.782368,-79.417053,3.8
5334,31450,43.782375,-79.417053,2.8
5335,31451,43.782387,-79.417053,4.8
5336,31452,43.782387,-79.417053,0.0
5337,31453,43.782391,-79.417053,1.6
5338,31454,43.782391,-79.417053,0.0
5339,31455,43.782394,-79.417053,1.2
5340,31456,43.782394,-79.417053,0.0
5341,31457,43.782394,-79.417053,0.0
5342,31458,43.782394,-79.417053,0.0
5343,31459,43.782406,-79.417053,4.8
5344,31460,43.78241,-79.417061,2.8
5345,31461,43.782413,-79.417061,1.2
5346,31462,43.78241,-79.417061,1.2
5347,31463,43.78241,-79.417053,2.3
5348,31464,43.78241,-79.417053,0.0
5349,31465,43.78241,-79.417053,0.0
5350,31466,43.78241,-79.417053,0.0
5351,31467,43.78241,-79.417053,0.0
5352,31468,43.78241,-79.417053,0.0
5353,31469,43.78241,-79.417053,0.0
5354,31470,43.78241,-79.417053,0.0
5355,31471,43.78241,-79.417053,0.0
5356,31472,43.78241,-79.417053,0.0
5357,31473,43.78241,-79.417053,0.0
5358,31474,43.78241,-79.417053,0.0
5359,31475,43.78241,-79.417053,0.0
5360,31476,43.78241,-79.417053,0.0
5361,31477,43.78241,-79.417053,0.0
5362,31478,43.78241,-79.417053,0.0
5363,31479,43.78241,-79.417053,0.0
5364,31480,43.78241,-79.417053,0.0
5365,31481,43.78241,-79.417053,0.0
5366,31482,43.78241,-79.417053,0.0
5367,31483,43.78241,-79.417053,0.0
5368,31484,43.78241,-79.417053,0.0
5369,31485,43.78241,-79.417053,0.0
5370,31486,43.78241,-79.417053,0.0
5371,31487,43.78241,-79.417053,0.0
5372,31488,43.78241,-79.417053,0.0
5373,31489,43.78241,-79.417053,0.0
5374,31490,43.78241,-79.417053,0.0
5375,31491,43.78241,-79.417053,0.0
5376,31492,43.78241,-79.417053,0.0
5377,31493,43.78241,-79.417053,0.0
5378,31494,43.78241,-79.417053,0.0
5379,31495,43.78241,-79.417053,0.0
5380,31496,43.78241,-79.417053,0.0
5381,31497,43.78241,-79.417053,0.0
5382,31498,43.78241,-79.417061,2.3
5383,31499,43.782406,-79.417068,2.6
5384,31500,43.782406,-79.417068,0.0
5385,31501,43.782406,-79.417068,0.0
5386,31502,43.782406,-79.417068,0.0
5387,31503,43.782406,-79.417068,0.0
5388,31504,43.782406,-79.417068,0.0
5389,31505,43.782406,-79.417068,0.0
5390,31506,43.782406,-79.417068,0.0
5391,31507,43.782406,-79.417068,0.0
5392,31508,43.782406,-79.417068,0.0
5393,31509,43.782406,-79.417068,0.0
5394,31510,43.782406,-79.417068,0.0
5395,31511,43.782406,-79.417068,0.0
5396,31512,43.782406,-79.417068,0.0
5397,31513,43.782406,-79.417068,0.0
5398,31514,43.782406,-79.417068,0.0
5399,31515,43.782406,-79.417068,0.0
5400,31516,43.782406,-79.417068,0.0
5401,31517,43.782406,-79.417068,0.0
5402,31518,43.782406,-79.417068,0.0
5403,31519,43.782406,-79.417068,0.0
5404,31520,43.782406,-79.417068,0.0
5405,31521,43.782406,-79.417068,0.0
5406,31522,43.782406,-79.417068,0.0
5407,31523,43.782406,-79.417068,0.0
5408,31524,43.782406,-79.417068,0.0
5409,31525,43.782406,-79.417068,0.0
5410,31526,43.782406,-79.417068,0.0
5411,31527,43.782406,-79.417068,0.0
5412,31528,43.782406,-79.417068,0.0
5413,31529,43.782406,-79.417068,0.0
5414,31530,43.782406,-79.417068,0.0
5415,31531,43.782406,-79.417068,0.0
5416,31532,43.782406,-79.417068,0.0
5417,31533,43.782406,-79.417068,0.0
5418,31534,43.78241,-79.417091,6.8
5419,31535,43.78241,-79.417099,2.3
5420,31536,43.782406,-79.417114,4.6
5421,31537,43.782406,-79.417114,0.0
5422,31538,43.782406,-79.417114,0.0
5423,31539,43.782406,-79.417114,0.0
5424,31540,43.782406,-79.417114,0.0
5425,31541,43.782406,-79.417114,0.0
5426,31542,43.782406,-79.417114,0.0
5427,31543,43.782406,-79.417114,0.0
5428,31544,43.782406,-79.417114,0.0
5429,31545,43.782406,-79.417114,0.0
5430,31546,43.782406,-79.417114,0.0
5431,31547,43.782406,-79.417114,0.0
5432,31548,43.782406,-79.417114,0.0
5433,31549,43.782406,-79.417114,0.0
5434,31550,43.782406,-79.417114,0.0
5435,31551,43.782406,-79.417114,0.0
5436,31552,43.782406,-79.417114,0.0
5437,31553,43.782406,-79.417114,0.0
5438,31554,43.782406,-79.417114,0.0
5439,31555,43.782406,-79.417114,0.0
5440,31556,43.782406,-79.417114,0.0
5441,31557,43.782406,-79.417114,0.0
5442,31558,43.782406,-79.417114,0.0
5443,31559,43.782406,-79.417114,0.0
5444,31560,43.782406,-79.417114,0.0
5445,31561,43.782406,-79.417114,0.0
5446,31562,43.782406,-79.417114,0.0
5447,31563,43.782406,-79.417114,0.0
5448,31564,43.782406,-79.417114,0.0
5449,31565,43.782406,-79.417114,0.0
5450,31566,43.782406,-79.417114,0.0
5451,31567,43.782406,-79.417114,0.0
5452,31568,43.782406,-79.417114,0.0
5453,31569,43.782406,-79.417114,0.0
5454,31570,43.782406,-79.417114,0.0
5455,31571,43.782406,-79.417114,0.0
5456,31572,43.782406,-79.417114,0.0
5457,31573,43.782406,-79.417114,0.0
5458,31574,43.782406,-79.417114,0.0
5459,31575,43.782406,-79.417114,0.0
5460,31576,43.782406,-79.417114,0.0
5461,31577,43.782406,-79.417122,2.3
5462,31578,43.78241,-79.417137,4.6
5463,31579,43.78241,-79.417168,9.0
5464,31580,43.782406,-79.41716,2.8
5465,31581,43.782406,-79.41716,0.0
5466,31582,43.782406,-79.41716,0.0
5467,31583,43.782406,-79.41716,0.0
5468,31584,43.782406,-79.41716,0.0
5469,31585,43.782406,-79.41716,0.0
5470,31586,43.782406,-79.41716,0.0
5471,31587,43.782406,-79.41716,0.0
5472,31588,43.782406,-79.41716,0.0
5473,31589,43.782406,-79.41716,0.0
5474,31590,43.782406,-79.41716,0.0
5475,31591,43.782406,-79.41716,0.0
5476,31592,43.782406,-79.41716,0.0
5477,31593,43.782406,-79.41716,0.0
5478,31594,43.782406,-79.41716,0.0
5479,31595,43.782406,-79.41716,0.0
5480,31596,43.782406,-79.41716,0.0
5481,31597,43.782406,-79.41716,0.0
5482,31598,43.782406,-79.41716,0.0
5483,31599,43.782406,-79.41716,0.0
5484,31600,43.782406,-79.41716,0.0
5485,31601,43.782406,-79.41716,0.0
5486,31602,43.782406,-79.41716,0.0
5487,31603,43.782406,-79.417145,4.3
5488,31604,43.782406,-79.417137,2.3
5489,31605,43.782406,-79.417137,0.0
5490,31606,43.782406,-79.417137,0.0
5491,31607,43.782406,-79.417137,0.0
5492,31608,43.782406,-79.417137,0.0
5493,31609,43.782406,-79.417137,0.0
5494,31610,43.782406,-79.417137,0.0
5495,31611,43.782406,-79.417137,0.0
5496,31612,43.782406,-79.417137,0.0
5497,31613,43.782417,-79.41713,4.8
5498,31614,43.78244,-79.417099,12.8
5499,31615,43.782452,-79.417046,16.1
5500,31616,43.782471,-79.417015,11.8
5501,31617,43.782478,-79.416969,13.6
5502,31618,43.782494,-79.416924,14.5
5503,31619,43.78249,-79.41687,15.7
5504,31620,43.782497,-79.416817,15.6
5505,31621,43.782494,-79.416771,13.3
5506,31622,43.78244,-79.416771,21.6
5507,31623,43.782406,-79.416763,13.8
5508,31624,43.782356,-79.416763,20.0
5509,31625,43.78231,-79.416794,20.5
5510,31626,43.782276,-79.416817,15.1
5511,31627,43.782253,-79.416847,12.6
5512,31628,43.782227,-79.41687,12.3
5513,31629,43.7822,-79.416885,11.6
5514,31630,43.782166,-79.416893,13.8
5515,31631,43.782127,-79.416893,15.6
5516,31632,43.782089,-79.416885,15.4
5517,31633,43.782051,-79.416878,15.3
5518,31634,43.782005,-79.416878,18.4
5519,31635,43.78196,-79.416878,18.0
5520,31636,43.781918,-79.41687,17.0
5521,31637,43.781864,-79.41687,21.6
5522,31638,43.781837,-79.416862,11.1
5523,31639,43.781811,-79.416855,10.6
5524,31640,43.781799,-79.416855,4.8
5525,31641,43.781769,-79.416862,12.2
5526,31642,43.781727,-79.416878,17.4
5527,31643,43.781704,-79.416901,11.4
5528,31644,43.781666,-79.416954,21.6
5529,31645,43.781624,-79.417007,22.7
5530,31646,43.781605,-79.417084,23.5
5531,31647,43.781563,-79.41716,27.7
5532,31648,43.781536,-79.417252,28.7
5533,31649,43.781525,-79.417351,28.9
5534,31650,43.781475,-79.41745,34.9
5535,31651,43.781429,-79.417542,32.3
5536,31652,43.781391,-79.417641,32.4
5537,31653,43.781364,-79.417763,36.9
5538,31654,43.781322,-79.417854,31.2
5539,31655,43.781296,-79.417976,36.8
5540,31656,43.781281,-79.418083,31.5
5541,31657,43.781284,-79.418152,20.0
5542,31658,43.781326,-79.418236,29.5
5543,31659,43.781399,-79.41832,38.0
5544,31660,43.781429,-79.418411,28.9
5545,31661,43.781448,-79.41848,21.3
5546,31662,43.781464,-79.418518,12.7
5547,31663,43.781464,-79.418556,11.0
5548,31664,43.781464,-79.418594,11.0
5549,31665,43.781441,-79.418633,14.6
5550,31666,43.781399,-79.418686,22.7
5551,31667,43.781368,-79.418716,15.1
5552,31668,43.781315,-79.418755,24.0
5553,31669,43.781239,-79.41877,30.7
5554,31670,43.781162,-79.41877,30.8
5555,31671,43.78109,-79.41877,28.8
5556,31672,43.780998,-79.418762,36.9
5557,31673,43.780903,-79.418739,38.6
5558,31674,43.7808,-79.418716,41.8
5559,31675,43.780647,-79.418701,61.4
5560,31676,43.78046,-79.418655,76.0
5561,31677,43.780315,-79.418633,58.4
5562,31678,43.780201,-79.418571,49.0
5563,31679,43.780067,-79.418541,54.3
5564,31680,43.779942,-79.418526,50.2
5565,31681,43.779819,-79.41851,49.5
5566,31682,43.77972,-79.418495,39.9
5567,31683,43.779636,-79.418488,33.7
5568,31684,43.77956,-79.418495,30.5
5569,31685,43.779507,-79.418503,21.3
5570,31686,43.779488,-79.418495,7.9
5571,31687,43.779484,-79.41848,4.6
5572,31688,43.77948,-79.418472,2.8
5573,31689,43.779469,-79.418472,4.4
5574,31690,43.779453,-79.41848,6.8
5575,31691,43.779442,-79.41848,4.4
5576,31692,43.77943,-79.41848,4.8
5577,31693,43.779419,-79.418488,5.0
5578,31694,43.779419,-79.418488,0.0
5579,31695,43.779419,-79.418488,0.0
5580,31696,43.779419,-79.418488,0.0
5581,31697,43.779419,-79.418488,0.0
5582,31698,43.779419,-79.418488,0.0
5583,31699,43.779408,-79.418488,4.4
5584,31700,43.779385,-79.41848,9.5
5585,31701,43.779346,-79.41848,15.6
5586,31702,43.779289,-79.418457,23.8
5587,31703,43.779202,-79.418442,35.1
5588,31704,43.779118,-79.418419,34.3
5589,31705,43.779015,-79.418388,42.2
5590,31706,43.778912,-79.418343,43.2
5591,31707,43.778801,-79.418312,45.3
5592,31708,43.778683,-79.418259,49.7
5593,31709,43.778564,-79.418205,50.1
5594,31710,43.778439,-79.418159,51.8
5595,31711,43.77832,-79.418114,49.4
5596,31712,43.778191,-79.418045,55.4
5597,31713,43.778069,-79.417992,51.2
5598,31714,43.777943,-79.417946,52.2
5599,31715,43.777828,-79.417892,48.6
5600,31716,43.777702,-79.417847,52.1
5601,31717,43.777573,-79.417809,52.8
5602,31718,43.777451,-79.41777,50.1
5603,31719,43.777336,-79.417725,47.8
5604,31720,43.777225,-79.417686,45.8
5605,31721,43.777103,-79.417648,50.1
5606,31722,43.776993,-79.41761,45.4
5607,31723,43.77689,-79.41758,42.1
5608,31724,43.776787,-79.417542,42.7
5609,31725,43.776707,-79.417526,32.4
5610,31726,43.776649,-79.417511,23.6
5611,31727,43.776615,-79.417503,13.8
5612,31728,43.7766,-79.417496,6.3
5613,31729,43.776588,-79.417496,4.8
5614,31730,43.776585,-79.417496,1.2
5615,31731,43.776581,-79.417496,1.6
5616,31732,43.776585,-79.417496,1.6
5617,31733,43.776588,-79.417488,2.6
5618,31734,43.776585,-79.417496,2.6
5619,31735,43.776588,-79.417488,2.6
5620,31736,43.776585,-79.417496,2.6
5621,31737,43.776585,-79.417496,0.0
5622,31738,43.776585,-79.417488,2.3
5623,31739,43.776585,-79.417488,0.0
5624,31740,43.776585,-79.417488,0.0
5625,31741,43.776585,-79.417488,0.0
5626,31742,43.776585,-79.417488,0.0
5627,31743,43.776573,-79.41748,5.3
5628,31744,43.776543,-79.417473,12.2
5629,31745,43.776489,-79.41745,22.6
5630,31746,43.776424,-79.417435,26.4
5631,31747,43.776344,-79.417397,33.9
5632,31748,43.776264,-79.417358,34.0
5633,31749,43.776165,-79.417313,41.7
5634,31750,43.77607,-79.417274,39.7
5635,31751,43.775955,-79.417213,49.3
5636,31752,43.775841,-79.417168,47.5
5637,31753,43.775703,-79.41713,56.3
5638,31754,43.775566,-79.417084,56.4
5639,31755,43.775429,-79.41703,57.0
5640,31756,43.775295,-79.416977,55.8
5641,31757,43.775166,-79.416931,53.3
5642,31758,43.775017,-79.416878,61.6
5643,31759,43.774876,-79.416817,59.1
5644,31760,43.774734,-79.416763,58.9
5645,31761,43.774597,-79.416695,58.3
5646,31762,43.774456,-79.416641,58.6
5647,31763,43.774315,-79.41658,59.1
5648,31764,43.774178,-79.416542,55.9
5649,31765,43.774036,-79.416496,58.4
5650,31766,43.773891,-79.416451,59.5
5651,31767,43.773762,-79.416397,53.9
5652,31768,43.773624,-79.416344,57.3
5653,31769,43.773487,-79.41629,57.0
5654,31770,43.773365,-79.416237,51.2
5655,31771,43.773251,-79.416199,46.9
5656,31772,43.773144,-79.416161,44.2
5657,31773,43.773045,-79.41613,40.6
5658,31774,43.772964,-79.41613,32.4
5659,31775,43.772865,-79.416153,40.2
5660,31776,43.772766,-79.416214,43.4
5661,31777,43.772667,-79.416313,48.9
5662,31778,43.772572,-79.416397,45.1
5663,31779,43.772484,-79.416496,45.4
5664,31780,43.772396,-79.416573,41.7
5665,31781,43.772305,-79.416649,42.5
5666,31782,43.772213,-79.41671,40.8
5667,31783,43.772118,-79.416733,38.6
5668,31784,43.772015,-79.416733,41.2
5669,31785,43.771923,-79.416733,36.8
5670,31786,43.771778,-79.416718,58.2
5671,31787,43.771652,-79.41671,50.5
5672,31788,43.771526,-79.416702,50.5
5673,31789,43.771404,-79.416687,49.0
5674,31790,43.771278,-79.416679,50.5
5675,31791,43.771141,-79.416664,55.0
5676,31792,43.771,-79.416656,56.5
5677,31793,43.770851,-79.416641,59.8
5678,31794,43.770706,-79.416634,58.1
5679,31795,43.770561,-79.416618,58.2
5680,31796,43.770412,-79.416611,59.7
5681,31797,43.770271,-79.416603,56.5
5682,31798,43.770123,-79.41658,59.6
5683,31799,43.769985,-79.416573,55.3
5684,31800,43.769852,-79.416573,53.2
5685,31801,43.769718,-79.416565,53.7
5686,31802,43.769596,-79.416557,48.9
5687,31803,43.769455,-79.41655,56.5
5688,31804,43.769344,-79.416534,44.7
5689,31805,43.769245,-79.416527,39.7
5690,31806,43.769154,-79.416512,36.7
5691,31807,43.769093,-79.416489,25.3
5692,31808,43.769043,-79.416466,21.1
5693,31809,43.769005,-79.416412,21.8
5694,31810,43.768959,-79.416389,19.6
5695,31811,43.768909,-79.416336,25.2
5696,31812,43.768867,-79.416321,17.4
5697,31813,43.768848,-79.416321,7.6
5698,31814,43.768837,-79.416321,4.4
5699,31815,43.768822,-79.416321,6.0
5700,31816,43.768806,-79.416321,6.4
5701,31817,43.768795,-79.416321,4.4
5702,31818,43.768784,-79.416321,4.4
5703,31819,43.768791,-79.416328,3.5
5704,31820,43.768772,-79.416328,7.6
5705,31821,43.768772,-79.416336,2.3
5706,31822,43.768761,-79.416336,4.4
5707,31823,43.768723,-79.416321,15.8
5708,31824,43.768681,-79.416306,17.4
5709,31825,43.768623,-79.416283,24.2
5710,31826,43.768555,-79.41626,28.0
5711,31827,43.768475,-79.416229,33.3
5712,31828,43.768398,-79.416199,32.0
5713,31829,43.768307,-79.416168,37.5
5714,31830,43.768208,-79.41613,41.1
5715,31831,43.768105,-79.416084,43.3
5716,31832,43.767986,-79.416046,48.9
5717,31833,43.767868,-79.416,49.1
5718,31834,43.767742,-79.415955,52.1
5719,31835,43.767624,-79.415901,49.7
5720,31836,43.76749,-79.415848,55.8
5721,31837,43.767368,-79.415802,50.6
5722,31838,43.767242,-79.415749,52.7
5723,31839,43.76712,-79.415695,51.3
5724,31840,43.766994,-79.415649,52.2
5725,31841,43.766869,-79.415604,51.7
5726,31842,43.766735,-79.415543,56.5
5727,31843,43.766613,-79.415497,50.6
5728,31844,43.766487,-79.415451,52.2
5729,31845,43.766365,-79.41539,51.9
5730,31846,43.766243,-79.415352,50.1
5731,31847,43.766121,-79.415298,51.3
5732,31848,43.765999,-79.415245,51.2
5733,31849,43.765877,-79.415199,50.6
5734,31850,43.765751,-79.415154,52.1
5735,31851,43.765633,-79.415108,49.1
5736,31852,43.765514,-79.415054,50.1
5737,31853,43.765396,-79.415009,49.0
5738,31854,43.765278,-79.41497,48.6
5739,31855,43.765137,-79.414925,57.9
5740,31856,43.764999,-79.414886,56.4
5741,31857,43.764874,-79.414825,53.1
5742,31858,43.764744,-79.414764,54.9
5743,31859,43.764606,-79.414711,57.3
5744,31860,43.764481,-79.414658,52.3
5745,31861,43.764347,-79.414589,57.2
5746,31862,43.764217,-79.414543,53.7
5747,31863,43.76408,-79.414482,57.6
5748,31864,43.76395,-79.414413,55.7
5749,31865,43.763817,-79.41436,55.4
5750,31866,43.763691,-79.414314,52.2
5751,31867,43.763561,-79.414246,55.6
5752,31868,43.763435,-79.414192,52.8
5753,31869,43.763306,-79.414139,53.9
5754,31870,43.763176,-79.414078,54.9
5755,31871,43.763054,-79.414032,50.6
5756,31872,43.762932,-79.413986,50.6
5757,31873,43.76281,-79.413925,51.9
5758,31874,43.762688,-79.413879,50.6
5759,31875,43.762562,-79.413826,52.7
5760,31876,43.762428,-79.413765,56.5
5761,31877,43.762283,-79.413712,60.0
5762,31878,43.762119,-79.413673,66.6
5763,31879,43.761978,-79.413612,59.1
5764,31880,43.761864,-79.413559,48.1
5765,31881,43.761726,-79.413506,57.3
5766,31882,43.761604,-79.413445,51.9
5767,31883,43.761482,-79.413383,52.0
5768,31884,43.76136,-79.413345,50.1
5769,31885,43.76123,-79.413284,54.9
5770,31886,43.761108,-79.413254,49.6
5771,31887,43.761017,-79.413147,47.8
5772,31888,43.760918,-79.413071,45.3
5773,31889,43.760811,-79.412979,50.4
5774,31890,43.760715,-79.412872,49.3
5775,31891,43.760624,-79.412758,49.1
5776,31892,43.760532,-79.412659,46.6
5777,31893,43.760441,-79.41256,46.3
5778,31894,43.760353,-79.412483,41.7
5779,31895,43.760246,-79.41243,45.5
5780,31896,43.760159,-79.412392,36.5
5781,31897,43.76009,-79.412346,30.7
5782,31898,43.760002,-79.412323,35.8
5783,31899,43.759903,-79.412323,39.6
5784,31900,43.759823,-79.412277,34.7
5785,31901,43.759773,-79.412231,24.0
5786,31902,43.759735,-79.41217,23.3
5787,31903,43.759727,-79.412109,17.9
5788,31904,43.75972,-79.412041,19.9
5789,31905,43.759731,-79.411942,29.0
5790,31906,43.759747,-79.41185,27.4
5791,31907,43.759762,-79.411743,31.5
5792,31908,43.759785,-79.411613,38.7
5793,31909,43.759811,-79.411514,30.5
5794,31910,43.759834,-79.4114,34.2
5795,31911,43.759853,-79.411293,31.9
5796,31912,43.759865,-79.411209,24.8
5797,31913,43.759869,-79.411163,13.4
5798,31914,43.759869,-79.411125,11.0
5799,31915,43.75988,-79.41111,6.2
5800,31916,43.75988,-79.411102,2.3
5801,31917,43.759853,-79.411087,11.6
5802,31918,43.75985,-79.411087,1.2
5803,31919,43.759846,-79.411079,2.8
5804,31920,43.75985,-79.411079,1.6
5805,31921,43.759865,-79.411057,8.7
5806,31922,43.75988,-79.411049,6.4
5807,31923,43.759892,-79.411034,6.5
5808,31924,43.759911,-79.411018,8.9
5809,31925,43.759949,-79.411011,15.3
5810,31926,43.759964,-79.411018,6.3
5811,31927,43.759968,-79.411011,2.6
5812,31928,43.759987,-79.411011,7.6
5813,31929,43.759998,-79.411011,4.4
5814,31930,43.759998,-79.411011,0.0
5815,31931,43.760014,-79.411011,6.4
5816,31932,43.760017,-79.411011,1.2
5817,31933,43.760025,-79.411011,3.2
5818,31934,43.76001,-79.411034,9.0
5819,31935,43.76001,-79.411041,2.0
5820,31936,43.759995,-79.411049,6.4
5821,31937,43.759968,-79.411064,11.6
5822,31938,43.759956,-79.411072,5.3
5823,31939,43.759945,-79.411072,4.4
5824,31940,43.759926,-79.411079,7.9
5825,31941,43.759918,-79.411079,3.2
5826,31942,43.759914,-79.411072,2.6
5827,31943,43.759903,-79.411072,4.4
5828,31944,43.759907,-79.411064,2.8
5829,31945,43.759907,-79.411072,2.3
5830,31946,43.759914,-79.411072,2.8
5831,31947,43.759914,-79.411041,9.0
5832,31948,43.75993,-79.411018,9.2
5833,31949,43.759945,-79.411003,7.4
5834,31950,43.759953,-79.410973,9.2
5835,31951,43.75996,-79.410957,5.4
5836,31952,43.75996,-79.410957,0.0
5837,31953,43.759964,-79.41095,2.6
5838,31954,43.759972,-79.41095,3.2
5839,31955,43.759979,-79.410942,3.6
5840,31956,43.759987,-79.410942,3.2
5841,31957,43.759995,-79.410942,3.2
5842,31958,43.759998,-79.410942,1.2
5843,31959,43.76001,-79.410942,4.8
5844,31960,43.760025,-79.41095,6.4
5845,31961,43.760033,-79.41095,3.2
5846,31962,43.760036,-79.410942,2.6
5847,31963,43.760025,-79.410927,6.2
5848,31964,43.760025,-79.410934,2.0
5849,31965,43.760036,-79.410942,5.0
5850,31966,43.760044,-79.41095,4.0
5851,31967,43.760048,-79.410957,2.6
5852,31968,43.760048,-79.410957,0.0
5853,31969,43.760052,-79.410965,2.8
5854,31970,43.760056,-79.410965,1.6
5855,31971,43.760044,-79.410965,4.8
5856,31972,43.760029,-79.41095,7.4
5857,31973,43.760017,-79.41095,4.8
5858,31974,43.760002,-79.410934,7.6
5859,31975,43.759995,-79.410927,3.5
5860,31976,43.759983,-79.410919,5.3
5861,31977,43.759975,-79.410912,3.8
5862,31978,43.759972,-79.410912,1.2
5863,31979,43.759975,-79.410904,2.6
5864,31980,43.759975,-79.410896,2.3
5865,31981,43.759975,-79.410896,0.0
5866,31982,43.759987,-79.410912,6.7
5867,31983,43.759998,-79.410919,4.8
5868,31984,43.76001,-79.410927,5.3
5869,31985,43.760029,-79.410942,8.8
5870,31986,43.76004,-79.41095,5.0
5871,31987,43.760048,-79.410957,3.8
5872,31988,43.760056,-79.410965,4.0
5873,31989,43.760067,-79.410973,5.0
5874,31990,43.760075,-79.410973,3.2
5875,31991,43.760078,-79.41098,2.4
5876,31992,43.76009,-79.41098,4.8
5877,31993,43.76009,-79.41098,0.0
5878,31994,43.760082,-79.41098,3.2
5879,31995,43.760078,-79.41098,1.6
5880,31996,43.760078,-79.41098,0.0
5881,31997,43.760071,-79.41098,2.8
5882,31998,43.760063,-79.410973,3.8
5883,31999,43.760056,-79.41098,3.5
5884,32000,43.760056,-79.410995,4.3
5885,32001,43.760048,-79.410995,3.2
5886,32002,43.760044,-79.410995,1.6
5887,32003,43.76004,-79.410995,1.6
5888,32004,43.760033,-79.41098,5.2
5889,32005,43.760025,-79.410973,3.8
5890,32006,43.76001,-79.410973,6.0
5891,32007,43.759991,-79.410965,7.9
5892,32008,43.759975,-79.410965,6.4
5893,32009,43.75996,-79.410957,6.4
5894,32010,43.75996,-79.410957,0.0
5895,32011,43.75996,-79.410957,0.0
5896,32012,43.75996,-79.410957,0.0
5897,32013,43.75996,-79.410957,0.0
5898,32014,43.75996,-79.410957,0.0
5899,32015,43.75996,-79.410957,0.0
5900,32016,43.75996,-79.410957,0.0
5901,32017,43.75996,-79.410957,0.0
5902,32018,43.75996,-79.410957,0.0
5903,32019,43.75996,-79.410957,0.0
5904,32020,43.75996,-79.410957,0.0
5905,32021,43.75996,-79.410957,0.0
5906,32022,43.75996,-79.410957,0.0
5907,32023,43.75996,-79.410957,0.0
5908,32024,43.75996,-79.410957,0.0
5909,32025,43.75996,-79.410957,0.0
5910,32026,43.75996,-79.410957,0.0
5911,32027,43.75996,-79.410957,0.0
5912,32028,43.75996,-79.410957,0.0
5913,32029,43.75996,-79.410957,0.0
5914,32030,43.75996,-79.410957,0.0
5915,32031,43.75996,-79.410957,0.0
5916,32032,43.759937,-79.410942,10.2
5917,32033,43.759926,-79.410919,8.0
5918,32034,43.759911,-79.410889,10.5
5919,32035,43.759903,-79.410873,5.6
5920,32036,43.759895,-79.410851,7.1
5921,32037,43.759903,-79.410843,4.0
5922,32038,43.759892,-79.410812,10.0
5923,32039,43.759888,-79.410812,1.6
5924,32040,43.759895,-79.410797,5.2
5925,32041,43.759907,-79.410789,5.3
5926,32042,43.759918,-79.410767,7.7
5927,32043,43.75993,-79.410759,5.3
5928,32044,43.759926,-79.410759,1.6
5929,32045,43.759926,-79.410744,4.3
5930,32046,43.759895,-79.410736,12.6
5931,32047,43.759876,-79.410728,7.9
5932,32048,43.759846,-79.410713,12.8
5933,32049,43.7598,-79.410683,20.4
5934,32050,43.759712,-79.41066,35.8
5935,32051,43.75964,-79.410645,29.1
5936,32052,43.759541,-79.410599,41.8
5937,32053,43.759464,-79.410553,33.6
5938,32054,43.759369,-79.410515,39.6
5939,32055,43.759281,-79.410477,36.9
5940,32056,43.759186,-79.410446,39.1
5941,32057,43.759083,-79.410416,42.1
5942,32058,43.758999,-79.4104,33.9
5943,32059,43.758926,-79.410393,29.3
5944,32060,43.758846,-79.41037,32.7
5945,32061,43.758766,-79.410347,32.7
5946,32062,43.758728,-79.410332,15.8
5947,32063,43.75869,-79.410316,15.9
5948,32064,43.758648,-79.410309,16.9
5949,32065,43.758621,-79.410286,12.7
5950,32066,43.758598,-79.410286,9.2
5951,32067,43.758587,-79.410278,5.0
5952,32068,43.758587,-79.410278,0.0
5953,32069,43.758572,-79.410278,6.0
5954,32070,43.75856,-79.410278,4.8
5955,32071,43.758549,-79.410271,4.8
5956,32072,43.75853,-79.410271,7.6
5957,32073,43.758518,-79.410263,5.3
5958,32074,43.758518,-79.410255,2.3
5959,32075,43.75853,-79.410255,4.8
5960,32076,43.75853,-79.410255,0.0
5961,32077,43.75853,-79.410255,0.0
5962,32078,43.758507,-79.410248,9.4
5963,32079,43.758488,-79.410248,7.6
5964,32080,43.75848,-79.410248,3.2
5965,32081,43.758476,-79.410248,1.6
5966,32082,43.758469,-79.410248,2.8
5967,32083,43.758469,-79.41024,2.3
5968,32084,43.758453,-79.41024,6.4
5969,32085,43.758446,-79.41024,2.8
5970,32086,43.758434,-79.41024,4.8
5971,32087,43.758427,-79.41024,2.8
5972,32088,43.758415,-79.41024,4.8
5973,32089,43.758408,-79.41024,2.8
5974,32090,43.758404,-79.41024,1.6
5975,32091,43.758404,-79.41024,0.0
5976,32092,43.7584,-79.41024,1.6
5977,32093,43.7584,-79.41024,0.0
5978,32094,43.758396,-79.410248,2.8
5979,32095,43.758396,-79.410248,0.0
5980,32096,43.7584,-79.410248,1.6
5981,32097,43.7584,-79.410248,0.0
5982,32098,43.758404,-79.410248,1.6
5983,32099,43.7584,-79.410248,1.6
5984,32100,43.758404,-79.410255,2.6
5985,32101,43.758404,-79.410255,0.0
5986,32102,43.758404,-79.410255,0.0
5987,32103,43.758385,-79.410255,7.6
5988,32104,43.75835,-79.410248,14.2
5989,32105,43.758308,-79.41024,17.0
5990,32106,43.758247,-79.410225,24.8
5991,32107,43.75819,-79.410202,23.8
5992,32108,43.758106,-79.410179,34.3
5993,32109,43.758022,-79.410149,34.7
5994,32110,43.757919,-79.410126,41.8
5995,32111,43.757816,-79.410088,42.7
5996,32112,43.757683,-79.410065,53.7
5997,32113,43.757561,-79.410027,50.1
5998,32114,43.757435,-79.410004,50.9
5999,32115,43.757309,-79.409966,51.6
6000,32116,43.757172,-79.409927,56.0
6001,32117,43.757038,-79.409882,55.2
6002,32118,43.756927,-79.409821,47.8
6003,32119,43.756809,-79.409767,49.7
6004,32120,43.756702,-79.409729,44.2
6005,32121,43.756577,-79.409683,51.8
6006,32122,43.756428,-79.409637,61.1
6007,32123,43.756294,-79.409599,54.8
6008,32124,43.756149,-79.409531,61.3
6009,32125,43.755985,-79.40947,68.0
6010,32126,43.755825,-79.409409,66.4
6011,32127,43.755665,-79.409332,67.8
6012,32128,43.755505,-79.409256,67.7
6013,32129,43.755322,-79.409157,78.6
6014,32130,43.755142,-79.409065,76.8
6015,32131,43.754967,-79.408974,74.8
6016,32132,43.754803,-79.408897,69.3
6017,32133,43.754627,-79.408813,74.5
6018,32134,43.754456,-79.408752,70.7
6019,32135,43.754284,-79.408691,71.1
6020,32136,43.754112,-79.408623,71.6
6021,32137,43.753937,-79.408554,72.8
6022,32138,43.753742,-79.408485,80.6
6023,32139,43.753571,-79.408424,70.7
6024,32142,43.75288,-79.408234,94.0
6025,32143,43.75288,-79.408234,0.0
6026,32144,43.752697,-79.408165,75.9
6027,32145,43.752556,-79.408157,56.5
6028,32146,43.752396,-79.40815,64.1
6029,32147,43.752216,-79.408127,72.4
6030,32148,43.752045,-79.408119,68.5
6031,32149,43.751877,-79.408119,67.3
6032,32150,43.751705,-79.408119,68.9
6033,32151,43.75153,-79.408119,70.1
6034,32152,43.751354,-79.408127,70.5
6035,32153,43.751171,-79.40815,73.6
6036,32154,43.750999,-79.408157,68.9
6037,32155,43.750824,-79.408165,70.1
6038,32156,43.750652,-79.408165,68.9
6039,32157,43.750484,-79.408157,67.3
6040,32158,43.75032,-79.40815,65.7
6041,32159,43.750149,-79.408127,68.8
6042,32160,43.749977,-79.408104,69.2
6043,32161,43.749809,-79.408073,67.8
6044,32162,43.749645,-79.408035,66.6
6045,32163,43.749477,-79.407997,68.1
6046,32164,43.74931,-79.407959,67.7
6047,32165,43.749153,-79.407913,64.2
6048,32166,43.749001,-79.407883,61.5
6049,32167,43.748856,-79.407845,59.1
6050,32168,43.748718,-79.407814,56.0
6051,32169,43.748577,-79.407776,57.5
6052,32170,43.748447,-79.407761,52.2
6053,32171,43.748352,-79.407738,38.6
6054,32172,43.748249,-79.407722,41.5
6055,32173,43.748138,-79.407715,44.5
6056,32174,43.748035,-79.4077,41.5
6057,32175,43.747929,-79.407684,42.7
6058,32176,43.747829,-79.407661,40.6
6059,32177,43.747726,-79.407639,41.7
6060,32178,43.74765,-79.407608,31.7
6061,32179,43.747574,-79.407593,30.7
6062,32180,43.747505,-79.40757,28.4
6063,32181,43.747417,-79.407555,35.5
6064,32182,43.747326,-79.407516,38.1
6065,32183,43.747238,-79.407509,35.3
6066,32184,43.747143,-79.407478,39.1
6067,32185,43.747051,-79.407448,37.8
6068,32186,43.74696,-79.40741,38.0
6069,32187,43.746845,-79.407387,46.5
6070,32188,43.746719,-79.407356,51.2
6071,32189,43.746601,-79.407326,48.0
6072,32190,43.746468,-79.407318,53.3
6073,32191,43.746326,-79.407288,57.5
6074,32192,43.746201,-79.407249,51.3
6075,32193,43.746067,-79.407219,54.3
6076,32194,43.745934,-79.407188,54.0
6077,32195,43.7458,-79.407158,54.3
6078,32196,43.745651,-79.407112,61.1
6079,32197,43.745499,-79.407082,61.5
6080,32198,43.745369,-79.407051,52.8
6081,32199,43.745224,-79.407005,59.5
6082,32200,43.74509,-79.406975,54.3
6083,32201,43.744976,-79.406952,46.1
6084,32202,43.744865,-79.406921,45.3
6085,32203,43.744743,-79.406898,49.3
6086,32204,43.744629,-79.406876,46.1
6087,32205,43.744522,-79.406837,44.3
6088,32206,43.744438,-79.406815,34.2
6089,32207,43.74437,-79.406799,27.6
6090,32208,43.744301,-79.406799,27.6
6091,32209,43.744274,-79.406822,12.7
6092,32210,43.744247,-79.406876,19.0
6093,32211,43.744225,-79.406929,17.7
6094,32212,43.744202,-79.407005,23.8
6095,32213,43.744152,-79.407112,36.9
6096,32214,43.744102,-79.407227,38.8
6097,32215,43.744049,-79.407372,47.0
6098,32216,43.743988,-79.407539,54.1
6099,32217,43.743931,-79.407715,55.8
6100,32218,43.743877,-79.407883,53.2
6101,32219,43.743801,-79.408058,59.0
6102,32220,43.743729,-79.408241,60.3
6103,32221,43.743664,-79.408424,59.0
6104,32222,43.743587,-79.408615,63.3
6105,32223,43.7435,-79.408813,67.0
6106,32224,43.743427,-79.409019,66.4
6107,32225,43.743347,-79.409218,65.9
6108,32226,43.743279,-79.409424,65.5
6109,32227,43.74321,-79.409615,61.8
6110,32228,43.743137,-79.409813,64.3
6111,32229,43.743057,-79.410011,65.6
6112,32230,43.742973,-79.41021,66.7
6113,32231,43.742905,-79.410408,63.4
6114,32232,43.742825,-79.410622,69.7
6115,32233,43.742737,-79.410828,69.2
6116,32234,43.742672,-79.411041,66.9
6117,32235,43.742599,-79.411247,66.4
6118,32236,43.742519,-79.411446,65.9
6119,32237,43.742447,-79.411667,70.1
6120,32238,43.742367,-79.411873,67.6
6121,32239,43.742294,-79.412079,66.4
6122,32240,43.742222,-79.412277,64.1
6123,32241,43.74213,-79.412491,72.0
6124,32242,43.742069,-79.412682,60.4
6125,32243,43.742004,-79.41288,62.9
6126,32244,43.741951,-79.413071,59.2
6127,32245,43.741913,-79.413261,57.0
6128,32246,43.741856,-79.413445,57.9
6129,32247,43.74181,-79.413612,51.7
6130,32248,43.74176,-79.413757,46.5
6131,32249,43.741718,-79.413895,43.3
6132,32250,43.741688,-79.414017,37.3
6133,32251,43.741665,-79.414154,40.7
6134,32252,43.741627,-79.414284,40.6
6135,32253,43.741608,-79.414398,33.8
6136,32254,43.741573,-79.414505,34.0
6137,32255,43.74155,-79.414604,30.1
6138,32256,43.741528,-79.414688,25.8
6139,32257,43.741512,-79.414734,14.8
6140,32258,43.741486,-79.414787,18.5
6141,32259,43.741463,-79.414795,9.5
6142,32260,43.741447,-79.414803,6.8
6143,32261,43.741436,-79.414803,4.4
6144,32262,43.741428,-79.414795,4.0
6145,32263,43.741425,-79.414795,1.2
6146,32264,43.741421,-79.414795,1.6
6147,32265,43.741413,-79.414795,3.2
6148,32266,43.741409,-79.414795,1.6
6149,32267,43.741405,-79.414795,1.6
6150,32268,43.741405,-79.414787,2.3
6151,32269,43.741398,-79.414795,3.6
6152,32270,43.741383,-79.414818,9.0
6153,32271,43.741364,-79.414856,13.4
6154,32272,43.741344,-79.414917,19.4
6155,32273,43.741329,-79.414993,22.8
6156,32274,43.741318,-79.41507,22.7
6157,32275,43.741291,-79.415161,28.5
6158,32276,43.741276,-79.415276,33.8
6159,32277,43.741249,-79.41539,34.7
6160,32278,43.741222,-79.41552,39.1
6161,32279,43.741192,-79.415649,39.2
6162,32280,43.741161,-79.415794,43.7
6163,32281,43.741123,-79.415939,44.6
6164,32282,43.741085,-79.4161,49.0
6165,32283,43.741047,-79.41626,48.7
6166,32284,43.741013,-79.416435,52.4
6167,32285,43.740971,-79.416611,53.6
6168,32286,43.740929,-79.416794,55.5
6169,32287,43.740891,-79.416969,52.8
6170,32288,43.74086,-79.417152,54.4
6171,32289,43.740826,-79.417328,52.7
6172,32290,43.740784,-79.417496,51.4
6173,32291,43.740753,-79.417671,52.1
6174,32292,43.740715,-79.417847,53.1
6175,32293,43.740677,-79.41803,55.1
6176,32294,43.740639,-79.418213,55.1
6177,32295,43.740601,-79.418404,57.3
6178,32296,43.740559,-79.418594,57.5
6179,32297,43.740517,-79.418785,57.7
6180,32298,43.740475,-79.418968,55.5
6181,32299,43.740437,-79.419159,57.3
6182,32300,43.740387,-79.419342,56.6
6183,32301,43.740345,-79.419525,55.5
6184,32302,43.740303,-79.419724,60.0
6185,32303,43.740257,-79.419899,53.9
6186,32304,43.740219,-79.420082,55.1
6187,32305,43.740181,-79.42025,50.9
6188,32306,43.740147,-79.420403,46.3
6189,32307,43.740128,-79.420555,44.6
6190,32308,43.740108,-79.420685,38.4
6191,32309,43.740086,-79.420799,34.1
6192,32310,43.740063,-79.420898,30.1
6193,32311,43.74004,-79.420975,24.1
6194,32312,43.740025,-79.421036,18.6
6195,32313,43.74004,-79.421059,9.0
6196,32314,43.740047,-79.421082,7.2
6197,32315,43.740055,-79.421082,3.2
6198,32316,43.740063,-79.421082,3.2
6199,32317,43.74007,-79.421082,2.8
6200,32318,43.740082,-79.421089,5.2
6201,32319,43.740089,-79.421082,3.5
6202,32320,43.740093,-79.421089,2.6
6203,32321,43.740101,-79.421089,3.2
6204,32322,43.740108,-79.421089,2.8
6205,32323,43.740116,-79.421089,3.2
6206,32324,43.74012,-79.421089,1.6
6207,32325,43.740124,-79.421089,1.6
6208,32326,43.740128,-79.421089,1.6
6209,32327,43.740128,-79.421089,0.0
6210,32328,43.740135,-79.421097,3.6
6211,32329,43.740147,-79.421104,5.2
6212,32330,43.740154,-79.421112,3.6
6213,32331,43.740154,-79.42112,2.3
6214,32332,43.740154,-79.42112,0.0
6215,32333,43.740162,-79.421127,3.8
6216,32334,43.740162,-79.421127,0.0
6217,32335,43.740162,-79.421127,0.0
6218,32336,43.740162,-79.421127,0.0
6219,32337,43.740154,-79.42112,3.8
6220,32338,43.740154,-79.421127,2.0
6221,32339,43.740162,-79.421127,3.2
6222,32340,43.740154,-79.421135,4.0
6223,32341,43.740147,-79.421158,7.2
6224,32342,43.740139,-79.421158,3.2
6225,32343,43.740135,-79.421158,1.6
6226,32344,43.740128,-79.42115,3.6
6227,32345,43.740128,-79.42115,0.0
6228,32346,43.740124,-79.421143,2.6
6229,32347,43.74012,-79.421135,2.8
6230,32348,43.74012,-79.421135,0.0
6231,32349,43.74012,-79.421135,0.0
6232,32350,43.74012,-79.421135,0.0
6233,32351,43.740124,-79.42112,4.6
6234,32352,43.740124,-79.421089,9.0
6235,32353,43.74012,-79.421082,2.6
6236,32354,43.740116,-79.421066,4.9
6237,32355,43.740108,-79.421066,3.2
6238,32356,43.740097,-79.421082,6.4
6239,32357,43.740108,-79.42112,11.8
6240,32358,43.740089,-79.42115,11.5
6241,32359,43.740082,-79.421204,15.9
6242,32360,43.740082,-79.421272,19.7
6243,32361,43.740082,-79.421333,17.6
6244,32362,43.740082,-79.421417,24.3
6245,32363,43.740047,-79.421532,36.1
6246,32364,43.740044,-79.421616,24.3
6247,32365,43.740013,-79.421745,39.3
6248,32366,43.739983,-79.421867,37.3
6249,32367,43.739944,-79.422005,42.9
6250,32368,43.739902,-79.422157,47.1
6251,32369,43.739857,-79.422318,49.9
6252,32370,43.739822,-79.422485,50.3
6253,32371,43.739796,-79.422661,52.0
6254,32372,43.739742,-79.422852,59.3
6255,32373,43.739704,-79.42305,59.3
6256,32374,43.73967,-79.423241,56.9
6257,32375,43.739632,-79.423431,57.0
6258,32376,43.73959,-79.423615,55.8
6259,32377,43.739555,-79.423813,59.0
6260,32378,43.739513,-79.424011,59.7
6261,32379,43.739468,-79.42421,60.3
6262,32380,43.739414,-79.424408,61.2
6263,32381,43.739365,-79.424629,66.9
6264,32382,43.739311,-79.424843,65.6
6265,32383,43.739258,-79.425056,65.2
6266,32384,43.739208,-79.425278,67.3
6267,32385,43.739159,-79.425499,66.9
6268,32386,43.739105,-79.42572,67.5
6269,32387,43.739048,-79.425934,66.0
6270,32388,43.738991,-79.426163,70.1
6271,32389,43.738945,-79.426369,62.4
6272,32390,43.738888,-79.426582,65.7
6273,32391,43.738846,-79.426804,66.4
6274,32392,43.738796,-79.42701,62.9
6275,32393,43.738747,-79.427223,64.7
6276,32394,43.738693,-79.427437,65.6
6277,32395,43.738636,-79.427643,63.8
6278,32396,43.738567,-79.427849,65.7
6279,32397,43.738503,-79.428047,62.7
6280,32398,43.738434,-79.428246,63.8
6281,32399,43.738361,-79.428429,60.5
6282,32400,43.738281,-79.428619,63.6
6283,32401,43.738216,-79.428795,57.2
6284,32402,43.738148,-79.428955,53.7
6285,32403,43.738071,-79.429108,53.9
6286,32404,43.738007,-79.429253,49.1
6287,32405,43.73793,-79.429436,61.2
6288,32406,43.737877,-79.429619,57.0
6289,32407,43.737823,-79.429817,61.2
6290,32408,43.737774,-79.430016,60.8
6291,32409,43.73772,-79.430214,61.2
6292,32410,43.737652,-79.430389,57.5
6293,32418,43.7374,-79.432098,63.1
6294,32419,43.7374,-79.432098,0.0
6295,32420,43.737415,-79.432327,66.5
6296,32421,43.737415,-79.432541,61.9
6297,32422,43.737434,-79.432747,60.1
6298,32423,43.737457,-79.432899,44.9
6299,32424,43.737461,-79.433029,37.6
6300,32425,43.737469,-79.433128,28.8
6301,32426,43.737476,-79.433212,24.5
6302,32427,43.737484,-79.433296,24.5
6303,32428,43.737484,-79.433372,22.0
6304,32429,43.737495,-79.433449,22.7
6305,32430,43.737503,-79.433525,22.2
6306,32431,43.737495,-79.433617,26.8
6307,32432,43.737495,-79.433723,30.7
6308,32433,43.737488,-79.433807,24.5
6309,32434,43.737488,-79.433914,30.9
6310,32435,43.737484,-79.434006,26.7
6311,32436,43.737473,-79.43412,33.3
6312,32437,43.737457,-79.43425,38.1
6313,32438,43.737457,-79.434364,33.0
6314,32439,43.73745,-79.434509,42.0
6315,32440,43.737434,-79.434647,40.4
6316,32441,43.737411,-79.434799,44.9
6317,32442,43.737385,-79.434952,45.5
6318,32443,43.73735,-79.435112,48.4
6319,32444,43.73732,-79.43528,50.1
6320,32445,43.73727,-79.435432,48.3
6321,32446,43.737225,-79.435608,54.0
6322,32447,43.737183,-79.435783,53.3
6323,32448,43.737137,-79.435959,54.1
6324,32449,43.737087,-79.436142,56.6
6325,32450,43.737041,-79.436317,53.9
6326,32451,43.737,-79.436493,53.5
6327,32452,43.736961,-79.436684,57.4
6328,32453,43.736916,-79.436867,55.9
6329,32454,43.736874,-79.43705,55.5
6330,32455,43.736824,-79.437241,58.8
6331,32456,43.736774,-79.437431,58.5
6332,32457,43.736736,-79.437614,55.1
6333,32458,43.736694,-79.437805,57.7
6334,32459,43.736649,-79.438011,62.2
6335,32460,43.736607,-79.43821,60.0
6336,32461,43.736565,-79.438408,59.7
6337,32462,43.736519,-79.438614,62.4
6338,32463,43.736481,-79.438812,59.3
6339,32464,43.736439,-79.439034,66.4
6340,32465,43.736397,-79.43924,61.9
6341,32466,43.736351,-79.439445,62.1
6342,32467,43.736298,-79.439667,67.6
6343,32468,43.73624,-79.439873,63.9
6344,32469,43.736191,-79.440086,64.7
6345,32470,43.736156,-79.440315,67.7
6346,32471,43.736107,-79.440529,64.9
6347,32472,43.736061,-79.440758,68.7
6348,32473,43.736012,-79.440979,66.9
6349,32474,43.735966,-79.4412,66.5
6350,32475,43.73592,-79.441414,64.6
6351,32476,43.735863,-79.441643,70.1
6352,32477,43.735809,-79.441856,65.3
6353,32478,43.73576,-79.442078,67.1
6354,32479,43.735722,-79.442291,63.5
6355,32480,43.735676,-79.442505,64.6
6356,32481,43.735638,-79.442711,61.5
6357,32482,43.735592,-79.442917,62.4
6358,32483,43.735531,-79.44313,66.3
6359,32484,43.735474,-79.443344,66.0
6360,32485,43.735424,-79.443542,60.7
6361,32486,43.735371,-79.443764,67.6
6362,32487,43.735329,-79.443962,59.7
6363,32488,43.735294,-79.44416,59.0
6364,32489,43.735264,-79.444351,56.5
6365,32490,43.735226,-79.44455,59.5
6366,32491,43.73518,-79.444733,56.0
6367,32492,43.735153,-79.444939,60.6
6368,32493,43.735104,-79.445129,58.4
6369,32494,43.735062,-79.44532,57.7
6370,32495,43.735012,-79.445511,58.8
6371,32496,43.734966,-79.445694,56.0
6372,32497,43.734947,-79.445877,53.5
6373,32498,43.734924,-79.446053,51.7
6374,32499,43.734886,-79.446236,55.1
6375,32500,43.734848,-79.446411,52.9
6376,32501,43.734821,-79.446571,47.5
6377,32502,43.734791,-79.446739,50.1
6378,32503,43.734745,-79.446907,52.0
6379,32504,43.734711,-79.447083,52.7
6380,32505,43.73468,-79.44725,49.9
6381,32506,43.73465,-79.447426,52.3
6382,32507,43.734615,-79.447594,50.6
6383,32508,43.734573,-79.447769,53.3
6384,32509,43.73452,-79.447937,53.0
6385,32510,43.73447,-79.44812,56.6
6386,32511,43.734425,-79.448296,54.0
6387,32512,43.734432,-79.448456,46.4
6388,32513,43.734436,-79.448608,44.0
6389,32514,43.734428,-79.448769,46.7
6390,32515,43.734425,-79.448929,46.3
6391,32516,43.734425,-79.449089,46.3
6392,32517,43.73439,-79.449265,52.8
6393,32518,43.734386,-79.449432,48.3
6394,32519,43.734386,-79.449593,46.6
6395,32520,43.734364,-79.449768,51.4
6396,32521,43.734344,-79.449944,51.5
6397,32522,43.73436,-79.450104,46.7
6398,32523,43.734375,-79.450241,40.1
6399,32524,43.73444,-79.450523,85.6
6400,32525,43.73444,-79.450523,0.0
6401,32526,43.73439,-79.450691,52.6
6402,32527,43.734303,-79.450851,57.9
6403,32528,43.734245,-79.450996,47.9
6404,32529,43.734089,-79.451126,72.9
6405,32530,43.734005,-79.451256,50.4
6406,32531,43.733959,-79.451378,39.8
6407,32532,43.733917,-79.451477,33.2
6408,32533,43.733875,-79.451569,31.5
6409,32534,43.733845,-79.451668,31.1
6410,32535,43.733814,-79.451736,23.3
6411,32536,43.733799,-79.45179,16.7
6412,32537,43.733788,-79.451836,14.0
6413,32538,43.733768,-79.451851,9.1
6414,32539,43.733768,-79.451866,4.3
6415,32540,43.733765,-79.451874,2.6
6416,32541,43.733757,-79.451881,3.8
6417,32542,43.733768,-79.451881,4.4
6418,32543,43.733768,-79.451889,2.3
6419,32544,43.733761,-79.451897,3.6
6420,32545,43.733761,-79.451904,2.0
6421,32546,43.733757,-79.451912,2.8
6422,32547,43.733753,-79.451912,1.6
6423,32548,43.733749,-79.451912,1.6
6424,32549,43.733749,-79.451912,0.0
6425,32550,43.733749,-79.451912,0.0
6426,32551,43.733749,-79.451912,0.0
6427,32552,43.733749,-79.451912,0.0
6428,32553,43.733753,-79.451912,1.6
6429,32554,43.733749,-79.451912,1.6
6430,32555,43.733746,-79.45192,2.6
6431,32556,43.733746,-79.45192,0.0
6432,32557,43.733742,-79.45192,1.6
6433,32558,43.733734,-79.451927,3.8
6434,32559,43.733727,-79.451935,3.6
6435,32560,43.733723,-79.45195,4.6
6436,32561,43.733719,-79.451965,4.6
6437,32562,43.733719,-79.451965,0.0
6438,32563,43.733715,-79.451973,2.8
6439,32564,43.733711,-79.451973,1.6
6440,32565,43.733707,-79.451981,2.8
6441,32566,43.733707,-79.451981,0.0
6442,32567,43.733707,-79.451981,0.0
6443,32568,43.733707,-79.451981,0.0
6444,32569,43.733707,-79.451981,0.0
6445,32570,43.733707,-79.451981,0.0
6446,32571,43.733704,-79.451988,2.4
6447,32572,43.733692,-79.452026,12.0
6448,32573,43.733681,-79.45208,16.2
6449,32574,43.733669,-79.452141,18.3
6450,32575,43.73365,-79.452217,23.3
6451,32576,43.733639,-79.452309,27.0
6452,32577,43.733608,-79.452408,31.2
6453,32578,43.733585,-79.45253,36.5
6454,32579,43.733555,-79.452644,35.1
6455,32580,43.733524,-79.452789,43.7
6456,32581,43.733498,-79.452927,41.3
6457,32582,43.733467,-79.453079,45.7
6458,32583,43.73344,-79.453232,45.6
6459,32584,43.73341,-79.453377,43.6
6460,32585,43.733379,-79.453529,45.7
6461,32586,43.733345,-79.453682,46.3
6462,32587,43.733307,-79.453835,46.8
6463,32588,43.733273,-79.453987,46.0
6464,32589,43.733231,-79.454124,43.0
6465,32590,43.733196,-79.454285,48.6
6466,32591,43.733158,-79.45443,44.6
6467,32592,43.733128,-79.454567,41.4
6468,32593,43.733097,-79.454712,43.7
6469,32594,43.73307,-79.454849,41.1
6470,32595,43.73304,-79.454994,43.6
6471,32596,43.733006,-79.455154,48.2
6472,32597,43.732975,-79.455315,48.2
6473,32598,43.732944,-79.455475,47.9
6474,32599,43.73291,-79.455643,50.5
6475,32600,43.732883,-79.455788,43.3
6476,32601,43.732849,-79.455933,44.1
6477,32602,43.732803,-79.456085,47.7
6478,32603,43.732769,-79.456238,46.3
6479,32604,43.732735,-79.45639,46.0
6480,32605,43.732719,-79.456528,40.4
6481,32606,43.7327,-79.456657,38.1
6482,32607,43.732677,-79.456787,38.7
6483,32608,43.732647,-79.456894,33.2
6484,32609,43.73262,-79.457016,36.9
6485,32610,43.732586,-79.45713,35.7
6486,32611,43.732559,-79.457222,28.7
6487,32612,43.732529,-79.457321,31.1
6488,32613,43.732498,-79.457405,27.3
6489,32614,43.732475,-79.457497,28.2
6490,32615,43.732452,-79.457581,26.0
6491,32616,43.732437,-79.457672,27.0
6492,32617,43.732407,-79.457741,23.3
6493,32618,43.732391,-79.457832,27.1
6494,32619,43.732368,-79.457916,26.0
6495,32620,43.732349,-79.458008,27.7
6496,32621,43.732327,-79.458092,25.8
6497,32622,43.732319,-79.458168,22.2
6498,32623,43.732292,-79.458244,24.5
6499,32624,43.732281,-79.458328,24.7
6500,32625,43.732281,-79.458389,17.6
6501,32626,43.732265,-79.458443,16.9
6502,32627,43.732246,-79.458481,13.4
6503,32628,43.732246,-79.458496,4.3
6504,32629,43.732239,-79.458511,5.2
6505,32630,43.732239,-79.458511,0.0
6506,32631,43.732239,-79.458511,0.0
6507,32632,43.732239,-79.458519,2.3
6508,32633,43.732231,-79.458519,3.2
6509,32634,43.732224,-79.458519,2.8
6510,32635,43.732224,-79.458527,2.3
6511,32636,43.732216,-79.458527,3.2
6512,32637,43.732212,-79.458527,1.6
6513,32638,43.732212,-79.458527,0.0
6514,32639,43.732212,-79.458527,0.0
6515,32640,43.732212,-79.458527,0.0
6516,32641,43.732212,-79.458527,0.0
6517,32642,43.732212,-79.458527,0.0
6518,32643,43.732212,-79.458527,0.0
6519,32644,43.732212,-79.458527,0.0
6520,32645,43.732212,-79.458527,0.0
6521,32646,43.732212,-79.458527,0.0
6522,32647,43.732212,-79.458527,0.0
6523,32648,43.732212,-79.458527,0.0
6524,32649,43.732212,-79.458527,0.0
6525,32650,43.732212,-79.458527,0.0
6526,32651,43.732212,-79.458527,0.0
6527,32652,43.732212,-79.458519,2.3
6528,32653,43.732208,-79.458519,1.6
6529,32654,43.732204,-79.458519,1.6
6530,32655,43.732201,-79.458519,1.2
6531,32656,43.732204,-79.458511,2.6
6532,32657,43.732201,-79.458511,1.2
6533,32658,43.732197,-79.458504,2.6
6534,32659,43.732201,-79.458511,2.6
6535,32660,43.732208,-79.458511,2.8
6536,32661,43.732212,-79.458519,2.8
6537,32662,43.732208,-79.458519,1.6
6538,32663,43.732208,-79.458519,0.0
6539,32664,43.732208,-79.458527,2.3
6540,32665,43.732208,-79.458527,0.0
6541,32666,43.732208,-79.458527,0.0
6542,32667,43.732208,-79.458527,0.0
6543,32668,43.732208,-79.458527,0.0
6544,32669,43.732208,-79.458527,0.0
6545,32670,43.732216,-79.458527,3.2
6546,32671,43.732216,-79.458527,0.0
6547,32672,43.732224,-79.458527,3.2
6548,32673,43.732224,-79.458527,0.0
6549,32674,43.732208,-79.458527,6.4
6550,32675,43.732204,-79.458527,1.6
6551,32676,43.732201,-79.458527,1.2
6552,32677,43.732193,-79.458534,3.8
6553,32678,43.732185,-79.458534,3.2
6554,32679,43.732189,-79.458549,4.6
6555,32680,43.732182,-79.458588,11.6
6556,32681,43.732166,-79.458633,14.5
6557,32682,43.732159,-79.458687,15.9
6558,32683,43.732147,-79.458755,20.2
6559,32684,43.732113,-79.458809,20.7
6560,32685,43.732052,-79.458839,25.9
6561,32686,43.731987,-79.458847,26.1
6562,32687,43.731915,-79.458832,29.1
6563,32688,43.731834,-79.458809,33.1
6564,32689,43.731728,-79.458794,42.7
6565,32690,43.731621,-79.458763,43.8
6566,32691,43.731503,-79.458725,48.5
6567,32692,43.731373,-79.458687,53.2
6568,32693,43.731243,-79.458656,52.8
6569,32694,43.731091,-79.458618,61.8
6570,32695,43.730946,-79.458588,58.7
6571,32696,43.730789,-79.458549,63.9
6572,32697,43.730629,-79.458519,64.6
6573,32698,43.730469,-79.458488,64.7
6574,32699,43.730305,-79.458466,66.0
6575,32700,43.730141,-79.458435,66.3
6576,32701,43.729973,-79.458397,68.1
6577,32702,43.729813,-79.458359,65.0
6578,32703,43.729652,-79.458328,65.1
6579,32704,43.729496,-79.45829,63.4
6580,32705,43.729336,-79.45826,64.6
6581,32706,43.729183,-79.458229,61.9
6582,32707,43.729034,-79.458199,60.3
6583,32708,43.728889,-79.458168,58.7
6584,32709,43.728752,-79.458145,55.2
6585,32710,43.728607,-79.458115,58.7
6586,32711,43.728477,-79.458076,53.2
6587,32712,43.72834,-79.458046,55.5
6588,32717,43.72757,-79.45784,62.8
6589,32718,43.72757,-79.45784,0.0
6590,32719,43.727493,-79.457779,35.5
6591,32720,43.727493,-79.457779,0.0
6592,32721,43.727421,-79.457771,28.9
6593,32722,43.727375,-79.457771,18.4
6594,32723,43.727356,-79.457779,8.0
6595,32724,43.72736,-79.457794,4.6
6596,32725,43.72736,-79.457802,2.3
6597,32726,43.727352,-79.457809,3.8
6598,32727,43.727348,-79.457809,1.6
6599,32728,43.727348,-79.457809,0.0
6600,32729,43.727322,-79.457809,10.4
6601,32730,43.727306,-79.457802,6.7
6602,32731,43.727287,-79.457809,7.9
6603,32732,43.72728,-79.457809,2.8
6604,32733,43.727264,-79.457809,6.4
6605,32734,43.727253,-79.457817,5.0
6606,32735,43.727253,-79.457825,2.3
6607,32736,43.727257,-79.457825,1.6
6608,32737,43.727257,-79.457825,0.0
6609,32738,43.727257,-79.457832,2.0
6610,32739,43.727257,-79.457832,0.0
6611,32740,43.727257,-79.457832,0.0
6612,32741,43.727257,-79.457832,0.0
6613,32742,43.727257,-79.457832,0.0
6614,32743,43.727257,-79.457832,0.0
6615,32744,43.727257,-79.457832,0.0
6616,32745,43.727257,-79.457832,0.0
6617,32746,43.727257,-79.457832,0.0
6618,32747,43.727257,-79.457832,0.0
6619,32748,43.727257,-79.457832,0.0
6620,32749,43.727257,-79.457832,0.0
6621,32750,43.727257,-79.457832,0.0
6622,32751,43.727257,-79.457832,0.0
6623,32752,43.727257,-79.457832,0.0
6624,32753,43.727257,-79.457832,0.0
6625,32754,43.727257,-79.457832,0.0
6626,32755,43.727257,-79.457832,0.0
6627,32756,43.727257,-79.457832,0.0
6628,32757,43.727257,-79.457832,0.0
6629,32758,43.727257,-79.457832,0.0
6630,32759,43.727257,-79.457832,0.0
6631,32760,43.727257,-79.457832,0.0
6632,32761,43.727257,-79.457832,0.0
6633,32762,43.727257,-79.457832,0.0
6634,32763,43.727257,-79.457832,0.0
6635,32764,43.727257,-79.457832,0.0
6636,32765,43.727257,-79.457832,0.0
6637,32766,43.727257,-79.457832,0.0
6638,32767,43.727257,-79.457832,0.0
6639,32768,43.727257,-79.457832,0.0
6640,32769,43.727257,-79.457832,0.0
6641,32770,43.727257,-79.457832,0.0
6642,32771,43.727257,-79.457832,0.0
6643,32772,43.727257,-79.457832,0.0
6644,32773,43.727249,-79.457825,3.8
6645,32774,43.727242,-79.457817,3.6
6646,32775,43.727226,-79.457809,6.8
6647,32776,43.727219,-79.457809,2.8
6648,32777,43.727215,-79.457809,1.6
6649,32778,43.727207,-79.457809,3.2
6650,32779,43.727203,-79.457809,1.6
6651,32780,43.727188,-79.457802,6.3
6652,32781,43.727165,-79.457794,9.5
6653,32782,43.727135,-79.457779,12.8
6654,32783,43.727093,-79.457779,16.8
6655,32784,43.727043,-79.457764,20.5
6656,32785,43.72699,-79.457741,22.2
6657,32786,43.726925,-79.457718,26.9
6658,32787,43.726852,-79.457695,30.0
6659,32788,43.726776,-79.45768,30.7
6660,32789,43.726681,-79.457657,38.6
6661,32790,43.726582,-79.457619,41.1
6662,32791,43.726475,-79.457588,43.8
6663,32792,43.726372,-79.45755,42.7
6664,32793,43.726269,-79.45752,42.1
6665,32794,43.726158,-79.457489,45.3
6666,32795,43.72604,-79.457458,48.1
6667,32796,43.725925,-79.457443,46.2
6668,32797,43.725807,-79.45742,47.7
6669,32798,43.725712,-79.45739,39.0
6670,32799,43.725613,-79.457367,40.2
6671,32800,43.725517,-79.457344,39.0
6672,32801,43.72541,-79.457321,43.3
6673,32802,43.725311,-79.457291,40.6
6674,32803,43.725204,-79.457275,43.1
6675,32804,43.725094,-79.457237,45.4
6676,32805,43.724983,-79.457207,45.3
6677,32806,43.724873,-79.457191,44.3
6678,32807,43.724758,-79.457161,46.8
6679,32808,43.72464,-79.45713,48.1
6680,32809,43.724529,-79.457092,45.8
6681,32810,43.724407,-79.457054,50.1
6682,32811,43.724293,-79.457031,46.1
6683,32812,43.724171,-79.457001,49.6
6684,32813,43.724052,-79.45697,48.5
6685,32814,43.723927,-79.45694,50.8
6686,32815,43.723801,-79.456902,51.6
6687,32816,43.723675,-79.456879,50.9
6688,32817,43.72356,-79.456848,46.9
6689,32818,43.723438,-79.456825,49.3
6690,32819,43.723324,-79.456802,46.1
6691,32820,43.723194,-79.456764,53.2
6692,32821,43.723072,-79.456741,49.3
6693,32822,43.722958,-79.456718,46.1
6694,32823,43.722839,-79.456703,47.8
6695,32824,43.722729,-79.45668,44.5
6696,32825,43.722633,-79.456657,39.0
6697,32826,43.722527,-79.456642,42.7
6698,32827,43.722408,-79.456612,48.4
6699,32828,43.722286,-79.456581,49.7
6700,32829,43.722168,-79.456558,47.7
6701,32830,43.72205,-79.456528,48.0
6702,32831,43.721931,-79.456497,48.5
6703,32832,43.72184,-79.456474,37.0
6704,32833,43.721729,-79.456451,44.9
6705,32834,43.721622,-79.456413,44.2
6706,32835,43.721516,-79.456398,42.7
6707,32836,43.721409,-79.456375,43.3
6708,32837,43.721294,-79.456352,46.5
6709,32838,43.721199,-79.456329,38.6
6710,32839,43.721104,-79.456314,38.3
6711,32840,43.721008,-79.456291,39.0
6712,32841,43.720905,-79.456268,41.8
6713,32842,43.720802,-79.456253,41.5
6714,32843,43.720715,-79.456253,34.8
6715,32844,43.72065,-79.456253,26.0
6716,32845,43.7206,-79.456253,20.0
6717,32846,43.720573,-79.456253,10.8
6718,32847,43.720551,-79.456253,8.8
6719,32848,43.720531,-79.456253,8.0
6720,32849,43.720539,-79.456253,3.2
6721,32850,43.72052,-79.456261,8.0
6722,32851,43.720493,-79.456268,11.0
6723,32852,43.720467,-79.456268,10.4
6724,32853,43.720474,-79.456261,3.5
6725,32854,43.720467,-79.456261,2.8
6726,32855,43.720455,-79.456284,8.2
6727,32856,43.72044,-79.456314,10.6
6728,32857,43.720432,-79.456345,9.5
6729,32858,43.720425,-79.45639,13.3
6730,32859,43.720409,-79.456451,18.8
6731,32860,43.720402,-79.456505,15.9
6732,32861,43.72039,-79.456558,16.1
6733,32862,43.720379,-79.456612,16.2
6734,32863,43.720367,-79.456673,18.3
6735,32864,43.720383,-79.456718,14.5
6736,32865,43.720364,-79.456764,15.3
6737,32866,43.720356,-79.456841,22.5
6738,32867,43.720329,-79.456909,22.4
6739,32868,43.720318,-79.456993,24.7
6740,32869,43.720295,-79.457047,18.1
6741,32870,43.720276,-79.457085,13.4
6742,32871,43.720249,-79.45713,16.9
6743,32872,43.720219,-79.457146,12.9
6744,32873,43.720196,-79.457138,9.5
6745,32874,43.720184,-79.45713,5.3
6746,32875,43.720188,-79.457115,4.6
6747,32876,43.720188,-79.457085,8.7
6748,32877,43.720184,-79.457069,4.9
6749,32878,43.720173,-79.457069,4.4
6750,32879,43.720173,-79.457077,2.3
6751,32880,43.720173,-79.457077,0.0
6752,32881,43.720173,-79.457085,2.3
6753,32882,43.720169,-79.457092,2.6
6754,32883,43.720161,-79.457092,3.2
6755,32884,43.720158,-79.457108,4.8
6756,32885,43.720135,-79.457108,9.2
6757,32886,43.720142,-79.457085,7.2
6758,32887,43.720154,-79.457108,8.2
6759,32888,43.720169,-79.457115,6.3
6760,32889,43.7202,-79.457092,14.1
6761,32890,43.720215,-79.457085,6.3
6762,32891,43.720242,-79.457062,12.7
6763,32892,43.720264,-79.457024,14.1
6764,32893,43.720291,-79.45697,19.0
6765,32894,43.720337,-79.456894,28.7
6766,32895,43.720367,-79.45681,27.1
6767,32896,43.720387,-79.456711,29.7
6768,32897,43.720375,-79.456612,29.0
6769,32898,43.72039,-79.45652,27.3
6770,32899,43.720402,-79.456451,20.5
6771,32900,43.72039,-79.456383,20.3
6772,32901,43.72039,-79.456337,13.3
6773,32902,43.720379,-79.456322,6.2
6774,32903,43.72036,-79.456306,8.9
6775,32904,43.72036,-79.456306,0.0
6776,32905,43.720364,-79.456306,1.6
6777,32906,43.720367,-79.456306,1.2
6778,32907,43.720367,-79.456299,2.0
6779,32908,43.720367,-79.456299,0.0
6780,32909,43.720371,-79.456299,1.6
6781,32910,43.720371,-79.456299,0.0
6782,32911,43.720375,-79.456299,1.6
6783,32912,43.720375,-79.456299,0.0
6784,32913,43.720375,-79.456299,0.0
6785,32914,43.720375,-79.456299,0.0
6786,32915,43.720375,-79.456299,0.0
6787,32916,43.720375,-79.456299,0.0
6788,32917,43.720375,-79.456299,0.0
6789,32918,43.720375,-79.456299,0.0
6790,32919,43.720375,-79.456299,0.0
6791,32920,43.720375,-79.456299,0.0
6792,32921,43.720367,-79.456284,5.4
6793,32922,43.720383,-79.456291,6.7
6794,32923,43.720387,-79.456291,1.6
6795,32924,43.72039,-79.456291,1.2
6796,32925,43.720394,-79.456299,2.8
6797,32926,43.720402,-79.456299,3.2
6798,32927,43.720402,-79.456306,2.0
6799,32928,43.720406,-79.456314,2.8
6800,32929,43.720409,-79.456314,1.2
6801,32930,43.720409,-79.456322,2.3
6802,32931,43.720425,-79.456337,7.7
6803,32932,43.720421,-79.456345,2.8
6804,32933,43.720425,-79.456352,2.6
6805,32934,43.720425,-79.45636,2.3
6806,32935,43.720421,-79.45636,1.6
6807,32936,43.720417,-79.45636,1.6
6808,32937,43.720417,-79.45636,0.0
6809,32938,43.720417,-79.45636,0.0
6810,32939,43.720417,-79.45636,0.0
6811,32940,43.720417,-79.45636,0.0
6812,32941,43.720417,-79.45636,0.0
6813,32942,43.720417,-79.45636,0.0
6814,32943,43.720417,-79.45636,0.0
6815,32944,43.720417,-79.45636,0.0
6816,32945,43.720417,-79.45636,0.0
6817,32946,43.720417,-79.45636,0.0
6818,32947,43.720409,-79.456345,5.4
6819,32948,43.720409,-79.456345,0.0
6820,32949,43.720406,-79.456337,2.6
6821,32950,43.72039,-79.456337,6.4
6822,32951,43.720383,-79.456329,3.6
6823,32952,43.720367,-79.456329,6.4
6824,32953,43.720364,-79.456322,2.4
6825,32954,43.720367,-79.456329,2.4
6826,32955,43.720367,-79.456329,0.0
6827,32956,43.720364,-79.456329,1.2
6828,32957,43.72036,-79.456322,2.6
6829,32958,43.720345,-79.456322,6.0
6830,32959,43.720337,-79.456322,3.2
6831,32960,43.720333,-79.456314,2.8
6832,32961,43.720329,-79.456314,1.6
6833,32962,43.720329,-79.456306,2.3
6834,32963,43.720325,-79.456268,11.1
6835,32964,43.720345,-79.45623,13.6
6836,32965,43.720352,-79.456192,11.3
6837,32966,43.720375,-79.456169,11.4
6838,32967,43.720432,-79.456161,22.9
6839,32968,43.72049,-79.456154,23.3
6840,32969,43.72057,-79.456154,32.0
6841,32970,43.720669,-79.456177,40.2
6842,32971,43.720757,-79.4562,35.8
6843,32972,43.720844,-79.456215,35.1
6844,32973,43.720928,-79.45623,33.9
6845,32974,43.721016,-79.456245,35.5
6846,32975,43.721096,-79.456268,32.7
6847,32976,43.721169,-79.456291,30.0
6848,32977,43.721233,-79.456299,25.7
6849,32978,43.721279,-79.456314,18.9
6850,32979,43.721321,-79.456314,16.8
6851,32980,43.721348,-79.456322,11.1
6852,32981,43.721367,-79.456322,7.6
6853,32982,43.721382,-79.456329,6.3
6854,32983,43.72139,-79.456329,3.2
6855,32984,43.721394,-79.456329,1.6
6856,32985,43.721401,-79.456329,2.8
6857,32986,43.721405,-79.456329,1.6
6858,32987,43.721409,-79.456329,1.6
6859,32988,43.721409,-79.456329,0.0
6860,32989,43.721416,-79.456329,2.8
6861,32990,43.721416,-79.456329,0.0
6862,32991,43.721416,-79.456329,0.0
6863,32992,43.721416,-79.456329,0.0
6864,32993,43.721416,-79.456329,0.0
6865,32994,43.721416,-79.456329,0.0
6866,32995,43.72142,-79.456337,2.8
6867,32996,43.721447,-79.456345,11.1
6868,32997,43.721481,-79.456352,13.8
6869,32998,43.721527,-79.45636,18.6
6870,32999,43.721588,-79.456383,25.3
6871,33000,43.721668,-79.456406,32.7
6872,33001,43.721752,-79.456451,36.1
6873,33002,43.721848,-79.456474,39.0
6874,33003,43.721943,-79.45649,38.3
6875,33004,43.72205,-79.456512,43.3
6876,33005,43.72216,-79.456528,44.3
6877,33006,43.722279,-79.456551,48.1
6878,33007,43.722404,-79.456573,50.4
6879,33008,43.722527,-79.456596,49.7
6880,33009,43.722664,-79.456635,56.0
6881,33010,43.722809,-79.45665,58.2
6882,33011,43.722958,-79.456688,60.6
6883,33012,43.723106,-79.456718,59.9
6884,33013,43.723251,-79.456749,58.7
6885,33014,43.7234,-79.456795,61.1
6886,33015,43.723553,-79.456818,61.6
6887,33016,43.723701,-79.456848,59.9
6888,33017,43.723846,-79.456879,58.7
6889,33018,43.723969,-79.456894,49.4
6890,33019,43.72411,-79.456917,56.8
6891,33020,43.724247,-79.456955,55.9
6892,33021,43.724361,-79.456978,46.1
6893,33022,43.724487,-79.457008,51.2
6894,33023,43.724613,-79.457031,50.9
6895,33024,43.72472,-79.457047,43.1
6896,33025,43.724812,-79.457069,37.4
6897,33026,43.724888,-79.457085,30.8
6898,33027,43.72496,-79.457108,29.6
6899,33028,43.725025,-79.457123,26.4
6900,33029,43.725063,-79.45713,15.3
6901,33030,43.725086,-79.45713,9.2
6902,33031,43.725117,-79.457138,12.6
6903,33032,43.725128,-79.45713,5.0
6904,33033,43.725143,-79.45713,6.0
6905,33034,43.725159,-79.45713,6.4
6906,33035,43.725163,-79.45713,1.6
6907,33036,43.725159,-79.45713,1.6
6908,33037,43.725159,-79.45713,0.0
6909,33038,43.725151,-79.457123,3.8
6910,33039,43.725143,-79.457123,3.2
6911,33040,43.725143,-79.457123,0.0
6912,33041,43.725151,-79.457123,3.2
6913,33042,43.725143,-79.457115,4.0
6914,33043,43.725143,-79.457115,0.0
6915,33044,43.72514,-79.457115,1.2
6916,33045,43.725132,-79.457115,3.2
6917,33046,43.725128,-79.457115,1.6
6918,33047,43.725128,-79.457115,0.0
6919,33048,43.725128,-79.457115,0.0
6920,33049,43.725128,-79.457108,2.0
6921,33050,43.725124,-79.457108,1.6
6922,33051,43.725124,-79.457108,0.0
6923,33052,43.725124,-79.457108,0.0
6924,33053,43.725124,-79.457108,0.0
6925,33054,43.725124,-79.457108,0.0
6926,33055,43.725124,-79.457108,0.0
6927,33056,43.72514,-79.457108,6.4
6928,33057,43.72517,-79.457115,12.2
6929,33058,43.725231,-79.457123,24.5
6930,33059,43.725307,-79.457138,30.7
6931,33060,43.725407,-79.457161,40.6
6932,33061,43.725521,-79.457191,46.5
6933,33062,43.72562,-79.457214,40.2
6934,33063,43.725735,-79.457245,46.9
6935,33064,43.725864,-79.457283,52.8
6936,33065,43.726006,-79.457298,57.0
6937,33066,43.726128,-79.457321,49.3
6938,33067,43.726265,-79.457344,55.2
6939,33068,43.726391,-79.457367,50.9
6940,33069,43.726517,-79.45739,50.9
6941,33070,43.726635,-79.45742,48.0
6942,33071,43.726757,-79.457451,49.7
6943,33072,43.726875,-79.457481,48.0
6944,33073,43.727001,-79.457512,51.2
6945,33074,43.727119,-79.457527,47.4
6946,33075,43.727245,-79.457558,51.2
6947,33076,43.727371,-79.457588,51.2
6948,33077,43.727509,-79.457626,56.3
6949,33078,43.727646,-79.457664,55.9
6950,33079,43.727776,-79.457718,54.3
6951,33080,43.727928,-79.457832,69.2
6952,33081,43.728081,-79.457993,76.9
6953,33085,43.728756,-79.458221,69.5
6954,33086,43.728756,-79.458221,0.0
6955,33087,43.72887,-79.458183,46.9
6956,33088,43.728973,-79.458138,43.2
6957,33089,43.729076,-79.458099,42.7
6958,33090,43.72916,-79.458015,41.5
6959,33091,43.729248,-79.457932,42.6
6960,33092,43.729309,-79.457809,43.2
6961,33093,43.729359,-79.457687,40.6
6962,33094,43.729393,-79.457558,39.7
6963,33095,43.729397,-79.457436,35.3
6964,33096,43.729366,-79.457291,43.7
6965,33097,43.729328,-79.457169,38.4
6966,33098,43.729267,-79.457054,41.3
6967,33099,43.729191,-79.456978,37.5
6968,33100,43.729092,-79.456924,42.6
6969,33101,43.728996,-79.456902,39.0
6970,33102,43.728893,-79.456924,41.7
6971,33103,43.728794,-79.456978,42.6
6972,33104,43.728706,-79.457077,45.4
6973,33105,43.728642,-79.457199,43.6
6974,33106,43.728584,-79.457352,50.0
6975,33107,43.728531,-79.457512,50.9
6976,33108,43.728481,-79.45768,52.6
6977,33109,43.728439,-79.45787,57.5
6978,33110,43.728382,-79.458069,61.9
6979,33111,43.728333,-79.458282,64.7
6980,33112,43.728279,-79.458504,67.8
6981,33113,43.728222,-79.458733,70.1
6982,33114,43.728165,-79.458977,74.2
6983,33115,43.728096,-79.459229,78.0
6984,33116,43.728031,-79.459496,81.5
6985,33117,43.727966,-79.459778,85.6
6986,33118,43.727901,-79.460075,89.8
6987,33119,43.727829,-79.460358,86.8
6988,33120,43.72776,-79.460678,96.6
6989,33121,43.727688,-79.460999,97.2
6990,33122,43.7276,-79.461334,103.1
6991,33123,43.72752,-79.46167,102.3
6992,33124,43.72744,-79.462006,102.3
6993,33125,43.727356,-79.462357,107.0
6994,33126,43.727264,-79.462723,112.1
6995,33127,43.727177,-79.463089,111.5
6996,33128,43.727093,-79.463455,111.1
6997,33129,43.727009,-79.463837,115.5
6998,33130,43.726925,-79.464226,117.4
6999,33131,43.726841,-79.464607,115.2
7000,33132,43.726749,-79.464996,118.4
7001,33133,43.726662,-79.465401,122.2
7002,33134,43.72657,-79.46579,118.4
7003,33135,43.726486,-79.466187,119.7
7004,33136,43.726398,-79.466576,117.9
7005,33137,43.726311,-79.466972,119.7
7006,33138,43.726223,-79.467384,124.3
7007,33139,43.726131,-79.467789,122.8
7008,33140,43.726044,-79.468201,124.2
7009,33141,43.725952,-79.468605,122.5
7010,33142,43.725853,-79.469009,123.4
7011,33143,43.725761,-79.469414,122.8
7012,33144,43.725662,-79.46981,121.2
7013,33145,43.725574,-79.4702,118.2
7014,33146,43.725491,-79.470589,117.3
7015,33147,43.725407,-79.470978,117.4
7016,33148,43.725315,-79.471375,120.6
7017,33149,43.725212,-79.471764,119.8
7018,33150,43.725121,-79.472153,118.3
7019,33151,43.725029,-79.472527,114.3
7020,33152,43.724934,-79.472916,118.8
7021,33153,43.724838,-79.473297,116.7
7022,33154,43.724747,-79.473686,118.3
7023,33155,43.724651,-79.474083,121.1
7024,33156,43.72456,-79.474464,116.1
7025,33157,43.724464,-79.474846,117.0
7026,33158,43.724373,-79.475235,118.3
7027,33159,43.724281,-79.475616,116.2
7028,33160,43.724182,-79.476006,119.6
7029,33161,43.724083,-79.476402,121.2
7030,33162,43.723984,-79.476799,121.5
7031,33163,43.723888,-79.477203,123.0
7032,33164,43.723793,-79.4776,121.0
7033,33165,43.723686,-79.477997,122.6
7034,33166,43.723595,-79.478409,124.6
7035,33167,43.723495,-79.478806,121.6
7036,33168,43.723404,-79.47921,122.4
7037,33169,43.723312,-79.479607,120.6
7038,33170,43.723213,-79.480011,123.4
7039,33171,43.72311,-79.480415,123.9
7040,33172,43.723007,-79.480827,126.1
7041,33173,43.722908,-79.481232,123.7
7042,33174,43.722805,-79.481644,126.1
7043,33175,43.72271,-79.48204,120.7
7044,33176,43.722607,-79.482437,122.0
7045,33177,43.722515,-79.482857,127.0
7046,33178,43.722412,-79.483261,123.9
7047,33179,43.722317,-79.483673,125.1
7048,33180,43.722214,-79.484077,123.9
7049,33181,43.722111,-79.484497,128.3
7050,33182,43.722008,-79.484917,128.3
7051,33183,43.721909,-79.485329,125.6
7052,33184,43.721806,-79.485748,128.0
7053,33185,43.721703,-79.486168,128.3
7054,33186,43.721603,-79.486588,127.9
7055,33187,43.721497,-79.487,126.5
7056,33188,43.721401,-79.487411,125.0
7057,33189,43.721294,-79.487816,124.8
7058,33190,43.721191,-79.488235,128.0
7059,33191,43.721088,-79.48864,124.2
7060,33192,43.720997,-79.489037,120.5
7061,33193,43.720905,-79.489449,124.8
7062,33194,43.720802,-79.489845,121.8
7063,33195,43.720707,-79.490257,125.1
7064,33196,43.720627,-79.490662,121.5
7065,33197,43.720547,-79.491081,125.4
7066,33198,43.720463,-79.491486,121.9
7067,33199,43.72039,-79.491905,124.7
7068,33200,43.720322,-79.49231,120.3
7069,33201,43.720253,-79.492706,117.8
7070,33202,43.720192,-79.493095,115.2
7071,33203,43.720131,-79.493484,115.2
7072,33204,43.720104,-79.493881,115.4
7073,33205,43.720085,-79.494255,108.5
7074,33206,43.72007,-79.494659,117.0
7075,33207,43.720051,-79.495049,113.1
7076,33208,43.720039,-79.495438,112.6
7077,33209,43.720032,-79.495811,107.9
7078,33210,43.720013,-79.49617,104.1
7079,33211,43.720001,-79.496498,95.0
7080,33212,43.719955,-79.496819,94.7
7081,33213,43.719894,-79.497147,98.0
7082,33214,43.719837,-79.497459,93.1
7083,33215,43.719753,-79.497765,94.7
7084,33216,43.719658,-79.49807,96.1
7085,33217,43.719582,-79.498367,91.2
7086,33218,43.719494,-79.498688,99.3
7087,33219,43.719372,-79.499001,102.9
7088,33220,43.719273,-79.499329,102.8
7089,33221,43.719158,-79.499649,103.4
7090,33222,43.719059,-79.499985,105.0
7091,33223,43.718964,-79.500328,106.3
7092,33224,43.718868,-79.500687,110.7
7093,33225,43.718777,-79.501045,109.8
7094,33226,43.718697,-79.501419,112.8
7095,33227,43.718632,-79.501778,107.1
7096,33228,43.718563,-79.502151,111.4
7097,33229,43.718494,-79.502525,111.7
7098,33230,43.718433,-79.502914,115.2
7099,33231,43.718365,-79.503296,113.8
7100,33232,43.718304,-79.503685,115.2
7101,33233,43.718258,-79.504089,118.3
7102,33234,43.718208,-79.504486,116.6
7103,33235,43.718151,-79.504883,117.1
7104,33236,43.718098,-79.505287,118.8
7105,33237,43.718044,-79.505692,119.2
7106,33238,43.717983,-79.506088,117.1
7107,33239,43.71793,-79.5065,121.1
7108,33240,43.717873,-79.506912,121.4
7109,33241,43.717815,-79.507317,119.5
7110,33242,43.717751,-79.507729,121.9
7111,33243,43.717709,-79.508133,118.1
7112,33244,43.717655,-79.508553,123.4
7113,33245,43.717609,-79.508957,118.3
7114,33246,43.717564,-79.509369,120.6
7115,33247,43.717522,-79.509773,118.1
7116,33248,43.717476,-79.510201,125.2
7117,33249,43.717426,-79.510605,118.6
7118,33250,43.717384,-79.511032,124.7
7119,33251,43.717327,-79.511452,123.6
7120,33252,43.717281,-79.511856,118.3
7121,33253,43.717239,-79.512283,124.7
7122,33254,43.717197,-79.512703,122.7
7123,33255,43.717144,-79.513123,123.4
7124,33256,43.717094,-79.513535,120.9
7125,33257,43.717052,-79.513962,124.7
7126,33258,43.71701,-79.514366,118.1
7127,33259,43.716972,-79.514793,124.5
7128,33260,43.716927,-79.515198,118.6
7129,33261,43.716888,-79.515602,117.9
7130,33262,43.716843,-79.516006,118.3
7131,33263,43.716808,-79.516411,118.0
7132,33264,43.71677,-79.516815,117.9
7133,33265,43.716747,-79.51722,117.5
7134,33266,43.716705,-79.517616,115.8
7135,33267,43.716663,-79.518013,116.1
7136,33268,43.716637,-79.518417,117.3
7137,33269,43.716614,-79.518814,115.2
7138,33270,43.716576,-79.519218,117.9
7139,33271,43.716545,-79.519615,115.5
7140,33272,43.716499,-79.52002,118.6
7141,33273,43.71645,-79.520401,112.0
7142,33274,43.716396,-79.52079,114.6
7143,33275,43.716354,-79.521194,118.1
7144,33276,43.716312,-79.521591,116.1
7145,33277,43.716267,-79.522003,120.6
7146,33278,43.716225,-79.5224,116.1
7147,33279,43.716183,-79.522804,118.1
7148,33280,43.716141,-79.523216,120.4
7149,33281,43.716091,-79.523613,116.6
7150,33282,43.71608,-79.524025,119.3
7151,33283,43.716026,-79.524429,118.9
7152,33284,43.715984,-79.524826,116.1
7153,33285,43.715927,-79.525223,117.1
7154,33286,43.715851,-79.52562,118.8
7155,33287,43.715775,-79.526016,118.5
7156,33288,43.715729,-79.526405,114.0
7157,33289,43.715656,-79.526802,118.5
7158,33290,43.715569,-79.527191,117.8
7159,33291,43.715477,-79.52758,118.4
7160,33292,43.715389,-79.527969,117.9
7161,33293,43.715302,-79.528336,111.7
7162,33294,43.715199,-79.528717,117.7
7163,33295,43.715107,-79.529099,116.5
7164,33296,43.715019,-79.529465,111.6
7165,33297,43.714928,-79.529846,116.1
7166,33298,43.71484,-79.530212,111.6
7167,33299,43.714745,-79.530594,116.9
7168,33300,43.714657,-79.530968,113.8
7169,33301,43.714569,-79.531342,113.8
7170,33302,43.714481,-79.531723,115.7
7171,33303,43.714394,-79.532097,113.7
7172,33304,43.714294,-79.532494,121.6
7173,33305,43.714207,-79.53289,119.8
7174,33306,43.714115,-79.533287,120.6
7175,33307,43.71402,-79.533691,122.9
7176,33308,43.713921,-79.534096,123.7
7177,33309,43.713829,-79.534492,120.4
7178,33310,43.71373,-79.534912,127.8
7179,33311,43.713631,-79.535316,123.4
7180,33312,43.713528,-79.535736,128.3
7181,33313,43.713432,-79.53614,123.0
7182,33314,43.713345,-79.536552,124.2
7183,33315,43.71328,-79.536957,120.0
7184,33316,43.713184,-79.537369,125.2
7185,33317,43.713085,-79.537773,123.4
7186,33318,43.712982,-79.538185,126.1
7187,33319,43.712883,-79.538582,121.5
7188,33320,43.712788,-79.538986,122.9
7189,33321,43.712688,-79.539375,119.5
7190,33322,43.712593,-79.539764,118.8
7191,33323,43.712498,-79.540154,119.1
7192,33324,43.712406,-79.54052,112.1
7193,33325,43.712318,-79.540886,111.6
7194,33326,43.712219,-79.541245,111.2
7195,33327,43.712128,-79.541603,109.8
7196,33328,43.71204,-79.541939,103.4
7197,33329,43.711956,-79.542282,104.8
7198,33330,43.711872,-79.54261,100.7
7199,33331,43.711796,-79.542938,99.7
7200,33332,43.711716,-79.543266,100.2
7201,33333,43.711636,-79.543594,100.2
7202,33334,43.711552,-79.543915,98.8
7203,33335,43.711475,-79.544243,99.8
7204,33336,43.711391,-79.544571,100.7
7205,33337,43.711308,-79.544899,100.6
7206,33338,43.711224,-79.545235,102.9
7207,33339,43.711136,-79.54557,103.1
7208,33340,43.711063,-79.545914,103.7
7209,33341,43.710983,-79.546249,102.1
7210,33342,43.710907,-79.546593,104.1
7211,33343,43.710823,-79.546951,108.9
7212,33344,43.710739,-79.547295,105.1
7213,33345,43.710648,-79.547661,112.0
7214,33346,43.71056,-79.548027,111.6
7215,33347,43.710472,-79.548401,113.8
7216,33348,43.7104,-79.548767,109.8
7217,33349,43.710312,-79.549141,113.8
7218,33350,43.710224,-79.54953,117.9
7219,33351,43.710136,-79.549904,113.8
7220,33352,43.710049,-79.55027,111.5
7221,33353,43.709965,-79.550636,111.1
7222,33354,43.709881,-79.55101,113.3
7223,33355,43.709801,-79.551369,108.7
7224,33356,43.709709,-79.551727,109.9
7225,33357,43.709606,-79.552078,109.6
7226,33358,43.709492,-79.552414,107.4
7227,33359,43.709393,-79.552742,102.9
7228,33360,43.709255,-79.553078,111.8
7229,33361,43.709118,-79.553398,107.6
7230,33362,43.708969,-79.553703,106.5
7231,33363,43.708813,-79.554008,108.1
7232,33364,43.708649,-79.554298,106.5
7233,33365,43.708466,-79.554573,108.2
7234,33366,43.708263,-79.554855,115.2
7235,33367,43.708073,-79.555122,108.4
7236,33368,43.707863,-79.555367,110.0
7237,33369,43.707649,-79.555611,111.0
7238,33370,43.707439,-79.555832,105.6
7239,33371,43.707226,-79.556038,104.0
7240,33372,43.707008,-79.556252,107.0
7241,33373,43.706791,-79.556442,102.8
7242,33374,43.70657,-79.556641,105.6
7243,33375,43.706352,-79.556816,100.9
7244,33376,43.706135,-79.556999,101.7
7245,33377,43.705921,-79.55719,101.9
7246,33378,43.705696,-79.557373,104.5
7247,33379,43.705479,-79.557571,104.1
7248,33380,43.705265,-79.557762,101.9
7249,33381,43.70504,-79.557938,103.5
7250,33382,43.7048,-79.558151,114.1
7251,33383,43.704567,-79.558334,107.3
7252,33384,43.704334,-79.558525,108.4
7253,33385,43.704105,-79.558739,110.6
7254,33386,43.703865,-79.558945,113.1
7255,33387,43.703629,-79.559158,112.8
7256,33388,43.703384,-79.559364,114.8
7257,33389,43.703148,-79.559586,114.2
7258,33390,43.7029,-79.559799,116.9
7259,33391,43.702652,-79.560013,117.0
7260,33392,43.702408,-79.560234,116.7
7261,33393,43.70216,-79.560455,118.1
7262,33394,43.70192,-79.560661,113.1
7263,33395,43.701672,-79.56089,119.4
7264,33396,43.701427,-79.561104,116.0
7265,33397,43.70118,-79.561317,116.5
7266,33398,43.700935,-79.561531,116.0
7267,33399,43.700691,-79.561752,116.8
7268,33400,43.700447,-79.561958,114.4
7269,33401,43.700199,-79.56218,118.3
7270,33402,43.699947,-79.562401,119.4
7271,33403,43.699699,-79.562607,115.8
7272,33404,43.699448,-79.562843,121.5
7273,33405,43.699203,-79.563057,116.0
7274,33406,43.698967,-79.563278,114.1
7275,33407,43.698723,-79.563499,116.8
7276,33408,43.698479,-79.563713,115.7
7277,33409,43.698238,-79.563919,113.4
7278,33410,43.698002,-79.564125,111.7
7279,33411,43.697758,-79.564346,116.8
7280,33412,43.697517,-79.56456,114.6
7281,33413,43.697273,-79.564789,118.0
7282,33414,43.697029,-79.565002,115.5
7283,33415,43.696781,-79.565224,118.3
7284,33416,43.696537,-79.565445,116.8
7285,33417,43.696293,-79.565674,118.0
7286,33418,43.696056,-79.56588,112.1
7287,33419,43.69582,-79.566086,111.7
7288,33420,43.695583,-79.566292,112.1
7289,33421,43.695347,-79.566498,111.7
7290,33422,43.695107,-79.566711,114.2
7291,33423,43.694874,-79.566917,110.7
7292,33424,43.694637,-79.567131,113.3
7293,33425,43.694397,-79.567352,115.4
7294,33426,43.694157,-79.567558,113.1
7295,33427,43.693913,-79.567764,114.4
7296,33428,43.693668,-79.567986,117.2
7297,33429,43.693417,-79.568192,116.8
7298,33430,43.693165,-79.568405,118.2
7299,33431,43.692913,-79.568611,117.2
7300,33432,43.692642,-79.56881,122.8
7301,33433,43.692375,-79.569,120.2
7302,33434,43.692116,-79.569191,117.5
7303,33435,43.691849,-79.569366,118.3
7304,33436,43.691589,-79.569534,114.9
7305,33437,43.691326,-79.569717,117.9
7306,33438,43.691078,-79.569862,107.8
7307,33439,43.690819,-79.57003,114.5
7308,33440,43.690559,-79.57019,113.9
7309,33441,43.690292,-79.570358,117.4
7310,33442,43.690018,-79.570518,119.1
7311,33443,43.689739,-79.570679,121.0
7312,33444,43.689465,-79.570847,120.0
7313,33445,43.689198,-79.571007,116.5
7314,33446,43.688923,-79.571167,119.4
7315,33447,43.688648,-79.571335,120.3
7316,33448,43.688377,-79.571503,118.9
7317,33449,43.688103,-79.571671,120.0
7318,33450,43.687828,-79.571831,119.4
7319,33451,43.687553,-79.571999,120.3
7320,33452,43.687271,-79.572166,122.8
7321,33453,43.686985,-79.572334,124.4
7322,33454,43.686691,-79.57251,128.2
7323,33455,43.686405,-79.572685,125.2
7324,33456,43.686115,-79.572861,126.8
7325,33457,43.685825,-79.573036,126.7
7326,33458,43.68552,-79.573227,134.0
7327,33459,43.68523,-79.573402,126.7
7328,33460,43.684944,-79.57357,124.4
7329,33461,43.684647,-79.573753,130.2
7330,33462,43.684361,-79.573921,124.4
7331,33463,43.684055,-79.574097,132.7
7332,33464,43.683765,-79.57428,127.6
7333,33465,43.683464,-79.574448,129.9
7334,33466,43.683167,-79.574608,127.6
7335,33467,43.682865,-79.57476,128.7
7336,33468,43.68256,-79.574913,129.9
7337,33469,43.682255,-79.575066,129.9
7338,33470,43.681957,-79.575226,128.0
7339,33471,43.681648,-79.575378,131.3
7340,33472,43.681343,-79.575539,130.7
7341,33473,43.681042,-79.575699,129.1
7342,33474,43.680733,-79.575859,132.1
7343,33475,43.680428,-79.576019,130.6
7344,33476,43.680126,-79.57618,129.6
7345,33477,43.67984,-79.576317,121.2
7346,33478,43.679543,-79.576462,126.1
7347,33479,43.679253,-79.576607,123.4
7348,33480,43.678959,-79.576759,125.6
7349,33481,43.678661,-79.576912,127.2
7350,33482,43.678368,-79.577057,124.6
7351,33483,43.678074,-79.577209,125.6
7352,33484,43.677773,-79.577362,128.4
7353,33485,43.677486,-79.577507,122.3
7354,33486,43.6772,-79.577644,121.2
7355,33487,43.67691,-79.577797,124.3
7356,33488,43.676628,-79.577934,119.7
7357,33489,43.676346,-79.578094,122.0
7358,33490,43.676067,-79.578247,120.1
7359,33491,43.675793,-79.578415,120.0
7360,33492,43.67551,-79.578598,125.1
7361,33493,43.675243,-79.578796,121.3
7362,33494,43.67498,-79.57901,122.2
7363,33495,43.674713,-79.579239,125.8
7364,33496,43.674438,-79.579445,125.2
7365,33497,43.674175,-79.579697,128.1
7366,33498,43.673927,-79.579964,125.8
7367,33499,43.673664,-79.580246,133.2
7368,33500,43.673409,-79.580574,139.4
7369,33501,43.673161,-79.580872,131.5
7370,33502,43.67292,-79.581161,127.7
7371,33503,43.672684,-79.581459,127.9
7372,33504,43.672447,-79.581764,129.6
7373,33505,43.672241,-79.582077,122.5
7374,33506,43.672009,-79.582397,131.2
7375,33507,43.671783,-79.58271,128.1
7376,33508,43.67157,-79.583046,129.4
7377,33509,43.671391,-79.583397,124.3
7378,33510,43.671242,-79.583763,121.6
7379,33511,43.671055,-79.584129,129.7
7380,33512,43.670883,-79.584549,139.7
7381,33513,43.670719,-79.584923,126.6
7382,33514,43.670563,-79.585304,126.8
7383,33515,43.670406,-79.585678,125.2
7384,33516,43.670254,-79.58609,133.9
7385,33517,43.670113,-79.586479,126.0
7386,33518,43.669968,-79.586853,122.9
7387,33519,43.669819,-79.587242,127.5
7388,33520,43.669647,-79.587639,134.0
7389,33521,43.669495,-79.588013,124.2
7390,33522,43.669361,-79.588394,122.7
7391,33523,43.669193,-79.588783,131.2
7392,33524,43.669048,-79.589149,120.8
7393,33525,43.668926,-79.589516,117.0
7394,33526,43.668797,-79.589897,121.8
7395,33527,43.668671,-79.590271,119.5
7396,33528,43.668526,-79.590637,120.8
7397,33529,43.668396,-79.590996,116.2
7398,33530,43.668259,-79.591354,117.3
7399,33531,43.668064,-79.591721,131.9
7400,33532,43.667877,-79.592079,127.9
7401,33533,43.667751,-79.592422,111.4
7402,33534,43.667648,-79.592773,109.7
7403,33535,43.667538,-79.593117,108.9
7404,33536,43.667374,-79.593491,126.6
7405,33537,43.667248,-79.593842,113.5
7406,33538,43.667091,-79.594193,119.5
7407,33539,43.666924,-79.594559,125.3
7408,33540,43.666786,-79.594917,117.5
7409,33541,43.666664,-79.595284,117.0
7410,33542,43.666527,-79.59565,119.3
7411,33543,43.666409,-79.596008,113.9
7412,33544,43.666275,-79.596382,120.9
7413,33545,43.666161,-79.596733,111.4
7414,33546,43.666039,-79.597107,118.8
7415,33547,43.66592,-79.597466,114.3
7416,33548,43.665794,-79.597824,115.3
7417,33549,43.665672,-79.598175,112.8
7418,33550,43.665569,-79.598541,113.7
7419,33551,43.66547,-79.598892,109.1
7420,33552,43.665359,-79.599258,114.9
7421,33553,43.665245,-79.599617,113.5
7422,33554,43.665127,-79.599991,118.2
7423,33555,43.665028,-79.600334,106.9
7424,33556,43.664921,-79.6007,114.3
7425,33557,43.664806,-79.601059,113.7
7426,33558,43.6647,-79.60141,110.1
7427,33559,43.664585,-79.601761,111.6
7428,33560,43.664467,-79.602112,112.1
7429,33561,43.664356,-79.60247,112.8
7430,33562,43.664253,-79.602814,107.8
7431,33563,43.664135,-79.603172,113.9
7432,33564,43.664021,-79.603539,115.7
7433,33565,43.663895,-79.603905,117.4
7434,33566,43.663773,-79.604256,112.8
7435,33567,43.663651,-79.604599,110.7
7436,33568,43.663532,-79.604958,114.4
7437,33569,43.663406,-79.605309,113.5
7438,33570,43.663288,-79.605659,111.8
7439,33571,43.663143,-79.606003,115.3
7440,33572,43.662991,-79.606346,116.5
7441,33573,43.662853,-79.606689,113.7
7442,33574,43.662727,-79.607002,103.7
7443,33575,43.662598,-79.60733,108.1
7444,33576,43.662487,-79.607643,100.9
7445,33577,43.662361,-79.607948,101.7
7446,33578,43.662231,-79.608253,102.5
7447,33579,43.662121,-79.608559,99.0
7448,33580,43.661999,-79.608849,97.1
7449,33581,43.661907,-79.609131,89.6
7450,33582,43.6618,-79.609406,90.4
7451,33583,43.66169,-79.60968,90.7
7452,33584,43.661583,-79.609955,90.4
7453,33585,43.661476,-79.610207,84.6
7454,33586,43.661366,-79.610458,85.0
7455,33587,43.661263,-79.610703,82.1
7456,33588,43.661156,-79.610947,82.6
7457,33589,43.661049,-79.611183,80.7
7458,33590,43.660931,-79.611427,85.0
7459,33591,43.660824,-79.611664,80.9
7460,33592,43.660713,-79.611916,85.4
7461,33593,43.660599,-79.61216,84.1
7462,33594,43.66048,-79.612411,86.9
7463,33595,43.660351,-79.612671,91.3
7464,33596,43.660225,-79.61293,90.4
7465,33597,43.660103,-79.61319,89.7
7466,33598,43.659969,-79.613449,92.2
7467,33599,43.659843,-79.613708,90.4
7468,33600,43.659718,-79.613976,92.3
7469,33601,43.659584,-79.614243,94.1
7470,33602,43.659451,-79.614494,90.1
7471,33603,43.659328,-79.614761,91.7
7472,33604,43.659199,-79.615005,87.5
7473,33605,43.659081,-79.61525,85.2
7474,33606,43.658958,-79.615479,82.6
7475,33607,43.658855,-79.6157,76.1
7476,33608,43.65876,-79.615913,72.5
7477,33609,43.658653,-79.616119,73.4
7478,33610,43.658546,-79.616325,73.4
7479,33611,43.658443,-79.616539,74.4
7480,33612,43.658337,-79.616737,71.3
7481,33613,43.658234,-79.616951,74.4
7482,33614,43.658123,-79.617142,71.0
7483,33615,43.658016,-79.617355,75.1
7484,33616,43.657906,-79.617554,72.5
7485,33617,43.657784,-79.617767,78.7
7486,33618,43.657669,-79.617981,77.2
7487,33619,43.657547,-79.618202,80.5
7488,33620,43.657433,-79.618416,77.0
7489,33621,43.65731,-79.618637,80.8
7490,33622,43.657192,-79.618851,77.9
7491,33623,43.65707,-79.619064,78.7
7492,33624,43.656952,-79.619278,77.9
7493,33625,43.656841,-79.619499,77.9
7494,33626,43.656715,-79.619713,79.9
7495,33627,43.656597,-79.619926,77.7
7496,33628,43.656467,-79.620155,84.3
7497,33629,43.656338,-79.620369,80.7
7498,33630,43.656208,-79.62059,82.5
7499,33631,43.65609,-79.620811,79.5
7500,33632,43.655964,-79.621033,81.7
7501,33633,43.655842,-79.621239,77.1
7502,33634,43.655704,-79.621452,82.8
7503,33635,43.655582,-79.621681,82.4
7504,33636,43.655449,-79.621902,83.3
7505,33637,43.655319,-79.622131,84.3
7506,33638,43.655186,-79.62236,85.0
7507,33639,43.65506,-79.622574,79.9
7508,33640,43.654926,-79.622818,88.7
7509,33641,43.6548,-79.623047,83.3
7510,33642,43.654667,-79.623291,88.5
7511,33643,43.654537,-79.623528,86.1
7512,33644,43.654408,-79.623772,87.5
7513,33645,43.654285,-79.624008,84.2
7514,33646,43.65416,-79.624245,84.9
7515,33647,43.654041,-79.624489,85.2
7516,33648,43.653915,-79.624725,84.9
7517,33649,43.653774,-79.624977,92.3
7518,33650,43.65366,-79.625214,82.4
7519,33651,43.65353,-79.625465,89.4
7520,33652,43.653408,-79.625717,87.8
7521,33653,43.65329,-79.625961,85.0
7522,33654,43.653164,-79.626205,86.8
7523,33655,43.653046,-79.626465,88.9
7524,33656,43.65292,-79.626717,88.7
7525,33657,43.652798,-79.626968,87.6
7526,33658,43.652676,-79.627213,86.1
7527,33659,43.652561,-79.62748,90.0
7528,33660,43.652439,-79.627731,87.6
7529,33661,43.652325,-79.627983,86.1
7530,33662,43.652206,-79.628235,87.2
7531,33663,43.652096,-79.628479,83.3
7532,33664,43.651993,-79.628731,83.8
7533,33665,43.651878,-79.628967,82.4
7534,33666,43.65176,-79.629227,88.9
7535,33667,43.651642,-79.629478,86.7
7536,33668,43.65152,-79.629745,91.5
7537,33669,43.651405,-79.629997,86.3
7538,33670,43.651287,-79.630257,88.9
7539,33671,43.651169,-79.630524,90.6
7540,33672,43.651051,-79.630768,85.0
7541,33673,43.650944,-79.631035,88.4
7542,33674,43.650833,-79.631287,85.5
7543,33675,43.650719,-79.631546,87.8
7544,33676,43.650608,-79.631805,87.2
7545,33677,43.650497,-79.63208,91.2
7546,33678,43.650387,-79.632339,87.0
7547,33679,43.65028,-79.632607,88.7
7548,33680,43.650169,-79.632881,91.0
7549,33681,43.650059,-79.633141,87.2
7550,33682,43.649956,-79.633415,89.4
7551,33683,43.649845,-79.633698,93.2
7552,33684,43.649727,-79.633965,90.6
7553,33685,43.649624,-79.634247,91.5
7554,33686,43.649513,-79.634537,95.0
7555,33687,43.649399,-79.634819,93.6
7556,33688,43.649288,-79.635109,95.0
7557,33689,43.649166,-79.635406,98.9
7558,33690,43.649055,-79.635696,95.0
7559,33691,43.648933,-79.636002,101.2
7560,33692,43.648811,-79.636314,102.7
7561,33693,43.648689,-79.636604,97.2
7562,33694,43.64856,-79.636925,106.4
7563,33695,43.648441,-79.637238,102.4
7564,33696,43.648312,-79.637558,106.1
7565,33697,43.64819,-79.637878,104.8
7566,33698,43.648056,-79.638199,107.3
7567,33699,43.647926,-79.638519,106.3
7568,33700,43.647789,-79.638847,109.7
7569,33701,43.647648,-79.639168,108.8
7570,33702,43.647511,-79.639496,109.7
7571,33703,43.647373,-79.639824,109.9
7572,33704,43.647243,-79.64016,110.4
7573,33705,43.647114,-79.640488,108.1
7574,33706,43.646984,-79.640823,110.1
7575,33707,43.646847,-79.641167,113.7
7576,33708,43.646706,-79.641518,116.3
7577,33709,43.646568,-79.641853,111.7
7578,33710,43.646427,-79.642197,114.5
7579,33711,43.646282,-79.642555,118.8
7580,33712,43.646137,-79.642899,115.3
7581,33713,43.645992,-79.643257,118.8
7582,33714,43.645851,-79.643608,116.3
7583,33715,43.645714,-79.643974,119.4
7584,33716,43.645569,-79.644341,121.1
7585,33717,43.645424,-79.644722,124.7
7586,33718,43.645271,-79.645096,124.4
7587,33719,43.645119,-79.645477,126.0
7588,33720,43.644962,-79.645859,127.3
7589,33721,43.644814,-79.64624,125.3
7590,33722,43.64465,-79.646614,126.7
7591,33723,43.644505,-79.647011,128.8
7592,33724,43.644356,-79.647392,125.5
7593,33725,43.644203,-79.647774,126.5
7594,33726,43.644047,-79.648178,132.6
7595,33727,43.643913,-79.64856,123.0
7596,33728,43.643761,-79.648949,128.1
7597,33729,43.643608,-79.64933,126.2
7598,33730,43.643456,-79.649719,128.1
7599,33731,43.643311,-79.650093,122.9
7600,33732,43.64315,-79.650482,129.8
7601,33733,43.643005,-79.650864,125.0
7602,33734,43.642849,-79.651237,124.8
7603,33735,43.642689,-79.651627,129.9
7604,33736,43.642544,-79.652008,124.7
7605,33737,43.642387,-79.65239,127.3
7606,33738,43.642242,-79.652771,124.7
7607,33739,43.642082,-79.65316,129.6
7608,33740,43.641918,-79.653534,126.7
7609,33741,43.641747,-79.653923,131.8
7610,33742,43.641582,-79.654312,130.6
7611,33743,43.641422,-79.654686,125.9
7612,33744,43.641281,-79.655083,128.1
7613,33745,43.641144,-79.655449,119.4
7614,33746,43.640991,-79.65583,126.2
7615,33747,43.640846,-79.656204,122.9
7616,33748,43.640713,-79.656578,120.7
7617,33749,43.640575,-79.656952,121.6
7618,33750,43.640442,-79.657318,118.6
7619,33751,43.640308,-79.6577,123.0
7620,33752,43.640167,-79.658073,121.9
7621,33753,43.640022,-79.65844,121.1
7622,33754,43.639874,-79.658806,121.5
7623,33755,43.639729,-79.659195,126.8
7624,33756,43.639584,-79.659561,120.9
7625,33757,43.639435,-79.659935,123.7
7626,33758,43.639282,-79.660316,126.2
7627,33759,43.63913,-79.660698,126.3
7628,33760,43.638977,-79.661072,124.5
7629,33761,43.638832,-79.661438,120.9
7630,33762,43.63868,-79.661827,128.1
7631,33763,43.638527,-79.662201,124.5
7632,33764,43.638378,-79.662582,125.5
7633,33765,43.638237,-79.662971,126.0
7634,33766,43.638084,-79.663345,124.5
7635,33767,43.637947,-79.663719,121.4
7636,33768,43.63781,-79.664101,123.5
7637,33769,43.637661,-79.664497,129.3
7638,33770,43.637508,-79.664886,128.3
7639,33771,43.637363,-79.665283,128.8
7640,33772,43.637211,-79.665672,128.1
7641,33773,43.637081,-79.666054,122.3
7642,33774,43.636921,-79.666451,131.6
7643,33775,43.636776,-79.666847,128.6
7644,33776,43.636627,-79.667236,127.5
7645,33777,43.636475,-79.667625,128.1
7646,33778,43.636318,-79.668015,129.3
7647,33779,43.636166,-79.668411,129.9
7648,33780,43.636005,-79.668793,128.1
7649,33781,43.635841,-79.669189,132.2
7650,33782,43.635681,-79.669586,131.6
7651,33783,43.635525,-79.669968,127.1
7652,33784,43.635368,-79.670364,130.8
7653,33785,43.635212,-79.670776,134.7
7654,33786,43.635056,-79.671165,128.8
7655,33787,43.634903,-79.67157,132.4
7656,33788,43.634747,-79.671951,126.8
7657,33789,43.634598,-79.672333,125.7
7658,33790,43.634441,-79.672722,129.0
7659,33791,43.634289,-79.673111,128.1
7660,33792,43.634136,-79.673485,124.5
7661,33793,43.633987,-79.673874,127.5
7662,33794,43.633835,-79.674248,124.3
7663,33795,43.633682,-79.674637,128.3
7664,33796,43.633553,-79.675026,124.0
7665,33797,43.6334,-79.675407,126.2
7666,33798,43.633244,-79.675812,132.9
7667,33799,43.633083,-79.676208,131.6
7668,33800,43.632927,-79.676605,130.9
7669,33801,43.632771,-79.67701,132.9
7670,33802,43.632614,-79.677406,130.8
7671,33803,43.632465,-79.677811,131.6
7672,33804,43.632305,-79.678207,131.4
7673,33805,43.632149,-79.678612,132.9
7674,33806,43.631989,-79.679016,133.4
7675,33807,43.631832,-79.679413,131.1
7676,33808,43.631676,-79.679832,136.5
7677,33809,43.631516,-79.680229,131.7
7678,33810,43.631355,-79.680641,135.7
7679,33811,43.631191,-79.681053,136.2
7680,33812,43.631027,-79.681473,138.3
7681,33813,43.630863,-79.681885,136.2
7682,33814,43.630695,-79.682312,140.8
7683,33815,43.630531,-79.682732,138.3
7684,33816,43.630367,-79.683151,138.0
7685,33817,43.630199,-79.683571,139.0
7686,33818,43.630035,-79.68399,138.0
7687,33819,43.629871,-79.68441,138.3
7688,33820,43.629719,-79.68483,136.1
7689,33821,43.629559,-79.685249,137.3
7690,33822,43.629398,-79.685661,135.7
7691,33823,43.629257,-79.686081,134.1
7692,33824,43.629089,-79.686485,135.0
7693,33825,43.628944,-79.686897,132.7
7694,33826,43.628803,-79.687317,134.1
7695,33827,43.628639,-79.687729,136.2
7696,33828,43.628479,-79.688141,135.5
7697,33829,43.628315,-79.688553,136.2
7698,33830,43.628151,-79.688957,134.2
7699,33831,43.627995,-79.689369,134.7
7700,33832,43.627834,-79.689774,133.9
7701,33833,43.627674,-79.690186,135.5
7702,33834,43.627514,-79.690582,131.4
7703,33835,43.627342,-79.690994,137.8
7704,33836,43.627201,-79.691391,128.1
7705,33837,43.627064,-79.691803,131.4
7706,33838,43.626919,-79.692192,126.8
7707,33839,43.626785,-79.692574,123.0
7708,33840,43.62664,-79.692963,126.8
7709,33841,43.626488,-79.693344,126.1
7710,33842,43.626335,-79.693718,124.5
7711,33843,43.626186,-79.694099,125.5
7712,33844,43.626045,-79.694481,124.2
7713,33845,43.625889,-79.694855,125.1
7714,33846,43.625729,-79.695229,125.9
7715,33847,43.625568,-79.69561,127.8
7716,33848,43.625397,-79.695976,126.2
7717,33849,43.62524,-79.69635,125.3
7718,33850,43.625072,-79.696716,125.6
7719,33851,43.624916,-79.69709,125.1
7720,33852,43.62476,-79.697449,121.3
7721,33853,43.624611,-79.697807,119.7
7722,33854,43.62447,-79.698174,120.4
7723,33855,43.624321,-79.698555,125.5
7724,33856,43.624172,-79.698921,121.7
7725,33857,43.624027,-79.699295,122.9
7726,33858,43.623886,-79.699677,124.3
7727,33859,43.623737,-79.700058,125.5
7728,33860,43.623596,-79.700432,122.2
7729,33861,43.623444,-79.700813,126.1
7730,33862,43.623302,-79.701202,126.2
7731,33863,43.623165,-79.701591,125.4
7732,33864,43.623024,-79.701965,122.2
7733,33865,43.622879,-79.702347,125.0
7734,33866,43.622723,-79.702728,126.8
7735,33867,43.622578,-79.70311,125.0
7736,33868,43.622429,-79.703491,125.5
7737,33869,43.62228,-79.70388,127.5
7738,33870,43.622128,-79.704262,126.3
7739,33871,43.621971,-79.704651,129.1
7740,33872,43.621815,-79.70504,128.9
7741,33873,43.62167,-79.705429,126.8
7742,33874,43.621525,-79.705818,126.8
7743,33875,43.621384,-79.7062,124.3
7744,33876,43.621239,-79.706589,126.8
7745,33877,43.621078,-79.706978,129.8
7746,33878,43.620918,-79.707375,131.7
7747,33879,43.62075,-79.707779,135.0
7748,33880,43.620586,-79.708176,132.5
7749,33881,43.620426,-79.708565,129.7
7750,33882,43.620247,-79.708984,141.0
7751,33883,43.620087,-79.709396,135.5
7752,33884,43.619926,-79.709808,135.7
7753,33885,43.619759,-79.710236,140.9
7754,33886,43.619595,-79.71064,134.2
7755,33887,43.619438,-79.71106,137.0
7756,33888,43.619274,-79.711472,136.3
7757,33889,43.619118,-79.711891,136.5
7758,33890,43.618965,-79.712311,136.3
7759,33891,43.618793,-79.71273,139.6
7760,33892,43.618629,-79.71315,138.3
7761,33893,43.618473,-79.713577,138.6
7762,33894,43.618298,-79.713997,140.4
7763,33895,43.61813,-79.714424,140.8
7764,33896,43.617966,-79.714851,140.1
7765,33897,43.617802,-79.715271,138.3
7766,33898,43.617641,-79.715683,135.7
7767,33899,43.617485,-79.71608,130.9
7768,33900,43.617329,-79.716469,128.9
7769,33901,43.617172,-79.716866,131.1
7770,33902,43.617012,-79.717247,127.6
7771,33903,43.616856,-79.717621,125.1
7772,33904,43.616695,-79.71801,129.9
7773,33905,43.616547,-79.718391,125.3
7774,33906,43.616398,-79.718765,123.7
7775,33907,43.616241,-79.719154,129.1
7776,33908,43.616093,-79.719536,125.6
7777,33909,43.615944,-79.719917,125.5
7778,33910,43.615795,-79.720306,127.5
7779,33911,43.615639,-79.72068,125.1
7780,33912,43.615501,-79.721054,121.7
7781,33913,43.61536,-79.721443,126.1
7782,33914,43.615215,-79.721809,120.9
7783,33915,43.615082,-79.722176,118.9
7784,33916,43.614933,-79.722549,123.5
7785,33917,43.614796,-79.722923,121.5
7786,33918,43.614655,-79.723282,118.4
7787,33919,43.614521,-79.72364,116.8
7788,33920,43.614372,-79.723999,119.9
7789,33921,43.614235,-79.724365,119.4
7790,33922,43.614094,-79.724731,120.2
7791,33923,43.613956,-79.72509,117.8
7792,33924,43.613811,-79.725449,119.1
7793,33925,43.613674,-79.7258,115.6
7794,33926,43.613529,-79.726158,118.9
7795,33927,43.613396,-79.726509,114.8
7796,33928,43.613251,-79.726875,120.9
7797,33929,43.613121,-79.727219,112.5
7798,33930,43.612972,-79.727585,121.7
7799,33931,43.612835,-79.727936,115.6
7800,33932,43.612694,-79.728294,118.1
7801,33933,43.612556,-79.728645,115.8
7802,33934,43.612408,-79.729012,121.8
7803,33935,43.61227,-79.72937,117.5
7804,33936,43.612129,-79.729721,116.3
7805,33937,43.611988,-79.730087,120.2
7806,33938,43.611847,-79.730446,118.4
7807,33939,43.611706,-79.730804,118.1
7808,33940,43.611565,-79.731171,120.4
7809,33941,43.611423,-79.731537,120.3
7810,33942,43.611279,-79.731903,120.7
7811,33943,43.611137,-79.732246,114.5
7812,33944,43.611,-79.732613,119.7
7813,33945,43.610851,-79.732979,121.7
7814,33946,43.610718,-79.733337,116.6
7815,33947,43.610569,-79.733696,119.9
7816,33948,43.610432,-79.734062,119.4
7817,33949,43.610287,-79.734413,117.1
7818,33950,43.610149,-79.734795,123.7
7819,33951,43.610008,-79.735138,114.3
7820,33952,43.609867,-79.735504,120.2
7821,33953,43.609722,-79.735855,117.1
7822,33954,43.609585,-79.736221,119.4
7823,33955,43.60944,-79.736572,117.1
7824,33956,43.609291,-79.736954,125.8
7825,33957,43.609154,-79.737312,117.4
7826,33958,43.609005,-79.737686,123.7
7827,33959,43.608852,-79.738075,128.3
7828,33960,43.608707,-79.738441,120.9
7829,33961,43.608559,-79.738815,123.5
7830,33962,43.60841,-79.739197,125.8
7831,33963,43.608265,-79.739571,123.0
7832,33964,43.60812,-79.739937,120.9
7833,33965,43.607971,-79.740311,123.7
7834,33966,43.607826,-79.740685,123.0
7835,33967,43.607681,-79.741066,124.8
7836,33968,43.607529,-79.741447,126.1
7837,33969,43.607372,-79.741829,127.3
7838,33970,43.60722,-79.742218,128.1
7839,33971,43.607067,-79.742599,126.3
7840,33972,43.606918,-79.742981,125.8
7841,33973,43.606766,-79.743378,130.2
7842,33974,43.606613,-79.743759,126.3
7843,33975,43.606464,-79.744148,127.6
7844,33976,43.606308,-79.744545,130.9
7845,33977,43.606155,-79.744926,126.3
7846,33978,43.606003,-79.745316,128.4
7847,33979,43.605846,-79.745697,127.1
7848,33980,43.605698,-79.746078,125.3
7849,33981,43.605537,-79.746475,131.9
7850,33982,43.605385,-79.746849,124.3
7851,33983,43.605236,-79.747215,121.7
7852,33984,43.605087,-79.747589,123.7
7853,33985,43.604939,-79.747963,123.5
7854,33986,43.604794,-79.748337,123.0
7855,33987,43.604649,-79.748711,123.0
7856,33988,43.6045,-79.749084,123.5
7857,33989,43.604355,-79.749474,127.1
7858,33990,43.60421,-79.749855,124.8
7859,33991,43.60408,-79.750259,128.1
7860,33992,43.603954,-79.750648,123.5
7861,33993,43.603844,-79.751053,125.4
7862,33994,43.603733,-79.751457,125.3
7863,33995,43.603619,-79.751862,126.0
7864,33996,43.603512,-79.752281,128.8
7865,33997,43.603405,-79.752701,129.1
7866,33998,43.603306,-79.753128,130.0
7867,33999,43.60321,-79.753563,131.8
7868,34000,43.603127,-79.753998,130.4
7869,34001,43.60305,-79.75444,131.8
7870,34002,43.602989,-79.754883,130.7
7871,34003,43.602928,-79.755318,128.4
7872,34004,43.602875,-79.755768,132.2
7873,34005,43.602829,-79.75621,129.4
7874,34006,43.602783,-79.756645,127.4
7875,34007,43.602749,-79.757088,129.1
7876,34008,43.602711,-79.757523,127.0
7877,34009,43.602676,-79.75795,124.6
7878,34010,43.602638,-79.758377,124.7
7879,34011,43.602608,-79.758804,124.4
7880,34012,43.602573,-79.759239,126.9
7881,34013,43.602539,-79.759674,126.8
7882,34014,43.602505,-79.760094,122.5
7883,34015,43.602467,-79.760529,127.0
7884,34016,43.602436,-79.760963,126.4
7885,34017,43.602406,-79.761383,122.3
7886,34018,43.602367,-79.76181,124.8
7887,34019,43.602345,-79.76223,122.1
7888,34020,43.60231,-79.76265,122.6
7889,34021,43.60228,-79.763054,117.7
7890,34022,43.602253,-79.763466,119.9
7891,34023,43.602222,-79.763878,120.1
7892,34024,43.602192,-79.76429,120.0
7893,34025,43.602161,-79.764694,117.8
7894,34026,43.602127,-79.765121,124.5
7895,34027,43.602097,-79.765533,120.0
7896,34028,43.602062,-79.765968,126.9
7897,34029,43.602036,-79.766403,126.5
7898,34030,43.602001,-79.766838,126.9
7899,34031,43.601967,-79.767281,129.1
7900,34032,43.601933,-79.767723,128.8
7901,34033,43.601906,-79.768166,128.9
7902,34034,43.601875,-79.768608,128.7
7903,34035,43.601841,-79.769066,133.5
7904,34036,43.601807,-79.769524,133.5
7905,34037,43.601772,-79.769974,131.2
7906,34038,43.601746,-79.770439,135.2
7907,34039,43.601711,-79.770889,131.2
7908,34040,43.601681,-79.771332,129.0
7909,34041,43.601643,-79.771767,127.0
7910,34042,43.601608,-79.772209,128.9
7911,34043,43.601582,-79.772652,128.8
7912,34044,43.601547,-79.773087,126.9
7913,34045,43.601517,-79.773529,128.7
7914,34046,43.601479,-79.773972,129.3
7915,34047,43.601452,-79.774399,124.2
7916,34048,43.601418,-79.774841,128.8
7917,34049,43.601387,-79.775269,124.7
7918,34050,43.601353,-79.775696,124.5
7919,34051,43.601318,-79.776131,126.9
7920,34052,43.601288,-79.77655,122.1
7921,34053,43.601257,-79.77697,122.4
7922,34054,43.601223,-79.777382,120.2
7923,34055,43.601192,-79.777809,124.4
7924,34056,43.601158,-79.778221,120.2
7925,34057,43.601128,-79.778633,120.0
7926,34058,43.601097,-79.779037,117.8
7927,34059,43.601063,-79.779449,120.2
7928,34060,43.601028,-79.779861,120.3
7929,34061,43.60099,-79.780281,122.7
7930,34062,43.60096,-79.780685,117.7
7931,34063,43.600925,-79.78112,126.9
7932,34064,43.600887,-79.781532,120.4
7933,34065,43.600857,-79.781967,126.7
7934,34066,43.600822,-79.782402,126.9
7935,34067,43.600796,-79.782822,122.2
7936,34068,43.600761,-79.783257,126.9
7937,34069,43.600723,-79.783691,126.7
7938,34070,43.600689,-79.784119,124.8
7939,34071,43.600655,-79.784554,126.8
7940,34072,43.600624,-79.784966,120.1
7941,34073,43.600597,-79.785393,124.3
7942,34074,43.600559,-79.785805,120.4
7943,34075,43.600529,-79.786232,124.4
7944,34076,43.600498,-79.786652,122.4
7945,34077,43.600471,-79.787064,119.9
7946,34078,43.600441,-79.787491,124.4
7947,34079,43.60041,-79.78791,122.1
7948,34080,43.600384,-79.788338,124.5
7949,34081,43.600353,-79.788765,124.4
7950,34082,43.600311,-79.789207,129.2
7951,34083,43.600273,-79.789642,127.0
7952,34084,43.600224,-79.79007,125.6
7953,34085,43.600163,-79.790497,126.2
7954,34086,43.600105,-79.790932,128.2
7955,34087,43.600033,-79.791351,124.8
7956,34088,43.599957,-79.791771,125.5
7957,34089,43.599876,-79.792191,126.0
7958,34090,43.599792,-79.79261,126.0
7959,34091,43.599701,-79.793037,129.0
7960,34092,43.599609,-79.793457,127.2
7961,34093,43.599499,-79.793861,125.1
7962,34094,43.599392,-79.794281,129.1
7963,34095,43.599281,-79.794678,123.4
7964,34096,43.599159,-79.795074,124.8
7965,34097,43.599037,-79.795456,121.0
7966,34098,43.598907,-79.795845,124.2
7967,34099,43.598766,-79.796234,126.1
7968,34100,43.598633,-79.796616,122.9
7969,34101,43.59848,-79.796989,124.3
7970,34102,43.59832,-79.797371,127.9
7971,34103,43.59816,-79.797752,127.7
7972,34104,43.598,-79.798119,124.2
7973,34105,43.597824,-79.798485,127.4
7974,34106,43.597645,-79.798851,128.0
7975,34107,43.597477,-79.799202,122.0
7976,34108,43.597305,-79.799545,120.9
7977,34109,43.597111,-79.799881,124.6
7978,34110,43.59692,-79.800194,118.7
7979,34111,43.596729,-79.800499,116.9
7980,34112,43.596527,-79.800797,118.3
7981,34113,43.596329,-79.801086,115.3
7982,34114,43.596119,-79.801399,123.7
7983,34115,43.595909,-79.801704,122.0
7984,34116,43.595688,-79.80201,125.3
7985,34117,43.595467,-79.802299,121.8
7986,34118,43.595238,-79.802597,126.0
7987,34119,43.595001,-79.802887,126.8
7988,34120,43.594765,-79.803169,124.9
7989,34121,43.594524,-79.803436,123.7
7990,34122,43.59428,-79.803719,127.6
7991,34123,43.594025,-79.804001,130.8
7992,34124,43.593769,-79.804283,131.1
7993,34125,43.593521,-79.804565,128.6
7994,34126,43.593269,-79.804848,130.0
7995,34127,43.593021,-79.80513,128.6
7996,34128,43.59277,-79.805412,129.5
7997,34129,43.592522,-79.805702,130.1
7998,34130,43.592255,-79.805992,136.0
7999,34131,43.592007,-79.806282,130.1
8000,34132,43.591743,-79.806557,132.4
8001,34133,43.59148,-79.806847,134.7
8002,34134,43.591221,-79.807137,133.5
8003,34135,43.590961,-79.807434,135.1
8004,34136,43.590694,-79.807716,134.6
8005,34137,43.590435,-79.808006,133.5
8006,34138,43.590176,-79.808304,135.0
8007,34139,43.58992,-79.808594,132.6
8008,34140,43.589664,-79.808884,132.6
8009,34141,43.589401,-79.809158,131.9
8010,34142,43.589119,-79.809433,138.2
8011,34143,43.588863,-79.809708,129.8
8012,34144,43.5886,-79.80999,133.3
8013,34145,43.588352,-79.810265,127.3
8014,34146,43.588097,-79.810555,132.2
8015,34147,43.58783,-79.810822,132.0
8016,34148,43.58757,-79.811104,132.4
8017,34149,43.58733,-79.811378,124.7
8018,34150,43.587078,-79.811653,128.6
8019,34151,43.586842,-79.811935,124.9
8020,34152,43.586594,-79.81221,127.3
8021,34153,43.586346,-79.812485,127.3
8022,34154,43.586094,-79.812767,129.9
8023,34155,43.585838,-79.813042,129.8
8024,34156,43.585602,-79.813316,123.4
8025,34157,43.585354,-79.813599,128.8
8026,34158,43.585091,-79.813881,133.3
8027,34159,43.584835,-79.814163,131.1
8028,34160,43.584579,-79.814438,129.8
8029,34161,43.584332,-79.81472,128.3
8030,34162,43.584087,-79.815002,127.7
8031,34163,43.583847,-79.815277,124.9
8032,34164,43.583607,-79.815559,126.2
8033,34165,43.583363,-79.815842,127.6
8034,34166,43.583115,-79.816116,127.2
8035,34167,43.58287,-79.816399,127.9
8036,34168,43.582615,-79.816681,130.8
8037,34169,43.582363,-79.816963,129.9
8038,34170,43.582119,-79.817238,126.1
8039,34171,43.581863,-79.81752,131.1
8040,34172,43.581615,-79.817802,128.6
8041,34173,43.581367,-79.818077,127.3
8042,34174,43.58112,-79.818359,128.3
8043,34175,43.580872,-79.818649,130.1
8044,34176,43.580616,-79.818932,131.3
8045,34177,43.58036,-79.819214,131.1
8046,34178,43.580105,-79.819511,133.6
8047,34179,43.579842,-79.819794,133.5
8048,34180,43.579575,-79.820084,136.0
8049,34181,43.579323,-79.820366,129.9
8050,34182,43.579071,-79.820656,131.3
8051,34183,43.578815,-79.820946,132.6
8052,34184,43.57856,-79.82122,129.4
8053,34185,43.578304,-79.821518,134.1
8054,34186,43.578049,-79.821808,132.3
8055,34187,43.577793,-79.82209,131.1
8056,34188,43.577538,-79.822388,133.7
8057,34189,43.577286,-79.82267,129.9
8058,34190,43.57703,-79.82296,132.6
8059,34191,43.576775,-79.82325,132.3
8060,34192,43.576527,-79.82354,130.1
8061,34193,43.576275,-79.823814,128.4
8062,34194,43.576019,-79.824097,131.3
8063,34195,43.575768,-79.824379,129.6
8064,34196,43.57552,-79.824654,127.3
8065,34197,43.575268,-79.824944,131.3
8066,34198,43.575024,-79.825226,127.4
8067,34199,43.574768,-79.825516,132.6
8068,34200,43.574512,-79.82579,129.7
8069,34201,43.574253,-79.82608,133.5
8070,34202,43.574001,-79.82637,131.3
8071,34203,43.573734,-79.826653,134.8
8072,34204,43.573479,-79.82695,133.6
8073,34205,43.573212,-79.827232,134.6
8074,34206,43.572964,-79.827522,130.1
8075,34207,43.572704,-79.827797,131.1
8076,34208,43.572449,-79.828079,130.8
8077,34209,43.572193,-79.828362,131.3
8078,34210,43.571926,-79.828644,134.6
8079,34211,43.571678,-79.828918,127.2
8080,34212,43.571423,-79.829208,132.3
8081,34213,43.571167,-79.829498,132.6
8082,34214,43.570919,-79.829781,128.8
8083,34215,43.570667,-79.83007,131.2
8084,34216,43.570408,-79.83036,133.5
8085,34217,43.570164,-79.83065,128.9
8086,34218,43.569912,-79.830917,127.2
8087,34219,43.569664,-79.831192,127.3
8088,34220,43.569412,-79.831482,131.3
8089,34221,43.569168,-79.831757,126.1
8090,34222,43.568935,-79.832039,124.1
8091,34223,43.568687,-79.832321,128.6
8092,34224,43.568439,-79.832603,128.6
8093,34225,43.568195,-79.832886,127.6
8094,34226,43.567936,-79.83316,130.6
8095,34227,43.567688,-79.83345,130.1
8096,34228,43.567451,-79.833725,123.9
8097,34229,43.567192,-79.834007,132.1
8098,34230,43.566936,-79.83429,131.3
8099,34231,43.566689,-79.834579,129.6
8100,34232,43.566441,-79.834846,125.9
8101,34233,43.566196,-79.835121,126.4
8102,34234,43.565937,-79.835403,132.1
8103,34235,43.565693,-79.83567,124.7
8104,34236,43.565441,-79.835938,127.4
8105,34237,43.565193,-79.836197,124.5
8106,34238,43.564964,-79.836456,118.5
8107,34239,43.564728,-79.836723,122.2
8108,34240,43.564495,-79.836967,117.1
8109,34241,43.564274,-79.837219,114.8
8110,34242,43.564053,-79.837456,112.0
8111,34243,43.563835,-79.837692,110.9
8112,34244,43.563618,-79.837936,112.0
8113,34245,43.563396,-79.838173,112.4
8114,34246,43.563175,-79.838409,111.9
8115,34247,43.562969,-79.838646,107.4
8116,34248,43.562759,-79.83889,109.9
8117,34249,43.562546,-79.839119,108.1
8118,34250,43.562328,-79.839355,110.9
8119,34251,43.562119,-79.839577,105.6
8120,34252,43.561905,-79.839821,111.1
8121,34253,43.56168,-79.840057,113.1
8122,34254,43.561459,-79.840309,114.8
8123,34255,43.561245,-79.840561,112.6
8124,34256,43.561031,-79.840797,109.7
8125,34257,43.560806,-79.841042,114.7
8126,34258,43.560604,-79.841278,105.9
8127,34259,43.560394,-79.841515,108.6
8128,34260,43.560173,-79.841751,111.9
8129,34261,43.559967,-79.841988,107.4
8130,34262,43.559757,-79.842216,107.0
8131,34263,43.559544,-79.842445,108.1
8132,34264,43.559326,-79.842697,113.8
8133,34265,43.559113,-79.842934,109.5
8134,34266,43.558899,-79.843185,112.4
8135,34267,43.558689,-79.843422,108.6
8136,34268,43.558464,-79.843674,116.0
8137,34269,43.558239,-79.843925,115.8
8138,34270,43.558022,-79.84417,112.2
8139,34271,43.557808,-79.844421,112.4
8140,34272,43.557583,-79.844681,117.5
8141,34273,43.557369,-79.844925,111.1
8142,34274,43.557148,-79.845169,113.3
8143,34275,43.556931,-79.845428,114.9
8144,34276,43.556717,-79.845673,111.3
8145,34277,43.556492,-79.845917,114.6
8146,34278,43.556278,-79.846161,111.1
8147,34279,43.556065,-79.846405,110.8
8148,34280,43.555855,-79.846657,111.4
8149,34281,43.555645,-79.846901,109.9
8150,34282,43.555439,-79.84716,111.6
8151,34283,43.555244,-79.847404,105.4
8152,34284,43.55505,-79.847664,108.3
8153,34285,43.554844,-79.847916,110.2
8154,34286,43.554649,-79.848175,108.3
8155,34287,43.554455,-79.848442,109.7
8156,34288,43.554256,-79.848686,106.6
8157,34289,43.554054,-79.848946,110.6
8158,34290,43.553848,-79.849182,107.2
8159,34291,43.553642,-79.849426,108.7
8160,34292,43.55344,-79.84967,107.5
8161,34293,43.553223,-79.849915,112.2
8162,34294,43.553001,-79.850151,112.2
8163,34295,43.552784,-79.850388,110.8
8164,34296,43.552559,-79.850616,111.7
8165,34297,43.552334,-79.850861,114.7
8166,34298,43.552109,-79.851112,115.8
8167,34299,43.55188,-79.851349,114.6
8168,34300,43.551659,-79.851593,113.3
8169,34301,43.551441,-79.85183,111.1
8170,34302,43.551212,-79.852066,114.4
8171,34303,43.550987,-79.85231,114.6
8172,34304,43.550755,-79.852554,116.8
8173,34305,43.550514,-79.852791,118.5
8174,34306,43.550282,-79.853035,116.8
8175,34307,43.550041,-79.853271,118.3
8176,34308,43.549809,-79.853516,117.0
8177,34309,43.549564,-79.853752,119.6
8178,34310,43.549324,-79.853989,118.1
8179,34311,43.54908,-79.85424,121.8
8180,34312,43.548832,-79.854477,120.8
8181,34313,43.548584,-79.854729,123.3
8182,34314,43.54834,-79.854973,120.6
8183,34315,43.5481,-79.85524,123.4
8184,34316,43.547855,-79.855492,122.3
8185,34317,43.547615,-79.855751,122.0
8186,34318,43.547371,-79.85601,123.2
8187,34319,43.547131,-79.856285,124.9
8188,34320,43.546886,-79.856552,125.0
8189,34321,43.546646,-79.856819,123.4
8190,34322,43.54641,-79.857086,122.2
8191,34323,43.546169,-79.857361,125.2
8192,34324,43.545925,-79.85762,123.2
8193,34325,43.545681,-79.857895,126.1
8194,34326,43.545433,-79.85817,127.4
8195,34327,43.545189,-79.858444,125.9
8196,34328,43.544949,-79.858719,124.9
8197,34329,43.544704,-79.858978,123.6
8198,34330,43.544464,-79.859245,123.4
8199,34331,43.544239,-79.859535,123.3
8200,34332,43.544022,-79.859833,122.6
8201,34333,43.543797,-79.860123,123.3
8202,34334,43.543568,-79.860413,124.4
8203,34335,43.543358,-79.86071,120.4
8204,34336,43.543137,-79.861008,123.7
8205,34337,43.542927,-79.86132,123.5
8206,34338,43.542721,-79.861641,124.4
8207,34339,43.542507,-79.861954,124.8
8208,34340,43.542305,-79.862289,126.4
8209,34341,43.542107,-79.862633,127.5
8210,34342,43.54192,-79.862968,122.7
8211,34343,43.541729,-79.863327,129.2
8212,34344,43.541527,-79.863693,133.5
8213,34345,43.541344,-79.864075,132.9
8214,34346,43.541172,-79.864449,128.5
8215,34347,43.541004,-79.86483,129.4
8216,34348,43.540848,-79.865242,134.9
8217,34349,43.540684,-79.865639,132.6
8218,34350,43.540527,-79.866051,135.1
8219,34351,43.540382,-79.866463,132.9
8220,34352,43.540241,-79.866882,134.0
8221,34353,43.540108,-79.867302,133.0
8222,34354,43.539974,-79.867729,135.0
8223,34355,43.539852,-79.868149,131.3
8224,34356,43.539738,-79.868568,129.9
8225,34357,43.539627,-79.869003,133.8
8226,34358,43.539536,-79.869431,129.4
8227,34359,43.539448,-79.86985,126.6
8228,34360,43.53936,-79.87027,126.9
8229,34361,43.539288,-79.870712,131.5
8230,34362,43.539207,-79.87114,128.4
8231,34363,43.539135,-79.871567,127.2
8232,34364,43.53907,-79.872002,128.9
8233,34365,43.539009,-79.872437,128.6
8234,34366,43.538948,-79.872871,128.3
8235,34367,43.538887,-79.873314,130.8
8236,34368,43.538834,-79.873749,128.0
8237,34369,43.538773,-79.874176,126.3
8238,34370,43.538719,-79.874611,128.1
8239,34371,43.538658,-79.875038,126.3
8240,34372,43.538609,-79.875458,123.4
8241,34373,43.538551,-79.875862,119.5
8242,34374,43.53849,-79.876282,124.3
8243,34375,43.538441,-79.876678,116.6
8244,34376,43.538383,-79.87709,121.8
8245,34377,43.538322,-79.877495,120.0
8246,34378,43.538265,-79.877914,123.7
8247,34379,43.538208,-79.878311,117.4
8248,34380,43.538151,-79.878723,121.7
8249,34381,43.538094,-79.879128,119.7
8250,34382,43.53804,-79.879524,116.9
8251,34383,43.537979,-79.879936,122.0
8252,34384,43.537922,-79.880341,119.7
8253,34385,43.537865,-79.880745,119.4
8254,34386,43.537807,-79.881134,115.2
8255,34387,43.537746,-79.881538,119.8
8256,34388,43.537685,-79.881927,115.5
8257,34389,43.537609,-79.882324,119.2
8258,34390,43.537529,-79.882721,119.6
8259,34391,43.537449,-79.88311,117.3
8260,34392,43.537361,-79.883499,118.3
8261,34393,43.537273,-79.883888,118.3
8262,34394,43.53717,-79.88427,118.3
8263,34395,43.537075,-79.884659,119.1
8264,34396,43.536968,-79.885048,120.7
8265,34397,43.536858,-79.885437,121.2
8266,34398,43.536743,-79.885826,121.9
8267,34399,43.536617,-79.8862,119.7
8268,34400,43.536488,-79.886581,122.0
8269,34401,43.53635,-79.886971,125.9
8270,34402,43.536209,-79.88736,126.2
8271,34403,43.536064,-79.887741,124.9
8272,34404,43.535908,-79.888123,127.2
8273,34405,43.535748,-79.888496,125.8
8274,34406,43.53558,-79.888878,129.7
8275,34407,43.535408,-79.889275,134.2
8276,34408,43.535236,-79.889641,126.6
8277,34409,43.535061,-79.890015,129.2
8278,34410,43.534889,-79.890411,134.0
8279,34411,43.534721,-79.890793,129.7
8280,34412,43.534546,-79.891182,132.9
8281,34413,43.534363,-79.891571,134.6
8282,34414,43.534187,-79.891968,135.0
8283,34415,43.534012,-79.892342,129.2
8284,34416,43.53384,-79.892723,130.3
8285,34417,43.533676,-79.893089,124.9
8286,34418,43.533516,-79.893456,124.3
8287,34419,43.533352,-79.893814,122.9
8288,34420,43.533184,-79.894173,124.0
8289,34421,43.533016,-79.894554,129.4
8290,34422,43.532848,-79.89492,125.7
8291,34423,43.532684,-79.895279,123.1
8292,34424,43.53252,-79.895645,124.9
8293,34425,43.53236,-79.896011,124.0
8294,34426,43.532196,-79.896362,121.2
8295,34427,43.532032,-79.896729,125.1
8296,34428,43.531872,-79.897079,120.1
8297,34429,43.531708,-79.897438,123.1
8298,34430,43.531548,-79.897789,120.3
8299,34431,43.531384,-79.898155,124.9
8300,34432,43.531219,-79.898514,123.4
8301,34433,43.531052,-79.898872,123.5
8302,34434,43.530888,-79.899231,123.1
8303,34435,43.53072,-79.899597,125.7
8304,34436,43.530556,-79.899979,128.8
8305,34437,43.530384,-79.900352,128.3
8306,34438,43.530212,-79.900734,130.5
8307,34439,43.530041,-79.901123,132.0
8308,34440,43.529869,-79.901505,130.5
8309,34441,43.52969,-79.901886,131.8
8310,34442,43.529514,-79.902283,135.1
8311,34443,43.529335,-79.902664,131.8
8312,34444,43.52916,-79.903053,132.9
8313,34445,43.528988,-79.903442,132.2
8314,34446,43.528809,-79.903816,130.1
8315,34447,43.528641,-79.904198,129.7
8316,34448,43.528469,-79.904579,130.3
8317,34449,43.528297,-79.904961,130.5
8318,34450,43.528126,-79.905342,130.1
8319,34451,43.527946,-79.905731,133.9
8320,34452,43.527771,-79.906105,129.2
8321,34453,43.527603,-79.906487,129.7
8322,34454,43.527439,-79.906883,132.4
8323,34455,43.527283,-79.907272,129.0
8324,34456,43.527138,-79.907669,129.0
8325,34457,43.527008,-79.908089,132.5
8326,34458,43.52689,-79.908508,130.5
8327,34459,43.526779,-79.908936,131.9
8328,34460,43.526688,-79.90937,131.1
8329,34461,43.526604,-79.909798,128.7
8330,34462,43.526535,-79.910233,129.2
8331,34463,43.526482,-79.91066,125.7
8332,34464,43.526432,-79.911087,125.5
8333,34465,43.526379,-79.911514,125.7
8334,34466,43.526329,-79.911926,121.2
8335,34467,43.526279,-79.912346,123.5
8336,34468,43.526234,-79.91275,118.6
8337,34469,43.52618,-79.913162,121.5
8338,34470,43.526131,-79.913559,116.9
8339,34471,43.526089,-79.913963,118.5
8340,34472,43.526043,-79.91436,116.7
8341,34473,43.526001,-79.914757,116.4
8342,34474,43.525951,-79.915161,119.0
8343,34475,43.525906,-79.915558,116.6
8344,34476,43.525852,-79.91597,121.5
8345,34477,43.525806,-79.916367,116.7
8346,34478,43.525761,-79.916779,120.9
8347,34479,43.525711,-79.917191,121.2
8348,34480,43.525665,-79.917595,118.7
8349,34481,43.525616,-79.917999,118.9
8350,34482,43.525566,-79.918404,119.2
8351,34483,43.525524,-79.9188,116.2
8352,34484,43.525478,-79.919189,114.4
8353,34485,43.525433,-79.919594,118.9
8354,34486,43.525383,-79.919991,117.0
8355,34487,43.525337,-79.920387,116.4
8356,34488,43.525291,-79.920776,114.4
8357,34489,43.525249,-79.921158,112.1
8358,34490,43.525204,-79.921555,116.6
8359,34491,43.525162,-79.921936,111.9
8360,34492,43.525116,-79.922325,114.4
8361,34493,43.52507,-79.922722,116.7
8362,34494,43.525024,-79.923103,112.1
8363,34495,43.524975,-79.923485,112.6
8364,34496,43.524929,-79.923882,116.7
8365,34497,43.524883,-79.924278,116.4
8366,34498,43.524841,-79.924675,116.4
8367,34499,43.524792,-79.925072,116.9
8368,34500,43.524742,-79.925468,116.7
8369,34501,43.524696,-79.92588,121.0
8370,34502,43.524647,-79.926285,119.2
8371,34503,43.524601,-79.926704,123.0
8372,34504,43.524548,-79.927109,119.5
8373,34505,43.52449,-79.927521,121.8
8374,34506,43.524437,-79.927933,121.5
8375,34507,43.524361,-79.928352,125.4
8376,34508,43.524277,-79.928757,122.3
8377,34509,43.524181,-79.929161,123.4
8378,34510,43.524071,-79.929558,123.4
8379,34511,43.523956,-79.929955,124.1
8380,34512,43.523819,-79.930336,123.4
8381,34513,43.523682,-79.93071,121.6
8382,34514,43.523529,-79.931084,124.6
8383,34515,43.523369,-79.931442,122.1
8384,34516,43.523201,-79.931793,122.1
8385,34517,43.52301,-79.932144,127.4
8386,34518,43.522839,-79.93248,119.2
8387,34519,43.522652,-79.932793,117.7
8388,34520,43.522476,-79.933105,114.7
8389,34521,43.522285,-79.933411,117.2
8390,34522,43.522091,-79.933708,116.0
8391,34523,43.521908,-79.934021,116.7
8392,34524,43.521721,-79.934334,117.7
8393,34525,43.521526,-79.934639,118.0
8394,34526,43.521336,-79.934929,113.4
8395,34527,43.521149,-79.935242,117.7
8396,34528,43.520954,-79.935547,118.0
8397,34529,43.520767,-79.935844,114.2
8398,34530,43.520584,-79.93615,115.1
8399,34531,43.520393,-79.936447,115.2
8400,34532,43.520195,-79.93676,120.6
8401,34533,43.520004,-79.937065,117.0
8402,34534,43.519814,-79.937378,118.5
8403,34535,43.519623,-79.937675,115.2
8404,34536,43.519432,-79.937981,117.2
8405,34537,43.519241,-79.938286,117.0
8406,34538,43.519047,-79.938599,119.5
8407,34539,43.518867,-79.938919,117.6
8408,34540,43.518684,-79.939224,114.9
8409,34541,43.518497,-79.939529,115.9
8410,34542,43.518303,-79.939842,119.5
8411,34543,43.518108,-79.940155,119.8
8412,34544,43.517921,-79.94046,115.9
8413,34545,43.517731,-79.940758,115.2
8414,34546,43.517536,-79.941078,121.3
8415,34547,43.517353,-79.941383,114.9
8416,34548,43.517162,-79.941689,117.2
8417,34549,43.516979,-79.941994,114.9
8418,34550,43.5168,-79.942284,110.5
8419,34551,43.516624,-79.942574,109.8
8420,34552,43.516438,-79.942879,115.7
8421,34553,43.516243,-79.943192,119.8
8422,34554,43.516052,-79.943489,115.2
8423,34555,43.515869,-79.943802,116.7
8424,34556,43.515678,-79.944107,117.0
8425,34557,43.515488,-79.944405,115.2
8426,34558,43.515289,-79.944717,120.6
8427,34559,43.515106,-79.94503,116.7
8428,34560,43.514919,-79.945351,119.5
8429,34561,43.514732,-79.945663,117.5
8430,34562,43.514538,-79.945992,123.1
8431,34563,43.514343,-79.946312,121.3
8432,34564,43.514133,-79.94664,127.0
8433,34565,43.513927,-79.94696,124.2
8434,34566,43.513721,-79.947289,126.2
8435,34567,43.513504,-79.947624,130.4
8436,34568,43.51329,-79.94796,129.8
8437,34569,43.513081,-79.948288,126.8
8438,34570,43.512871,-79.948608,125.3
8439,34571,43.512657,-79.948921,124.9
8440,34572,43.512444,-79.949234,124.6
8441,34573,43.512226,-79.949532,122.9
8442,34574,43.512009,-79.949814,119.4
8443,34575,43.511784,-79.950096,121.7
8444,34576,43.511555,-79.950394,126.0
8445,34577,43.51133,-79.950653,117.3
8446,34578,43.511097,-79.950928,122.8
8447,34579,43.510868,-79.951195,120.0
8448,34580,43.510628,-79.951439,119.4
8449,34581,43.510372,-79.951691,125.9
8450,34582,43.510124,-79.95192,119.5
8451,34583,43.509865,-79.952164,125.6
8452,34584,43.509613,-79.952393,120.8
8453,34585,43.509369,-79.952606,115.6
8454,34586,43.509117,-79.952827,119.6
8455,34587,43.508865,-79.953033,117.3
8456,34588,43.50861,-79.953239,118.3
8457,34589,43.508362,-79.953445,115.9
8458,34590,43.508106,-79.953667,121.1
8459,34591,43.507858,-79.953865,114.7
8460,34592,43.507607,-79.954079,118.1
8461,34593,43.507362,-79.954285,114.9
8462,34594,43.507118,-79.954491,114.5
8463,34595,43.506866,-79.954697,117.3
8464,34596,43.506615,-79.954895,115.8
8465,34597,43.506363,-79.955109,118.5
8466,34598,43.506104,-79.955322,120.7
8467,34599,43.505852,-79.955528,117.3
8468,34600,43.505604,-79.955734,115.9
8469,34601,43.50536,-79.955933,113.5
8470,34602,43.505112,-79.956131,114.7
8471,34603,43.504875,-79.956322,109.9
8472,34604,43.504627,-79.956505,112.6
8473,34605,43.504372,-79.956711,118.3
8474,34606,43.504128,-79.956894,111.2
8475,34607,43.503876,-79.957085,115.1
8476,34608,43.503628,-79.957275,113.6
8477,34609,43.503372,-79.957458,115.4
8478,34610,43.50312,-79.957649,115.1
8479,34611,43.502861,-79.95784,117.6
8480,34612,43.502605,-79.958031,116.5
8481,34613,43.502342,-79.958214,117.9
8482,34614,43.502083,-79.958397,116.5
8483,34615,43.501816,-79.958603,122.5
8484,34616,43.50156,-79.958771,113.5
8485,34617,43.501293,-79.958961,120.3
8486,34618,43.501026,-79.959152,120.4
8487,34619,43.500759,-79.959351,121.5
8488,34620,43.500488,-79.959526,119.8
8489,34621,43.500221,-79.959724,121.4
8490,34622,43.499966,-79.95993,118.3
8491,34623,43.499714,-79.960136,117.3
8492,34624,43.499447,-79.960358,124.8
8493,34625,43.499191,-79.960594,123.3
8494,34626,43.498943,-79.960831,120.8
8495,34627,43.498703,-79.96109,122.0
8496,34628,43.498482,-79.961365,119.2
8497,34629,43.498264,-79.961662,122.7
8498,34630,43.498051,-79.96196,121.5
8499,34631,43.497849,-79.962273,121.7
8500,34632,43.49765,-79.962593,122.4
8501,34633,43.497463,-79.962929,123.0
8502,34634,43.497288,-79.96328,123.7
8503,34635,43.49712,-79.963638,123.8
8504,34636,43.496967,-79.963997,120.9
8505,34637,43.496826,-79.964363,120.3
8506,34638,43.496696,-79.964737,120.4
8507,34639,43.496586,-79.965111,117.2
8508,34640,43.496483,-79.965477,114.0
8509,34641,43.496399,-79.965851,113.7
8510,34642,43.496323,-79.966232,114.7
8511,34643,43.496262,-79.966599,109.3
8512,34644,43.496204,-79.966972,110.8
8513,34645,43.496159,-79.967354,112.4
8514,34646,43.49612,-79.967728,109.7
8515,34647,43.496078,-79.968094,107.6
8516,34648,43.496037,-79.968483,114.1
8517,34649,43.495995,-79.968849,107.6
8518,34650,43.49596,-79.969223,109.5
8519,34651,43.495926,-79.969604,111.5
8520,34652,43.495888,-79.969986,112.0
8521,34653,43.495857,-79.97036,109.3
8522,34654,43.495823,-79.970726,107.2
8523,34655,43.495789,-79.971107,111.5
8524,34656,43.49575,-79.971481,109.7
8525,34657,43.495716,-79.971848,107.4
8526,34658,43.495682,-79.972221,109.2
8527,34659,43.495636,-79.972603,112.4
8528,34660,43.49559,-79.972969,107.9
8529,34661,43.495544,-79.973335,107.9
8530,34662,43.495495,-79.973709,110.4
8531,34663,43.495453,-79.974083,109.9
8532,34664,43.495407,-79.974457,110.2
8533,34665,43.495369,-79.974823,107.4
8534,34666,43.495323,-79.975197,110.2
8535,34667,43.495281,-79.975571,109.9
8536,34668,43.495239,-79.975945,109.9
8537,34669,43.495201,-79.976318,109.4
8538,34670,43.495163,-79.976685,107.7
8539,34671,43.495129,-79.977066,111.5
8540,34672,43.495087,-79.97744,109.9
8541,34673,43.495056,-79.977814,109.3
8542,34674,43.495026,-79.978195,111.3
8543,34675,43.494984,-79.978569,109.9
8544,34676,43.494942,-79.978951,112.2
8545,34677,43.4949,-79.979324,109.6
8546,34678,43.494846,-79.979698,110.7
8547,34679,43.494789,-79.98008,113.3
8548,34680,43.49472,-79.980446,109.8
8549,34681,43.49464,-79.98082,113.2
8550,34682,43.494545,-79.981186,112.9
8551,34683,43.494434,-79.981537,111.2
8552,34684,43.494312,-79.98188,110.9
8553,34685,43.494186,-79.982224,111.9
8554,34686,43.494049,-79.982559,111.7
8555,34687,43.493916,-79.982903,113.2
8556,34688,43.493767,-79.983246,116.1
8557,34689,43.493607,-79.983574,114.8
8558,34690,43.493435,-79.983902,117.5
8559,34691,43.493256,-79.98423,119.2
8560,34692,43.49308,-79.98455,116.6
8561,34693,43.492901,-79.984879,119.4
8562,34694,43.492722,-79.985199,117.3
8563,34695,43.492542,-79.985535,121.3
8564,34696,43.492359,-79.985855,118.3
8565,34697,43.492184,-79.986198,121.8
8566,34698,43.492001,-79.986526,120.2
8567,34699,43.491814,-79.986847,119.6
8568,34700,43.491631,-79.987183,122.0
8569,34701,43.491447,-79.987511,120.4
8570,34702,43.491268,-79.987846,120.8
8571,34703,43.491085,-79.988174,120.2
8572,34704,43.490894,-79.98851,124.0
8573,34705,43.490719,-79.988846,120.1
8574,34706,43.490532,-79.989182,123.0
8575,34707,43.49036,-79.989517,119.2
8576,34708,43.490173,-79.989853,123.0
8577,34709,43.489998,-79.990196,121.8
8578,34710,43.489807,-79.99054,125.8
8579,34711,43.489628,-79.990883,122.7
8580,34712,43.489445,-79.991219,122.0
8581,34713,43.489265,-79.991562,122.9
8582,34714,43.489075,-79.99189,121.9
8583,34715,43.488895,-79.992233,122.9
8584,34716,43.488712,-79.992577,123.9
8585,34717,43.488525,-79.99292,124.6
8586,34718,43.488338,-79.993248,121.2
8587,34719,43.488159,-79.993591,122.7
8588,34720,43.487972,-79.993927,123.0
8589,34721,43.487793,-79.994255,119.2
8590,34722,43.487602,-79.994598,125.6
8591,34723,43.487423,-79.994926,119.2
8592,34724,43.487244,-79.99527,122.9
8593,34725,43.487057,-79.995598,121.2
8594,34726,43.486874,-79.995926,120.2
8595,34727,43.486687,-79.996262,123.0
8596,34728,43.486504,-79.996597,121.8
8597,34729,43.48632,-79.996933,122.3
8598,34730,43.486134,-79.997276,124.4
8599,34731,43.485947,-79.997604,121.2
8600,34732,43.485764,-79.997932,120.2
8601,34733,43.48558,-79.998283,125.8
8602,34734,43.485401,-79.998611,119.2
8603,34735,43.485207,-79.998955,126.5
8604,34736,43.485027,-79.999283,119.4
8605,34737,43.484848,-79.999611,119.2
8606,34738,43.484665,-79.999947,122.0
8607,34742,43.483932,-80.001274,121.1
8608,34743,43.483757,-80.001602,118.3
8609,34744,43.483566,-80.00193,122.2
8610,34745,43.483387,-80.002258,119.2
8611,34746,43.483208,-80.002594,121.1
8612,34747,43.483036,-80.00293,119.4
8613,34748,43.482864,-80.003265,119.2
8614,34749,43.482697,-80.003601,118.3
8615,34750,43.482536,-80.003944,118.7
8616,34751,43.482376,-80.004295,120.4
8617,34752,43.482224,-80.004646,118.7
8618,34753,43.482075,-80.004997,118.1
8619,34754,43.481934,-80.005363,120.4
8620,34755,43.4818,-80.00573,119.3
8621,34756,43.481667,-80.006096,118.9
8622,34757,43.481544,-80.00647,119.3
8623,34758,43.481422,-80.006844,119.1
8624,34759,43.481304,-80.007225,120.3
8625,34760,43.481194,-80.007599,117.2
8626,34761,43.481087,-80.00798,118.7
8627,34762,43.480984,-80.008362,118.4
8628,34763,43.480881,-80.008736,116.2
8629,34764,43.480782,-80.009125,119.7
8630,34765,43.480679,-80.009514,120.3
8631,34766,43.480572,-80.009888,116.8
8632,34767,43.480473,-80.010262,115.6
8633,34768,43.48037,-80.010651,120.3
8634,34769,43.480267,-80.011032,118.1
8635,34770,43.480164,-80.011406,116.2
8636,34771,43.480072,-80.01178,114.7
8637,34772,43.479977,-80.012146,112.9
8638,34773,43.479881,-80.012512,113.0
8639,34774,43.479782,-80.012878,113.5
8640,34775,43.479683,-80.013245,113.7
8641,34776,43.479588,-80.013626,117.0
8642,34777,43.479488,-80.014,115.8
8643,34778,43.479385,-80.014389,120.3
8644,34779,43.479279,-80.014771,118.8
8645,34780,43.479172,-80.01516,120.8
8646,34781,43.479065,-80.015549,120.8
8647,34782,43.478958,-80.015938,120.8
8648,34783,43.478828,-80.016342,128.4
8649,34784,43.478699,-80.016747,128.5
8650,34785,43.478592,-80.017143,122.7
8651,34786,43.478481,-80.017548,125.8
8652,34787,43.478367,-80.017952,125.9
8653,34788,43.478256,-80.018356,125.5
8654,34789,43.478149,-80.018761,125.2
8655,34790,43.478035,-80.019157,123.7
8656,34791,43.477921,-80.019562,126.2
8657,34792,43.47781,-80.019958,123.3
8658,34793,43.477695,-80.020355,124.2
8659,34794,43.4776,-80.020737,117.3
8660,34795,43.477505,-80.021118,117.0
8661,34796,43.477402,-80.021507,120.3
8662,34797,43.477299,-80.021889,118.4
8663,34798,43.4772,-80.022263,115.6
8664,34799,43.4771,-80.022652,119.9
8665,34800,43.477001,-80.023033,117.6
8666,34801,43.476891,-80.023407,117.2
8667,34802,43.476788,-80.023781,116.2
8668,34803,43.476685,-80.02417,120.3
8669,34804,43.476578,-80.024544,116.8
8670,34805,43.476475,-80.024918,116.2
8671,34806,43.476364,-80.025307,121.4
8672,34807,43.476257,-80.025688,118.7
8673,34808,43.476151,-80.02607,118.8
8674,34809,43.476044,-80.026459,120.8
8675,34810,43.475941,-80.026848,120.3
8676,34811,43.475838,-80.027237,120.3
8677,34812,43.475719,-80.027626,122.6
8678,34813,43.475601,-80.028015,122.5
8679,34814,43.475487,-80.028404,121.9
8680,34815,43.47538,-80.028793,120.8
8681,34816,43.475281,-80.029167,115.6
8682,34817,43.47517,-80.029533,115.2
8683,34818,43.475079,-80.029915,116.8
8684,34819,43.474976,-80.030281,114.0
8685,34820,43.474884,-80.03064,110.6
8686,34821,43.474785,-80.030998,111.3
8687,34822,43.474682,-80.031357,112.1
8688,34823,43.474583,-80.031731,115.6
8689,34824,43.47448,-80.032089,111.9
8690,34825,43.474377,-80.032455,114.0
8691,34826,43.474274,-80.032822,114.3
8692,34827,43.474167,-80.033203,118.7
8693,34828,43.474064,-80.033569,114.0
8694,34829,43.473961,-80.033943,116.2
8695,34830,43.473862,-80.034317,115.6
8696,34831,43.473759,-80.034698,118.1
8697,34832,43.47366,-80.035072,115.6
8698,34833,43.47356,-80.035446,115.8
8699,34834,43.473469,-80.035835,118.7
8700,34835,43.473381,-80.036209,114.2
8701,34836,43.473301,-80.036598,117.5
8702,34837,43.473228,-80.037003,121.2
8703,34838,43.47316,-80.037399,118.2
8704,34839,43.473095,-80.037811,122.5
8705,34840,43.473042,-80.038216,119.5
8706,34841,43.472988,-80.038635,123.6
8707,34842,43.472942,-80.039047,121.1
8708,34843,43.472893,-80.039482,127.9
8709,34844,43.472851,-80.039909,125.2
8710,34845,43.472816,-80.040337,125.1
8711,34846,43.472794,-80.040779,128.7
8712,34847,43.472767,-80.041206,124.5
8713,34848,43.472752,-80.041649,128.8
8714,34849,43.472729,-80.042091,128.7
8715,34850,43.472713,-80.042526,126.5
8716,34851,43.472687,-80.042969,129.1
8717,34852,43.472668,-80.043419,130.9
8718,34853,43.472649,-80.043854,126.6
8719,34854,43.472626,-80.044312,133.4
8720,34855,43.472607,-80.044754,128.6
8721,34856,43.472591,-80.045189,126.5
8722,34857,43.472569,-80.045639,131.0
8723,34858,43.472553,-80.046074,126.5
8724,34859,43.472527,-80.046501,124.5
8725,34860,43.472504,-80.046936,126.7
8726,34861,43.472481,-80.047371,126.7
8727,34862,43.472466,-80.047798,124.2
8728,34863,43.472446,-80.048233,126.6
8729,34864,43.472431,-80.048645,119.8
8730,34865,43.472412,-80.04908,126.6
8731,34866,43.472393,-80.049484,117.6
8732,34867,43.472366,-80.049911,124.5
8733,34868,43.472351,-80.050323,119.8
8734,34869,43.472328,-80.050728,118.0
8735,34870,43.472321,-80.051155,124.1
8736,34871,43.472305,-80.051567,119.9
8737,34872,43.472294,-80.051987,122.1
8738,34873,43.472279,-80.052399,119.8
8739,34874,43.472263,-80.052811,119.9
8740,34875,43.472248,-80.05323,121.9
8741,34876,43.472233,-80.053658,124.5
8742,34877,43.472214,-80.054077,122.0
8743,34878,43.472198,-80.054504,124.2
8744,34879,43.472183,-80.054939,126.5
8745,34880,43.472164,-80.055367,124.6
8746,34881,43.472149,-80.055809,128.5
8747,34882,43.472134,-80.056252,128.8
8748,34883,43.472115,-80.056686,126.3
8749,34884,43.472092,-80.057137,131.3
8750,34885,43.47208,-80.057579,128.5
8751,34886,43.472061,-80.058014,126.6
8752,34887,43.472046,-80.058464,130.9
8753,34888,43.472023,-80.058907,129.0
8754,34889,43.472,-80.059349,128.7
8755,34890,43.471958,-80.059784,127.5
8756,34891,43.47192,-80.060226,129.3
8757,34892,43.471867,-80.060654,126.1
8758,34893,43.471817,-80.061089,127.9
8759,34894,43.47176,-80.061523,128.1
8760,34895,43.471691,-80.061935,122.8
8761,34896,43.471622,-80.06237,129.4
8762,34897,43.471558,-80.062782,122.4
8763,34898,43.471474,-80.063202,126.6
8764,34899,43.471382,-80.063599,121.1
8765,34900,43.471287,-80.064011,125.6
8766,34901,43.471188,-80.0644,119.8
8767,34902,43.471085,-80.064796,122.2
8768,34903,43.470978,-80.065193,123.0
8769,34904,43.470871,-80.065575,119.0
8770,34905,43.47076,-80.065964,121.4
8771,34906,43.47065,-80.066338,117.2
8772,34907,43.470543,-80.066727,120.9
8773,34908,43.47044,-80.067116,120.3
8774,34909,43.470329,-80.06749,117.4
8775,34910,43.470222,-80.067871,118.7
8776,34911,43.470119,-80.068253,118.4
8777,34912,43.470009,-80.068642,121.3
8778,34913,43.469906,-80.069016,116.2
8779,34914,43.469795,-80.069397,119.3
8780,34915,43.469696,-80.069778,117.6
8781,34916,43.469593,-80.070168,120.6
8782,34917,43.469482,-80.070549,119.3
8783,34918,43.469372,-80.070938,121.3
8784,34919,43.469269,-80.07132,118.4
8785,34920,43.469158,-80.071701,119.3
8786,34921,43.469048,-80.07209,121.3
8787,34922,43.468945,-80.072479,120.3
8788,34923,43.468838,-80.072868,120.9
8789,34924,43.468727,-80.073265,123.6
8790,34925,43.468616,-80.073647,119.5
8791,34926,43.46851,-80.074043,122.6
8792,34927,43.468399,-80.074417,117.4
8793,34928,43.468292,-80.074806,120.9
8794,34929,43.468189,-80.075203,122.5
8795,34930,43.468079,-80.075592,121.3
8796,34931,43.467968,-80.075966,117.4
8797,34932,43.467865,-80.076363,122.5
8798,34933,43.467758,-80.076744,118.7
8799,34934,43.467648,-80.077126,119.4
8800,34935,43.467541,-80.077522,122.8
8801,34936,43.46743,-80.077904,119.5
8802,34937,43.467323,-80.078285,118.7
8803,34938,43.467213,-80.078674,121.3
8804,34939,43.467106,-80.079056,119.0
8805,34940,43.466995,-80.079437,119.3
8806,34941,43.466888,-80.079834,123.0
8807,34942,43.466778,-80.080215,119.1
8808,34943,43.466667,-80.080605,121.7
8809,34944,43.46656,-80.080994,120.9
8810,34945,43.46645,-80.081375,119.1
8811,34946,43.466335,-80.081764,122.0
8812,34947,43.466228,-80.082161,123.0
8813,34948,43.466122,-80.082558,122.9
8814,34949,43.466007,-80.082954,123.9
8815,34950,43.465893,-80.083344,122.2
8816,34951,43.465782,-80.083733,121.4
8817,34952,43.465675,-80.084129,122.8
8818,34953,43.465565,-80.084526,123.5
8819,34954,43.465446,-80.08493,126.7
8820,34955,43.46534,-80.08532,121.0
8821,34956,43.465229,-80.085716,123.3
8822,34957,43.465115,-80.086121,126.2
8823,34958,43.465004,-80.086517,123.3
8824,34959,43.46489,-80.086922,126.2
8825,34960,43.464771,-80.087318,124.5
8826,34961,43.464664,-80.087715,123.0
8827,34962,43.464546,-80.088112,124.6
8828,34963,43.464436,-80.088509,123.5
8829,34964,43.464325,-80.088905,123.3
8830,34965,43.464211,-80.089294,121.9
8831,34966,43.464104,-80.089699,125.2
8832,34967,43.463993,-80.090088,121.4
8833,34968,43.463882,-80.090477,121.4
8834,34969,43.463776,-80.090874,122.9
8835,34970,43.463669,-80.091248,116.8
8836,34971,43.463558,-80.091629,119.3
8837,34972,43.463451,-80.09201,118.7
8838,34973,43.463348,-80.092392,118.4
8839,34974,43.463242,-80.092766,116.7
8840,34975,43.463135,-80.093147,118.7
8841,34976,43.463036,-80.093521,115.7
8842,34977,43.462929,-80.093895,116.8
8843,34978,43.462826,-80.094261,114.1
8844,34979,43.462719,-80.094643,119.0
8845,34980,43.462616,-80.095009,114.1
8846,34981,43.462517,-80.095375,113.5
8847,34982,43.462406,-80.095749,117.4
8848,34983,43.462307,-80.096123,115.7
8849,34984,43.462204,-80.096489,114.1
8850,34985,43.462105,-80.09687,117.6
8851,34986,43.462002,-80.097237,114.3
8852,34987,43.461887,-80.09761,117.7
8853,34988,43.461788,-80.097977,113.8
8854,34989,43.461685,-80.098335,111.9
8855,34990,43.461578,-80.098709,116.8
8856,34991,43.461479,-80.099083,115.7
8857,34992,43.461372,-80.099449,114.6
8858,34993,43.461273,-80.099815,113.5
8859,34994,43.461166,-80.100182,114.9
8860,34995,43.461067,-80.100563,117.6
8861,34996,43.460964,-80.100929,114.1
8862,34997,43.460857,-80.101295,114.6
8863,34998,43.460758,-80.101669,115.7
8864,34999,43.460651,-80.102043,116.8
8865,35000,43.460552,-80.102409,113.5
8866,35001,43.460449,-80.102768,112.2
8867,35002,43.460342,-80.103134,114.6
8868,35003,43.460239,-80.103516,118.4
8869,35004,43.460136,-80.103882,114.1
8870,35005,43.460037,-80.10424,111.3
8871,35006,43.459927,-80.104607,115.4
8872,35007,43.459827,-80.104973,113.6
8873,35008,43.459728,-80.105354,117.6
8874,35009,43.459625,-80.105721,114.3
8875,35010,43.459518,-80.106079,112.5
8876,35011,43.459415,-80.106445,114.1
8877,35012,43.459316,-80.106819,115.7
8878,35013,43.459213,-80.107185,114.1
8879,35014,43.45911,-80.107544,112.2
8880,35015,43.459007,-80.10791,114.1
8881,35016,43.458904,-80.108276,114.1
8882,35017,43.458805,-80.108643,113.8
8883,35018,43.458706,-80.109009,113.5
8884,35019,43.458599,-80.109367,112.5
8885,35020,43.458496,-80.109726,112.2
8886,35021,43.458401,-80.1101,115.1
8887,35022,43.45829,-80.110458,113.1
8888,35023,43.458195,-80.110817,111.0
8889,35024,43.458092,-80.111176,112.2
8890,35025,43.457996,-80.111534,110.9
8891,35026,43.457893,-80.1119,114.1
8892,35027,43.45779,-80.112259,112.2
8893,35028,43.457687,-80.112633,116.2
8894,35029,43.457592,-80.112984,108.8
8895,35030,43.457489,-80.11335,114.1
8896,35031,43.457394,-80.113708,110.8
8897,35032,43.457287,-80.114082,116.8
8898,35033,43.457184,-80.114449,114.3
8899,35034,43.457081,-80.114815,114.1
8900,35035,43.456978,-80.115189,116.2
8901,35036,43.456871,-80.115562,116.5
8902,35037,43.456768,-80.115936,116.2
8903,35038,43.456657,-80.116318,119.6
8904,35039,43.456543,-80.116692,117.9
8905,35040,43.456429,-80.117073,119.7
8906,35041,43.456303,-80.117447,119.8
8907,35042,43.456169,-80.117821,121.2
8908,35043,43.456036,-80.118202,122.8
8909,35044,43.455891,-80.118568,121.2
8910,35045,43.455746,-80.118942,123.2
8911,35046,43.455593,-80.119308,122.7
8912,35047,43.455429,-80.119682,127.0
8913,35048,43.455265,-80.120049,125.2
8914,35049,43.455093,-80.120415,126.7
8915,35050,43.454926,-80.120789,127.6
8916,35051,43.454758,-80.121162,127.6
8917,35052,43.454582,-80.121529,127.8
8918,35053,43.454414,-80.121902,127.6
8919,35054,43.45425,-80.122261,123.3
8920,35055,43.454086,-80.122635,127.0
8921,35056,43.453922,-80.122986,121.3
8922,35057,43.453758,-80.123344,123.0
8923,35058,43.453602,-80.123695,119.6
8924,35059,43.453442,-80.124046,120.4
8925,35060,43.453285,-80.12439,118.1
8926,35061,43.453129,-80.124725,115.7
8927,35062,43.452972,-80.125069,118.1
8928,35063,43.452824,-80.125404,114.0
8929,35064,43.452671,-80.125755,119.0
8930,35065,43.452518,-80.126083,113.3
8931,35066,43.45237,-80.126411,112.2
8932,35067,43.452225,-80.12674,111.8
8933,35068,43.452076,-80.127068,112.4
8934,35069,43.451927,-80.127396,112.4
8935,35070,43.45179,-80.127724,110.0
8936,35071,43.451649,-80.128052,110.8
8937,35072,43.451515,-80.128372,107.4
8938,35073,43.451385,-80.128716,112.7
8939,35074,43.451252,-80.129051,111.0
8940,35075,43.451126,-80.129387,109.9
8941,35076,43.451008,-80.12973,110.3
8942,35077,43.450893,-80.130081,111.9
8943,35078,43.450783,-80.13044,113.2
8944,35079,43.450672,-80.130791,111.3
8945,35080,43.450569,-80.131149,111.9
8946,35081,43.450466,-80.131523,116.2
8947,35082,43.450367,-80.131889,113.5
8948,35083,43.450279,-80.132256,112.3
8949,35084,43.450199,-80.132637,115.3
8950,35085,43.450119,-80.133026,117.5
8951,35086,43.450039,-80.133408,115.5
8952,35087,43.449966,-80.133797,116.8
8953,35088,43.449905,-80.134186,115.7
8954,35089,43.449841,-80.134583,118.2
8955,35090,43.449783,-80.134987,119.7
8956,35091,43.449726,-80.135391,119.6
8957,35092,43.449684,-80.135803,120.9
8958,35093,43.44965,-80.136208,118.5
8959,35094,43.449615,-80.136635,124.9
8960,35095,43.449593,-80.137039,117.7
8961,35096,43.44957,-80.137451,120.1
8962,35097,43.449547,-80.137863,120.1
8963,35098,43.449535,-80.138283,122.2
8964,35099,43.449528,-80.138687,117.4
8965,35100,43.449528,-80.139114,124.1
8966,35101,43.449528,-80.139519,117.7
8967,35102,43.449532,-80.139931,119.7
8968,35103,43.449543,-80.140335,117.5
8969,35104,43.449547,-80.140762,124.1
8970,35105,43.449551,-80.141167,117.7
8971,35106,43.449554,-80.141594,124.1
8972,35107,43.449558,-80.142006,119.7
8973,35108,43.44957,-80.142433,124.2
8974,35109,43.449574,-80.142845,119.7
8975,35110,43.449581,-80.14328,126.4
8976,35111,43.4496,-80.1437,122.3
8977,35112,43.449604,-80.144127,124.1
8978,35113,43.449608,-80.144554,124.1
8979,35114,43.449615,-80.144974,122.1
8980,35115,43.449627,-80.145416,128.5
8981,35116,43.449638,-80.145851,126.5
8982,35117,43.449638,-80.146278,124.1
8983,35118,43.44965,-80.146713,126.5
8984,35119,43.449657,-80.147133,122.1
8985,35120,43.449673,-80.147568,126.6
8986,35121,43.44968,-80.147995,124.1
8987,35122,43.449684,-80.148415,122.1
8988,35123,43.449692,-80.148849,126.2
8989,35124,43.449699,-80.149277,124.4
8990,35125,43.449711,-80.149696,121.9
8991,35126,43.449718,-80.150131,126.4
8992,35127,43.449722,-80.150558,124.1
8993,35128,43.449734,-80.150986,124.5
8994,35129,43.449749,-80.151405,121.9
8995,35130,43.44976,-80.15184,126.5
8996,35131,43.449768,-80.152252,119.8
8997,35132,43.44978,-80.152687,126.5
8998,35133,43.449783,-80.153122,126.4
8999,35134,43.449795,-80.153534,119.8
9000,35135,43.449799,-80.153961,124.1
9001,35136,43.449802,-80.154388,124.1
9002,35137,43.449806,-80.154808,122.1
9003,35138,43.449821,-80.155235,124.2
9004,35139,43.449825,-80.155647,119.7
9005,35140,43.449837,-80.156075,124.5
9006,35141,43.449848,-80.156479,117.5
9007,35142,43.44986,-80.156898,121.9
9008,35143,43.449863,-80.15731,119.7
9009,35144,43.449871,-80.15773,122.1
9010,35145,43.449875,-80.158142,119.7
9011,35146,43.449879,-80.158554,119.7
9012,35147,43.449886,-80.158966,119.8
9013,35148,43.44989,-80.159386,122.1
9014,35149,43.449909,-80.159798,120.0
9015,35150,43.449921,-80.16021,119.8
9016,35151,43.449928,-80.160614,117.4
9017,35152,43.449936,-80.161034,122.1
9018,35153,43.449947,-80.161438,117.5
9019,35154,43.449955,-80.16185,119.8
9020,35155,43.449963,-80.162254,117.4
9021,35156,43.449966,-80.162666,119.7
9022,35157,43.449966,-80.163071,117.7
9023,35158,43.449959,-80.163483,119.8
9024,35159,43.449951,-80.163879,115.1
9025,35160,43.449936,-80.164268,113.2
9026,35161,43.449921,-80.164673,117.8
9027,35162,43.44989,-80.16507,116.0
9028,35163,43.449863,-80.165474,117.9
9029,35164,43.449825,-80.165871,116.4
9030,35165,43.449776,-80.166283,121.3
9031,35166,43.449726,-80.166679,116.8
9032,35167,43.449673,-80.167068,115.0
9033,35168,43.449608,-80.167473,120.5
9034,35169,43.449539,-80.167854,114.1
9035,35170,43.449467,-80.168259,121.2
9036,35171,43.449394,-80.168648,116.8
9037,35172,43.449322,-80.169044,118.6
9038,35173,43.449242,-80.169449,122.0
9039,35174,43.449165,-80.169846,119.4
9040,35175,43.449089,-80.170242,119.0
9041,35176,43.44902,-80.170639,118.6
9042,35177,43.448944,-80.171036,119.3
9043,35178,43.448868,-80.171432,119.0
9044,35179,43.448792,-80.171829,119.3
9045,35180,43.448715,-80.172226,119.4
9046,35181,43.448639,-80.172615,117.1
9047,35182,43.448563,-80.173012,119.3
9048,35183,43.448486,-80.173409,119.4
9049,35184,43.448418,-80.173805,118.3
9050,35185,43.448345,-80.17421,121.3
9051,35186,43.448269,-80.174606,119.0
9052,35187,43.448193,-80.175011,121.6
9053,35188,43.44812,-80.175407,118.7
9054,35189,43.448044,-80.175812,121.6
9055,35190,43.447968,-80.176208,119.0
9056,35191,43.447891,-80.176598,117.5
9057,35192,43.447823,-80.17701,122.8
9058,35193,43.447754,-80.177406,118.4
9059,35194,43.447681,-80.177803,119.0
9060,35195,43.447609,-80.1782,118.9
9061,35196,43.447533,-80.178612,123.5
9062,35197,43.447449,-80.179008,119.9
9063,35198,43.447365,-80.17942,124.4
9064,35199,43.447277,-80.17984,127.0
9065,35200,43.447189,-80.180244,122.6
9066,35201,43.447105,-80.180656,124.4
9067,35202,43.447025,-80.181061,122.0
9068,35203,43.446938,-80.18148,126.7
9069,35204,43.446857,-80.181885,122.1
9070,35205,43.446774,-80.182289,122.0
9071,35206,43.44669,-80.182693,122.1
9072,35207,43.446609,-80.183113,126.3
9073,35208,43.446529,-80.18351,119.7
9074,35209,43.446449,-80.183922,123.9
9075,35210,43.446369,-80.184319,119.7
9076,35211,43.446289,-80.184731,123.9
9077,35212,43.446209,-80.185127,119.5
9078,35213,43.446133,-80.185532,121.6
9079,35214,43.446056,-80.185936,121.4
9080,35215,43.44598,-80.186333,119.3
9081,35216,43.445904,-80.186737,121.3
9082,35217,43.445831,-80.187134,119.0
9083,35218,43.445759,-80.187538,120.9
9084,35219,43.445683,-80.187943,121.6
9085,35220,43.445606,-80.188347,121.4
9086,35221,43.445534,-80.188751,120.9
9087,35222,43.445461,-80.189156,121.3
9088,35223,43.445389,-80.189545,116.7
9089,35224,43.445312,-80.189934,117.2
9090,35225,43.44524,-80.190331,118.9
9091,35226,43.445168,-80.190712,114.4
9092,35227,43.445103,-80.191086,111.8
9093,35228,43.44503,-80.191483,119.0
9094,35229,43.444958,-80.191864,114.4
9095,35230,43.444881,-80.192253,117.2
9096,35231,43.444809,-80.192642,116.7
9097,35232,43.444733,-80.193031,117.1
9098,35233,43.444656,-80.193413,115.2
9099,35234,43.444588,-80.193802,116.3
9100,35235,43.444515,-80.194191,116.8
9101,35236,43.444443,-80.194572,114.4
9102,35237,43.44437,-80.194962,117.1
9103,35238,43.444305,-80.195351,116.0
9104,35239,43.444229,-80.195724,112.6
9105,35240,43.444157,-80.196121,118.9
9106,35241,43.44408,-80.196503,115.2
9107,35242,43.444008,-80.196892,116.7
9108,35243,43.443935,-80.197273,114.5
9109,35244,43.443863,-80.197647,112.5
9110,35245,43.443794,-80.198036,116.4
9111,35246,43.443726,-80.198418,114.3
9112,35247,43.443653,-80.198799,114.5
9113,35248,43.443584,-80.199181,114.4
9114,35249,43.443508,-80.19957,117.1
9115,35250,43.443436,-80.199951,114.4
9116,35251,43.443363,-80.200325,112.6
9117,35252,43.443287,-80.200714,117.1
9118,35253,43.443226,-80.201088,111.4
9119,35254,43.443157,-80.201462,112.2
9120,35255,43.443085,-80.201851,116.7
9121,35256,43.443012,-80.202232,114.5
9122,35257,43.442944,-80.202606,112.1
9123,35258,43.442867,-80.202995,117.2
9124,35259,43.442795,-80.203377,114.7
9125,35260,43.442719,-80.203758,114.8
9126,35261,43.44265,-80.20414,114.4
9127,35262,43.442585,-80.204514,111.8
9128,35263,43.442524,-80.204895,113.4
9129,35264,43.442463,-80.205276,113.4
9130,35265,43.442402,-80.205658,113.7
9131,35266,43.442329,-80.206039,114.5
9132,35267,43.442253,-80.206413,112.9
9133,35268,43.442184,-80.206802,116.4
9134,35269,43.442112,-80.207176,112.5
9135,35270,43.442039,-80.207558,114.8
9136,35271,43.441967,-80.207932,112.5
9137,35272,43.441891,-80.208321,117.1
9138,35273,43.441826,-80.208687,109.5
9139,35274,43.441753,-80.209068,114.5
9140,35275,43.441677,-80.209457,117.1
9141,35276,43.441597,-80.209846,117.5
9142,35277,43.441517,-80.210251,122.0
9143,35278,43.441433,-80.210648,120.2
9144,35279,43.441353,-80.211044,119.5
9145,35280,43.44128,-80.211449,121.3
9146,35281,43.441216,-80.211853,120.2
9147,35282,43.441139,-80.21228,127.9
9148,35283,43.441063,-80.212708,128.1
9149,35284,43.440971,-80.213127,127.2
9150,35285,43.440887,-80.213554,128.6
9151,35286,43.440807,-80.213974,126.2
9152,35287,43.440727,-80.214401,128.2
9153,35288,43.440639,-80.214821,127.1
9154,35289,43.440552,-80.215248,128.9
9155,35290,43.440468,-80.215675,128.6
9156,35291,43.440388,-80.21608,122.0
9157,35292,43.440308,-80.216499,125.9
9158,35293,43.440231,-80.216896,119.4
9159,35294,43.440151,-80.2173,121.7
9160,35295,43.440075,-80.21772,125.8
9161,35296,43.439995,-80.218124,121.7
9162,35297,43.439911,-80.218544,126.6
9163,35298,43.439838,-80.218948,121.0
9164,35299,43.439762,-80.219353,121.6
9165,35300,43.43969,-80.219757,120.9
9166,35301,43.439613,-80.220161,121.4
9167,35302,43.439529,-80.220566,122.4
9168,35303,43.439457,-80.220963,118.9
9169,35304,43.439377,-80.221367,121.7
9170,35305,43.439293,-80.221771,122.1
9171,35306,43.439209,-80.222168,120.2
9172,35307,43.439121,-80.222572,122.6
9173,35308,43.439041,-80.222969,119.8
9174,35309,43.438961,-80.223366,119.8
9175,35310,43.438881,-80.22377,121.7
9176,35311,43.438801,-80.224167,119.8
9177,35312,43.438732,-80.224548,114.1
9178,35313,43.438648,-80.224953,122.4
9179,35314,43.438576,-80.225342,116.7
9180,35315,43.438507,-80.225731,116.4
9181,35316,43.43845,-80.226097,108.8
9182,35317,43.438385,-80.226471,111.8
9183,35318,43.438305,-80.226852,115.3
9184,35319,43.438232,-80.227242,117.1
9185,35320,43.438168,-80.227615,111.4
9186,35321,43.438103,-80.227997,114.0
9187,35322,43.438026,-80.228394,119.4
9188,35323,43.43795,-80.228783,117.1
9189,35324,43.437878,-80.229195,123.2
9190,35325,43.437801,-80.229591,119.2
9191,35326,43.437729,-80.229996,121.2
9192,35327,43.437649,-80.230392,119.5
9193,35328,43.437565,-80.230797,122.4
9194,35329,43.437489,-80.231209,123.6
9195,35330,43.437408,-80.231621,124.1
9196,35331,43.437328,-80.232048,128.2
9197,35332,43.437248,-80.232483,130.4
9198,35333,43.437172,-80.23291,127.8
9199,35334,43.437092,-80.233353,132.7
9200,35335,43.437016,-80.233772,125.5
9201,35336,43.436932,-80.234215,133.1
9202,35337,43.436848,-80.23465,130.8
9203,35338,43.436768,-80.235085,130.4
9204,35339,43.43668,-80.235519,131.0
9205,35340,43.4366,-80.235954,130.4
9206,35341,43.436512,-80.236374,127.1
9207,35342,43.436424,-80.236801,129.0
9208,35343,43.436344,-80.237213,124.0
9209,35344,43.436253,-80.23764,129.4
9210,35345,43.436172,-80.238045,122.1
9211,35346,43.436092,-80.238472,128.2
9212,35347,43.436008,-80.238892,126.6
9213,35348,43.435921,-80.239304,124.7
9214,35349,43.435833,-80.239716,124.8
9215,35350,43.435734,-80.24012,123.9
9216,35351,43.435612,-80.240524,127.2
9217,35352,43.435501,-80.240929,125.8
9218,35353,43.435387,-80.241318,121.9
9219,35354,43.435276,-80.241722,125.6
9220,35355,43.435158,-80.242096,118.5
9221,35356,43.435036,-80.242485,123.2
9222,35357,43.434921,-80.242882,124.2
9223,35358,43.434799,-80.243263,121.0
9224,35359,43.434685,-80.243637,117.9
9225,35360,43.434566,-80.244026,122.7
9226,35361,43.434448,-80.244408,120.7
9227,35362,43.434334,-80.244781,117.6
9228,35363,43.434223,-80.245163,119.6
9229,35364,43.434109,-80.245537,117.9
9230,35365,43.433994,-80.245918,119.9
9231,35366,43.43388,-80.2463,120.1
9232,35367,43.433765,-80.246681,119.9
9233,35368,43.433647,-80.247055,118.5
9234,35369,43.433533,-80.247437,120.1
9235,35370,43.433411,-80.247818,121.0
9236,35371,43.433292,-80.248199,120.6
9237,35372,43.43317,-80.248573,119.2
9238,35373,43.433052,-80.24897,124.7
9239,35374,43.432934,-80.249359,122.5
9240,35375,43.432812,-80.249741,121.3
9241,35376,43.43269,-80.25013,123.2
9242,35377,43.432568,-80.250519,123.2
9243,35378,43.432446,-80.2509,121.0
9244,35379,43.43232,-80.251297,125.9
9245,35380,43.432201,-80.251686,122.7
9246,35381,43.432079,-80.252083,125.3
9247,35382,43.431957,-80.25248,125.3
9248,35383,43.431831,-80.252869,123.8
9249,35384,43.431713,-80.253258,122.6
9250,35385,43.431587,-80.253647,123.8
9251,35386,43.431465,-80.254051,127.2
9252,35387,43.431343,-80.254448,125.3
9253,35388,43.431221,-80.254837,123.2
9254,35389,43.431103,-80.255241,126.6
9255,35390,43.430981,-80.255638,125.3
9256,35391,43.430855,-80.256042,127.8
9257,35392,43.430737,-80.256439,124.7
9258,35393,43.430611,-80.256828,123.8
9259,35394,43.430489,-80.257233,127.5
9260,35395,43.430359,-80.257629,126.3
9261,35396,43.430237,-80.258041,129.3
9262,35397,43.430107,-80.258438,126.6
9263,35398,43.429981,-80.25885,130.0
9264,35399,43.429848,-80.259247,127.1
9265,35400,43.429726,-80.259666,131.2
9266,35401,43.429596,-80.260071,128.7
9267,35402,43.429462,-80.260483,131.2
9268,35403,43.429337,-80.260887,127.7
9269,35404,43.429207,-80.261292,128.7
9270,35405,43.429085,-80.261688,125.1
9271,35406,43.428959,-80.262077,123.8
9272,35407,43.428841,-80.262482,126.9
9273,35408,43.428715,-80.262878,125.7
9274,35409,43.428593,-80.263275,125.3
9275,35410,43.428463,-80.263672,126.6
9276,35411,43.428337,-80.264061,123.8
9277,35412,43.428207,-80.264465,128.5
9278,35413,43.428082,-80.264854,123.7
9279,35414,43.427952,-80.265251,126.6
9280,35415,43.427822,-80.265648,126.6
9281,35416,43.427692,-80.266045,126.6
9282,35417,43.427567,-80.266441,125.5
9283,35418,43.427441,-80.266838,126.0
9284,35419,43.427307,-80.267235,127.3
9285,35420,43.427177,-80.267624,124.5
9286,35421,43.427048,-80.268013,124.3
9287,35422,43.426922,-80.26841,126.0
9288,35423,43.426792,-80.268806,126.3
9289,35424,43.426662,-80.269203,126.6
9290,35425,43.426529,-80.269592,125.0
9291,35426,43.426395,-80.269981,125.2
9292,35427,43.426247,-80.270363,125.9
9293,35428,43.426105,-80.270737,122.7
9294,35429,43.425949,-80.271111,125.4
9295,35430,43.425793,-80.271484,125.1
9296,35431,43.42564,-80.271858,124.8
9297,35432,43.42548,-80.272232,126.2
9298,35433,43.425327,-80.272598,122.8
9299,35434,43.425171,-80.272964,123.4
9300,35435,43.425014,-80.273354,129.6
9301,35436,43.424854,-80.27372,124.2
9302,35437,43.424706,-80.274086,121.8
9303,35438,43.424545,-80.274467,128.2
9304,35439,43.424389,-80.274841,125.4
9305,35440,43.424236,-80.275208,123.0
9306,35441,43.42408,-80.275589,127.2
9307,35442,43.423923,-80.275963,125.6
9308,35443,43.423767,-80.276329,123.4
9309,35444,43.423611,-80.276688,121.6
9310,35445,43.423458,-80.277054,122.8
9311,35446,43.423309,-80.277435,125.8
9312,35447,43.423157,-80.277794,120.8
9313,35448,43.423004,-80.278152,120.8
9314,35449,43.422848,-80.278511,121.6
9315,35450,43.422703,-80.27887,119.4
9316,35451,43.422558,-80.279213,115.4
9317,35452,43.422405,-80.279579,122.8
9318,35453,43.422256,-80.27993,118.2
9319,35454,43.422115,-80.280281,116.6
9320,35455,43.421967,-80.280624,116.0
9321,35456,43.421822,-80.280968,115.6
9322,35457,43.421677,-80.281319,117.4
9323,35458,43.421528,-80.28167,118.2
9324,35459,43.421379,-80.282021,118.2
9325,35460,43.421234,-80.282379,119.2
9326,35461,43.421089,-80.28273,117.4
9327,35462,43.42094,-80.283073,116.2
9328,35463,43.420795,-80.283424,117.4
9329,35464,43.420647,-80.283768,116.2
9330,35465,43.420506,-80.284119,116.6
9331,35466,43.420361,-80.284454,113.4
9332,35467,43.420208,-80.284805,119.0
9333,35468,43.420063,-80.285156,117.4
9334,35469,43.419922,-80.285515,118.7
9335,35470,43.419769,-80.285858,117.0
9336,35471,43.419628,-80.286209,116.6
9337,35472,43.419487,-80.286568,118.7
9338,35473,43.41935,-80.286926,117.7
9339,35474,43.419216,-80.287292,119.2
9340,35475,43.419086,-80.287674,122.7
9341,35476,43.418968,-80.28804,116.4
9342,35477,43.418846,-80.288414,119.2
9343,35478,43.418736,-80.288803,121.4
9344,35479,43.418625,-80.289185,119.6
9345,35480,43.418507,-80.289566,120.4
9346,35481,43.418392,-80.289963,124.3
9347,35482,43.418282,-80.290337,117.3
9348,35483,43.418159,-80.290726,123.4
9349,35484,43.418045,-80.291122,123.9
9350,35485,43.417927,-80.291519,124.7
9351,35486,43.417812,-80.291908,122.1
9352,35487,43.417706,-80.292305,123.0
9353,35488,43.417591,-80.292694,122.1
9354,35489,43.41748,-80.293091,123.7
9355,35490,43.417362,-80.293488,124.7
9356,35491,43.417248,-80.293877,122.0
9357,35492,43.41713,-80.294281,126.6
9358,35493,43.417011,-80.294662,120.6
9359,35494,43.416893,-80.295059,124.7
9360,35495,43.416779,-80.295456,124.1
9361,35496,43.416664,-80.295853,124.3
9362,35497,43.41655,-80.296249,123.9
9363,35498,43.416431,-80.296654,127.0
9364,35499,43.416313,-80.297058,126.6
9365,35500,43.416195,-80.297455,124.7
9366,35501,43.416073,-80.297859,127.2
9367,35502,43.415951,-80.298271,129.4
9368,35503,43.415829,-80.298683,129.4
9369,35504,43.415703,-80.299088,128.1
9370,35505,43.415577,-80.2995,130.0
9371,35506,43.415455,-80.299911,129.1
9372,35507,43.415352,-80.300323,126.7
9373,35508,43.415253,-80.300728,124.3
9374,35509,43.415169,-80.301147,126.4
9375,35510,43.4151,-80.301559,122.9
9376,35511,43.415039,-80.301979,124.5
9377,35512,43.414986,-80.302391,121.7
9378,35513,43.414936,-80.302811,123.8
9379,35514,43.414913,-80.303215,117.8
9380,35515,43.414886,-80.303627,120.3
9381,35516,43.414879,-80.304031,117.5
9382,35517,43.414864,-80.304451,122.3
9383,35518,43.414848,-80.304855,117.6
9384,35519,43.414837,-80.305283,124.5
9385,35520,43.414822,-80.305695,120.0
9386,35521,43.414806,-80.306122,124.3
9387,35522,43.414795,-80.306541,121.9
9388,35523,43.414776,-80.306969,124.7
9389,35524,43.414764,-80.307404,126.6
9390,35525,43.414753,-80.307831,124.2
9391,35526,43.414745,-80.308266,126.5
9392,35527,43.414726,-80.308701,126.7
9393,35528,43.414719,-80.309128,124.2
9394,35529,43.414715,-80.309563,126.5
9395,35530,43.414703,-80.30999,124.3
9396,35531,43.414688,-80.310417,124.3
9397,35532,43.41468,-80.310837,122.2
9398,35533,43.414665,-80.311264,124.3
9399,35534,43.414646,-80.311691,124.4
9400,35535,43.414639,-80.312103,119.8
9401,35536,43.414619,-80.312531,124.7
9402,35537,43.414604,-80.312935,117.6
9403,35538,43.414589,-80.313347,120.0
9404,35539,43.414574,-80.313744,115.6
9405,35540,43.414558,-80.314133,113.3
9406,35541,43.414551,-80.314529,115.2
9407,35542,43.414532,-80.314919,113.7
9408,35543,43.41452,-80.315323,117.6
9409,35544,43.414509,-80.31572,115.5
9410,35545,43.414494,-80.316116,115.3
9411,35546,43.414478,-80.316528,120.0
9412,35547,43.414474,-80.316925,115.5
9413,35548,43.414459,-80.317329,117.6
9414,35549,43.414448,-80.317726,115.5
9415,35550,43.414433,-80.318123,115.6
9416,35551,43.414417,-80.31852,115.6
9417,35552,43.414406,-80.318909,113.2
9418,35553,43.414398,-80.319298,113.2
9419,35554,43.414394,-80.319687,113.1
9420,35555,43.414379,-80.320084,115.6
9421,35556,43.414368,-80.320473,113.2
9422,35557,43.414364,-80.320847,108.8
9423,35558,43.414352,-80.321243,115.2
9424,35559,43.414341,-80.321625,111.2
9425,35560,43.41433,-80.322006,110.9
9426,35561,43.414322,-80.322403,115.5
9427,35562,43.414307,-80.322792,113.3
9428,35563,43.414303,-80.323166,108.8
9429,35564,43.414288,-80.323555,113.3
9430,35565,43.41428,-80.323936,110.8
9431,35566,43.414272,-80.324318,111.1
9432,35567,43.414261,-80.324699,110.9
9433,35568,43.414249,-80.325081,111.2
9434,35569,43.414242,-80.325462,110.8
9435,35570,43.414227,-80.325851,113.3
9436,35571,43.414207,-80.326241,113.7
9437,35572,43.4142,-80.32663,113.1
9438,35573,43.414177,-80.327034,117.8
9439,35574,43.414165,-80.327423,113.2
9440,35575,43.414158,-80.327812,113.1
9441,35576,43.414131,-80.328209,115.9
9442,35577,43.41412,-80.328606,115.5
9443,35578,43.414097,-80.32901,117.8
9444,35579,43.414078,-80.329414,117.7
9445,35580,43.414051,-80.329819,118.3
9446,35581,43.41404,-80.330215,115.2
9447,35582,43.414024,-80.330627,120.0
9448,35583,43.414009,-80.331024,115.6
9449,35584,43.413998,-80.331413,113.2
9450,35585,43.413975,-80.331818,118.1
9451,35586,43.41396,-80.332207,113.3
9452,35587,43.413952,-80.332603,115.2
9453,35588,43.41394,-80.332977,108.9
9454,35589,43.413929,-80.333359,111.2
9455,35590,43.413921,-80.333733,108.8
9456,35591,43.413902,-80.334122,113.4
9457,35592,43.413887,-80.334488,106.6
9458,35593,43.413879,-80.334854,106.5
9459,35594,43.413868,-80.33522,106.5
9460,35595,43.413868,-80.335594,108.8
9461,35596,43.413868,-80.335953,104.4
9462,35597,43.413872,-80.336319,106.4
9463,35598,43.413879,-80.336678,104.4
9464,35599,43.413883,-80.337044,106.4
9465,35600,43.413887,-80.33741,106.4
9466,35601,43.413895,-80.337776,106.5
9467,35602,43.413902,-80.338158,111.1
9468,35603,43.413902,-80.338547,113.1
9469,35604,43.413906,-80.338921,108.8
9470,35605,43.413914,-80.339302,110.8
9471,35606,43.413918,-80.339699,115.5
9472,35607,43.413921,-80.34008,110.8
9473,35608,43.413921,-80.340477,115.4
9474,35609,43.413921,-80.340874,115.4
9475,35610,43.413918,-80.34127,115.2
9476,35611,43.413914,-80.341675,117.8
9477,35612,43.413902,-80.342072,115.5
9478,35613,43.413898,-80.342484,119.8
9479,35614,43.413895,-80.342873,113.1
9480,35615,43.413887,-80.343269,115.2
9481,35616,43.413887,-80.343674,117.8
9482,35617,43.413879,-80.344063,113.2
9483,35618,43.413876,-80.344444,110.8
9484,35619,43.413864,-80.344841,115.5
9485,35620,43.413853,-80.345215,108.8
9486,35621,43.413849,-80.345596,110.8
9487,35622,43.413845,-80.345978,111.1
9488,35623,43.413834,-80.346352,108.8
9489,35624,43.413815,-80.346725,108.7
9490,35625,43.413803,-80.347115,113.5
9491,35626,43.413792,-80.347488,108.6
9492,35627,43.413784,-80.347862,108.8
9493,35628,43.413769,-80.348244,111.2
9494,35629,43.413761,-80.348625,110.8
9495,35630,43.413746,-80.348999,108.9
9496,35631,43.413727,-80.34938,111.0
9497,35632,43.413712,-80.34977,113.6
9498,35633,43.413689,-80.350151,111.2
9499,35634,43.413681,-80.350533,111.1
9500,35635,43.413647,-80.350922,113.9
9501,35636,43.413628,-80.351295,108.7
9502,35637,43.413601,-80.351677,111.6
9503,35638,43.413586,-80.352074,115.6
9504,35639,43.413559,-80.352448,109.3
9505,35640,43.413536,-80.352821,108.9
9506,35641,43.413517,-80.353203,111.3
9507,35642,43.413483,-80.353577,109.6
9508,35643,43.413448,-80.353958,111.7
9509,35644,43.413406,-80.354324,107.7
9510,35645,43.413361,-80.354706,112.5
9511,35646,43.4133,-80.35508,111.5
9512,35647,43.413227,-80.355446,110.4
9513,35648,43.413143,-80.355827,115.8
9514,35649,43.413044,-80.356194,113.8
9515,35650,43.412937,-80.35656,114.7
9516,35651,43.412819,-80.356926,116.4
9517,35652,43.412693,-80.357285,115.9
9518,35653,43.41256,-80.357651,119.0
9519,35654,43.412407,-80.358002,119.0
9520,35655,43.412254,-80.358337,115.1
9521,35656,43.412094,-80.358673,116.8
9522,35657,43.411926,-80.358994,115.0
9523,35658,43.411755,-80.359299,112.0
9524,35659,43.411575,-80.359612,116.1
9525,35660,43.411404,-80.359909,110.2
9526,35661,43.411224,-80.360207,112.7
9527,35662,43.411049,-80.360497,109.6
9528,35663,43.410877,-80.360802,112.3
9529,35664,43.410694,-80.361099,113.2
9530,35665,43.410519,-80.361389,109.6
9531,35666,43.410347,-80.361687,110.7
9532,35667,43.410168,-80.361992,114.0
9533,35668,43.41,-80.362282,107.9
9534,35669,43.409828,-80.362572,108.9
9535,35670,43.409657,-80.362846,105.0
9536,35671,43.409489,-80.363129,106.3
9537,35672,43.409321,-80.363403,104.3
9538,35673,43.409153,-80.363678,104.5
9539,35674,43.408978,-80.363953,106.3
9540,35675,43.40881,-80.364227,104.3
9541,35676,43.408646,-80.364494,101.7
9542,35677,43.408482,-80.364777,105.3
9543,35678,43.408321,-80.365059,104.3
9544,35679,43.408161,-80.365334,102.5
9545,35680,43.408001,-80.365608,102.2
9546,35681,43.407841,-80.365891,104.3
9547,35682,43.407684,-80.366165,101.5
9548,35683,43.407524,-80.36644,102.5
9549,35684,43.407368,-80.366722,103.1
9550,35685,43.407211,-80.367004,103.3
9551,35686,43.407063,-80.367287,101.4
9552,35687,43.406921,-80.367577,101.7
9553,35688,43.406788,-80.367859,97.8
9554,35689,43.406651,-80.368149,100.6
9555,35690,43.406528,-80.368439,97.7
9556,35691,43.406399,-80.368729,98.9
9557,35692,43.406281,-80.369034,100.5
9558,35693,43.40617,-80.369331,97.1
9559,35694,43.406055,-80.369637,100.2
9560,35695,43.405949,-80.369942,98.3
9561,35696,43.405842,-80.370255,100.6
9562,35697,43.405727,-80.370567,101.7
9563,35698,43.405613,-80.37088,101.8
9564,35699,43.405499,-80.371193,101.8
9565,35700,43.405388,-80.371513,103.1
9566,35701,43.405277,-80.371826,101.3
9567,35702,43.405163,-80.372139,101.8
9568,35703,43.405056,-80.372452,100.6
9569,35704,43.404953,-80.372757,97.8
9570,35705,43.404842,-80.373077,103.1
9571,35706,43.404736,-80.373398,102.5
9572,35707,43.404633,-80.373718,101.8
9573,35708,43.404526,-80.374046,104.6
9574,35709,43.404423,-80.374367,102.1
9575,35710,43.404324,-80.374702,105.2
9576,35711,43.404232,-80.375031,102.5
9577,35712,43.404144,-80.375359,101.7
9578,35713,43.404068,-80.375694,102.1
9579,35714,43.403999,-80.37603,101.5
9580,35715,43.403938,-80.376358,98.5
9581,35716,43.403904,-80.376686,96.4
9582,35717,43.403881,-80.377014,95.8
9583,35718,43.403877,-80.377342,95.4
9584,35719,43.403896,-80.377663,93.7
9585,35720,43.403931,-80.377975,91.8
9586,35721,43.403976,-80.378288,92.8
9587,35722,43.404041,-80.378601,94.7
9588,35723,43.404114,-80.378914,95.6
9589,35724,43.404205,-80.379219,95.9
9590,35725,43.404312,-80.379509,94.6
9591,35726,43.404442,-80.379799,99.1
9592,35727,43.404583,-80.380089,101.5
9593,35728,43.404743,-80.380371,104.1
9594,35729,43.404907,-80.380638,101.7
9595,35730,43.405079,-80.38092,107.1
9596,35731,43.405251,-80.38121,108.9
9597,35732,43.405434,-80.381493,110.2
9598,35733,43.405617,-80.381798,115.0
9599,35734,43.4058,-80.382095,113.3
9600,35735,43.405991,-80.382401,117.3
9601,35736,43.406185,-80.382706,117.9
9602,35737,43.406376,-80.383011,117.1
9603,35738,43.40657,-80.383324,119.7
9604,35739,43.406773,-80.383629,120.3
9605,35740,43.406967,-80.383942,119.7
9606,35741,43.407169,-80.384254,121.5
9607,35742,43.407368,-80.384583,124.5
9608,35743,43.407562,-80.384903,121.2
9609,35744,43.407757,-80.385223,121.5
9610,35745,43.407944,-80.385551,121.3
9611,35746,43.408123,-80.38588,119.5
9612,35747,43.408302,-80.386223,122.8
9613,35748,43.40847,-80.386566,120.3
9614,35749,43.40863,-80.386925,122.5
9615,35750,43.408791,-80.387291,124.4
9616,35751,43.408943,-80.38765,120.8
9617,35752,43.409088,-80.388023,123.0
9618,35753,43.409237,-80.388397,124.0
9619,35754,43.409386,-80.388771,124.0
9620,35755,43.409527,-80.389145,122.5
9621,35756,43.409676,-80.389526,125.8
9622,35757,43.409824,-80.389915,127.7
9623,35758,43.409969,-80.390282,121.5
9624,35759,43.410114,-80.390656,123.3
9625,35760,43.410259,-80.391037,125.1
9626,35761,43.410404,-80.391418,125.1
9627,35762,43.410553,-80.391792,124.0
9628,35763,43.410694,-80.392166,122.5
9629,35764,43.410843,-80.392532,122.0
9630,35765,43.410988,-80.392914,125.3
9631,35766,43.411133,-80.393288,123.3
9632,35767,43.411282,-80.393669,125.8
9633,35768,43.411423,-80.394043,122.5
9634,35769,43.411568,-80.394409,121.2
9635,35770,43.41172,-80.394791,126.7
9636,35771,43.411865,-80.395157,121.2
