sample_order,timestamp,latitude,longitude,speed_kmh
1,13055,43.411736,-80.395294,0.0
2,13056,43.41161,-80.394958,110.0
3,13057,43.41148,-80.39463,108.7
4,13058,43.41135,-80.394295,110.4
5,13059,43.411224,-80.393959,110.0
6,13060,43.411091,-80.393623,111.3
7,13061,43.410969,-80.393295,107.2
8,13062,43.410835,-80.392967,109.4
9,13063,43.410706,-80.392632,110.3
10,13064,43.410572,-80.392296,111.5
11,13065,43.410439,-80.39196,111.3
12,13066,43.410309,-80.391617,112.5
13,13067,43.410175,-80.391289,109.4
14,13068,43.410049,-80.390961,107.9
15,13069,43.40992,-80.390633,108.5
16,13070,43.409786,-80.390297,111.5
17,13071,43.409664,-80.389969,107.2
18,13072,43.409534,-80.389648,106.9
19,13073,43.409412,-80.389336,103.0
20,13074,43.409286,-80.389023,104.1
21,13075,43.409168,-80.38871,102.5
22,13076,43.409046,-80.388397,103.3
23,13077,43.408928,-80.388084,102.5
24,13078,43.40881,-80.387779,100.5
25,13079,43.408688,-80.387482,99.2
26,13080,43.408569,-80.387192,96.9
27,13081,43.408451,-80.386902,96.7
28,13082,43.408329,-80.38665,88.1
29,13083,43.408211,-80.386398,87.2
30,13084,43.4081,-80.386185,76.2
31,13085,43.408005,-80.386002,65.4
32,13086,43.407917,-80.385841,58.6
33,13087,43.407845,-80.385704,49.2
34,13088,43.407784,-80.385597,39.6
35,13089,43.40773,-80.385521,30.9
36,13090,43.407696,-80.385445,26.0
37,13091,43.407677,-80.385406,13.7
38,13092,43.407658,-80.385376,11.6
39,13093,43.407646,-80.385353,8.2
40,13094,43.407631,-80.385323,10.6
41,13095,43.407616,-80.385284,12.8
42,13096,43.4076,-80.385269,7.7
43,13097,43.407585,-80.385239,10.6
44,13098,43.407562,-80.385201,14.4
45,13099,43.407543,-80.385162,13.7
46,13100,43.40752,-80.385117,16.0
47,13101,43.407497,-80.385078,14.6
48,13102,43.407475,-80.385048,12.4
49,13103,43.407452,-80.38501,14.4
50,13104,43.40744,-80.384979,10.2
51,13105,43.407429,-80.384956,8.0
52,13106,43.407413,-80.384941,7.7
53,13107,43.407406,-80.384918,7.3
54,13108,43.407394,-80.384903,6.5
55,13109,43.407383,-80.384888,6.2
56,13110,43.407368,-80.384872,7.6
57,13111,43.407356,-80.38485,8.0
58,13112,43.407345,-80.384827,8.0
59,13113,43.407337,-80.384819,4.0
60,13114,43.40733,-80.384811,3.6
61,13115,43.407326,-80.384804,2.6
62,13116,43.407318,-80.384804,3.2
63,13117,43.407318,-80.384789,4.4
64,13118,43.407318,-80.384789,0.0
65,13119,43.40731,-80.384773,5.6
66,13120,43.407303,-80.384766,3.5
67,13121,43.407288,-80.384743,9.0
68,13122,43.40728,-80.384727,5.6
69,13123,43.407265,-80.384712,7.4
70,13124,43.407249,-80.384689,9.3
71,13125,43.407242,-80.384682,3.5
72,13126,43.40723,-80.384659,8.2
73,13127,43.407215,-80.384644,7.4
74,13128,43.407204,-80.384621,8.0
75,13129,43.407188,-80.384598,9.3
76,13130,43.407169,-80.384567,11.8
77,13131,43.407143,-80.384529,15.2
78,13132,43.40712,-80.384491,14.4
79,13133,43.407089,-80.384445,18.2
80,13134,43.407063,-80.384407,15.2
81,13135,43.407036,-80.384369,15.5
82,13136,43.407009,-80.384331,15.5
83,13137,43.406982,-80.384285,17.2
84,13138,43.406956,-80.384247,15.2
85,13139,43.406929,-80.384209,15.5
86,13140,43.406902,-80.384163,17.2
87,13141,43.406876,-80.384117,16.9
88,13142,43.406849,-80.384079,15.5
89,13143,43.406818,-80.384041,16.6
90,13144,43.406796,-80.384003,14.1
91,13145,43.406769,-80.383957,17.2
92,13146,43.40675,-80.383926,11.8
93,13147,43.406727,-80.383896,12.7
94,13148,43.406708,-80.383858,13.4
95,13149,43.406685,-80.383835,11.4
96,13150,43.40667,-80.383797,12.6
97,13151,43.406647,-80.383766,12.9
98,13152,43.406624,-80.383743,11.4
99,13153,43.406605,-80.383713,11.6
100,13154,43.406586,-80.383682,11.8
101,13155,43.406559,-80.383636,17.2
102,13156,43.406528,-80.383598,16.6
103,13157,43.406506,-80.383553,15.8
104,13158,43.406475,-80.383514,16.8
105,13159,43.406448,-80.383461,18.8
106,13160,43.406425,-80.38343,12.9
107,13161,43.406395,-80.383385,17.8
108,13162,43.406368,-80.383354,14.1
109,13163,43.406345,-80.383308,16.2
110,13164,43.406319,-80.38327,15.2
111,13165,43.406288,-80.383224,18.2
112,13166,43.406265,-80.383194,12.7
113,13167,43.406239,-80.383141,18.6
114,13168,43.406212,-80.383102,15.7
115,13169,43.406185,-80.383057,17.0
116,13170,43.406155,-80.383011,18.0
117,13171,43.406124,-80.382965,18.2
118,13172,43.406094,-80.382919,18.0
119,13173,43.406063,-80.382874,18.0
120,13174,43.40604,-80.382828,16.2
121,13175,43.40601,-80.382782,18.0
122,13176,43.405979,-80.382736,18.2
123,13177,43.405949,-80.38269,18.0
124,13178,43.405914,-80.382637,20.8
125,13179,43.405884,-80.382599,16.3
126,13180,43.405849,-80.382553,19.4
127,13181,43.405815,-80.382484,24.2
128,13182,43.405781,-80.382439,18.9
129,13183,43.405743,-80.382378,23.4
130,13184,43.405704,-80.382317,23.6
131,13185,43.405666,-80.382256,23.4
132,13186,43.405632,-80.382202,20.8
133,13187,43.405602,-80.382149,19.5
134,13188,43.405567,-80.382095,21.0
135,13189,43.405533,-80.382042,20.6
136,13190,43.405491,-80.381973,26.2
137,13191,43.405449,-80.381912,24.4
138,13192,43.405407,-80.381844,26.0
139,13193,43.405361,-80.381767,29.0
140,13194,43.405315,-80.381706,25.6
141,13195,43.405273,-80.381638,26.0
142,13196,43.405228,-80.381569,27.0
143,13197,43.405186,-80.3815,26.2
144,13198,43.405136,-80.381439,26.7
145,13199,43.405087,-80.381363,29.6
146,13200,43.405041,-80.381287,28.8
147,13201,43.404995,-80.38121,29.0
148,13202,43.404949,-80.381126,30.6
149,13203,43.4049,-80.381058,27.9
150,13204,43.404854,-80.380989,27.2
151,13205,43.404808,-80.38092,27.2
152,13206,43.40477,-80.380859,23.4
153,13207,43.404732,-80.380798,23.4
154,13208,43.40469,-80.38073,26.0
155,13209,43.404648,-80.380669,24.4
156,13210,43.40461,-80.380608,23.4
157,13211,43.404568,-80.380554,23.0
158,13212,43.40453,-80.380486,24.9
159,13213,43.404488,-80.380424,24.7
160,13214,43.404453,-80.380371,20.8
161,13215,43.404415,-80.38031,23.4
162,13216,43.404381,-80.380257,20.6
163,13217,43.404343,-80.380211,20.3
164,13218,43.404316,-80.380157,19.1
165,13219,43.404285,-80.380104,19.8
166,13220,43.404247,-80.380051,21.7
167,13221,43.404209,-80.379997,21.9
168,13222,43.404175,-80.379951,19.1
169,13223,43.404144,-80.379898,19.8
170,13224,43.404118,-80.379837,20.6
171,13225,43.404083,-80.379784,20.8
172,13226,43.404053,-80.379738,18.0
173,13227,43.404022,-80.379684,20.0
174,13228,43.403996,-80.379639,16.7
175,13229,43.403965,-80.379593,18.2
176,13230,43.403934,-80.379539,20.0
177,13231,43.403912,-80.379486,17.8
178,13232,43.403881,-80.37944,18.2
179,13233,43.403851,-80.379387,19.5
180,13234,43.403828,-80.379333,18.2
181,13235,43.403805,-80.379288,16.0
182,13236,43.403786,-80.37925,13.4
183,13237,43.403759,-80.379204,17.2
184,13238,43.403728,-80.37915,20.0
185,13239,43.403706,-80.379089,19.8
186,13240,43.403671,-80.379021,24.2
187,13241,43.403641,-80.378952,23.4
188,13242,43.403603,-80.378883,25.2
189,13243,43.403568,-80.378799,28.2
190,13244,43.403542,-80.378731,22.3
191,13245,43.403511,-80.378654,25.6
192,13246,43.403484,-80.378601,18.8
193,13247,43.403461,-80.378532,22.1
194,13248,43.403439,-80.378479,17.8
195,13249,43.403416,-80.378418,20.0
196,13250,43.4034,-80.378357,18.9
197,13251,43.403374,-80.378288,22.6
198,13252,43.403358,-80.378235,16.7
199,13253,43.403332,-80.378151,26.6
200,13254,43.403316,-80.378082,21.1
201,13255,43.40329,-80.377991,28.4
202,13256,43.403267,-80.377914,24.2
203,13257,43.403248,-80.377815,29.8
204,13258,43.403225,-80.377731,26.1
205,13259,43.40321,-80.377647,25.2
206,13260,43.403191,-80.377571,23.4
207,13261,43.403175,-80.377495,23.0
208,13262,43.403168,-80.377434,18.0
209,13263,43.403156,-80.377365,20.6
210,13264,43.403145,-80.377304,18.3
211,13265,43.403133,-80.377251,16.1
212,13266,43.40313,-80.377197,15.8
213,13267,43.403118,-80.377151,14.2
214,13268,43.403118,-80.377106,13.1
215,13269,43.403111,-80.377045,18.0
216,13270,43.403107,-80.376999,13.5
217,13271,43.403103,-80.376945,15.8
218,13272,43.403091,-80.376877,20.4
219,13273,43.403088,-80.376823,15.8
220,13274,43.403084,-80.37677,15.5
221,13275,43.40308,-80.376709,17.8
222,13276,43.403076,-80.376648,17.8
223,13277,43.403072,-80.376579,20.1
224,13278,43.403065,-80.376511,20.0
225,13279,43.403061,-80.376442,20.1
226,13280,43.403057,-80.376373,20.1
227,13281,43.403049,-80.376312,18.0
228,13282,43.403042,-80.376244,20.0
229,13283,43.403046,-80.376167,22.5
230,13284,43.403046,-80.376099,19.8
231,13285,43.403046,-80.37603,20.1
232,13286,43.403049,-80.375961,20.1
233,13287,43.403057,-80.375877,24.6
234,13288,43.403061,-80.375786,26.5
235,13289,43.403069,-80.375694,26.9
236,13290,43.403076,-80.37561,24.6
237,13291,43.403084,-80.375519,26.7
238,13292,43.403095,-80.375443,22.5
239,13293,43.403111,-80.375351,27.5
240,13294,43.403118,-80.375252,28.9
241,13295,43.403145,-80.375153,30.8
242,13296,43.403168,-80.375046,32.5
243,13297,43.403198,-80.374947,31.2
244,13298,43.403229,-80.37484,33.5
245,13299,43.403255,-80.374733,32.8
246,13300,43.40329,-80.374657,26.2
247,13301,43.40332,-80.374565,29.3
248,13302,43.403355,-80.374489,26.2
249,13303,43.403385,-80.374405,27.2
250,13304,43.403419,-80.374321,28.0
251,13305,43.403454,-80.374214,34.1
252,13306,43.403496,-80.374115,33.3
253,13307,43.403545,-80.374001,38.5
254,13308,43.403595,-80.373886,39.0
255,13309,43.403648,-80.373772,39.4
256,13310,43.403706,-80.373642,44.4
257,13311,43.403763,-80.373512,44.2
258,13312,43.403831,-80.373375,48.3
259,13313,43.403896,-80.373238,47.6
260,13314,43.403969,-80.373116,46.0
261,13315,43.404049,-80.372978,51.3
262,13316,43.404129,-80.372841,51.1
263,13317,43.404209,-80.372696,53.0
264,13318,43.404297,-80.372551,54.9
265,13319,43.404385,-80.372398,56.8
266,13320,43.404472,-80.372238,58.1
267,13321,43.40456,-80.372086,56.5
268,13322,43.40464,-80.371933,54.8
269,13323,43.40472,-80.371773,56.5
270,13324,43.4048,-80.371613,56.5
271,13325,43.404877,-80.371445,57.8
272,13326,43.404953,-80.371269,59.5
273,13327,43.405025,-80.371078,62.6
274,13328,43.405094,-80.37088,63.9
275,13329,43.405167,-80.370659,70.6
276,13330,43.405243,-80.370453,67.2
277,13331,43.405323,-80.370247,67.9
278,13332,43.405407,-80.370041,68.7
279,13333,43.405487,-80.369843,65.9
280,13334,43.405575,-80.369629,71.5
281,13335,43.405655,-80.369431,65.9
282,13336,43.405739,-80.369217,70.7
283,13337,43.405827,-80.369011,69.5
284,13338,43.405918,-80.368805,70.1
285,13339,43.406017,-80.368599,71.8
286,13340,43.40612,-80.368401,70.8
287,13341,43.406223,-80.368195,72.7
288,13342,43.406326,-80.367989,72.7
289,13343,43.406433,-80.367775,75.6
290,13344,43.40654,-80.367584,70.1
291,13345,43.406647,-80.367386,71.8
292,13346,43.406765,-80.367203,71.2
293,13347,43.406883,-80.36702,71.2
294,13348,43.407001,-80.366837,71.2
295,13349,43.40712,-80.366646,73.2
296,13350,43.407242,-80.36647,70.7
297,13351,43.40736,-80.36628,72.7
298,13352,43.407478,-80.366089,72.9
299,13353,43.4076,-80.365906,72.2
300,13354,43.407719,-80.365715,73.2
301,13355,43.407833,-80.365517,73.5
302,13356,43.407948,-80.365326,72.1
303,13357,43.40807,-80.365128,75.5
304,13358,43.408188,-80.364929,74.7
305,13359,43.408314,-80.364723,78.3
306,13360,43.408436,-80.364502,80.7
307,13361,43.408558,-80.364288,79.1
308,13362,43.408676,-80.364075,77.9
309,13363,43.408794,-80.363846,81.6
310,13364,43.408913,-80.363625,80.0
311,13365,43.409027,-80.363396,80.7
312,13366,43.409145,-80.363152,85.2
313,13367,43.40926,-80.362915,82.9
314,13368,43.409386,-80.362663,89.0
315,13369,43.409512,-80.362419,87.1
316,13370,43.409641,-80.362167,89.6
317,13371,43.409775,-80.361931,87.1
318,13372,43.40992,-80.361679,93.5
319,13373,43.410069,-80.361435,92.7
320,13374,43.410213,-80.361168,96.7
321,13375,43.41037,-80.360924,94.8
322,13376,43.410519,-80.360657,97.9
323,13377,43.410671,-80.360405,95.2
324,13378,43.410824,-80.360153,95.5
325,13379,43.410969,-80.359886,96.9
326,13380,43.411121,-80.359627,96.8
327,13381,43.411266,-80.35936,96.9
328,13382,43.411407,-80.359085,97.9
329,13383,43.411549,-80.35881,98.1
330,13384,43.411682,-80.358521,99.5
331,13385,43.411816,-80.358215,103.9
332,13386,43.411945,-80.35791,102.6
333,13387,43.412067,-80.357597,103.3
334,13388,43.412189,-80.357277,105.1
335,13389,43.412304,-80.356956,104.1
336,13390,43.412411,-80.356628,104.6
337,13391,43.412518,-80.356293,106.4
338,13392,43.412609,-80.355957,104.3
339,13393,43.412697,-80.355629,101.7
340,13394,43.412785,-80.355293,103.9
341,13395,43.412857,-80.354958,101.6
342,13396,43.41293,-80.35463,99.8
343,13397,43.412991,-80.354286,103.0
344,13398,43.413048,-80.353951,100.1
345,13399,43.413094,-80.353615,99.4
346,13400,43.413136,-80.353279,99.1
347,13401,43.413174,-80.352951,96.6
348,13402,43.413208,-80.352608,100.7
349,13403,43.413239,-80.35228,96.2
350,13404,43.413254,-80.351944,97.9
351,13405,43.413269,-80.351608,97.9
352,13406,43.41328,-80.35128,95.5
353,13407,43.413284,-80.350945,97.4
354,13408,43.413288,-80.350609,97.7
355,13409,43.4133,-80.350281,95.5
356,13410,43.413303,-80.34996,93.3
357,13411,43.4133,-80.349625,97.4
358,13412,43.413303,-80.349297,95.4
359,13413,43.413307,-80.348976,93.4
360,13414,43.413311,-80.348648,95.4
361,13415,43.413319,-80.348328,93.1
362,13416,43.413326,-80.348007,93.4
363,13417,43.413338,-80.347694,91.1
364,13418,43.413345,-80.347374,93.1
365,13419,43.413353,-80.347069,88.7
366,13420,43.413361,-80.346764,88.7
367,13421,43.413361,-80.346451,91.0
368,13422,43.413368,-80.346146,88.7
369,13423,43.413372,-80.345833,91.0
370,13424,43.413383,-80.34552,91.1
371,13425,43.413391,-80.3452,93.1
372,13426,43.413399,-80.344879,93.4
373,13427,43.413399,-80.344566,91.0
374,13428,43.413406,-80.344246,93.1
375,13429,43.41341,-80.343925,93.4
376,13430,43.413425,-80.343605,93.2
377,13431,43.413433,-80.343292,91.1
378,13432,43.413441,-80.342987,88.7
379,13433,43.413445,-80.342682,88.7
380,13434,43.413448,-80.342369,91.0
381,13435,43.41346,-80.342072,86.5
382,13436,43.413467,-80.341774,86.7
383,13437,43.413475,-80.341476,86.7
384,13438,43.413479,-80.341202,79.7
385,13439,43.413486,-80.340904,86.7
386,13440,43.413486,-80.340614,84.3
387,13441,43.413494,-80.340324,84.4
388,13442,43.413506,-80.340034,84.5
389,13443,43.413513,-80.339737,86.4
390,13444,43.413521,-80.339439,86.7
391,13445,43.413528,-80.339157,82.0
392,13446,43.413544,-80.338875,82.3
393,13447,43.413559,-80.338577,86.9
394,13448,43.413567,-80.338303,79.7
395,13449,43.413589,-80.338013,84.8
396,13450,43.413605,-80.337738,80.2
397,13451,43.413612,-80.337448,84.4
398,13452,43.413628,-80.337158,84.6
399,13453,43.413639,-80.336853,88.8
400,13454,43.413647,-80.336563,84.4
401,13455,43.413651,-80.336258,88.7
402,13456,43.41367,-80.335953,89.0
403,13457,43.413681,-80.335648,88.8
404,13458,43.413692,-80.33535,86.8
405,13459,43.413704,-80.335045,88.8
406,13460,43.413715,-80.33474,88.8
407,13461,43.413727,-80.334442,86.8
408,13462,43.413738,-80.334129,91.1
409,13463,43.413754,-80.333832,86.6
410,13464,43.413761,-80.333511,93.4
411,13465,43.413769,-80.333199,90.8
412,13466,43.413776,-80.332878,93.4
413,13467,43.413792,-80.332558,93.3
414,13468,43.413799,-80.332237,93.4
415,13469,43.413811,-80.331909,95.5
416,13470,43.413822,-80.331566,99.8
417,13471,43.413837,-80.331238,95.6
418,13472,43.413845,-80.330894,100.1
419,13473,43.413849,-80.330559,97.4
420,13474,43.413857,-80.330223,97.8
421,13475,43.413864,-80.32988,99.8
422,13476,43.413876,-80.329544,97.8
423,13477,43.413883,-80.329208,97.7
424,13478,43.413895,-80.32888,95.5
425,13479,43.413902,-80.328552,95.4
426,13480,43.413918,-80.328217,97.6
427,13481,43.413933,-80.327888,95.9
428,13482,43.413944,-80.32756,95.5
429,13483,43.413952,-80.327225,97.5
430,13484,43.413963,-80.326897,95.5
431,13485,43.413971,-80.326576,93.4
432,13486,43.413982,-80.326248,95.5
433,13487,43.413986,-80.32592,95.4
434,13488,43.414001,-80.325592,95.6
435,13489,43.414005,-80.325264,95.4
436,13490,43.414013,-80.324936,95.4
437,13491,43.414024,-80.324608,95.5
438,13492,43.414036,-80.324287,93.5
439,13493,43.414043,-80.323959,95.4
440,13494,43.414047,-80.323639,93.1
441,13495,43.414062,-80.323318,93.5
442,13496,43.414066,-80.32299,95.4
443,13497,43.414082,-80.322662,95.6
444,13498,43.414089,-80.322342,93.1
445,13499,43.414104,-80.322014,95.6
446,13500,43.414112,-80.321693,93.4
447,13501,43.414124,-80.321373,93.2
448,13502,43.414131,-80.321053,93.1
449,13503,43.414146,-80.32074,91.2
450,13504,43.414158,-80.320419,93.5
451,13505,43.414165,-80.320099,93.1
452,13506,43.414177,-80.319786,91.1
453,13507,43.414188,-80.319473,91.1
454,13508,43.4142,-80.31916,91.1
455,13509,43.414207,-80.31884,93.1
456,13510,43.414223,-80.318527,91.2
457,13511,43.414234,-80.318222,88.8
458,13512,43.414249,-80.317909,91.2
459,13513,43.414257,-80.317596,91.1
460,13514,43.414268,-80.317291,88.8
461,13515,43.41428,-80.316986,88.8
462,13516,43.414288,-80.316681,88.7
463,13517,43.414299,-80.316383,86.8
464,13518,43.41431,-80.316078,88.8
465,13519,43.414322,-80.315781,86.5
466,13520,43.41433,-80.315491,84.4
467,13521,43.414345,-80.315201,84.5
468,13522,43.414349,-80.314896,88.7
469,13523,43.414352,-80.314606,84.3
470,13524,43.41436,-80.314316,84.4
471,13525,43.414368,-80.314018,86.7
472,13526,43.414387,-80.313736,82.4
473,13527,43.414398,-80.313454,82.1
474,13528,43.41441,-80.313179,80.1
475,13529,43.414425,-80.312889,84.5
476,13530,43.41444,-80.312607,82.2
477,13531,43.414448,-80.312317,84.4
478,13532,43.414455,-80.312035,82.0
479,13533,43.414467,-80.311745,84.5
480,13534,43.414478,-80.311447,86.8
481,13535,43.414494,-80.31115,86.6
482,13536,43.414513,-80.31086,84.7
483,13537,43.41452,-80.310562,86.7
484,13538,43.414532,-80.310257,88.8
485,13539,43.414543,-80.309959,86.8
486,13540,43.414551,-80.309654,88.7
487,13541,43.414551,-80.309349,88.7
488,13542,43.414551,-80.309036,91.0
489,13543,43.414562,-80.308739,86.5
490,13544,43.414577,-80.308434,88.9
491,13545,43.414593,-80.308121,91.2
492,13546,43.414604,-80.3078,93.4
493,13547,43.414612,-80.307487,91.1
494,13548,43.414623,-80.307159,95.5
495,13549,43.414631,-80.306839,93.1
496,13550,43.414639,-80.306503,97.8
497,13551,43.414654,-80.306175,95.6
498,13552,43.414669,-80.30584,97.6
499,13553,43.41468,-80.305511,95.8
500,13554,43.414688,-80.305161,101.8
501,13555,43.414703,-80.304817,100.2
502,13556,43.414715,-80.304482,97.5
503,13557,43.414726,-80.304138,100.1
504,13558,43.414738,-80.303795,99.9
505,13559,43.414753,-80.303436,104.6
506,13560,43.414768,-80.303093,99.9
507,13561,43.414799,-80.302742,102.8
508,13562,43.414829,-80.302399,100.5
509,13563,43.414864,-80.302048,103.0
510,13564,43.414906,-80.301689,105.7
511,13565,43.414959,-80.301338,104.2
512,13566,43.415012,-80.300987,104.2
513,13567,43.415081,-80.300629,107.7
514,13568,43.415161,-80.300285,105.0
515,13569,43.415253,-80.299934,108.5
516,13570,43.415356,-80.299591,107.9
517,13571,43.415451,-80.29924,108.9
518,13572,43.415562,-80.298882,113.2
519,13573,43.415665,-80.298531,110.1
520,13574,43.415768,-80.29818,110.1
521,13575,43.415871,-80.297821,112.2
522,13576,43.415977,-80.297462,112.7
523,13577,43.416084,-80.297112,110.4
524,13578,43.416191,-80.296761,110.7
525,13579,43.41629,-80.296402,111.7
526,13580,43.416405,-80.296043,114.1
527,13581,43.416512,-80.295677,114.7
528,13582,43.416615,-80.295311,114.1
529,13583,43.416725,-80.294952,113.3
530,13584,43.416836,-80.294579,117.2
531,13585,43.416943,-80.294205,116.9
532,13586,43.417049,-80.293839,114.6
533,13587,43.417156,-80.29348,112.8
534,13588,43.417255,-80.293121,111.7
535,13589,43.417358,-80.292763,112.0
536,13590,43.417465,-80.292412,110.7
537,13591,43.417564,-80.292061,109.5
538,13592,43.417664,-80.29171,109.6
539,13593,43.417763,-80.291367,107.3
540,13594,43.417866,-80.291031,106.0
541,13595,43.417965,-80.290688,107.3
542,13596,43.418053,-80.290352,103.9
543,13597,43.41814,-80.290009,105.6
544,13598,43.418221,-80.28968,101.0
545,13599,43.418304,-80.289352,101.0
546,13600,43.418381,-80.289024,100.2
547,13601,43.418457,-80.288696,100.1
548,13602,43.418533,-80.288383,96.0
549,13603,43.41861,-80.288071,95.8
550,13604,43.418678,-80.287758,95.0
551,13605,43.418747,-80.28746,90.9
552,13606,43.418808,-80.287193,81.4
553,13607,43.418877,-80.286926,82.4
554,13608,43.418926,-80.286682,73.6
555,13609,43.418968,-80.286438,72.9
556,13610,43.418999,-80.286201,70.0
557,13611,43.419006,-80.285965,68.7
558,13612,43.418999,-80.285744,64.3
559,13613,43.418972,-80.285522,65.4
560,13614,43.418953,-80.285286,69.0
561,13615,43.418926,-80.285072,63.2
562,13616,43.418903,-80.284866,60.6
563,13617,43.41888,-80.284653,62.6
564,13618,43.418858,-80.28447,53.9
565,13619,43.418839,-80.284286,54.0
566,13620,43.418823,-80.284119,49.0
567,13621,43.418823,-80.283951,48.8
568,13622,43.418835,-80.283798,44.7
569,13623,43.418846,-80.283646,44.4
570,13624,43.418877,-80.283524,37.6
571,13625,43.4189,-80.283401,36.9
572,13626,43.418926,-80.283287,34.7
573,13627,43.418953,-80.283195,28.9
574,13628,43.418972,-80.283089,31.7
575,13629,43.418995,-80.283005,26.1
576,13630,43.41901,-80.282928,23.2
577,13631,43.419029,-80.282845,25.3
578,13632,43.419041,-80.282776,20.6
579,13633,43.419048,-80.282715,18.0
580,13634,43.419044,-80.282646,20.1
581,13635,43.419025,-80.282585,19.3
582,13636,43.418991,-80.282532,20.6
583,13637,43.418938,-80.282471,27.7
584,13638,43.418877,-80.282425,27.8
585,13639,43.418797,-80.282402,32.7
586,13640,43.418697,-80.282356,42.2
587,13641,43.418598,-80.282326,40.6
588,13642,43.418491,-80.282288,44.2
589,13643,43.418388,-80.282249,42.8
590,13644,43.418285,-80.282219,42.1
591,13645,43.418182,-80.282173,43.3
592,13646,43.418083,-80.282143,40.6
593,13647,43.417988,-80.282097,40.3
594,13648,43.417885,-80.282051,43.3
595,13649,43.417774,-80.281998,47.0
596,13650,43.417667,-80.281944,45.6
597,13651,43.417553,-80.281898,47.6
598,13652,43.417431,-80.281845,51.2
599,13653,43.417313,-80.281807,48.5
600,13654,43.417198,-80.281769,47.3
601,13655,43.417088,-80.281731,45.4
602,13656,43.416977,-80.281693,45.8
603,13657,43.41687,-80.281654,44.3
604,13658,43.416767,-80.281616,42.7
605,13659,43.416672,-80.281586,39.0
606,13660,43.41658,-80.281548,38.4
607,13661,43.416504,-80.281517,31.7
608,13662,43.416447,-80.281487,24.4
609,13663,43.416409,-80.281479,15.4
610,13664,43.416397,-80.281471,5.3
611,13665,43.416397,-80.281471,0.0
612,13666,43.416397,-80.281471,0.0
613,13667,43.416397,-80.281464,2.0
614,13668,43.416397,-80.281464,0.0
615,13669,43.416397,-80.281464,0.0
616,13670,43.416397,-80.281464,0.0
617,13671,43.416401,-80.281456,2.8
618,13672,43.416401,-80.281456,0.0
619,13673,43.416401,-80.281456,0.0
620,13674,43.416401,-80.281456,0.0
621,13675,43.416401,-80.281456,0.0
622,13676,43.416401,-80.281456,0.0
623,13677,43.416401,-80.281456,0.0
624,13678,43.416401,-80.281456,0.0
625,13679,43.416401,-80.281456,0.0
626,13680,43.416401,-80.281456,0.0
627,13681,43.416401,-80.281456,0.0
628,13682,43.416401,-80.281456,0.0
629,13683,43.416401,-80.281456,0.0
630,13684,43.416386,-80.281448,6.4
631,13685,43.416363,-80.281448,9.2
632,13686,43.416317,-80.281433,18.9
633,13687,43.416248,-80.28141,28.4
634,13688,43.416176,-80.281364,31.8
635,13689,43.416096,-80.281334,33.2
636,13690,43.416,-80.281296,40.0
637,13691,43.415901,-80.28125,41.8
638,13692,43.415783,-80.281197,49.7
639,13693,43.415657,-80.281143,52.8
640,13694,43.41552,-80.28109,57.0
641,13695,43.415375,-80.281029,60.7
642,13696,43.415234,-80.280968,59.2
643,13697,43.415081,-80.280891,65.2
644,13698,43.414921,-80.280815,67.8
645,13699,43.414761,-80.280746,67.1
646,13700,43.414593,-80.280655,72.3
647,13701,43.414425,-80.280586,70.2
648,13702,43.414261,-80.28051,69.3
649,13703,43.414089,-80.280434,72.3
650,13704,43.413925,-80.280357,69.4
651,13705,43.413757,-80.280289,70.1
652,13706,43.413574,-80.280235,74.9
653,13707,43.413403,-80.28019,69.7
654,13708,43.413231,-80.280159,69.4
655,13709,43.413055,-80.280136,70.8
656,13710,43.412888,-80.280121,67.0
657,13711,43.412724,-80.280121,65.6
658,13712,43.412563,-80.280128,64.5
659,13713,43.412411,-80.280151,61.2
660,13714,43.412281,-80.280167,52.2
661,13715,43.412167,-80.280197,46.5
662,13716,43.412067,-80.280235,41.5
663,13717,43.411976,-80.280258,37.0
664,13718,43.411911,-80.280289,27.5
665,13719,43.411846,-80.280334,29.1
666,13720,43.4118,-80.280403,27.2
667,13721,43.411755,-80.280479,28.5
668,13722,43.411705,-80.280563,31.6
669,13723,43.411644,-80.280632,31.6
670,13724,43.411583,-80.280685,28.9
671,13725,43.411499,-80.280701,33.9
672,13726,43.411415,-80.280693,33.7
673,13727,43.411324,-80.280693,36.4
674,13728,43.411217,-80.280724,43.8
675,13729,43.411121,-80.280754,39.4
676,13730,43.411007,-80.2808,47.6
677,13731,43.410896,-80.280861,47.8
678,13732,43.410782,-80.28093,49.9
679,13733,43.410652,-80.280998,55.7
680,13734,43.410522,-80.281082,57.5
681,13735,43.410389,-80.281151,56.9
682,13736,43.410248,-80.281242,62.3
683,13737,43.410103,-80.281319,62.2
684,13738,43.409958,-80.281425,65.7
685,13739,43.409805,-80.281525,67.8
686,13740,43.409649,-80.281639,70.7
687,13741,43.409504,-80.281769,69.3
688,13742,43.409351,-80.281898,71.8
689,13743,43.409199,-80.282043,74.0
690,13744,43.409046,-80.282181,73.2
691,13745,43.408897,-80.282333,74.2
692,13746,43.408756,-80.282494,73.3
693,13747,43.408607,-80.282669,78.4
694,13748,43.408463,-80.282837,75.6
695,13749,43.408321,-80.283005,75.0
696,13750,43.408173,-80.283173,76.8
697,13751,43.408035,-80.28334,73.6
698,13752,43.40789,-80.283508,75.9
699,13753,43.407761,-80.283669,69.7
700,13754,43.407619,-80.283821,72.0
701,13755,43.407482,-80.283981,71.9
702,13756,43.407352,-80.284142,70.0
703,13757,43.407215,-80.284302,71.9
704,13758,43.407082,-80.28447,72.3
705,13759,43.406944,-80.28463,72.2
706,13760,43.406807,-80.284798,73.4
707,13761,43.406681,-80.284966,70.2
708,13762,43.406555,-80.285141,71.7
709,13763,43.406433,-80.285332,74.0
710,13764,43.406315,-80.285515,71.2
711,13765,43.4062,-80.285698,70.4
712,13766,43.40609,-80.285881,69.1
713,13767,43.405968,-80.286072,74.0
714,13768,43.405857,-80.286255,69.3
715,13769,43.405743,-80.286446,71.9
716,13770,43.405628,-80.286636,71.9
717,13771,43.405502,-80.286842,78.3
718,13772,43.405384,-80.287041,74.7
719,13773,43.405251,-80.287239,78.4
720,13774,43.405125,-80.287437,76.5
721,13775,43.404995,-80.287651,81.1
722,13776,43.404861,-80.287857,80.4
723,13777,43.404728,-80.288071,81.9
724,13778,43.404591,-80.288284,82.7
725,13779,43.404453,-80.288513,86.5
726,13780,43.40432,-80.288734,83.5
727,13781,43.404175,-80.288971,90.1
728,13782,43.404041,-80.289192,83.7
729,13783,43.403896,-80.289421,88.3
730,13784,43.403759,-80.289642,84.5
731,13785,43.40361,-80.289856,86.2
732,13786,43.403469,-80.29007,84.0
733,13787,43.403316,-80.290276,85.7
734,13788,43.40316,-80.290474,84.9
735,13789,43.403,-80.290657,83.3
736,13790,43.40284,-80.29084,83.3
737,13791,43.402668,-80.291016,85.8
738,13792,43.402496,-80.291183,84.3
739,13793,43.402328,-80.291344,81.9
740,13794,43.402153,-80.291496,82.8
741,13795,43.401966,-80.291641,85.9
742,13796,43.401768,-80.291771,87.8
743,13797,43.401585,-80.291893,81.4
744,13798,43.401386,-80.292015,87.2
745,13799,43.401192,-80.29213,84.6
746,13800,43.400997,-80.292236,83.9
747,13801,43.400795,-80.292328,85.2
748,13802,43.4006,-80.292419,82.4
749,13803,43.400406,-80.292496,80.8
750,13804,43.400208,-80.29258,82.9
751,13805,43.400028,-80.292671,76.8
752,13806,43.399849,-80.29277,77.2
753,13807,43.399681,-80.29287,73.3
754,13808,43.399517,-80.292976,72.5
755,13809,43.399361,-80.293083,69.8
756,13810,43.399208,-80.29319,68.7
757,13811,43.399063,-80.293289,64.8
758,13812,43.398926,-80.293411,65.3
759,13813,43.398788,-80.293518,63.4
760,13814,43.398647,-80.29364,66.7
761,13815,43.398506,-80.29377,67.9
762,13816,43.398369,-80.293884,64.1
763,13817,43.398228,-80.294022,69.3
764,13818,43.398087,-80.294167,70.5
765,13819,43.397949,-80.294312,69.5
766,13820,43.397808,-80.294472,73.2
767,13821,43.397671,-80.29464,73.5
768,13822,43.397537,-80.294807,72.4
769,13823,43.397408,-80.294998,75.8
770,13824,43.397289,-80.295197,75.0
771,13825,43.397163,-80.29541,79.9
772,13826,43.397041,-80.295616,77.3
773,13827,43.396915,-80.29583,80.1
774,13828,43.39679,-80.296043,79.6
775,13829,43.39666,-80.296257,81.1
776,13830,43.39653,-80.296478,82.7
777,13831,43.396408,-80.296715,84.5
778,13832,43.396278,-80.296928,80.9
779,13833,43.396156,-80.297142,79.1
780,13834,43.396027,-80.297371,84.3
781,13835,43.395905,-80.297585,79.1
782,13836,43.395779,-80.297798,79.9
783,13837,43.39566,-80.298012,78.4
784,13838,43.395538,-80.298233,80.7
785,13839,43.395428,-80.298447,76.2
786,13840,43.395321,-80.298653,73.7
787,13841,43.39521,-80.298882,80.1
788,13842,43.395111,-80.299095,73.5
789,13843,43.395012,-80.299309,73.8
790,13844,43.394924,-80.29953,73.3
791,13845,43.39484,-80.299751,72.5
792,13846,43.394753,-80.299957,69.3
793,13847,43.394676,-80.300179,71.6
794,13848,43.394608,-80.3004,69.8
795,13849,43.394535,-80.300598,64.6
796,13850,43.394478,-80.300812,66.3
797,13851,43.394409,-80.301018,66.0
798,13852,43.394344,-80.301208,61.1
799,13853,43.394287,-80.301392,58.2
800,13854,43.394245,-80.301559,51.4
801,13855,43.394207,-80.301712,47.0
802,13856,43.394173,-80.301842,40.2
803,13857,43.394142,-80.301949,33.5
804,13858,43.394119,-80.302048,30.2
805,13859,43.394104,-80.302132,25.2
806,13860,43.394085,-80.302177,15.1
807,13861,43.394077,-80.302223,13.8
808,13862,43.394073,-80.302238,4.6
809,13863,43.394073,-80.302238,0.0
810,13864,43.394073,-80.302238,0.0
811,13865,43.39407,-80.302238,1.2
812,13866,43.39407,-80.302238,0.0
813,13867,43.39407,-80.302238,0.0
814,13868,43.39407,-80.302238,0.0
815,13869,43.39407,-80.302238,0.0
816,13870,43.39407,-80.302238,0.0
817,13871,43.39407,-80.302238,0.0
818,13872,43.39407,-80.302238,0.0
819,13873,43.39407,-80.302238,0.0
820,13874,43.39407,-80.302238,0.0
821,13875,43.39407,-80.302238,0.0
822,13876,43.394073,-80.302238,1.2
823,13877,43.394073,-80.302238,0.0
824,13878,43.394077,-80.302238,1.6
825,13879,43.394077,-80.302238,0.0
826,13880,43.394077,-80.302238,0.0
827,13881,43.394077,-80.302238,0.0
828,13882,43.394077,-80.302238,0.0
829,13883,43.394077,-80.302238,0.0
830,13884,43.394077,-80.302238,0.0
831,13885,43.394077,-80.302238,0.0
832,13886,43.394077,-80.302238,0.0
833,13887,43.394077,-80.302238,0.0
834,13888,43.394077,-80.302238,0.0
835,13889,43.394077,-80.302238,0.0
836,13890,43.394077,-80.302238,0.0
837,13891,43.394077,-80.302246,2.3
838,13892,43.394081,-80.302246,1.6
839,13893,43.394081,-80.302238,2.3
840,13894,43.394081,-80.302238,0.0
841,13895,43.394081,-80.302238,0.0
842,13896,43.394081,-80.302238,0.0
843,13897,43.394081,-80.302238,0.0
844,13898,43.394081,-80.302231,2.0
845,13899,43.394081,-80.302231,0.0
846,13900,43.394081,-80.302231,0.0
847,13901,43.394081,-80.302231,0.0
848,13902,43.394081,-80.302231,0.0
849,13903,43.394081,-80.302231,0.0
850,13904,43.394081,-80.302231,0.0
851,13905,43.394081,-80.302231,0.0
852,13906,43.394081,-80.302231,0.0
853,13907,43.394081,-80.302231,0.0
854,13908,43.394081,-80.302231,0.0
855,13909,43.394081,-80.302231,0.0
856,13910,43.394081,-80.302231,0.0
857,13911,43.394085,-80.302231,1.6
858,13912,43.394081,-80.302231,1.6
859,13913,43.394085,-80.302231,1.6
860,13914,43.394085,-80.302231,0.0
861,13915,43.394085,-80.302238,2.0
862,13916,43.394085,-80.302246,2.3
863,13917,43.394077,-80.302254,4.0
864,13918,43.39407,-80.302299,13.4
865,13919,43.394051,-80.302345,15.4
866,13920,43.394039,-80.302414,20.6
867,13921,43.39402,-80.302498,25.6
868,13922,43.394001,-80.302589,27.5
869,13923,43.393974,-80.302689,31.0
870,13924,43.393936,-80.302765,26.8
871,13925,43.393883,-80.302841,30.6
872,13926,43.393826,-80.302887,26.5
873,13927,43.393753,-80.302917,30.5
874,13928,43.393681,-80.302925,28.9
875,13929,43.393604,-80.302895,32.0
876,13930,43.39352,-80.302872,34.3
877,13931,43.393429,-80.302841,37.5
878,13932,43.39333,-80.302811,40.6
879,13933,43.393223,-80.302773,44.2
880,13934,43.393108,-80.302734,47.4
881,13935,43.39299,-80.302704,48.0
882,13936,43.392864,-80.302666,51.6
883,13937,43.392735,-80.302635,52.4
884,13938,43.392609,-80.302582,52.7
885,13939,43.392483,-80.302544,51.6
886,13940,43.392353,-80.302498,53.7
887,13941,43.392223,-80.30246,53.2
888,13942,43.392105,-80.302414,49.1
889,13943,43.391987,-80.302383,48.1
890,13944,43.391888,-80.302345,41.1
891,13945,43.391804,-80.302322,34.3
892,13946,43.391731,-80.302299,30.0
893,13947,43.391678,-80.302277,22.2
894,13948,43.391628,-80.302254,21.1
895,13949,43.391602,-80.302246,10.7
896,13950,43.391582,-80.302246,8.0
897,13951,43.391582,-80.302246,0.0
898,13952,43.391582,-80.302246,0.0
899,13953,43.391579,-80.302238,2.6
900,13954,43.391579,-80.302246,2.3
901,13955,43.391579,-80.302246,0.0
902,13956,43.391575,-80.302246,1.6
903,13957,43.391575,-80.302246,0.0
904,13958,43.391575,-80.302246,0.0
905,13959,43.391575,-80.302246,0.0
906,13960,43.391575,-80.302246,0.0
907,13961,43.391575,-80.302246,0.0
908,13962,43.391575,-80.302246,0.0
909,13963,43.391575,-80.302246,0.0
910,13964,43.391575,-80.302246,0.0
911,13965,43.391575,-80.302246,0.0
912,13966,43.391575,-80.302246,0.0
913,13967,43.391575,-80.302246,0.0
914,13968,43.391575,-80.302246,0.0
915,13969,43.391575,-80.302246,0.0
916,13970,43.391575,-80.302246,0.0
917,13971,43.391575,-80.302246,0.0
918,13972,43.391575,-80.302246,0.0
919,13973,43.391575,-80.302246,0.0
920,13974,43.391575,-80.302246,0.0
921,13975,43.391575,-80.302246,0.0
922,13976,43.391575,-80.302246,0.0
923,13977,43.391575,-80.302246,0.0
924,13978,43.391575,-80.302246,0.0
925,13979,43.391575,-80.302246,0.0
926,13980,43.391575,-80.302246,0.0
927,13981,43.391575,-80.302246,0.0
928,13982,43.391575,-80.302246,0.0
929,13983,43.391575,-80.302246,0.0
930,13984,43.391575,-80.302246,0.0
931,13985,43.391575,-80.302246,0.0
932,13986,43.391575,-80.302246,0.0
933,13987,43.391575,-80.302246,0.0
934,13988,43.391575,-80.302246,0.0
935,13989,43.391575,-80.302246,0.0
936,13990,43.391575,-80.302246,0.0
937,13991,43.391575,-80.302246,0.0
938,13992,43.391575,-80.302246,0.0
939,13993,43.391575,-80.302246,0.0
940,13994,43.391575,-80.302246,0.0
941,13995,43.391575,-80.302246,0.0
942,13996,43.391575,-80.302246,0.0
943,13997,43.391575,-80.302246,0.0
944,13998,43.391575,-80.302246,0.0
945,13999,43.391575,-80.302246,0.0
946,14000,43.391575,-80.302246,0.0
947,14001,43.391575,-80.302246,0.0
948,14002,43.391575,-80.302246,0.0
949,14003,43.391575,-80.302246,0.0
950,14004,43.391575,-80.302246,0.0
951,14005,43.391575,-80.302246,0.0
952,14006,43.391575,-80.302246,0.0
953,14007,43.391575,-80.302246,0.0
954,14008,43.391575,-80.302246,0.0
955,14009,43.39156,-80.302238,6.4
956,14010,43.391529,-80.302231,12.6
957,14011,43.391476,-80.302216,21.7
958,14012,43.391411,-80.302193,26.9
959,14013,43.391338,-80.30217,30.0
960,14014,43.391251,-80.302147,35.5
961,14015,43.391159,-80.302109,38.5
962,14016,43.391045,-80.302071,47.0
963,14017,43.390923,-80.302032,50.1
964,14018,43.3908,-80.301994,50.5
965,14019,43.390663,-80.301941,57.0
966,14020,43.390526,-80.30191,55.6
967,14021,43.390373,-80.301872,62.2
968,14022,43.390217,-80.301849,62.8
969,14023,43.390053,-80.301834,65.8
970,14024,43.389889,-80.301834,65.6
971,14025,43.389717,-80.301826,68.9
972,14026,43.389526,-80.301826,76.5
973,14027,43.389351,-80.301826,70.1
974,14028,43.389168,-80.301826,73.3
975,14029,43.388981,-80.301826,74.9
976,14030,43.388802,-80.301826,71.7
977,14031,43.388603,-80.301819,79.7
978,14032,43.388412,-80.301819,76.5
979,14033,43.388226,-80.301811,74.5
980,14034,43.388031,-80.301811,78.1
981,14035,43.387833,-80.301788,79.5
982,14036,43.38765,-80.301773,73.4
983,14037,43.387466,-80.301758,73.8
984,14038,43.387287,-80.301712,72.9
985,14039,43.387108,-80.301666,72.9
986,14040,43.386929,-80.301605,73.8
987,14041,43.386761,-80.301537,70.1
988,14042,43.386593,-80.301483,69.1
989,14043,43.386436,-80.301414,66.0
990,14044,43.386284,-80.301361,62.8
991,14045,43.386147,-80.301292,58.4
992,14046,43.386021,-80.301254,51.6
993,14047,43.385902,-80.301208,49.5
994,14048,43.385803,-80.30117,41.1
995,14049,43.385715,-80.301132,36.9
996,14050,43.385639,-80.301109,31.2
997,14051,43.385574,-80.301079,27.4
998,14052,43.385529,-80.301056,19.2
999,14053,43.385487,-80.301048,17.0
1000,14054,43.385468,-80.301041,7.9
1001,14055,43.385456,-80.301041,4.8
1002,14056,43.385456,-80.301041,0.0
1003,14057,43.38546,-80.301041,1.6
1004,14058,43.38546,-80.301041,0.0
1005,14059,43.38546,-80.301041,0.0
1006,14060,43.38546,-80.301041,0.0
1007,14061,43.38546,-80.301041,0.0
1008,14062,43.38546,-80.301041,0.0
1009,14063,43.38546,-80.301041,0.0
1010,14064,43.38546,-80.301041,0.0
1011,14065,43.38546,-80.301041,0.0
1012,14066,43.38546,-80.301041,0.0
1013,14067,43.38546,-80.301041,0.0
1014,14068,43.38546,-80.301041,0.0
1015,14069,43.38546,-80.301041,0.0
1016,14070,43.38546,-80.301041,0.0
1017,14071,43.38546,-80.301041,0.0
1018,14072,43.38546,-80.301041,0.0
1019,14073,43.38546,-80.301041,0.0
1020,14074,43.38546,-80.301041,0.0
1021,14075,43.38546,-80.301041,0.0
1022,14076,43.38546,-80.301041,0.0
1023,14077,43.38546,-80.301041,0.0
1024,14078,43.385448,-80.301048,5.2
1025,14079,43.38541,-80.301041,15.3
1026,14080,43.385368,-80.301018,18.1
1027,14081,43.385303,-80.301003,26.4
1028,14082,43.385227,-80.300964,32.5
1029,14083,43.385139,-80.300934,36.3
1030,14084,43.38504,-80.300896,41.1
1031,14085,43.38493,-80.300858,45.4
1032,14086,43.3848,-80.300797,55.0
1033,14087,43.38467,-80.300751,53.7
1034,14088,43.384529,-80.30069,59.2
1035,14089,43.384384,-80.300629,60.7
1036,14090,43.384235,-80.300568,62.2
1037,14091,43.384079,-80.300514,64.4
1038,14092,43.383923,-80.300453,64.9
1039,14093,43.383759,-80.300392,68.0
1040,14094,43.383598,-80.300331,66.8
1041,14095,43.38343,-80.300255,70.8
1042,14096,43.383259,-80.300186,71.3
1043,14097,43.383087,-80.300117,71.7
1044,14098,43.382923,-80.300056,68.0
1045,14099,43.382759,-80.299995,68.0
1046,14100,43.382591,-80.299927,70.1
1047,14101,43.382431,-80.299858,67.1
1048,14102,43.382271,-80.299797,66.5
1049,14103,43.382114,-80.299736,65.3
1050,14104,43.381962,-80.299683,62.8
1051,14105,43.381809,-80.299606,65.2
1052,14106,43.38166,-80.299553,61.6
1053,14107,43.381508,-80.299484,64.1
1054,14108,43.381359,-80.299438,61.1
1055,14109,43.381207,-80.299377,63.4
1056,14110,43.381065,-80.299316,59.5
1057,14111,43.38092,-80.299263,60.1
1058,14112,43.380768,-80.29921,62.8
1059,14113,43.380623,-80.299141,61.4
1060,14114,43.380482,-80.299088,58.5
1061,14115,43.380333,-80.299034,61.7
1062,14116,43.380188,-80.298965,61.4
1063,14117,43.380039,-80.298912,61.6
1064,14118,43.379887,-80.298851,63.4
1065,14119,43.379738,-80.298798,61.6
1066,14120,43.379589,-80.298737,62.2
1067,14121,43.379444,-80.298683,60.1
1068,14122,43.379299,-80.298622,60.7
1069,14123,43.379162,-80.298569,57.0
1070,14124,43.379013,-80.298508,62.2
1071,14125,43.378868,-80.298447,60.7
1072,14126,43.378727,-80.298393,58.6
1073,14127,43.378586,-80.298332,59.2
1074,14128,43.378433,-80.298279,63.2
1075,14129,43.378277,-80.298218,64.9
1076,14130,43.37812,-80.298157,65.3
1077,14131,43.377956,-80.298088,68.7
1078,14132,43.377796,-80.298035,65.9
1079,14133,43.377632,-80.297966,68.7
1080,14134,43.377464,-80.297905,69.6
1081,14135,43.377293,-80.297829,71.9
1082,14136,43.377125,-80.297768,69.6
1083,14137,43.376949,-80.297699,73.3
1084,14138,43.376774,-80.29763,72.9
1085,14139,43.376598,-80.297562,73.2
1086,14140,43.376427,-80.297493,71.3
1087,14141,43.376247,-80.297432,74.2
1088,14142,43.376076,-80.297363,71.3
1089,14143,43.375896,-80.297287,75.4
1090,14144,43.375721,-80.297218,72.9
1091,14145,43.375546,-80.29715,72.8
1092,14146,43.375362,-80.297081,76.3
1093,14147,43.375187,-80.297005,73.5
1094,14148,43.375008,-80.296944,73.8
1095,14149,43.374828,-80.296875,74.8
1096,14150,43.374649,-80.296799,75.0
1097,14151,43.37447,-80.29673,74.4
1098,14152,43.374283,-80.296654,78.1
1099,14153,43.374096,-80.296593,76.9
1100,14154,43.373917,-80.296539,73.4
1101,14155,43.37373,-80.296478,76.9
1102,14156,43.373543,-80.296432,76.0
1103,14157,43.37336,-80.296379,74.9
1104,14158,43.373173,-80.296326,76.4
1105,14159,43.37299,-80.29628,74.5
1106,14160,43.372807,-80.296219,75.4
1107,14161,43.372635,-80.29615,71.7
1108,14162,43.372467,-80.296074,70.8
1109,14163,43.372311,-80.295982,67.9
1110,14164,43.372162,-80.295898,64.5
1111,14165,43.372017,-80.295807,63.8
1112,14166,43.371887,-80.295731,56.5
1113,14167,43.371784,-80.295647,47.9
1114,14168,43.371681,-80.29557,46.9
1115,14169,43.37159,-80.295494,42.6
1116,14170,43.371513,-80.295441,34.5
1117,14171,43.371449,-80.29541,27.2
1118,14172,43.371387,-80.29538,26.3
1119,14173,43.371326,-80.29538,24.4
1120,14174,43.371269,-80.29538,22.8
1121,14175,43.371204,-80.295395,26.4
1122,14176,43.371136,-80.295403,27.3
1123,14177,43.371067,-80.295395,27.7
1124,14178,43.370995,-80.295341,32.8
1125,14179,43.37093,-80.295265,34.1
1126,14180,43.370865,-80.295166,38.8
1127,14181,43.370785,-80.295082,40.3
1128,14182,43.370689,-80.294991,46.7
1129,14183,43.370586,-80.294907,47.9
1130,14184,43.37048,-80.294807,51.5
1131,14185,43.370361,-80.294708,55.7
1132,14186,43.370239,-80.294609,56.7
1133,14187,43.370113,-80.294495,60.4
1134,14188,43.369972,-80.29438,65.6
1135,14189,43.369835,-80.294266,64.1
1136,14190,43.369686,-80.294151,68.4
1137,14191,43.369545,-80.294029,66.7
1138,14192,43.369392,-80.293915,69.7
1139,14193,43.36924,-80.293793,70.4
1140,14194,43.369087,-80.293678,69.8
1141,14195,43.368927,-80.293571,71.2
1142,14196,43.368767,-80.293465,71.1
1143,14197,43.368599,-80.293365,73.3
1144,14198,43.368427,-80.293282,73.0
1145,14199,43.368252,-80.29319,75.0
1146,14200,43.368076,-80.293114,73.8
1147,14201,43.367893,-80.29303,77.2
1148,14202,43.36771,-80.292961,76.0
1149,14203,43.367523,-80.292885,78.1
1150,14204,43.367336,-80.292816,77.5
1151,14205,43.367161,-80.292747,72.9
1152,14206,43.366985,-80.292671,73.8
1153,14207,43.36681,-80.292603,72.8
1154,14208,43.366638,-80.292519,73.1
1155,14209,43.366474,-80.292442,69.4
1156,14210,43.366329,-80.292358,63.0
1157,14211,43.366192,-80.292282,59.1
1158,14212,43.366074,-80.292198,53.2
1159,14213,43.365963,-80.29213,48.6
1160,14214,43.365871,-80.292068,41.0
1161,14215,43.365795,-80.292015,34.1
1162,14216,43.36573,-80.291985,27.4
1163,14217,43.365685,-80.291962,19.2
1164,14218,43.365643,-80.291939,18.1
1165,14219,43.365623,-80.291939,8.0
1166,14220,43.365608,-80.291939,6.0
1167,14221,43.365601,-80.291939,2.8
1168,14222,43.365601,-80.291939,0.0
1169,14223,43.365589,-80.291939,4.8
1170,14224,43.365585,-80.291939,1.6
1171,14225,43.365555,-80.291939,12.0
1172,14226,43.365513,-80.291946,16.9
1173,14227,43.365463,-80.291969,21.1
1174,14228,43.36541,-80.291992,22.2
1175,14229,43.365345,-80.292007,26.4
1176,14230,43.365273,-80.292007,28.8
1177,14231,43.3652,-80.291992,29.5
1178,14232,43.36512,-80.291946,34.7
1179,14233,43.365028,-80.291893,39.9
1180,14234,43.364925,-80.291847,43.3
1181,14235,43.364811,-80.291809,47.0
1182,14236,43.364697,-80.291771,47.0
1183,14237,43.364567,-80.291725,53.7
1184,14238,43.364441,-80.291687,51.6
1185,14239,43.364304,-80.291641,56.5
1186,14240,43.364159,-80.291595,59.6
1187,14241,43.364017,-80.291534,59.6
1188,14242,43.363873,-80.291489,59.1
1189,14243,43.363728,-80.291435,60.1
1190,14244,43.363586,-80.291367,60.2
1191,14245,43.363445,-80.291321,58.0
1192,14246,43.3633,-80.291267,60.1
1193,14247,43.363155,-80.291199,61.3
1194,14248,43.363003,-80.291145,62.8
1195,14249,43.362858,-80.291084,60.7
1196,14250,43.362713,-80.291031,60.1
1197,14251,43.362568,-80.29097,60.7
1198,14252,43.362427,-80.290916,58.6
1199,14253,43.362286,-80.290855,59.2
1200,14254,43.362144,-80.290794,59.6
1201,14255,43.361984,-80.290718,67.8
1202,14256,43.361847,-80.290634,60.0
1203,14257,43.361721,-80.290543,57.0
1204,14258,43.361591,-80.290451,58.5
1205,14259,43.361481,-80.290337,55.1
1206,14260,43.361362,-80.29023,56.9
1207,14261,43.361248,-80.290115,56.6
1208,14262,43.361145,-80.289986,55.8
1209,14263,43.361038,-80.289841,60.1
1210,14264,43.360939,-80.289688,59.6
1211,14265,43.36084,-80.289528,61.1
1212,14266,43.360741,-80.28936,62.9
1213,14267,43.360641,-80.289192,63.2
1214,14268,43.360535,-80.289009,68.1
1215,14269,43.360432,-80.288826,67.4
1216,14270,43.360321,-80.288643,69.4
1217,14271,43.360207,-80.288445,73.5
1218,14272,43.360104,-80.288261,67.6
1219,14273,43.360001,-80.288078,67.4
1220,14274,43.359886,-80.287895,70.4
1221,14275,43.359776,-80.287727,65.8
1222,14276,43.359665,-80.287567,64.4
1223,14277,43.359543,-80.28743,63.0
1224,14278,43.359425,-80.287315,57.9
1225,14279,43.359299,-80.287216,58.1
1226,14280,43.359177,-80.287132,54.6
1227,14281,43.359062,-80.287071,49.3
1228,14282,43.358959,-80.287018,44.0
1229,14283,43.358864,-80.286964,41.1
1230,14284,43.358776,-80.286926,36.9
1231,14285,43.3587,-80.286896,31.7
1232,14286,43.358627,-80.286896,29.2
1233,14287,43.358566,-80.286919,25.3
1234,14288,43.358509,-80.286942,23.8
1235,14289,43.358448,-80.286964,25.2
1236,14290,43.358383,-80.286995,27.5
1237,14291,43.358318,-80.287003,26.1
1238,14292,43.358261,-80.286964,25.5
1239,14293,43.3582,-80.286926,26.8
1240,14294,43.358131,-80.286873,31.6
1241,14295,43.358059,-80.286789,37.8
1242,14296,43.357971,-80.28672,40.5
1243,14297,43.35788,-80.286636,43.9
1244,14298,43.357784,-80.286568,43.2
1245,14299,43.357681,-80.286514,44.1
1246,14300,43.357567,-80.286446,49.7
1247,14301,43.357449,-80.286392,49.8
1248,14302,43.357327,-80.286339,51.2
1249,14303,43.357201,-80.286285,52.8
1250,14304,43.357071,-80.28624,53.7
1251,14305,43.356937,-80.286194,55.3
1252,14306,43.356804,-80.286163,54.0
1253,14307,43.356674,-80.286125,53.2
1254,14308,43.356537,-80.286118,54.9
1255,14309,43.3564,-80.286118,54.8
1256,14310,43.35627,-80.28614,52.4
1257,14311,43.356136,-80.286171,54.4
1258,14312,43.356007,-80.286217,53.3
1259,14313,43.355885,-80.28627,51.2
1260,14314,43.355759,-80.286339,54.3
1261,14315,43.355644,-80.286415,51.1
1262,14316,43.355541,-80.286499,47.9
1263,14317,43.355446,-80.286583,45.2
1264,14318,43.355347,-80.286682,49.0
1265,14319,43.355267,-80.286766,40.3
1266,14320,43.355198,-80.28685,36.9
1267,14321,43.355137,-80.286919,31.6
1268,14322,43.355087,-80.286964,23.9
1269,14323,43.355049,-80.28701,20.3
1270,14324,43.355015,-80.287041,16.3
1271,14325,43.354988,-80.287056,11.7
1272,14326,43.354965,-80.287079,11.4
1273,14327,43.354942,-80.287094,10.2
1274,14328,43.354927,-80.287102,6.4
1275,14329,43.354916,-80.287117,6.2
1276,14330,43.354885,-80.287148,15.3
1277,14331,43.354843,-80.287193,21.3
1278,14332,43.354797,-80.287247,24.2
1279,14333,43.354736,-80.287292,27.7
1280,14334,43.354675,-80.287338,27.8
1281,14335,43.354607,-80.287346,27.3
1282,14336,43.354546,-80.287308,26.8
1283,14337,43.354488,-80.287239,30.7
1284,14338,43.354435,-80.287163,30.7
1285,14339,43.354385,-80.287071,33.4
1286,14340,43.354324,-80.286964,39.6
1287,14341,43.354256,-80.286858,41.1
1288,14342,43.354183,-80.286728,47.8
1289,14343,43.354103,-80.286598,49.6
1290,14344,43.354012,-80.286461,54.0
1291,14345,43.353928,-80.286308,55.8
1292,14346,43.353832,-80.286163,57.1
1293,14347,43.353729,-80.285995,64.0
1294,14348,43.353622,-80.285812,68.4
1295,14349,43.353519,-80.285637,65.5
1296,14350,43.353405,-80.285454,70.1
1297,14351,43.353287,-80.285278,69.7
1298,14352,43.353176,-80.285088,70.9
1299,14353,43.353065,-80.284897,71.2
1300,14354,43.352951,-80.284721,68.6
1301,14355,43.35284,-80.284531,70.9
1302,14356,43.35273,-80.284348,69.1
1303,14357,43.352615,-80.284157,72.2
1304,14358,43.352505,-80.283966,70.9
1305,14359,43.35239,-80.283783,70.4
1306,14360,43.35228,-80.2836,69.1
1307,14361,43.352169,-80.283417,69.4
1308,14362,43.352055,-80.283234,70.1
1309,14363,43.351952,-80.283043,69.2
1310,14364,43.351849,-80.282845,70.9
1311,14365,43.351742,-80.282654,70.2
1312,14366,43.351631,-80.282471,69.4
1313,14367,43.351521,-80.28228,70.9
1314,14368,43.351402,-80.282082,74.8
1315,14369,43.351288,-80.281883,73.7
1316,14370,43.351173,-80.281677,75.6
1317,14371,43.351055,-80.281479,74.5
1318,14372,43.350948,-80.281288,70.2
1319,14373,43.350838,-80.281105,69.1
1320,14374,43.350723,-80.280914,72.2
1321,14375,43.350609,-80.280724,71.7
1322,14376,43.350494,-80.280525,74.0
1323,14377,43.350384,-80.280327,72.5
1324,14378,43.350281,-80.280136,69.2
1325,14379,43.350166,-80.279938,73.8
1326,14380,43.350063,-80.279755,67.4
1327,14381,43.34996,-80.279541,74.7
1328,14382,43.34985,-80.27935,70.9
1329,14383,43.349731,-80.279144,76.6
1330,14384,43.349617,-80.278954,71.7
1331,14385,43.349499,-80.278732,80.0
1332,14386,43.34938,-80.278542,73.0
1333,14387,43.349255,-80.278336,78.1
1334,14388,43.34914,-80.278145,72.2
1335,14389,43.349026,-80.277939,75.4
1336,14390,43.348907,-80.27774,75.0
1337,14391,43.348797,-80.277534,74.4
1338,14392,43.348679,-80.277344,72.7
1339,14393,43.348568,-80.277138,74.6
1340,14394,43.348457,-80.276932,74.6
1341,14395,43.348351,-80.276718,75.4
1342,14396,43.348244,-80.276512,73.7
1343,14397,43.348148,-80.276306,71.2
1344,14398,43.348049,-80.276077,77.6
1345,14399,43.347954,-80.275856,74.7
1346,14400,43.347855,-80.275642,73.8
1347,14401,43.347767,-80.275406,77.2
1348,14402,43.347687,-80.275192,70.0
1349,14403,43.347607,-80.274963,74.0
1350,14404,43.34753,-80.274734,73.4
1351,14405,43.34745,-80.274521,69.8
1352,14406,43.347366,-80.274284,76.7
1353,14407,43.347286,-80.274055,74.0
1354,14408,43.347202,-80.273834,72.6
1355,14409,43.347122,-80.273605,74.0
1356,14410,43.347038,-80.273384,72.6
1357,14411,43.346958,-80.273163,71.9
1358,14412,43.346874,-80.272926,76.7
1359,14413,43.34679,-80.27269,76.5
1360,14414,43.346706,-80.272453,76.7
1361,14415,43.346622,-80.272224,74.7
1362,14416,43.346542,-80.271996,73.7
1363,14417,43.34647,-80.271759,74.8
1364,14418,43.346382,-80.27153,75.4
1365,14419,43.346306,-80.271294,75.1
1366,14420,43.346226,-80.271065,74.0
1367,14421,43.346146,-80.270844,71.9
1368,14422,43.346058,-80.270599,79.5
1369,14423,43.345966,-80.270363,77.9
1370,14424,43.345882,-80.270126,76.8
1371,14425,43.345798,-80.26989,76.5
1372,14426,43.345715,-80.269653,76.6
1373,14427,43.345634,-80.269424,74.1
1374,14428,43.345554,-80.269196,73.7
1375,14429,43.345474,-80.268959,76.1
1376,14430,43.345402,-80.268723,74.5
1377,14431,43.345333,-80.268486,74.3
1378,14432,43.345268,-80.26825,73.5
1379,14433,43.345196,-80.268005,76.9
1380,14434,43.345127,-80.267769,74.0
1381,14435,43.345062,-80.267517,77.8
1382,14436,43.345009,-80.267273,74.1
1383,14437,43.344959,-80.267006,80.3
1384,14438,43.344913,-80.266762,73.4
1385,14439,43.344868,-80.266487,82.1
1386,14440,43.34483,-80.266235,74.9
1387,14441,43.344791,-80.265961,81.3
1388,14442,43.344749,-80.265678,84.1
1389,14443,43.344711,-80.265404,81.2
1390,14444,43.344673,-80.265121,83.8
1391,14445,43.344635,-80.264839,83.5
1392,14446,43.344601,-80.264557,83.2
1393,14447,43.344559,-80.26429,79.5
1394,14448,43.344524,-80.264008,83.3
1395,14449,43.344482,-80.263725,84.1
1396,14450,43.34444,-80.263458,79.5
1397,14451,43.344391,-80.263191,80.2
1398,14452,43.344341,-80.262917,82.2
1399,14453,43.344288,-80.262657,78.6
1400,14454,43.344231,-80.262398,78.8
1401,14455,43.344173,-80.262146,76.9
1402,14456,43.344112,-80.261879,81.5
1403,14457,43.344044,-80.261627,78.2
1404,14458,43.343975,-80.261368,80.3
1405,14459,43.343903,-80.261101,82.9
1406,14460,43.343826,-80.260841,81.7
1407,14461,43.343754,-80.260574,82.9
1408,14462,43.343674,-80.260323,79.8
1409,14463,43.34359,-80.260071,80.7
1410,14464,43.343506,-80.259811,82.8
1411,14465,43.343418,-80.25956,81.1
1412,14466,43.34333,-80.2593,83.5
1413,14467,43.343246,-80.259056,78.6
1414,14468,43.343159,-80.258797,83.1
1415,14469,43.343071,-80.258553,79.3
1416,14470,43.342979,-80.258286,86.0
1417,14471,43.342888,-80.258026,84.0
1418,14472,43.3428,-80.257767,83.2
1419,14473,43.342705,-80.257515,82.6
1420,14474,43.342617,-80.257248,85.3
1421,14475,43.342529,-80.256973,87.5
1422,14476,43.342442,-80.256721,81.2
1423,14477,43.342342,-80.256447,89.2
1424,14478,43.342247,-80.25618,86.5
1425,14479,43.342155,-80.255913,86.0
1426,14480,43.342056,-80.255638,89.3
1427,14481,43.341957,-80.255371,87.3
1428,14482,43.34185,-80.255104,88.8
1429,14483,43.341751,-80.254822,91.2
1430,14484,43.341648,-80.254555,88.0
1431,14485,43.341545,-80.25428,90.1
1432,14486,43.341442,-80.253998,91.9
1433,14487,43.341339,-80.253731,88.0
1434,14488,43.34124,-80.253456,89.3
1435,14489,43.341141,-80.253189,87.3
1436,14490,43.341042,-80.252922,87.3
1437,14491,43.340942,-80.252655,87.4
1438,14492,43.340843,-80.252396,85.2
1439,14493,43.340744,-80.252129,87.3
1440,14494,43.340649,-80.251862,86.5
1441,14495,43.340549,-80.251602,85.6
1442,14496,43.340446,-80.251335,88.0
1443,14497,43.340351,-80.251076,84.5
1444,14498,43.340248,-80.250809,88.0
1445,14499,43.340153,-80.250549,84.7
1446,14500,43.340054,-80.250282,87.3
1447,14501,43.339958,-80.250015,86.7
1448,14502,43.339863,-80.249771,80.6
1449,14503,43.339767,-80.249512,84.6
1450,14504,43.339672,-80.249245,86.5
1451,14505,43.339577,-80.248993,82.6
1452,14506,43.339485,-80.248726,86.0
1453,14507,43.339394,-80.248482,79.8
1454,14508,43.339294,-80.248222,85.6
1455,14509,43.339203,-80.247971,81.7
1456,14510,43.339111,-80.247719,82.1
1457,14511,43.339012,-80.247459,85.4
1458,14512,43.338921,-80.247208,81.7
1459,14513,43.338825,-80.246948,84.9
1460,14514,43.33873,-80.246696,82.6
1461,14515,43.338627,-80.246437,85.9
1462,14516,43.338528,-80.246178,85.2
1463,14517,43.338428,-80.245911,87.4
1464,14518,43.338329,-80.245644,87.3
1465,14519,43.338226,-80.245377,88.0
1466,14520,43.338127,-80.24511,87.3
1467,14521,43.338024,-80.244843,88.0
1468,14522,43.337921,-80.244568,90.1
1469,14523,43.337826,-80.244301,86.5
1470,14524,43.337719,-80.244034,88.8
1471,14525,43.337624,-80.243767,86.5
1472,14526,43.337521,-80.2435,88.0
1473,14527,43.337418,-80.24324,86.2
1474,14528,43.337318,-80.242966,89.3
1475,14529,43.337223,-80.242714,82.6
1476,14530,43.337128,-80.242447,86.5
1477,14531,43.337032,-80.242203,80.8
1478,14532,43.336933,-80.241928,89.3
1479,14533,43.336842,-80.241669,83.7
1480,14534,43.336742,-80.241409,85.6
1481,14535,43.336647,-80.241142,86.5
1482,14536,43.336555,-80.240883,83.9
1483,14537,43.336452,-80.240616,88.0
1484,14538,43.336361,-80.240341,88.0
1485,14539,43.336254,-80.240082,86.7
1486,14540,43.336159,-80.239807,88.6
1487,14541,43.336063,-80.239532,88.8
1488,14542,43.33596,-80.239281,83.9
1489,14543,43.335865,-80.239006,88.6
1490,14544,43.335758,-80.238739,88.8
1491,14545,43.335651,-80.23848,86.7
1492,14546,43.335556,-80.238205,88.6
1493,14547,43.335453,-80.237953,84.2
1494,14548,43.335354,-80.237686,87.3
1495,14549,43.335247,-80.237434,85.0
1496,14550,43.335148,-80.23716,89.1
1497,14551,43.335041,-80.236885,90.8
1498,14552,43.334923,-80.236626,89.0
1499,14553,43.334824,-80.236359,87.3
1500,14554,43.334717,-80.236092,88.8
1501,14555,43.334606,-80.235825,89.5
1502,14556,43.334507,-80.235558,87.3
1503,14557,43.334404,-80.235291,88.0
1504,14558,43.334309,-80.235039,82.6
1505,14559,43.334209,-80.234787,83.6
1506,14560,43.33411,-80.234528,85.2
1507,14561,43.334007,-80.234291,80.4
1508,14562,43.333912,-80.234039,82.6
1509,14563,43.333813,-80.233803,79.3
1510,14564,43.333721,-80.233559,80.0
1511,14565,43.333614,-80.233315,83.0
1512,14566,43.333519,-80.233063,82.6
1513,14567,43.333424,-80.232819,80.6
1514,14568,43.333321,-80.232574,82.4
1515,14569,43.333225,-80.23233,80.8
1516,14570,43.33313,-80.232086,80.6
1517,14571,43.333027,-80.231842,82.1
1518,14572,43.332928,-80.23159,83.4
1519,14573,43.332832,-80.231354,78.7
1520,14574,43.332729,-80.231094,86.2
1521,14575,43.332638,-80.23085,79.8
1522,14576,43.332531,-80.230598,85.0
1523,14577,43.332439,-80.230354,80.0
1524,14578,43.332336,-80.230095,85.9
1525,14579,43.332241,-80.229851,80.6
1526,14580,43.332146,-80.229599,82.6
1527,14581,43.332043,-80.229362,80.4
1528,14582,43.331951,-80.229118,80.0
1529,14583,43.331856,-80.228874,80.6
1530,14584,43.33176,-80.22863,80.8
1531,14585,43.331669,-80.228394,77.8
1532,14586,43.331573,-80.228149,81.0
1533,14587,43.331478,-80.227913,78.5
1534,14588,43.331383,-80.227661,82.6
1535,14589,43.331287,-80.227409,82.8
1536,14590,43.331188,-80.227158,83.1
1537,14591,43.331089,-80.226891,87.3
1538,14592,43.330982,-80.226631,87.0
1539,14593,43.330879,-80.226357,89.8
1540,14594,43.330769,-80.226082,91.4
1541,14595,43.330669,-80.225807,89.5
1542,14596,43.330559,-80.225525,93.2
1543,14597,43.330452,-80.225243,92.6
1544,14598,43.330353,-80.22496,91.4
1545,14599,43.33025,-80.224663,95.8
1546,14600,43.330143,-80.224373,94.7
1547,14601,43.330048,-80.224083,92.6
1548,14602,43.329952,-80.223793,92.8
1549,14603,43.329853,-80.223503,93.3
1550,14604,43.329762,-80.223206,93.8
1551,14605,43.329666,-80.222931,88.8
1552,14606,43.329582,-80.222641,90.9
1553,14607,43.329487,-80.222359,90.5
1554,14608,43.329407,-80.222076,88.4
1555,14609,43.329327,-80.221802,86.0
1556,14610,43.329247,-80.221527,86.2
1557,14611,43.329166,-80.221252,86.4
1558,14612,43.329086,-80.220985,84.1
1559,14613,43.329018,-80.220718,82.4
1560,14614,43.328949,-80.220451,82.5
1561,14615,43.328884,-80.220177,83.9
1562,14616,43.328815,-80.21991,82.5
1563,14617,43.328758,-80.219643,81.0
1564,14618,43.328697,-80.219368,83.7
1565,14619,43.328644,-80.219086,84.8
1566,14620,43.32859,-80.218819,80.7
1567,14621,43.328537,-80.218544,82.8
1568,14622,43.328487,-80.218254,86.8
1569,14623,43.328442,-80.217979,82.1
1570,14624,43.3284,-80.217697,83.8
1571,14625,43.328365,-80.217407,85.6
1572,14626,43.328327,-80.217117,85.8
1573,14627,43.328289,-80.216843,81.2
1574,14628,43.328255,-80.216553,85.5
1575,14629,43.328228,-80.216255,87.4
1576,14630,43.328201,-80.215958,87.2
1577,14631,43.328175,-80.215675,83.1
1578,14632,43.328159,-80.215378,86.7
1579,14633,43.32814,-80.21508,87.1
1580,14634,43.328125,-80.214783,86.7
1581,14635,43.328117,-80.214478,88.9
1582,14636,43.328102,-80.214172,89.3
1583,14637,43.328094,-80.213875,86.5
1584,14638,43.328087,-80.21357,88.9
1585,14639,43.328083,-80.213264,89.1
1586,14640,43.328075,-80.212952,90.9
1587,14641,43.328068,-80.212646,89.1
1588,14642,43.328056,-80.212334,91.0
1589,14643,43.328049,-80.212029,88.9
1590,14644,43.328041,-80.211723,89.2
1591,14645,43.328033,-80.211411,90.9
1592,14646,43.328011,-80.211105,89.5
1593,14647,43.327995,-80.210793,91.1
1594,14648,43.327969,-80.21048,91.7
1595,14649,43.327942,-80.210175,89.5
1596,14650,43.327908,-80.209869,90.1
1597,14651,43.327869,-80.209564,90.2
1598,14652,43.327824,-80.209282,84.1
1599,14653,43.32777,-80.208984,89.4
1600,14654,43.327724,-80.208694,86.4
1601,14655,43.327671,-80.20842,82.6
1602,14656,43.327614,-80.208138,85.2
1603,14657,43.327557,-80.207855,85.5
1604,14658,43.327488,-80.207581,84.4
1605,14659,43.327423,-80.207306,84.2
1606,14660,43.327347,-80.207031,85.7
1607,14661,43.327274,-80.206749,87.2
1608,14662,43.327194,-80.206482,84.1
1609,14663,43.327103,-80.2062,89.8
1610,14664,43.327007,-80.205917,90.9
1611,14665,43.326908,-80.20565,87.3
1612,14666,43.326805,-80.205368,91.9
1613,14667,43.326687,-80.205093,93.0
1614,14668,43.326572,-80.204826,90.4
1615,14669,43.326454,-80.204559,91.0
1616,14670,43.32634,-80.204292,90.2
1617,14671,43.326214,-80.204041,88.8
1618,14672,43.326088,-80.203781,91.0
1619,14673,43.325947,-80.203537,90.7
1620,14674,43.325809,-80.203293,90.0
1621,14675,43.325668,-80.203056,89.2
1622,14676,43.325523,-80.202835,86.7
1623,14677,43.32539,-80.202599,86.9
1624,14678,43.325253,-80.20237,86.3
1625,14679,43.325119,-80.202141,85.6
1626,14680,43.324986,-80.201912,85.3
1627,14681,43.324848,-80.201683,86.6
1628,14682,43.324718,-80.201447,86.2
1629,14683,43.324585,-80.201225,83.7
1630,14684,43.324444,-80.200996,87.4
1631,14685,43.324303,-80.20076,88.9
1632,14686,43.324162,-80.200531,87.4
1633,14687,43.324017,-80.200287,91.7
1634,14688,43.323879,-80.200058,86.6
1635,14689,43.323746,-80.199821,87.2
1636,14690,43.323608,-80.199585,88.2
1637,14691,43.323483,-80.199333,88.8
1638,14692,43.32336,-80.199089,86.4
1639,14693,43.323231,-80.19883,91.4
1640,14694,43.323116,-80.19857,88.6
1641,14695,43.323002,-80.198311,88.2
1642,14696,43.322887,-80.198051,88.6
1643,14697,43.322788,-80.197784,87.3
1644,14698,43.322689,-80.197517,87.3
1645,14699,43.322598,-80.197266,81.7
1646,14700,43.322502,-80.196999,86.7
1647,14701,43.322414,-80.196732,85.4
1648,14702,43.322327,-80.196465,85.2
1649,14703,43.322247,-80.196175,90.3
1650,14704,43.322166,-80.195908,84.2
1651,14705,43.322086,-80.195618,90.3
1652,14706,43.322006,-80.195328,90.3
1653,14707,43.321926,-80.195038,90.3
1654,14708,43.321854,-80.194763,85.1
1655,14709,43.321774,-80.194473,90.3
1656,14710,43.321697,-80.194183,89.9
1657,14711,43.321617,-80.193901,88.1
1658,14712,43.321537,-80.193619,88.1
1659,14713,43.321461,-80.193336,87.9
1660,14714,43.321384,-80.193054,87.7
1661,14715,43.321312,-80.192764,89.2
1662,14716,43.321236,-80.192497,83.5
1663,14717,43.321159,-80.192215,87.7
1664,14718,43.321083,-80.191933,87.6
1665,14719,43.321007,-80.191666,83.5
1666,14720,43.32093,-80.191376,89.9
1667,14721,43.320854,-80.191101,85.7
1668,14722,43.320786,-80.190819,86.5
1669,14723,43.320709,-80.190544,85.8
1670,14724,43.320633,-80.190262,87.6
1671,14725,43.320557,-80.189995,83.5
1672,14726,43.32048,-80.189705,89.9
1673,14727,43.320404,-80.189423,87.6
1674,14728,43.320328,-80.189133,89.8
1675,14729,43.320251,-80.188866,83.6
1676,14730,43.320179,-80.188576,89.2
1677,14731,43.320107,-80.188309,82.9
1678,14732,43.320038,-80.188042,82.5
1679,14733,43.319962,-80.187767,85.7
1680,14734,43.319889,-80.187492,85.3
1681,14735,43.319813,-80.187225,83.5
1682,14736,43.319744,-80.186958,82.5
1683,14737,43.319672,-80.186691,82.9
1684,14738,43.319599,-80.186417,85.0
1685,14739,43.319527,-80.186142,85.1
1686,14740,43.31945,-80.18586,87.7
1687,14741,43.319386,-80.185585,84.1
1688,14742,43.319313,-80.185295,89.4
1689,14743,43.319237,-80.18502,85.7
1690,14744,43.31916,-80.184738,87.7
1691,14745,43.319088,-80.184464,84.8
1692,14746,43.319012,-80.184174,89.8
1693,14747,43.318943,-80.183907,82.5
1694,14748,43.318871,-80.183617,89.2
1695,14749,43.318802,-80.183342,84.7
1696,14750,43.318726,-80.18306,87.6
1697,14751,43.318649,-80.182777,88.0
1698,14752,43.318577,-80.182487,89.2
1699,14753,43.318504,-80.182205,87.2
1700,14754,43.318428,-80.181938,83.5
1701,14755,43.318359,-80.181664,84.4
1702,14756,43.318287,-80.181396,83.2
1703,14757,43.318214,-80.181129,83.1
1704,14758,43.31815,-80.18087,79.7
1705,14759,43.318077,-80.180603,83.1
1706,14760,43.318001,-80.180328,85.7
1707,14761,43.317928,-80.180038,89.4
1708,14762,43.317852,-80.179741,91.7
1709,14763,43.317776,-80.179451,89.8
1710,14764,43.317703,-80.179146,93.5
1711,14765,43.317623,-80.178848,92.5
1712,14766,43.317543,-80.178543,94.4
1713,14767,43.317463,-80.178238,94.4
1714,14768,43.317383,-80.177933,94.4
1715,14769,43.317307,-80.177643,89.8
1716,14770,43.317226,-80.177345,92.7
1717,14771,43.31715,-80.17704,93.9
1718,14772,43.317081,-80.176743,90.8
1719,14773,43.317005,-80.176445,92.0
1720,14774,43.316929,-80.176163,87.6
1721,14775,43.316849,-80.175873,90.3
1722,14776,43.316772,-80.175583,89.9
1723,14777,43.316696,-80.175285,92.0
1724,14778,43.316624,-80.175003,87.0
1725,14779,43.316547,-80.174713,89.9
1726,14780,43.316475,-80.174416,91.2
1727,14781,43.316399,-80.174133,87.9
1728,14782,43.316322,-80.173851,87.7
1729,14783,43.31625,-80.173569,87.0
1730,14784,43.31617,-80.173286,88.4
1731,14785,43.31609,-80.172997,90.1
1732,14786,43.316006,-80.172729,85.0
1733,14787,43.315914,-80.172447,90.0
1734,14788,43.315823,-80.172165,89.8
1735,14789,43.315735,-80.17189,87.5
1736,14790,43.315647,-80.171608,89.4
1737,14791,43.315559,-80.171326,89.4
1738,14792,43.315472,-80.171051,87.3
1739,14793,43.315384,-80.170776,87.5
1740,14794,43.315289,-80.170502,88.4
1741,14795,43.315201,-80.170242,83.5
1742,14796,43.315113,-80.169968,87.2
1743,14797,43.315018,-80.169693,88.7
1744,14798,43.314926,-80.169434,83.9
1745,14799,43.314838,-80.169151,89.6
1746,14800,43.314743,-80.168877,88.4
1747,14801,43.314648,-80.168602,88.7
1748,14802,43.31456,-80.16832,89.4
1749,14803,43.314465,-80.16803,92.6
1750,14804,43.314365,-80.167755,89.5
1751,14805,43.314274,-80.167458,93.9
1752,14806,43.314175,-80.167175,91.5
1753,14807,43.314083,-80.166893,90.0
1754,14808,43.313988,-80.166611,90.5
1755,14809,43.313889,-80.166328,91.5
1756,14810,43.313793,-80.166039,92.5
1757,14811,43.313698,-80.165749,92.6
1758,14812,43.313599,-80.165459,93.3
1759,14813,43.313503,-80.165161,94.9
1760,14814,43.313404,-80.164864,95.2
1761,14815,43.313313,-80.164558,96.3
1762,14816,43.313213,-80.164261,95.3
1763,14817,43.313122,-80.163971,92.0
1764,14818,43.313019,-80.163681,94.0
1765,14819,43.312927,-80.163399,90.0
1766,14820,43.312836,-80.163116,90.1
1767,14821,43.312744,-80.162842,87.9
1768,14822,43.312649,-80.16256,90.5
1769,14823,43.312561,-80.162285,87.5
1770,14824,43.312477,-80.162018,84.7
1771,14825,43.312386,-80.161743,88.0
1772,14826,43.312298,-80.161461,89.4
1773,14827,43.312206,-80.161194,86.0
1774,14828,43.312115,-80.160919,88.0
1775,14829,43.312023,-80.160637,90.0
1776,14830,43.311928,-80.160362,88.7
1777,14831,43.31184,-80.16008,89.4
1778,14832,43.311745,-80.159798,90.5
1779,14833,43.311649,-80.159531,86.7
1780,14834,43.311562,-80.159248,89.5
1781,14835,43.311466,-80.158966,90.7
1782,14836,43.311371,-80.158699,86.6
1783,14837,43.311283,-80.158417,89.4
1784,14838,43.311192,-80.15815,85.9
1785,14839,43.311104,-80.157883,85.4
1786,14840,43.311008,-80.1576,90.9
1787,14841,43.310921,-80.157326,87.1
1788,14842,43.310837,-80.157051,86.9
1789,14843,43.310745,-80.156776,88.2
1790,14844,43.310658,-80.156494,89.2
1791,14845,43.31057,-80.156235,83.3
1792,14846,43.310474,-80.15596,88.8
1793,14847,43.310383,-80.155685,88.0
1794,14848,43.310287,-80.155426,84.7
1795,14849,43.3102,-80.155159,85.2
1796,14850,43.310112,-80.154884,87.5
1797,14851,43.310024,-80.15461,87.2
1798,14852,43.309933,-80.154335,88.0
1799,14853,43.309849,-80.154076,82.6
1800,14854,43.309757,-80.153801,88.2
1801,14855,43.309654,-80.153519,91.9
1802,14856,43.309563,-80.153236,90.1
1803,14857,43.309456,-80.152969,88.8
1804,14858,43.309341,-80.152702,90.4
1805,14859,43.309238,-80.152435,88.0
1806,14860,43.309135,-80.152168,88.0
1807,14861,43.309029,-80.151901,88.6
1808,14862,43.308922,-80.151634,88.8
1809,14863,43.308811,-80.151367,89.6
1810,14864,43.308716,-80.151093,88.4
1811,14865,43.308613,-80.150826,88.0
1812,14866,43.308521,-80.150551,88.2
1813,14867,43.308434,-80.150284,85.2
1814,14868,43.308346,-80.150009,87.5
1815,14869,43.308254,-80.149734,88.2
1816,14870,43.30817,-80.149475,82.6
1817,14871,43.308086,-80.1492,86.9
1818,14872,43.308006,-80.148933,84.1
1819,14873,43.307838,-80.148399,169.5
1820,14874,43.307838,-80.148399,0.0
1821,14875,43.307755,-80.148125,86.5
1822,14876,43.307671,-80.147858,84.7
1823,14877,43.307583,-80.147591,85.4
1824,14878,43.307503,-80.147324,84.1
1825,14879,43.307415,-80.147049,87.5
1826,14880,43.307327,-80.146767,89.4
1827,14881,43.307247,-80.1465,84.1
1828,14882,43.307159,-80.146233,85.4
1829,14883,43.307076,-80.14595,88.9
1830,14884,43.306992,-80.145683,84.7
1831,14885,43.306904,-80.145401,89.4
1832,14886,43.306824,-80.145126,86.3
1833,14887,43.306736,-80.144852,87.2
1834,14888,43.306652,-80.144577,86.9
1835,14889,43.306568,-80.14431,84.7
1836,14890,43.306484,-80.144043,84.7
1837,14891,43.306316,-80.143501,171.6
1838,14892,43.306316,-80.143501,0.0
1839,14893,43.306232,-80.143234,84.7
1840,14894,43.306145,-80.142967,85.2
1841,14895,43.305969,-80.142464,162.6
1842,14896,43.305969,-80.142464,0.0
1843,14897,43.305882,-80.14222,79.2
1844,14898,43.305801,-80.141968,80.2
1845,14899,43.305717,-80.141724,78.6
1846,14900,43.305637,-80.141472,80.1
1847,14901,43.305557,-80.141212,82.2
1848,14902,43.305397,-80.140717,157.8
1849,14903,43.305397,-80.140717,0.0
1850,14904,43.305305,-80.140472,80.3
1851,14905,43.305206,-80.140205,87.3
1852,14906,43.305119,-80.139938,85.2
1853,14907,43.305027,-80.139671,86.1
1854,14908,43.304932,-80.139397,88.4
1855,14909,43.30484,-80.139137,84.2
1856,14910,43.304752,-80.138878,83.3
1857,14911,43.304665,-80.138618,83.4
1858,14912,43.304577,-80.138359,83.3
1859,14913,43.304401,-80.137848,164.7
1860,14914,43.304401,-80.137848,0.0
1861,14915,43.304317,-80.137604,78.6
1862,14916,43.304234,-80.137352,80.6
1863,14917,43.304146,-80.1371,81.4
1864,14918,43.304054,-80.136848,82.1
1865,14919,43.303967,-80.136597,81.0
1866,14920,43.303886,-80.136337,82.4
1867,14921,43.303799,-80.136086,81.0
1868,14922,43.303715,-80.135834,80.7
1869,14923,43.303623,-80.135567,86.1
1870,14924,43.30352,-80.135307,86.2
1871,14925,43.30341,-80.135056,85.4
1872,14926,43.303284,-80.134819,85.5
1873,14927,43.303146,-80.134575,90.0
1874,14928,43.303009,-80.134354,84.6
1875,14929,43.302864,-80.134125,88.4
1876,14930,43.302708,-80.133911,88.2
1877,14931,43.302391,-80.133453,184.1
1878,14932,43.302391,-80.133453,0.0
1879,14933,43.302231,-80.133232,90.8
1880,14934,43.302071,-80.132996,94.0
1881,14935,43.301907,-80.132751,97.0
1882,14936,43.301743,-80.132515,95.1
1883,14937,43.301582,-80.132263,97.7
1884,14938,43.301422,-80.132027,94.0
1885,14939,43.301262,-80.131783,95.7
1886,14940,43.30109,-80.131546,97.5
1887,14941,43.300926,-80.131294,98.5
1888,14942,43.300587,-80.130806,196.5
1889,14943,43.300587,-80.130806,0.0
1890,14944,43.300411,-80.130562,100.1
1891,14945,43.300243,-80.130302,101.3
1892,14946,43.300083,-80.130043,99.0
1893,14947,43.299931,-80.129768,100.6
1894,14948,43.299797,-80.129486,98.1
1895,14949,43.299656,-80.129204,99.7
1896,14950,43.299526,-80.128914,99.2
1897,14951,43.299404,-80.128624,97.6
1898,14952,43.29929,-80.128326,98.1
1899,14953,43.29908,-80.127754,186.6
1900,14954,43.29908,-80.127754,0.0
1901,14955,43.298985,-80.127457,94.5
1902,14956,43.298897,-80.127159,93.7
1903,14957,43.298813,-80.126862,92.8
1904,14958,43.29874,-80.126556,93.8
1905,14959,43.298679,-80.126266,87.9
1906,14960,43.298622,-80.125969,89.5
1907,14961,43.298573,-80.125671,89.0
1908,14962,43.298523,-80.125366,91.1
1909,14963,43.298481,-80.125069,88.1
1910,14964,43.298401,-80.124481,174.3
1911,14965,43.298401,-80.124481,0.0
1912,14966,43.298359,-80.124176,90.4
1913,14967,43.298279,-80.123581,176.3
1914,14968,43.298241,-80.123291,85.8
1915,14969,43.298241,-80.123291,0.0
1916,14970,43.298199,-80.122993,88.4
1917,14971,43.298119,-80.122391,178.3
1918,14972,43.298119,-80.122391,0.0
1919,14973,43.29808,-80.122086,90.2
1920,14974,43.298038,-80.121803,84.1
1921,14975,43.298,-80.121513,85.8
1922,14976,43.297962,-80.121208,90.2
1923,14977,43.297924,-80.120918,85.8
1924,14978,43.297886,-80.120628,85.8
1925,14979,43.297844,-80.120338,86.1
1926,14980,43.297806,-80.120041,87.9
1927,14981,43.297764,-80.119751,86.1
1928,14982,43.29768,-80.119164,174.3
1929,14983,43.29768,-80.119164,0.0
1930,14984,43.297596,-80.118576,174.6
1931,14985,43.297596,-80.118576,0.0
1932,14986,43.29755,-80.118286,86.5
1933,14987,43.297504,-80.117989,88.5
1934,14988,43.297447,-80.117699,87.5
1935,14989,43.297401,-80.117409,86.5
1936,14990,43.297344,-80.117126,85.5
1937,14991,43.297287,-80.116852,83.0
1938,14992,43.297222,-80.116577,84.2
1939,14993,43.297161,-80.11631,81.5
1940,14994,43.297096,-80.116035,84.2
1941,14995,43.297035,-80.115753,85.7
1942,14996,43.296967,-80.115463,88.8
1943,14997,43.296906,-80.115189,83.5
1944,14998,43.296837,-80.114922,82.5
1945,14999,43.296768,-80.114647,84.7
1946,15000,43.296703,-80.114372,84.2
1947,15001,43.296558,-80.113838,166.1
1948,15002,43.296558,-80.113838,0.0
1949,15003,43.296478,-80.113571,84.1
1950,15004,43.29641,-80.113297,84.3
1951,15005,43.296341,-80.113029,82.8
1952,15006,43.296265,-80.112762,83.5
1953,15007,43.296185,-80.112488,86.0
1954,15008,43.296097,-80.112221,85.4
1955,15009,43.296009,-80.111961,83.5
1956,15010,43.295925,-80.111694,84.7
1957,15011,43.295738,-80.111168,170.6
1958,15012,43.295738,-80.111168,0.0
1959,15013,43.295647,-80.110909,83.8
1960,15014,43.295551,-80.110649,84.9
1961,15015,43.295357,-80.110123,171.8
1962,15016,43.295357,-80.110123,0.0
1963,15017,43.295254,-80.109856,88.0
1964,15018,43.295055,-80.109337,170.9
1965,15019,43.295055,-80.109337,0.0
1966,15020,43.294857,-80.10881,172.8
1967,15021,43.294857,-80.10881,0.0
1968,15022,43.294662,-80.108292,169.9
1969,15023,43.294662,-80.108292,0.0
1970,15024,43.294567,-80.108017,88.7
1971,15025,43.294468,-80.10775,87.3
1972,15026,43.294369,-80.107491,85.2
1973,15027,43.29427,-80.107216,89.4
1974,15028,43.294167,-80.106956,86.2
1975,15029,43.293968,-80.106407,178.7
1976,15030,43.293873,-80.106133,88.4
1977,15031,43.293774,-80.105858,89.4
1978,15032,43.293774,-80.105858,0.0
1979,15033,43.293583,-80.105286,183.4
1980,15034,43.293583,-80.105286,0.0
1981,15035,43.293488,-80.105011,88.7
1982,15036,43.2934,-80.104713,93.7
1983,15037,43.293312,-80.104416,93.4
1984,15038,43.293217,-80.104126,92.7
1985,15039,43.293125,-80.103844,90.0
1986,15040,43.293034,-80.103546,94.2
1987,15041,43.292931,-80.103264,91.9
1988,15042,43.292839,-80.102966,94.3
1989,15043,43.292755,-80.102676,90.9
1990,15044,43.292576,-80.102104,181.4
1991,15045,43.292488,-80.101822,89.4
1992,15046,43.2924,-80.101547,87.5
1993,15047,43.2924,-80.101547,0.0
1994,15048,43.292316,-80.101273,86.6
1995,15049,43.292233,-80.100998,86.7
1996,15050,43.292145,-80.100739,83.3
1997,15051,43.292065,-80.100471,84.4
1998,15052,43.291981,-80.100204,84.8
1999,15053,43.291897,-80.099945,82.6
2000,15054,43.291813,-80.099678,84.8
2001,15055,43.291729,-80.099426,80.8
2002,15056,43.291645,-80.099159,84.8
2003,15057,43.291561,-80.098885,86.6
2004,15058,43.291481,-80.098633,80.1
2005,15059,43.291393,-80.098366,85.4
2006,15060,43.291309,-80.098099,84.8
2007,15061,43.291225,-80.097839,82.9
2008,15062,43.291058,-80.097305,169.3
2009,15063,43.291058,-80.097305,0.0
2010,15064,43.290974,-80.097038,84.8
2011,15065,43.29081,-80.096504,168.9
2012,15066,43.29081,-80.096504,0.0
2013,15067,43.290722,-80.096237,85.4
2014,15068,43.290634,-80.095963,87.3
2015,15069,43.290451,-80.095406,178.1
2016,15070,43.290451,-80.095406,0.0
2017,15071,43.290363,-80.095131,87.5
2018,15072,43.290276,-80.094841,91.4
2019,15073,43.290188,-80.094559,89.4
2020,15074,43.290096,-80.094269,92.2
2021,15075,43.290009,-80.093994,87.4
2022,15076,43.289921,-80.093719,87.5
2023,15077,43.289745,-80.09317,174.8
2024,15078,43.289646,-80.092896,89.1
2025,15079,43.289646,-80.092896,0.0
2026,15080,43.289455,-80.092369,171.5
2027,15081,43.289455,-80.092369,0.0
2028,15082,43.289242,-80.09185,173.6
2029,15083,43.289242,-80.09185,0.0
2030,15084,43.28912,-80.091599,87.9
2031,15085,43.289001,-80.091347,87.5
2032,15086,43.288879,-80.09108,91.9
2033,15087,43.288761,-80.090836,85.4
2034,15088,43.288643,-80.090576,89.3
2035,15089,43.288525,-80.090324,87.3
2036,15090,43.288288,-80.089813,176.6
2037,15091,43.288181,-80.089561,85.0
2038,15092,43.288181,-80.089561,0.0
2039,15093,43.288074,-80.089294,88.8
2040,15094,43.287971,-80.089043,84.0
2041,15095,43.28788,-80.088768,88.0
2042,15096,43.287697,-80.088211,178.1
2043,15097,43.287613,-80.087929,88.8
2044,15098,43.287533,-80.087646,88.5
2045,15099,43.287533,-80.087646,0.0
2046,15100,43.287457,-80.087364,87.6
2047,15101,43.287376,-80.087082,88.3
2048,15102,43.287216,-80.086494,182.9
2049,15103,43.287216,-80.086494,0.0
2050,15104,43.287128,-80.086205,91.3
2051,15105,43.286961,-80.085617,183.9
2052,15106,43.28688,-80.085327,90.5
2053,15107,43.2868,-80.08503,92.3
2054,15108,43.2868,-80.08503,0.0
2055,15109,43.28664,-80.08445,180.7
2056,15110,43.286564,-80.084167,87.9
2057,15111,43.286564,-80.084167,0.0
2058,15112,43.286407,-80.083603,176.0
2059,15113,43.286407,-80.083603,0.0
2060,15114,43.286251,-80.083054,171.7
2061,15115,43.286175,-80.082794,81.6
2062,15116,43.286098,-80.08252,85.6
2063,15117,43.286018,-80.082237,88.5
2064,15118,43.285938,-80.08197,84.1
2065,15119,43.285866,-80.081696,84.9
2066,15120,43.285789,-80.081421,85.9
2067,15121,43.285713,-80.081146,85.7
2068,15122,43.285629,-80.080872,86.6
2069,15123,43.285545,-80.080597,86.9
2070,15124,43.285458,-80.08033,85.2
2071,15125,43.28537,-80.080048,89.4
2072,15126,43.285275,-80.079773,88.7
2073,15127,43.285179,-80.079498,88.9
2074,15128,43.285084,-80.079216,90.5
2075,15129,43.284988,-80.078941,88.9
2076,15130,43.284893,-80.078667,88.4
2077,15131,43.284805,-80.078392,87.5
2078,15132,43.284714,-80.078117,88.0
2079,15133,43.284622,-80.07785,86.1
2080,15134,43.284531,-80.077591,83.8
2081,15135,43.284443,-80.077316,87.5
2082,15136,43.284443,-80.077316,0.0
2083,15137,43.284355,-80.077057,83.3
2084,15138,43.284168,-80.07653,170.8
2085,15139,43.284081,-80.076263,85.2
2086,15140,43.283985,-80.075996,86.8
2087,15141,43.28389,-80.075729,86.6
2088,15142,43.283798,-80.075455,87.9
2089,15143,43.28371,-80.075203,81.4
2090,15144,43.283623,-80.074928,87.4
2091,15145,43.283527,-80.074654,88.6
2092,15146,43.28344,-80.074402,81.3
2093,15147,43.283352,-80.074127,87.5
2094,15148,43.283264,-80.073853,87.3
2095,15149,43.283169,-80.073593,84.8
2096,15150,43.283081,-80.073326,85.4
2097,15151,43.282997,-80.073082,78.7
2098,15152,43.282906,-80.072815,85.9
2099,15153,43.282818,-80.072571,79.4
2100,15154,43.282726,-80.072319,82.2
2101,15155,43.282639,-80.072083,77.1
2102,15156,43.282551,-80.071838,79.6
2103,15157,43.282463,-80.071602,77.3
2104,15158,43.282375,-80.071358,79.4
2105,15159,43.282288,-80.071129,75.3
2106,15160,43.282207,-80.070885,78.1
2107,15161,43.282207,-80.070885,0.0
2108,15162,43.282043,-80.070427,148.7
2109,15163,43.282043,-80.070427,0.0
2110,15164,43.281879,-80.069962,150.6
2111,15165,43.281803,-80.069733,73.3
2112,15166,43.281723,-80.069511,72.2
2113,15167,43.281647,-80.06929,71.2
2114,15168,43.281647,-80.06929,0.0
2115,15169,43.28157,-80.069069,71.4
2116,15170,43.281437,-80.068657,131.3
2117,15171,43.281372,-80.068481,57.5
2118,15172,43.281319,-80.068314,53.1
2119,15173,43.281265,-80.068169,47.5
2120,15174,43.2812,-80.068047,44.1
2121,15175,43.281132,-80.067947,39.9
2122,15176,43.281067,-80.067871,34.2
2123,15177,43.281006,-80.067825,27.9
2124,15178,43.280949,-80.06778,26.3
2125,15179,43.280888,-80.067749,26.0
2126,15180,43.280834,-80.067726,22.6
2127,15181,43.280773,-80.067726,24.4
2128,15182,43.28072,-80.067741,21.7
2129,15183,43.280682,-80.067757,15.9
2130,15184,43.280663,-80.067764,7.9
2131,15185,43.280659,-80.067764,1.6
2132,15186,43.280659,-80.067764,0.0
2133,15187,43.280663,-80.067764,1.6
2134,15188,43.280647,-80.06778,7.9
2135,15189,43.280624,-80.067787,9.4
2136,15190,43.280575,-80.06781,20.7
2137,15191,43.280521,-80.067833,22.6
2138,15192,43.280449,-80.067848,29.2
2139,15193,43.280369,-80.067863,32.3
2140,15194,43.280285,-80.067848,33.9
2141,15195,43.280197,-80.067802,37.7
2142,15196,43.280094,-80.067719,47.8
2143,15197,43.280094,-80.067719,0.0
2144,15198,43.279881,-80.067535,100.7
2145,15199,43.279755,-80.067459,55.1
2146,15200,43.279617,-80.067398,58.0
2147,15201,43.279469,-80.067352,60.7
2148,15202,43.279305,-80.067291,68.0
2149,15203,43.279129,-80.067238,72.1
2150,15204,43.278942,-80.067192,76.0
2151,15205,43.278751,-80.067131,78.5
2152,15206,43.278553,-80.06707,81.2
2153,15207,43.278351,-80.067009,82.8
2154,15208,43.278149,-80.066956,82.3
2155,15209,43.277943,-80.066887,84.9
2156,15210,43.27774,-80.066818,83.7
2157,15211,43.277531,-80.066757,85.5
2158,15212,43.277325,-80.066689,84.8
2159,15213,43.277111,-80.066628,87.5
2160,15214,43.276894,-80.066559,89.2
2161,15215,43.27668,-80.06649,88.0
2162,15216,43.276466,-80.066414,88.5
2163,15217,43.276253,-80.066353,87.1
2164,15218,43.276043,-80.066292,85.9
2165,15219,43.275841,-80.066223,83.3
2166,15220,43.275623,-80.066162,89.1
2167,15221,43.27541,-80.066086,88.1
2168,15222,43.2752,-80.066017,86.4
2169,15223,43.274986,-80.065948,88.0
2170,15224,43.274776,-80.065887,85.9
2171,15225,43.274563,-80.065826,87.1
2172,15226,43.274353,-80.065758,86.4
2173,15227,43.274136,-80.065689,89.2
2174,15228,43.273918,-80.065613,90.0
2175,15229,43.273705,-80.065544,87.6
2176,15230,43.273487,-80.065483,89.1
2177,15231,43.273281,-80.065407,85.4
2178,15232,43.273071,-80.065346,85.9
2179,15233,43.272865,-80.065277,84.9
2180,15234,43.272659,-80.065216,84.4
2181,15235,43.272446,-80.065147,87.6
2182,15236,43.27224,-80.065086,84.4
2183,15237,43.272038,-80.065018,83.3
2184,15238,43.271832,-80.064949,84.9
2185,15239,43.271629,-80.064888,83.2
2186,15240,43.271416,-80.064827,87.1
2187,15241,43.271206,-80.064758,86.4
2188,15242,43.270996,-80.064697,85.9
2189,15243,43.270775,-80.064629,90.7
2190,15244,43.270561,-80.06456,88.0
2191,15245,43.270344,-80.064491,89.2
2192,15246,43.270126,-80.064423,89.5
2193,15247,43.269913,-80.064362,87.1
2194,15248,43.269695,-80.064285,90.1
2195,15249,43.269485,-80.064232,85.5
2196,15250,43.269272,-80.064163,87.6
2197,15251,43.269054,-80.064095,89.5
2198,15252,43.268845,-80.064041,85.1
2199,15253,43.268631,-80.063965,88.5
2200,15254,43.268417,-80.063904,87.5
2201,15255,43.268208,-80.063843,85.5
2202,15256,43.268002,-80.063766,85.5
2203,15257,43.267788,-80.063705,87.5
2204,15258,43.267574,-80.063637,87.9
2205,15259,43.267368,-80.063583,84.0
2206,15260,43.267159,-80.063515,86.0
2207,15261,43.266956,-80.063446,83.7
2208,15262,43.266743,-80.063377,87.6
2209,15263,43.266529,-80.063316,87.5
2210,15264,43.266312,-80.063248,89.1
2211,15265,43.266087,-80.063187,91.8
2212,15266,43.265865,-80.06311,91.7
2213,15267,43.26564,-80.063042,92.2
2214,15268,43.265411,-80.062965,94.4
2215,15269,43.265198,-80.062897,87.5
2216,15270,43.264973,-80.062843,91.4
2217,15271,43.264759,-80.062767,88.5
2218,15272,43.264545,-80.062706,87.5
2219,15273,43.264328,-80.062637,89.2
2220,15274,43.264118,-80.062576,85.9
2221,15275,43.26392,-80.062523,80.8
2222,15276,43.263718,-80.062454,83.3
2223,15277,43.263515,-80.062401,82.7
2224,15278,43.263321,-80.06234,79.7
2225,15279,43.263126,-80.062279,80.1
2226,15280,43.262932,-80.062225,79.2
2227,15281,43.262749,-80.062164,75.4
2228,15282,43.262573,-80.062126,71.3
2229,15283,43.262417,-80.062088,63.4
2230,15284,43.262272,-80.06205,59.1
2231,15285,43.262123,-80.061996,61.7
2232,15286,43.261978,-80.061935,60.7
2233,15287,43.261837,-80.061882,58.5
2234,15288,43.261684,-80.061829,63.2
2235,15289,43.261524,-80.061775,66.0
2236,15290,43.26136,-80.061729,67.0
2237,15291,43.261189,-80.061684,69.7
2238,15292,43.261017,-80.06163,70.6
2239,15293,43.260849,-80.061577,69.0
2240,15294,43.26067,-80.061531,72.9
2241,15295,43.26049,-80.061478,73.7
2242,15296,43.260319,-80.061432,69.8
2243,15297,43.260136,-80.061371,75.4
2244,15298,43.259964,-80.061317,70.6
2245,15299,43.259785,-80.061264,73.3
2246,15300,43.259605,-80.061211,73.7
2247,15301,43.259415,-80.061134,79.3
2248,15302,43.259239,-80.061089,71.7
2249,15303,43.259048,-80.061035,78.1
2250,15304,43.258869,-80.060966,74.4
2251,15305,43.258678,-80.060898,79.0
2252,15306,43.258492,-80.060837,76.6
2253,15307,43.258297,-80.060783,79.6
2254,15308,43.258102,-80.060722,80.1
2255,15309,43.257904,-80.060654,81.7
2256,15310,43.257706,-80.0606,80.8
2257,15311,43.257504,-80.060547,82.3
2258,15312,43.257309,-80.060478,80.6
2259,15313,43.257111,-80.060417,81.2
2260,15314,43.25692,-80.060364,78.0
2261,15315,43.256721,-80.060287,82.8
2262,15316,43.256527,-80.060234,79.2
2263,15317,43.25634,-80.060165,77.5
2264,15318,43.256153,-80.06012,76.0
2265,15319,43.255966,-80.060066,76.5
2266,15320,43.255787,-80.060005,73.8
2267,15321,43.255611,-80.059959,71.7
2268,15322,43.255436,-80.059898,72.3
2269,15323,43.255249,-80.059837,76.9
2270,15324,43.255062,-80.059776,76.9
2271,15325,43.254879,-80.059723,74.9
2272,15326,43.254688,-80.059654,79.1
2273,15327,43.254494,-80.059601,79.2
2274,15328,43.254292,-80.059525,83.8
2275,15329,43.254105,-80.059456,77.5
2276,15330,43.253899,-80.059402,84.0
2277,15331,43.253696,-80.059334,83.6
2278,15332,43.253502,-80.059273,79.7
2279,15333,43.253284,-80.059196,90.1
2280,15334,43.253071,-80.059128,87.5
2281,15335,43.252861,-80.059067,85.9
2282,15336,43.25264,-80.058998,90.7
2283,15337,43.252407,-80.058929,95.4
2284,15338,43.25219,-80.058853,89.6
2285,15339,43.251965,-80.058792,91.8
2286,15340,43.251743,-80.058723,91.1
2287,15341,43.251514,-80.058647,94.3
2288,15342,43.251305,-80.058586,85.5
2289,15343,43.251099,-80.058517,84.9
2290,15344,43.250889,-80.058456,85.9
2291,15345,43.250679,-80.058395,85.9
2292,15346,43.250477,-80.058319,83.8
2293,15347,43.250267,-80.058258,85.9
2294,15348,43.250065,-80.058197,82.8
2295,15349,43.249855,-80.058136,85.9
2296,15350,43.249657,-80.058083,80.8
2297,15351,43.249454,-80.058014,83.7
2298,15352,43.249264,-80.057961,77.6
2299,15353,43.249069,-80.057899,80.1
2300,15354,43.248878,-80.057838,78.5
2301,15355,43.248695,-80.057777,75.4
2302,15356,43.24852,-80.057732,71.3
2303,15357,43.248329,-80.057671,78.5
2304,15358,43.248154,-80.057617,71.8
2305,15359,43.247971,-80.057564,74.9
2306,15360,43.247795,-80.05751,72.2
2307,15361,43.247623,-80.057457,70.6
2308,15362,43.247448,-80.057411,71.3
2309,15363,43.247288,-80.05735,66.5
2310,15364,43.247124,-80.057297,67.4
2311,15365,43.24696,-80.057259,66.6
2312,15366,43.246807,-80.057198,63.8
2313,15367,43.246647,-80.057159,65.0
2314,15368,43.246494,-80.057114,62.6
2315,15369,43.246353,-80.05706,58.6
2316,15370,43.246208,-80.05703,58.7
2317,15371,43.246078,-80.056992,53.2
2318,15372,43.245956,-80.056961,49.7
2319,15373,43.24585,-80.056946,42.7
2320,15374,43.245762,-80.056923,35.9
2321,15375,43.245682,-80.056892,33.3
2322,15376,43.245609,-80.056885,29.3
2323,15377,43.245548,-80.056877,24.5
2324,15378,43.245483,-80.05687,26.1
2325,15379,43.245426,-80.056847,23.8
2326,15380,43.245369,-80.056831,23.3
2327,15381,43.245304,-80.056808,26.9
2328,15382,43.245239,-80.056793,26.4
2329,15383,43.245174,-80.05677,26.9
2330,15384,43.245121,-80.056763,21.3
2331,15385,43.245075,-80.05674,19.6
2332,15386,43.245037,-80.056725,15.8
2333,15387,43.245003,-80.056717,13.8
2334,15388,43.244968,-80.056709,14.2
2335,15389,43.244938,-80.056702,12.2
2336,15390,43.244904,-80.056686,14.4
2337,15391,43.244862,-80.056679,16.9
2338,15392,43.244808,-80.056656,22.6
2339,15393,43.244743,-80.056648,26.1
2340,15394,43.244678,-80.056625,26.9
2341,15395,43.244614,-80.056602,26.5
2342,15396,43.244553,-80.05658,25.2
2343,15397,43.244488,-80.056557,26.9
2344,15398,43.244419,-80.056534,28.4
2345,15399,43.244339,-80.056511,32.7
2346,15400,43.244247,-80.05648,37.9
2347,15401,43.24416,-80.05645,35.9
2348,15402,43.244064,-80.056419,39.5
2349,15403,43.243961,-80.056381,42.7
2350,15404,43.243858,-80.056335,43.4
2351,15405,43.243759,-80.056313,40.1
2352,15406,43.243664,-80.056274,39.7
2353,15407,43.243561,-80.056236,42.7
2354,15408,43.243473,-80.056198,36.9
2355,15409,43.243378,-80.05616,39.6
2356,15410,43.243279,-80.056129,40.6
2357,15411,43.243183,-80.056091,40.0
2358,15412,43.243088,-80.056053,39.6
2359,15413,43.242985,-80.05603,41.8
2360,15414,43.242874,-80.056,45.3
2361,15415,43.24276,-80.055969,46.5
2362,15416,43.242645,-80.055939,46.9
2363,15417,43.242519,-80.055901,51.6
2364,15418,43.242401,-80.055862,48.6
2365,15419,43.242271,-80.055832,52.8
2366,15420,43.242146,-80.055794,51.2
2367,15421,43.242012,-80.055763,54.4
2368,15422,43.241886,-80.055717,52.2
2369,15423,43.241764,-80.055679,50.1
2370,15424,43.241638,-80.055649,51.2
2371,15425,43.24152,-80.055618,48.1
2372,15426,43.241405,-80.055588,46.9
2373,15427,43.241283,-80.055542,50.6
2374,15428,43.241165,-80.055511,48.1
2375,15429,43.241047,-80.055473,48.5
2376,15430,43.240925,-80.055435,50.1
2377,15431,43.240799,-80.055382,52.8
2378,15432,43.240665,-80.055351,54.4
2379,15433,43.240528,-80.055298,57.0
2380,15434,43.240391,-80.055267,55.6
2381,15435,43.24025,-80.055214,58.5
2382,15436,43.240105,-80.055176,59.1
2383,15437,43.23996,-80.05513,59.6
2384,15438,43.239803,-80.055084,64.3
2385,15439,43.239651,-80.055046,61.8
2386,15440,43.239498,-80.055,62.7
2387,15441,43.239349,-80.054955,61.1
2388,15442,43.239197,-80.054901,62.9
2389,15443,43.23904,-80.054863,63.8
2390,15444,43.23888,-80.054817,65.4
2391,15445,43.23872,-80.054771,65.4
2392,15446,43.23856,-80.054718,65.9
2393,15447,43.238392,-80.05468,68.2
2394,15448,43.238224,-80.054634,68.6
2395,15449,43.238049,-80.054573,72.3
2396,15450,43.237881,-80.054527,68.6
2397,15451,43.237709,-80.054482,70.1
2398,15452,43.237537,-80.054436,70.1
2399,15453,43.23737,-80.054382,68.7
2400,15454,43.237206,-80.054337,66.9
2401,15455,43.237041,-80.054291,67.4
2402,15456,43.236885,-80.054237,64.4
2403,15457,43.236732,-80.054199,62.2
2404,15458,43.236591,-80.054161,57.5
2405,15459,43.23645,-80.054123,57.5
2406,15460,43.236328,-80.054077,50.6
2407,15461,43.236202,-80.054047,51.2
2408,15462,43.236084,-80.054016,48.1
2409,15463,43.23597,-80.053986,46.5
2410,15464,43.235851,-80.053955,48.5
2411,15465,43.235733,-80.053917,48.5
2412,15466,43.235615,-80.053886,48.1
2413,15467,43.235493,-80.053856,49.6
2414,15468,43.235367,-80.053833,50.9
2415,15469,43.235241,-80.053802,51.2
2416,15470,43.235111,-80.05378,52.4
2417,15471,43.234982,-80.053757,52.1
2418,15472,43.234844,-80.053749,55.3
2419,15473,43.234703,-80.053741,56.5
2420,15474,43.23457,-80.053741,53.2
2421,15475,43.234428,-80.053749,56.9
2422,15476,43.234283,-80.053764,58.2
2423,15477,43.234131,-80.053795,61.5
2424,15478,43.233974,-80.053825,63.5
2425,15479,43.233814,-80.053856,64.7
2426,15480,43.23365,-80.053909,67.4
2427,15481,43.233486,-80.053978,68.7
2428,15482,43.233322,-80.054054,69.3
2429,15483,43.233158,-80.054153,71.7
2430,15484,43.233002,-80.054245,68.0
2431,15485,43.232849,-80.054352,68.7
2432,15486,43.232693,-80.054451,68.8
2433,15487,43.232536,-80.054558,70.2
2434,15488,43.232376,-80.054657,70.3
2435,15489,43.23222,-80.054764,69.8
2436,15490,43.232063,-80.054863,69.2
2437,15491,43.231911,-80.05497,68.4
2438,15492,43.23175,-80.055061,69.7
2439,15493,43.231598,-80.055168,68.4
2440,15494,43.231434,-80.055283,73.7
2441,15495,43.23127,-80.055374,70.8
2442,15496,43.231094,-80.055481,77.1
2443,15497,43.230919,-80.055565,74.2
2444,15498,43.23074,-80.055664,77.3
2445,15499,43.23056,-80.055733,74.8
2446,15500,43.23037,-80.055801,78.6
2447,15501,43.230175,-80.055855,79.6
2448,15502,43.229984,-80.055908,78.0
2449,15503,43.229782,-80.055939,81.4
2450,15504,43.229588,-80.055977,78.4
2451,15505,43.229389,-80.056,79.9
2452,15506,43.229187,-80.056007,80.9
2453,15507,43.228989,-80.056007,79.3
2454,15508,43.228786,-80.056,81.3
2455,15509,43.228588,-80.055977,79.5
2456,15510,43.22839,-80.055939,80.0
2457,15511,43.228195,-80.055893,79.2
2458,15512,43.228004,-80.05584,78.0
2459,15513,43.227818,-80.055779,76.6
2460,15514,43.227638,-80.055687,76.9
2461,15515,43.227463,-80.055595,75.0
2462,15516,43.227287,-80.055489,76.9
2463,15517,43.227127,-80.055367,73.3
2464,15518,43.226967,-80.055237,74.4
2465,15519,43.226822,-80.055084,73.2
2466,15520,43.226677,-80.054955,69.2
2467,15521,43.226532,-80.054787,76.0
2468,15522,43.226402,-80.054604,74.5
2469,15523,43.22628,-80.05442,72.6
2470,15524,43.226151,-80.054237,74.3
2471,15525,43.226025,-80.054054,73.4
2472,15526,43.225891,-80.053871,75.7
2473,15527,43.225769,-80.053688,72.3
2474,15528,43.225651,-80.053505,71.3
2475,15529,43.225533,-80.053322,71.3
2476,15530,43.22541,-80.053131,74.4
2477,15531,43.225292,-80.052956,69.5
2478,15532,43.22517,-80.052757,75.9
2479,15533,43.225052,-80.052574,71.3
2480,15534,43.224934,-80.052391,71.3
2481,15535,43.224812,-80.0522,74.1
2482,15536,43.224689,-80.052017,72.6
2483,15537,43.224567,-80.051834,72.3
2484,15538,43.224442,-80.051643,74.9
2485,15539,43.224316,-80.051445,76.7
2486,15540,43.224194,-80.05127,70.6
2487,15541,43.224064,-80.051086,74.8
2488,15542,43.22393,-80.050911,74.0
2489,15543,43.223808,-80.050751,67.6
2490,15544,43.223675,-80.050591,70.8
2491,15545,43.223537,-80.050438,71.0
2492,15546,43.2234,-80.050285,70.7
2493,15547,43.223255,-80.050156,69.2
2494,15548,43.22311,-80.050011,71.8
2495,15549,43.222961,-80.049889,69.5
2496,15550,43.222801,-80.049759,74.4
2497,15551,43.222641,-80.049637,73.3
2498,15552,43.222481,-80.04953,71.2
2499,15553,43.222313,-80.049431,73.2
2500,15554,43.222145,-80.049339,72.4
2501,15555,43.22197,-80.049248,74.9
2502,15556,43.221802,-80.049171,70.9
2503,15557,43.221615,-80.04911,76.9
2504,15558,43.221439,-80.049049,72.7
2505,15559,43.221264,-80.049004,71.3
2506,15560,43.221088,-80.048943,72.7
2507,15561,43.220921,-80.048889,68.7
2508,15562,43.220741,-80.048836,73.7
2509,15563,43.220554,-80.048775,76.9
2510,15564,43.220367,-80.048721,76.5
2511,15565,43.220177,-80.04866,78.1
2512,15566,43.21999,-80.048607,76.4
2513,15567,43.219795,-80.048561,79.2
2514,15568,43.219604,-80.048492,79.1
2515,15569,43.219414,-80.048439,77.6
2516,15570,43.219223,-80.048378,78.5
2517,15571,43.219025,-80.048317,81.2
2518,15572,43.21883,-80.048256,80.1
2519,15573,43.218639,-80.048203,78.0
2520,15574,43.218445,-80.048141,79.7
2521,15575,43.218246,-80.04808,81.6
2522,15576,43.218048,-80.048019,81.2
2523,15577,43.21785,-80.047958,81.2
2524,15578,43.217655,-80.047897,80.1
2525,15579,43.217461,-80.047836,79.7
2526,15580,43.217278,-80.047775,75.4
2527,15581,43.217087,-80.047729,77.6
2528,15582,43.216915,-80.047684,70.1
2529,15583,43.21674,-80.04763,71.8
2530,15584,43.216564,-80.047585,71.7
2531,15585,43.216393,-80.047539,69.8
2532,15586,43.216225,-80.047493,68.6
2533,15587,43.216057,-80.047462,67.9
2534,15588,43.215897,-80.047447,64.2
2535,15589,43.215752,-80.047432,58.2
2536,15590,43.215626,-80.047424,50.5
2537,15591,43.215523,-80.047417,41.3
2538,15592,43.215439,-80.047417,33.6
2539,15593,43.215378,-80.047417,24.4
2540,15594,43.215328,-80.047417,20.0
2541,15595,43.215282,-80.047417,18.4
2542,15596,43.215256,-80.047417,10.4
2543,15597,43.215244,-80.047409,5.3
2544,15598,43.21524,-80.047409,1.6
2545,15599,43.21524,-80.047409,0.0
2546,15600,43.21524,-80.047409,0.0
2547,15601,43.21524,-80.047409,0.0
2548,15602,43.21524,-80.047409,0.0
2549,15603,43.21524,-80.047409,0.0
2550,15604,43.21524,-80.047409,0.0
2551,15605,43.21524,-80.047409,0.0
2552,15606,43.21524,-80.047409,0.0
2553,15607,43.21524,-80.047409,0.0
2554,15608,43.21524,-80.047409,0.0
2555,15609,43.21524,-80.047409,0.0
2556,15610,43.21524,-80.047409,0.0
2557,15611,43.21524,-80.047409,0.0
2558,15612,43.21524,-80.047409,0.0
2559,15613,43.21524,-80.047409,0.0
2560,15614,43.21524,-80.047409,0.0
2561,15615,43.21524,-80.047409,0.0
2562,15616,43.21524,-80.047409,0.0
2563,15617,43.21524,-80.047409,0.0
2564,15618,43.21524,-80.047409,0.0
2565,15619,43.21524,-80.047409,0.0
2566,15620,43.21524,-80.047409,0.0
2567,15621,43.21524,-80.047409,0.0
2568,15622,43.21524,-80.047409,0.0
2569,15623,43.21524,-80.047409,0.0
2570,15624,43.21524,-80.047409,0.0
2571,15625,43.21524,-80.047409,0.0
2572,15626,43.21524,-80.047409,0.0
2573,15627,43.21524,-80.047409,0.0
2574,15628,43.21524,-80.047409,0.0
2575,15629,43.21524,-80.047409,0.0
2576,15630,43.21524,-80.047409,0.0
2577,15631,43.21524,-80.047409,0.0
2578,15632,43.21524,-80.047409,0.0
2579,15633,43.21524,-80.047409,0.0
2580,15634,43.21524,-80.047409,0.0
2581,15635,43.21524,-80.047409,0.0
2582,15636,43.21524,-80.047409,0.0
2583,15637,43.21524,-80.047409,0.0
2584,15638,43.21524,-80.047409,0.0
2585,15639,43.21524,-80.047409,0.0
2586,15640,43.21524,-80.047409,0.0
2587,15641,43.21524,-80.047409,0.0
2588,15642,43.21524,-80.047409,0.0
2589,15643,43.215244,-80.047409,1.6
2590,15644,43.215244,-80.047417,2.3
2591,15645,43.215244,-80.047417,0.0
2592,15646,43.215244,-80.047417,0.0
2593,15647,43.215244,-80.047417,0.0
2594,15648,43.215244,-80.047417,0.0
2595,15649,43.215244,-80.047417,0.0
2596,15650,43.215244,-80.047417,0.0
2597,15651,43.215244,-80.047417,0.0
2598,15652,43.215244,-80.047417,0.0
2599,15653,43.215244,-80.047417,0.0
2600,15654,43.215244,-80.047417,0.0
2601,15655,43.215244,-80.047417,0.0
2602,15656,43.215244,-80.047417,0.0
2603,15657,43.215244,-80.047409,2.3
2604,15658,43.215244,-80.047409,0.0
2605,15659,43.215244,-80.047409,0.0
2606,15660,43.215248,-80.047409,1.6
2607,15661,43.215248,-80.047409,0.0
2608,15662,43.215248,-80.047409,0.0
2609,15663,43.215248,-80.047409,0.0
2610,15664,43.215248,-80.047409,0.0
2611,15665,43.215248,-80.047409,0.0
2612,15666,43.215248,-80.047409,0.0
2613,15667,43.215248,-80.047409,0.0
2614,15668,43.215248,-80.047409,0.0
2615,15669,43.215248,-80.047409,0.0
2616,15670,43.215248,-80.047409,0.0
2617,15671,43.215248,-80.047409,0.0
2618,15672,43.215248,-80.047409,0.0
2619,15673,43.215248,-80.047409,0.0
2620,15674,43.215248,-80.047409,0.0
2621,15675,43.215248,-80.047409,0.0
2622,15676,43.215248,-80.047409,0.0
2623,15677,43.215248,-80.047409,0.0
2624,15678,43.215248,-80.047409,0.0
2625,15679,43.215248,-80.047409,0.0
2626,15680,43.215248,-80.047409,0.0
2627,15681,43.215248,-80.047409,0.0
2628,15682,43.215248,-80.047409,0.0
2629,15683,43.215248,-80.047409,0.0
2630,15684,43.215248,-80.047409,0.0
2631,15685,43.215248,-80.047409,0.0
2632,15686,43.215248,-80.047409,0.0
2633,15687,43.215248,-80.047409,0.0
2634,15688,43.215248,-80.047409,0.0
2635,15689,43.215248,-80.047409,0.0
2636,15690,43.215248,-80.047409,0.0
2637,15691,43.215248,-80.047409,0.0
2638,15692,43.215244,-80.047401,2.8
2639,15693,43.215244,-80.047409,2.3
2640,15694,43.215248,-80.047409,1.6
2641,15695,43.215248,-80.047409,0.0
2642,15696,43.215248,-80.047409,0.0
2643,15697,43.215248,-80.047409,0.0
2644,15698,43.215248,-80.047409,0.0
2645,15699,43.215248,-80.047409,0.0
2646,15700,43.215248,-80.047409,0.0
2647,15701,43.215248,-80.047409,0.0
2648,15702,43.215248,-80.047409,0.0
2649,15703,43.215248,-80.047409,0.0
2650,15704,43.215248,-80.047409,0.0
2651,15705,43.215248,-80.047409,0.0
2652,15706,43.215248,-80.047409,0.0
2653,15707,43.215248,-80.047409,0.0
2654,15708,43.215248,-80.047409,0.0
2655,15709,43.215248,-80.047409,0.0
2656,15710,43.215248,-80.047409,0.0
2657,15711,43.215248,-80.047409,0.0
2658,15712,43.215248,-80.047409,0.0
2659,15713,43.215248,-80.047409,0.0
2660,15714,43.215248,-80.047409,0.0
2661,15715,43.215248,-80.047409,0.0
2662,15716,43.215248,-80.047409,0.0
2663,15717,43.215248,-80.047409,0.0
2664,15718,43.215248,-80.047409,0.0
2665,15719,43.215248,-80.047409,0.0
2666,15720,43.215248,-80.047409,0.0
2667,15721,43.215248,-80.047409,0.0
2668,15722,43.215248,-80.047409,0.0
2669,15723,43.215248,-80.047409,0.0
2670,15724,43.215248,-80.047409,0.0
2671,15725,43.215248,-80.047409,0.0
2672,15726,43.215248,-80.047409,0.0
2673,15727,43.215248,-80.047409,0.0
2674,15728,43.215248,-80.047409,0.0
2675,15729,43.215248,-80.047409,0.0
2676,15730,43.215248,-80.047409,0.0
2677,15731,43.215248,-80.047409,0.0
2678,15732,43.215248,-80.047409,0.0
2679,15733,43.215248,-80.047409,0.0
2680,15734,43.215248,-80.047409,0.0
2681,15735,43.215248,-80.047409,0.0
2682,15736,43.215248,-80.047409,0.0
2683,15737,43.215248,-80.047409,0.0
2684,15738,43.215248,-80.047409,0.0
2685,15739,43.215248,-80.047409,0.0
2686,15740,43.215248,-80.047409,0.0
2687,15741,43.215248,-80.047409,0.0
2688,15742,43.215248,-80.047409,0.0
2689,15743,43.215248,-80.047409,0.0
2690,15744,43.215248,-80.047409,0.0
2691,15745,43.215248,-80.047409,0.0
2692,15746,43.215248,-80.047409,0.0
2693,15747,43.215248,-80.047409,0.0
2694,15748,43.215248,-80.047409,0.0
2695,15749,43.215248,-80.047409,0.0
2696,15750,43.215248,-80.047409,0.0
2697,15751,43.215248,-80.047409,0.0
2698,15752,43.215248,-80.047409,0.0
2699,15753,43.215248,-80.047409,0.0
2700,15754,43.215248,-80.047409,0.0
2701,15755,43.215248,-80.047409,0.0
2702,15756,43.215248,-80.047409,0.0
2703,15757,43.215248,-80.047409,0.0
2704,15758,43.215248,-80.047409,0.0
2705,15759,43.215248,-80.047409,0.0
2706,15760,43.215248,-80.047409,0.0
2707,15761,43.215248,-80.047409,0.0
2708,15762,43.215248,-80.047409,0.0
2709,15763,43.215244,-80.047409,1.6
2710,15764,43.215233,-80.047409,4.4
2711,15765,43.215199,-80.047401,13.8
2712,15766,43.21516,-80.047386,16.2
2713,15767,43.215092,-80.047371,27.6
2714,15768,43.215012,-80.047363,32.1
2715,15769,43.214901,-80.047356,44.5
2716,15770,43.214767,-80.047356,53.6
2717,15771,43.21463,-80.04734,55.0
2718,15772,43.214489,-80.047325,56.6
2719,15773,43.214336,-80.047325,61.2
2720,15774,43.214184,-80.047318,60.9
2721,15775,43.214024,-80.04731,64.1
2722,15776,43.213848,-80.047295,70.6
2723,15777,43.213673,-80.047287,70.1
2724,15778,43.213482,-80.047279,76.5
2725,15779,43.21328,-80.047272,80.9
2726,15780,43.213078,-80.047256,81.0
2727,15781,43.212864,-80.047249,85.7
2728,15782,43.212646,-80.047241,87.3
2729,15783,43.212429,-80.047234,86.9
2730,15784,43.212208,-80.047218,88.6
2731,15785,43.211987,-80.047211,88.5
2732,15786,43.211773,-80.047203,85.7
2733,15787,43.211559,-80.047188,85.8
2734,15788,43.211342,-80.047173,87.0
2735,15789,43.211128,-80.047165,85.7
2736,15790,43.210918,-80.047157,84.1
2737,15791,43.210728,-80.047157,76.1
2738,15792,43.210548,-80.047142,72.2
2739,15793,43.210392,-80.047127,62.6
2740,15794,43.210251,-80.047127,56.4
2741,15795,43.210144,-80.047134,42.9
2742,15796,43.210045,-80.047165,40.6
2743,15797,43.209961,-80.047218,37.0
2744,15798,43.209885,-80.047256,32.4
2745,15799,43.209824,-80.047272,24.9
2746,15800,43.209763,-80.047264,24.5
2747,15801,43.209705,-80.047241,24.2
2748,15802,43.209629,-80.047195,33.3
2749,15803,43.209545,-80.047157,35.4
2750,15804,43.209454,-80.047119,38.1
2751,15805,43.209335,-80.047089,48.4
2752,15806,43.209209,-80.047066,50.9
2753,15807,43.209064,-80.047043,58.4
2754,15808,43.208912,-80.047028,61.0
2755,15809,43.208755,-80.046997,63.5
2756,15810,43.208588,-80.046967,67.4
2757,15811,43.208408,-80.046944,72.4
2758,15812,43.208225,-80.046913,73.8
2759,15813,43.208027,-80.046875,80.0
2760,15814,43.207829,-80.046829,80.4
2761,15815,43.207615,-80.046783,86.7
2762,15816,43.207405,-80.04673,85.5
2763,15817,43.207191,-80.046669,87.5
2764,15818,43.206978,-80.046616,86.7
2765,15819,43.20676,-80.046562,88.7
2766,15820,43.206539,-80.046486,91.2
2767,15821,43.206322,-80.046425,88.7
2768,15822,43.206104,-80.046356,89.6
2769,15823,43.205887,-80.046288,89.1
2770,15824,43.205685,-80.046227,82.8
2771,15825,43.205475,-80.046158,86.4
2772,15826,43.205273,-80.046097,82.8
2773,15827,43.205067,-80.046036,84.4
2774,15828,43.204868,-80.045967,82.2
2775,15829,43.204666,-80.045914,82.3
2776,15830,43.204472,-80.045845,80.2
2777,15831,43.204277,-80.045784,80.1
2778,15832,43.204079,-80.045731,80.8
2779,15833,43.20388,-80.04567,81.6
2780,15834,43.203678,-80.045609,82.8
2781,15835,43.20348,-80.045555,80.8
2782,15836,43.203281,-80.045486,82.2
2783,15837,43.203075,-80.045433,83.9
2784,15838,43.202869,-80.045364,84.9
2785,15839,43.202663,-80.045303,84.4
2786,15840,43.202461,-80.04525,82.3
2787,15841,43.202251,-80.045181,86.4
2788,15842,43.202053,-80.04512,81.2
2789,15843,43.201847,-80.045059,84.4
2790,15844,43.201645,-80.044998,82.8
2791,15845,43.201447,-80.044945,80.8
2792,15846,43.201248,-80.044891,81.2
2793,15847,43.201065,-80.044838,74.9
2794,15848,43.20089,-80.044792,71.3
2795,15849,43.200714,-80.044746,71.7
2796,15850,43.200558,-80.044708,63.4
2797,15851,43.200405,-80.044678,61.9
2798,15852,43.200268,-80.04467,54.9
2799,15853,43.200127,-80.044701,57.2
2800,15854,43.200012,-80.044769,50.1
2801,15855,43.199913,-80.044884,51.9
2802,15856,43.199841,-80.045021,49.3
2803,15857,43.199791,-80.045197,55.1
2804,15858,43.19978,-80.04538,53.6
2805,15859,43.199818,-80.045555,53.3
2806,15860,43.199898,-80.045715,56.6
2807,15861,43.200001,-80.04583,53.2
2808,15862,43.20013,-80.045898,55.3
2809,15863,43.200272,-80.045921,57.2
2810,15864,43.200413,-80.045876,57.9
2811,15865,43.200542,-80.045776,59.3
2812,15866,43.200649,-80.045631,60.2
2813,15867,43.200733,-80.045456,61.1
2814,15868,43.200813,-80.045265,64.3
2815,15869,43.20089,-80.045052,69.4
2816,15870,43.20097,-80.044823,74.1
2817,15871,43.20105,-80.044579,78.1
2818,15872,43.201126,-80.044319,81.7
2819,15873,43.201218,-80.04406,84.1
2820,15874,43.201309,-80.043777,90.3
2821,15875,43.201401,-80.043495,90.2
2822,15876,43.201492,-80.043198,94.0
2823,15877,43.201591,-80.042892,97.7
2824,15878,43.201687,-80.04258,98.8
2825,15879,43.201797,-80.042252,105.4
2826,15880,43.2019,-80.041908,108.5
2827,15881,43.202007,-80.041565,108.9
2828,15882,43.202114,-80.041214,111.0
2829,15883,43.202225,-80.040863,111.6
2830,15884,43.202332,-80.040504,113.2
2831,15885,43.20245,-80.040154,112.5
2832,15886,43.20256,-80.039795,113.6
2833,15887,43.202671,-80.039436,113.8
2834,15888,43.202785,-80.03907,116.1
2835,15889,43.202892,-80.038712,112.9
2836,15890,43.203003,-80.038345,115.9
2837,15891,43.203117,-80.037987,114.0
2838,15892,43.203224,-80.037605,119.4
2839,15893,43.203331,-80.037247,112.9
2840,15894,43.203442,-80.036888,113.8
2841,15895,43.203548,-80.036537,110.9
2842,15896,43.203651,-80.036186,110.4
2843,15897,43.203758,-80.035843,108.9
2844,15898,43.203865,-80.035484,113.2
2845,15899,43.203968,-80.035149,106.1
2846,15900,43.204071,-80.034813,106.4
2847,15901,43.204166,-80.034485,103.0
2848,15902,43.204273,-80.034157,104.9
2849,15903,43.204369,-80.033829,103.1
2850,15904,43.204472,-80.033508,102.3
2851,15905,43.204567,-80.033195,98.9
2852,15906,43.204662,-80.032867,103.0
2853,15907,43.204762,-80.032555,99.4
2854,15908,43.204853,-80.032234,100.5
2855,15909,43.204948,-80.031921,98.9
2856,15910,43.205044,-80.031609,98.8
2857,15911,43.205135,-80.031296,98.3
2858,15912,43.205231,-80.030991,96.9
2859,15913,43.205322,-80.030678,98.3
2860,15914,43.205418,-80.030357,101.2
2861,15915,43.205509,-80.030037,100.2
2862,15916,43.205601,-80.029716,100.6
2863,15917,43.205692,-80.029388,102.4
2864,15918,43.205784,-80.029053,104.5
2865,15919,43.205879,-80.028717,105.2
2866,15920,43.205982,-80.028389,104.2
2867,15921,43.206085,-80.028046,108.2
2868,15922,43.206184,-80.027718,103.6
2869,15923,43.206287,-80.027374,108.5
2870,15924,43.206387,-80.027046,103.7
2871,15925,43.20649,-80.026711,106.1
2872,15926,43.206593,-80.026375,106.4
2873,15927,43.206688,-80.026039,105.2
2874,15928,43.206795,-80.025703,107.0
2875,15929,43.20689,-80.025375,103.0
2876,15930,43.206993,-80.02504,106.1
2877,15931,43.207088,-80.024712,103.0
2878,15932,43.207188,-80.024368,108.1
2879,15933,43.207283,-80.02404,103.0
2880,15934,43.207378,-80.023697,107.1
2881,15935,43.207474,-80.023369,103.1
2882,15936,43.207561,-80.023033,104.0
2883,15937,43.207642,-80.022682,107.4
2884,15938,43.207706,-80.022331,105.6
2885,15939,43.207775,-80.021973,108.0
2886,15940,43.20784,-80.021622,105.7
2887,15941,43.207905,-80.021271,105.7
2888,15942,43.207958,-80.02092,104.6
2889,15943,43.208008,-80.020561,106.6
2890,15944,43.208054,-80.020203,106.1
2891,15945,43.208088,-80.019836,107.9
2892,15946,43.208122,-80.01947,107.7
2893,15947,43.208153,-80.019112,105.2
2894,15948,43.208168,-80.018738,109.3
2895,15949,43.208183,-80.018372,107.0
2896,15950,43.208191,-80.017998,109.2
2897,15951,43.208195,-80.017624,109.1
2898,15952,43.208191,-80.01725,109.1
2899,15953,43.208183,-80.016876,109.2
2900,15954,43.208164,-80.016495,111.4
2901,15955,43.208145,-80.016129,107.1
2902,15956,43.208118,-80.015755,109.7
2903,15957,43.208088,-80.015373,112.1
2904,15958,43.20805,-80.014999,110.2
2905,15959,43.208,-80.014633,108.6
2906,15960,43.207943,-80.014252,113.5
2907,15961,43.207886,-80.01387,113.8
2908,15962,43.207817,-80.013504,110.3
2909,15963,43.207748,-80.013138,110.3
2910,15964,43.207676,-80.012787,106.4
2911,15965,43.2076,-80.012444,104.6
2912,15966,43.207516,-80.012093,107.8
2913,15967,43.207424,-80.011765,102.5
2914,15968,43.207333,-80.011436,102.7
2915,15969,43.207237,-80.011131,96.9
2916,15970,43.207127,-80.010834,97.2
2917,15971,43.207024,-80.010544,94.1
2918,15972,43.206913,-80.010262,93.5
2919,15973,43.206791,-80.01001,88.3
2920,15974,43.20668,-80.00975,87.9
2921,15975,43.206558,-80.009514,84.4
2922,15976,43.206432,-80.009293,81.9
2923,15977,43.206287,-80.009109,79.1
2924,15978,43.206142,-80.008957,73.0
2925,15979,43.205994,-80.008842,68.1
2926,15980,43.205833,-80.008736,71.5
2927,15981,43.205666,-80.008659,70.5
2928,15982,43.205505,-80.008629,65.0
2929,15983,43.205345,-80.008621,64.1
2930,15984,43.205193,-80.008629,60.9
2931,15985,43.205036,-80.008621,62.9
2932,15986,43.20488,-80.008606,62.6
2933,15987,43.204735,-80.008575,58.7
2934,15988,43.204609,-80.008537,51.6
2935,15989,43.204502,-80.008476,46.4
2936,15990,43.204407,-80.008423,41.1
2937,15991,43.20433,-80.008377,33.6
2938,15992,43.204288,-80.008339,20.1
2939,15993,43.204254,-80.008308,16.3
2940,15994,43.204243,-80.008293,6.2
2941,15995,43.204231,-80.008286,5.2
2942,15996,43.204224,-80.008278,3.6
2943,15997,43.204212,-80.00827,5.3
2944,15998,43.204205,-80.008255,5.2
2945,15999,43.204189,-80.008247,6.8
2946,16000,43.204166,-80.008209,14.4
2947,16001,43.204144,-80.008171,14.2
2948,16002,43.20414,-80.008095,22.2
2949,16003,43.204163,-80.008018,24.3
2950,16004,43.204208,-80.007927,32.1
2951,16005,43.204254,-80.007843,30.7
2952,16006,43.204323,-80.007729,43.2
2953,16007,43.204399,-80.007607,46.8
2954,16008,43.204479,-80.007477,49.6
2955,16009,43.204571,-80.007324,57.9
2956,16010,43.204678,-80.007179,60.2
2957,16011,43.204784,-80.007019,63.1
2958,16012,43.204899,-80.006851,67.2
2959,16013,43.205013,-80.006683,67.0
2960,16014,43.205128,-80.006516,67.0
2961,16015,43.205242,-80.006332,70.5
2962,16016,43.20536,-80.006165,67.9
2963,16017,43.205471,-80.005997,66.2
2964,16018,43.205582,-80.005836,64.7
2965,16019,43.205688,-80.005692,59.7
2966,16020,43.205799,-80.005531,64.7
2967,16021,43.205902,-80.005379,60.6
2968,16022,43.206001,-80.005234,58.0
2969,16023,43.206097,-80.005096,55.7
2970,16024,43.206196,-80.004967,54.7
2971,16025,43.206284,-80.004837,51.8
2972,16026,43.206371,-80.004715,49.8
2973,16027,43.206463,-80.004578,54.4
2974,16028,43.206547,-80.004456,49.0
2975,16029,43.206631,-80.004326,50.7
2976,16030,43.206711,-80.004211,46.4
2977,16031,43.206795,-80.004089,49.0
2978,16032,43.206875,-80.00396,49.4
2979,16033,43.206955,-80.003845,46.4
2980,16034,43.207031,-80.003731,45.1
2981,16035,43.207104,-80.003609,46.1
2982,16036,43.20718,-80.003502,43.6
2983,16037,43.207249,-80.003395,41.7
2984,16038,43.207321,-80.003288,42.5
2985,16039,43.207382,-80.003189,37.8
2986,16040,43.207439,-80.003105,33.5
2987,16041,43.207493,-80.003021,32.7
2988,16042,43.207539,-80.002953,27.1
2989,16043,43.207588,-80.002869,31.4
2990,16044,43.207642,-80.002792,31.2
2991,16045,43.207691,-80.002708,31.4
2992,16046,43.207733,-80.002625,29.5
2993,16047,43.207767,-80.002525,32.2
2994,16048,43.207794,-80.002441,26.8
2995,16049,43.207809,-80.002357,25.2
2996,16050,43.207825,-80.002281,23.1
2997,16051,43.207848,-80.002205,24.0
2998,16052,43.207886,-80.002159,20.3
2999,16053,43.207928,-80.002129,19.0
3000,16054,43.20797,-80.002129,16.8
3001,16055,43.208008,-80.002151,16.5
3002,16056,43.20805,-80.002197,21.5
3003,16057,43.20808,-80.002266,23.4
3004,16058,43.208118,-80.002342,26.9
3005,16059,43.208164,-80.002441,34.3
3006,16060,43.208233,-80.002533,38.5
3007,16061,43.208305,-80.002632,40.8
3008,16062,43.208393,-80.002724,44.3
3009,16063,43.208477,-80.002815,42.8
3010,16064,43.208561,-80.002899,41.6
3011,16065,43.208637,-80.002983,39.1
3012,16066,43.208714,-80.003059,38.0
3013,16067,43.208778,-80.003136,34.1
3014,16068,43.208839,-80.003197,30.2
3015,16069,43.208878,-80.003242,20.4
3016,16070,43.208897,-80.003273,11.8
3017,16071,43.208923,-80.003296,12.4
3018,16072,43.208942,-80.003326,11.6
3019,16073,43.208961,-80.003349,10.1
3020,16074,43.208977,-80.003365,7.9
3021,16075,43.208988,-80.003372,4.9
3022,16076,43.208996,-80.003395,7.4
3023,16077,43.209,-80.003403,2.8
3024,16078,43.209007,-80.003418,5.2
3025,16079,43.209023,-80.003433,7.8
3026,16080,43.20903,-80.003441,3.6
3027,16081,43.209045,-80.003456,7.4
3028,16082,43.209061,-80.003487,11.1
3029,16083,43.209091,-80.003525,16.3
3030,16084,43.209145,-80.003593,29.3
3031,16085,43.209202,-80.003647,27.7
3032,16086,43.20927,-80.003731,36.6
3033,16087,43.209343,-80.003807,36.7
3034,16088,43.209435,-80.003891,44.2
3035,16089,43.209534,-80.00396,44.5
3036,16090,43.209648,-80.004005,47.5
3037,16091,43.209766,-80.004059,49.8
3038,16092,43.209892,-80.004097,51.6
3039,16093,43.210018,-80.004143,52.2
3040,16094,43.210152,-80.004181,54.8
3041,16095,43.210281,-80.004227,53.4
3042,16096,43.210407,-80.004257,51.2
3043,16097,43.210545,-80.004303,56.8
3044,16098,43.210674,-80.004341,52.8
3045,16099,43.210804,-80.004395,54.4
3046,16100,43.21093,-80.004425,51.2
3047,16101,43.211056,-80.004471,52.2
3048,16102,43.211166,-80.004524,46.7
3049,16103,43.211266,-80.004601,45.9
3050,16104,43.211342,-80.004707,43.4
3051,16105,43.211403,-80.004807,38.0
3052,16106,43.211464,-80.004906,37.8
3053,16107,43.211517,-80.004997,34.0
3054,16108,43.211548,-80.005058,21.7
3055,16109,43.211567,-80.005089,11.8
3056,16110,43.211575,-80.005119,9.3
3057,16111,43.211594,-80.005135,8.9
3058,16112,43.211609,-80.005173,12.6
3059,16113,43.211636,-80.005234,20.8
3060,16114,43.211662,-80.005295,20.6
3061,16115,43.211708,-80.005379,30.7
3062,16116,43.211761,-80.005478,35.8
3063,16117,43.211819,-80.005585,38.9
3064,16118,43.211884,-80.005699,42.2
3065,16119,43.211956,-80.005814,44.2
3066,16120,43.212025,-80.005936,45.1
3067,16121,43.21209,-80.006058,44.1
3068,16122,43.212158,-80.006165,41.4
3069,16123,43.212223,-80.006279,42.2
3070,16124,43.212296,-80.006371,39.7
3071,16125,43.212383,-80.006416,37.2
3072,16126,43.212479,-80.006462,40.7
3073,16127,43.212585,-80.006493,43.4
3074,16128,43.212688,-80.006538,43.3
3075,16129,43.212803,-80.006577,47.4
3076,16130,43.212929,-80.006615,51.6
3077,16131,43.213047,-80.006653,48.5
3078,16132,43.213169,-80.006699,50.6
3079,16133,43.213287,-80.006737,48.5
3080,16134,43.213406,-80.006775,48.9
3081,16135,43.213528,-80.006813,50.1
3082,16136,43.21365,-80.006859,50.6
3083,16137,43.213776,-80.006897,51.6
3084,16138,43.213902,-80.006935,51.6
3085,16139,43.21402,-80.006966,48.1
3086,16140,43.21413,-80.007011,45.9
3087,16141,43.214249,-80.007042,48.5
3088,16142,43.214359,-80.007072,44.9
3089,16143,43.214474,-80.007111,47.4
3090,16144,43.214592,-80.007149,48.5
3091,16145,43.214695,-80.007195,43.4
3092,16146,43.214802,-80.007217,43.3
3093,16147,43.214893,-80.007248,37.5
3094,16148,43.214996,-80.007278,42.1
3095,16149,43.215088,-80.007309,37.9
3096,16150,43.215195,-80.007355,44.9
3097,16151,43.215286,-80.007378,37.0
3098,16152,43.215385,-80.007416,41.2
3099,16153,43.215481,-80.007446,39.4
3100,16154,43.215572,-80.007477,37.5
3101,16155,43.215668,-80.007515,40.0
3102,16156,43.215759,-80.007538,37.0
3103,16157,43.215839,-80.007568,33.2
3104,16158,43.215931,-80.007591,37.4
3105,16159,43.216019,-80.007607,35.5
3106,16160,43.216103,-80.007637,34.7
3107,16161,43.21616,-80.007645,22.9
3108,16162,43.216187,-80.007652,11.0
3109,16163,43.216202,-80.007668,7.6
3110,16164,43.216213,-80.007675,4.9
3111,16165,43.216232,-80.007675,7.6
3112,16166,43.216251,-80.007683,8.0
3113,16167,43.21627,-80.00769,7.9
3114,16168,43.216282,-80.00769,4.8
3115,16169,43.21629,-80.00769,3.2
3116,16170,43.216316,-80.00769,10.4
3117,16171,43.216347,-80.007675,13.2
3118,16172,43.216377,-80.007629,18.0
3119,16173,43.2164,-80.007568,20.0
3120,16174,43.216423,-80.007469,30.3
3121,16175,43.216442,-80.00737,29.9
3122,16176,43.216465,-80.007256,34.5
3123,16177,43.21648,-80.007126,38.4
3124,16178,43.216518,-80.007004,38.7
3125,16179,43.216553,-80.006866,42.6
3126,16180,43.216579,-80.006706,47.8
3127,16181,43.216602,-80.006531,51.9
3128,16182,43.216637,-80.006355,53.2
3129,16183,43.216663,-80.006165,56.4
3130,16184,43.216702,-80.005989,53.7
3131,16185,43.216728,-80.005806,54.4
3132,16186,43.216759,-80.00563,52.8
3133,16187,43.216789,-80.005447,54.7
3134,16188,43.216816,-80.00528,49.9
3135,16189,43.216846,-80.005119,48.5
3136,16190,43.216881,-80.004951,51.0
3137,16191,43.216915,-80.004784,50.6
3138,16192,43.216942,-80.004616,50.2
3139,16193,43.216957,-80.004456,47.1
3140,16194,43.216984,-80.004303,45.9
3141,16195,43.21701,-80.00415,45.8
3142,16196,43.217049,-80.003998,47.0
3143,16197,43.217083,-80.003845,46.7
3144,16198,43.217125,-80.003716,41.2
3145,16199,43.217163,-80.003578,43.0
3146,16200,43.217201,-80.003441,42.8
3147,16201,43.217251,-80.003319,40.8
3148,16202,43.217289,-80.003189,40.9
3149,16203,43.217331,-80.003059,41.5
3150,16204,43.217361,-80.002914,44.0
3151,16205,43.217384,-80.002762,45.3
3152,16206,43.217407,-80.002609,45.6
3153,16207,43.217422,-80.002472,40.4
3154,16208,43.21743,-80.002327,42.4
3155,16209,43.217442,-80.002197,38.2
3156,16210,43.217453,-80.002068,37.9
3157,16211,43.217464,-80.00193,40.5
3158,16212,43.217476,-80.001785,42.6
3159,16213,43.217487,-80.00164,42.5
3160,16214,43.217518,-80.00148,48.3
3161,16215,43.217529,-80.001328,44.6
3162,16216,43.217537,-80.00119,40.4
3163,16217,43.217556,-80.001045,43.0
3164,16225,43.217777,-79.999931,42.1
3165,16226,43.217808,-79.999794,41.8
3166,16227,43.21785,-79.999657,43.4
3167,16228,43.217888,-79.999527,40.9
3168,16229,43.217922,-79.99939,42.2
3169,16230,43.217968,-79.999252,44.3
3170,16231,43.218014,-79.999123,41.9
3171,16232,43.218067,-79.998993,43.5
3172,16233,43.218121,-79.998863,43.7
3173,16234,43.218166,-79.998726,43.8
3174,16235,43.218224,-79.998596,44.5
3175,16236,43.218281,-79.998474,42.3
3176,16237,43.218327,-79.998337,44.0
3177,16238,43.21838,-79.998199,45.5
3178,16239,43.218426,-79.998055,45.9
3179,16240,43.21846,-79.99791,44.4
3180,16241,43.218491,-79.997757,46.3
3181,16242,43.218521,-79.997589,50.5
3182,16243,43.218533,-79.997429,46.9
3183,16244,43.218548,-79.997269,47.1
3184,16245,43.218548,-79.997108,47.0
3185,16246,43.218544,-79.996933,51.1
3186,16247,43.218529,-79.996765,49.4
3187,16248,43.218494,-79.99659,52.9
3188,16249,43.218464,-79.996414,52.7
3189,16250,43.218426,-79.996246,51.3
3190,16251,43.218376,-79.996071,54.8
3191,16252,43.21833,-79.995888,56.5
3192,16253,43.218307,-79.995705,54.2
3193,16254,43.218292,-79.995514,56.0
3194,16255,43.2183,-79.995323,55.8
3195,16256,43.218311,-79.995132,55.9
3196,16257,43.218327,-79.994957,51.5
3197,16258,43.218365,-79.994789,51.3
3198,16259,43.218388,-79.994629,47.6
3199,16260,43.21841,-79.994492,40.9
3200,16261,43.218452,-79.99437,39.4
3201,16262,43.218491,-79.994232,43.2
3202,16263,43.218525,-79.994095,42.2
3203,16264,43.218567,-79.993965,41.5
3204,16265,43.21862,-79.993835,43.5
3205,16266,43.218647,-79.99369,43.7
3206,16267,43.218681,-79.993568,38.1
3207,16268,43.218697,-79.993446,36.2
3208,16269,43.218719,-79.993309,40.9
3209,16270,43.218727,-79.993172,40.1
3210,16271,43.218758,-79.993042,39.9
3211,16272,43.218777,-79.992905,40.7
3212,16273,43.2188,-79.992767,41.3
3213,16274,43.218819,-79.99263,40.7
3214,16275,43.218842,-79.992477,45.6
3215,16276,43.218872,-79.992325,45.9
3216,16277,43.218891,-79.992172,45.3
3217,16278,43.218929,-79.992035,42.8
3218,16279,43.21896,-79.991882,46.3
3219,16280,43.218983,-79.991722,47.6
3220,16281,43.219002,-79.991562,47.3
3221,16282,43.219025,-79.991409,45.6
3222,16283,43.219048,-79.991249,47.6
3223,16284,43.219082,-79.991104,44.4
3224,16285,43.21912,-79.990959,45.0
3225,16286,43.219147,-79.990807,45.6
3226,16287,43.219177,-79.990654,46.2
3227,16288,43.2192,-79.990494,47.6
3228,16289,43.219223,-79.990334,47.6
3229,16290,43.219242,-79.990166,49.6
3230,16291,43.219273,-79.990005,48.6
3231,16292,43.219288,-79.989838,49.1
3232,16293,43.219311,-79.98967,49.9
3233,16294,43.219322,-79.98951,46.9
3234,16295,43.219349,-79.989357,45.9
3235,16296,43.219372,-79.989197,47.6
3236,16297,43.219398,-79.989044,45.8
3237,16298,43.219433,-79.988922,38.2
3238,16299,43.219452,-79.9888,36.4
3239,16300,43.219479,-79.988678,37.2
3240,16301,43.219505,-79.988571,32.9
3241,16302,43.219517,-79.988472,29.3
3242,16303,43.219528,-79.988396,22.6
3243,16304,43.219543,-79.988312,25.2
3244,16305,43.219555,-79.988251,18.4
3245,16306,43.219559,-79.988205,13.5
3246,16307,43.219563,-79.988174,9.2
3247,16308,43.219563,-79.988136,11.1
3248,16309,43.219566,-79.988113,6.8
3249,16310,43.219563,-79.988091,6.5
3250,16311,43.219563,-79.988083,2.3
3251,16312,43.219563,-79.988083,0.0
3252,16313,43.219566,-79.988068,4.5
3253,16314,43.219566,-79.988014,15.8
3254,16315,43.219578,-79.987968,14.3
3255,16316,43.219601,-79.987877,28.1
3256,16317,43.219624,-79.987785,28.4
3257,16318,43.219646,-79.987686,30.2
3258,16319,43.219677,-79.987572,35.5
3259,16320,43.219707,-79.98745,37.6
3260,16321,43.21973,-79.987297,45.6
3261,16322,43.219761,-79.987152,44.1
3262,16323,43.219776,-79.986977,51.4
3263,16324,43.219795,-79.986809,49.6
3264,16325,43.21983,-79.986641,51.0
3265,16326,43.219856,-79.986465,52.4
3266,16327,43.219879,-79.986282,54.2
3267,16328,43.219913,-79.986107,52.8
3268,16329,43.219944,-79.985931,52.8
3269,16330,43.219967,-79.985748,54.2
3270,16331,43.220001,-79.985565,55.1
3271,16332,43.220024,-79.985382,54.2
3272,16333,43.220051,-79.985207,52.2
3273,16334,43.220078,-79.985039,50.2
3274,16335,43.2201,-79.984871,49.8
3275,16336,43.220127,-79.984711,47.9
3276,16337,43.220165,-79.984558,47.2
3277,16338,43.220207,-79.984406,47.4
3278,16339,43.220238,-79.984253,46.3
3279,16340,43.220264,-79.984131,37.1
3280,16341,43.220284,-79.984016,34.5
3281,16342,43.220284,-79.983925,26.5
3282,16343,43.220287,-79.983841,24.5
3283,16344,43.220291,-79.983749,26.9
3284,16345,43.220295,-79.983673,22.2
3285,16346,43.220295,-79.983589,24.5
3286,16347,43.220291,-79.983513,22.2
3287,16348,43.220291,-79.983429,24.5
3288,16349,43.220306,-79.983337,27.5
3289,16350,43.220325,-79.983246,27.6
3290,16351,43.220364,-79.983162,29.1
3291,16352,43.220432,-79.983078,36.6
3292,16353,43.220493,-79.982979,37.8
3293,16354,43.220566,-79.982872,42.8
3294,16355,43.22065,-79.98275,49.0
3295,16356,43.220745,-79.982635,50.7
3296,16357,43.220837,-79.982498,54.3
3297,16358,43.220928,-79.982368,52.6
3298,16359,43.221027,-79.982231,56.3
3299,16360,43.221123,-79.982079,58.7
3300,16361,43.221226,-79.981934,59.1
3301,16362,43.221321,-79.981789,56.9
3302,16363,43.221416,-79.981644,56.9
3303,16364,43.221516,-79.981491,60.0
3304,16365,43.221611,-79.981339,58.4
3305,16366,43.221722,-79.981194,61.3
3306,16367,43.221821,-79.981033,61.5
3307,16368,43.22192,-79.980881,59.5
3308,16369,43.222012,-79.980728,57.9
3309,16370,43.222111,-79.980583,58.0
3310,16371,43.222202,-79.980446,54.1
3311,16372,43.222298,-79.980309,55.4
3312,16373,43.222397,-79.980179,54.9
3313,16374,43.222488,-79.980042,54.1
3314,16375,43.22258,-79.979919,51.4
3315,16376,43.222664,-79.979797,49.0
3316,16377,43.222744,-79.979683,46.2
3317,16378,43.222824,-79.979561,47.9
3318,16379,43.222904,-79.979446,46.4
3319,16380,43.222984,-79.97934,44.5
3320,16381,43.223057,-79.979233,42.8
3321,16382,43.223133,-79.979126,43.6
3322,16383,43.223209,-79.979034,40.6
3323,16384,43.223282,-79.978928,42.5
3324,16385,43.223331,-79.978851,29.8
3325,16386,43.223392,-79.978767,34.6
3326,16387,43.223438,-79.978706,25.6
3327,16388,43.223484,-79.978638,27.1
3328,16389,43.223522,-79.978577,23.4
3329,16390,43.223557,-79.978546,16.7
3330,16391,43.223568,-79.978523,8.0
3331,16392,43.223579,-79.978516,4.9
3332,16393,43.223583,-79.978523,2.6
3333,16394,43.223587,-79.978523,1.6
3334,16395,43.223587,-79.978516,2.0
3335,16396,43.223587,-79.978516,0.0
3336,16397,43.223587,-79.978516,0.0
3337,16398,43.223587,-79.978516,0.0
3338,16399,43.223587,-79.978516,0.0
3339,16400,43.223587,-79.978523,2.0
3340,16401,43.223587,-79.978516,2.0
3341,16402,43.223587,-79.978516,0.0
3342,16403,43.223587,-79.978523,2.0
3343,16404,43.223583,-79.978523,1.6
3344,16405,43.223587,-79.978523,1.6
3345,16406,43.223587,-79.978523,0.0
3346,16407,43.223587,-79.978523,0.0
3347,16408,43.223587,-79.978523,0.0
3348,16409,43.223587,-79.978523,0.0
3349,16410,43.223587,-79.978523,0.0
3350,16411,43.223587,-79.978523,0.0
3351,16412,43.223587,-79.978523,0.0
3352,16413,43.223587,-79.978523,0.0
3353,16414,43.223602,-79.978493,10.6
3354,16415,43.223637,-79.978447,19.4
3355,16416,43.223679,-79.978394,22.8
3356,16417,43.223721,-79.978317,28.1
3357,16418,43.22377,-79.978241,29.6
3358,16419,43.223831,-79.978157,34.6
3359,16420,43.223904,-79.978081,36.7
3360,16421,43.22398,-79.978004,37.8
3361,16422,43.224064,-79.977928,40.3
3362,16423,43.224148,-79.977859,39.2
3363,16424,43.224236,-79.977798,39.5
3364,16425,43.224319,-79.977745,36.6
3365,16426,43.2244,-79.977692,35.9
3366,16427,43.22448,-79.977631,36.6
3367,16428,43.224564,-79.977585,36.2
3368,16429,43.224651,-79.977539,37.3
3369,16430,43.224728,-79.977486,34.5
3370,16431,43.2248,-79.977448,30.9
3371,16432,43.22488,-79.977402,34.7
3372,16433,43.224964,-79.977348,37.1
3373,16434,43.225048,-79.977295,37.0
3374,16435,43.225136,-79.977249,37.7
3375,16436,43.225216,-79.977203,34.7
3376,16437,43.225288,-79.977158,31.7
3377,16438,43.225353,-79.977119,28.4
3378,16439,43.225407,-79.977089,23.3
3379,16440,43.22546,-79.977058,23.1
3380,16441,43.22551,-79.977036,21.0
3381,16442,43.225552,-79.976997,20.3
3382,16443,43.225594,-79.976974,18.1
3383,16444,43.225624,-79.976959,12.8
3384,16445,43.225647,-79.976944,10.2
3385,16446,43.225674,-79.976929,11.7
3386,16447,43.225681,-79.976929,2.8
3387,16448,43.225685,-79.976929,1.6
3388,16449,43.225689,-79.976929,1.6
3389,16450,43.225689,-79.976929,0.0
3390,16451,43.225689,-79.976929,0.0
3391,16452,43.225689,-79.976929,0.0
3392,16453,43.225689,-79.976929,0.0
3393,16454,43.225689,-79.976929,0.0
3394,16455,43.225689,-79.976929,0.0
3395,16456,43.225689,-79.976929,0.0
3396,16457,43.225689,-79.976929,0.0
3397,16458,43.225689,-79.976929,0.0
3398,16459,43.225689,-79.976929,0.0
3399,16460,43.225689,-79.976929,0.0
3400,16461,43.2257,-79.976906,8.0
3401,16462,43.225742,-79.976875,19.1
3402,16463,43.225796,-79.97683,25.3
3403,16464,43.225849,-79.976799,23.1
3404,16465,43.225903,-79.976761,24.3
3405,16466,43.225967,-79.976723,27.9
3406,16467,43.22604,-79.976677,32.2
3407,16468,43.226116,-79.976639,32.4
3408,16469,43.226196,-79.976601,33.9
3409,16470,43.22628,-79.976555,36.2
3410,16471,43.22636,-79.976494,36.6
3411,16472,43.226448,-79.976456,36.9
3412,16473,43.226528,-79.97641,34.7
3413,16474,43.226616,-79.976357,38.5
3414,16475,43.226704,-79.976311,37.7
3415,16476,43.226791,-79.976257,38.2
3416,16477,43.226879,-79.976219,36.9
3417,16478,43.226963,-79.976166,37.0
3418,16479,43.227047,-79.97612,36.2
3419,16480,43.227127,-79.976082,33.9
3420,16481,43.227207,-79.976044,33.9
3421,16482,43.227276,-79.975998,30.7
3422,16483,43.227322,-79.975967,20.5
3423,16484,43.227352,-79.975937,14.9
3424,16485,43.22736,-79.975914,7.4
3425,16486,43.22736,-79.975883,9.0
3426,16487,43.227352,-79.975845,11.5
3427,16488,43.227345,-79.975822,7.3
3428,16489,43.227333,-79.975784,12.1
3429,16490,43.227329,-79.975754,8.9
3430,16491,43.227318,-79.9757,16.4
3431,16492,43.227303,-79.975662,12.6
3432,16493,43.227291,-79.975616,14.3
3433,16494,43.227283,-79.975594,7.2
3434,16495,43.22728,-79.975563,9.1
3435,16496,43.22728,-79.975548,4.4
3436,16497,43.22728,-79.975525,6.7
3437,16498,43.227276,-79.975525,1.6
3438,16499,43.227261,-79.975525,6.0
3439,16500,43.227242,-79.975517,8.0
3440,16501,43.227222,-79.975525,8.3
3441,16502,43.2272,-79.975533,9.1
3442,16503,43.227173,-79.975563,13.9
3443,16504,43.227142,-79.975586,14.1
3444,16505,43.227119,-79.975601,10.2
3445,16506,43.227104,-79.975609,6.4
3446,16507,43.227089,-79.975616,6.3
3447,16508,43.227077,-79.975616,4.8
3448,16509,43.227074,-79.975616,1.2
3449,16510,43.22707,-79.975616,1.6
3450,16511,43.227062,-79.975616,3.2
3451,16512,43.227047,-79.975616,6.0
3452,16513,43.227028,-79.975609,7.9
3453,16514,43.227001,-79.975594,11.7
3454,16515,43.226978,-79.975555,14.6
3455,16516,43.226967,-79.975517,11.9
3456,16517,43.226959,-79.975487,9.3
3457,16518,43.226959,-79.975479,2.3
3458,16519,43.226955,-79.975471,2.8
3459,16520,43.226948,-79.975456,5.2
3460,16521,43.226944,-79.975449,2.6
3461,16522,43.226933,-79.975418,10.1
3462,16523,43.226925,-79.975365,15.8
3463,16524,43.226913,-79.975319,14.3
3464,16525,43.226894,-79.975281,13.4
3465,16526,43.226883,-79.975235,14.1
3466,16527,43.226875,-79.975189,13.8
3467,16528,43.226871,-79.975151,11.2
3468,16529,43.226868,-79.975121,8.8
3469,16530,43.226864,-79.975082,11.5
3470,16531,43.226856,-79.975044,11.5
3471,16532,43.226849,-79.975021,7.3
3472,16533,43.226841,-79.975006,5.4
3473,16534,43.226841,-79.974998,2.3
3474,16535,43.226841,-79.974998,0.0
3475,16536,43.226845,-79.974998,1.6
3476,16537,43.226845,-79.974998,0.0
3477,16538,43.226845,-79.974991,2.0
3478,16539,43.226845,-79.974991,0.0
3479,16540,43.226845,-79.974998,2.0
3480,16541,43.226849,-79.974998,1.6
3481,16542,43.226849,-79.974998,0.0
3482,16543,43.226849,-79.975006,2.3
3483,16544,43.226849,-79.974998,2.3
3484,16545,43.226849,-79.974998,0.0
3485,16546,43.226849,-79.974998,0.0
3486,16547,43.226849,-79.975006,2.3
3487,16548,43.226849,-79.975006,0.0
3488,16549,43.226849,-79.975006,0.0
3489,16550,43.226849,-79.975006,0.0
3490,16551,43.226849,-79.975006,0.0
3491,16552,43.226849,-79.975006,0.0
3492,16553,43.226849,-79.975006,0.0
3493,16554,43.226849,-79.975006,0.0
3494,16555,43.226849,-79.975006,0.0
3495,16556,43.226849,-79.975006,0.0
3496,16557,43.226849,-79.975006,0.0
3497,16558,43.226849,-79.975006,0.0
3498,16559,43.226849,-79.975006,0.0
3499,16560,43.226849,-79.975006,0.0
3500,16561,43.226849,-79.975006,0.0
3501,16562,43.226849,-79.975006,0.0
3502,16565,43.226833,-79.974998,2.3
3503,16566,43.226833,-79.974998,0.0
3504,16567,43.226833,-79.974998,0.0
3505,16570,43.226826,-79.975021,2.4
3506,16571,43.226826,-79.975021,0.0
3507,16572,43.226833,-79.975037,5.4
3508,16573,43.226814,-79.97506,10.1
3509,16574,43.226807,-79.97506,2.8
3510,16575,43.226803,-79.97506,1.6
3511,16576,43.226807,-79.97506,1.6
3512,16577,43.226833,-79.975075,11.3
3513,16578,43.226852,-79.975113,13.4
3514,16579,43.226879,-79.975189,24.7
3515,16580,43.226906,-79.975266,24.9
3516,16581,43.226921,-79.975334,20.7
3517,16582,43.226944,-79.975426,28.4
3518,16583,43.226971,-79.975517,28.7
3519,16584,43.227009,-79.975609,30.8
3520,16585,43.227036,-79.9757,28.7
3521,16586,43.227062,-79.975807,32.9
3522,16587,43.227089,-79.975891,26.8
3523,16588,43.2271,-79.975937,14.1
3524,16589,43.227104,-79.97596,6.9
3525,16590,43.2271,-79.97596,1.6
3526,16591,43.227104,-79.97596,1.6
3527,16592,43.227112,-79.975975,5.4
3528,16593,43.227112,-79.976013,11.1
3529,16594,43.227093,-79.976074,19.3
3530,16595,43.227062,-79.97612,18.3
3531,16596,43.22702,-79.976158,20.1
3532,16597,43.226959,-79.976219,30.2
3533,16598,43.226879,-79.976273,35.7
3534,16599,43.226784,-79.976326,41.1
3535,16600,43.226692,-79.976387,40.9
3536,16601,43.226604,-79.97644,38.5
3537,16602,43.226513,-79.976494,39.7
3538,16603,43.226418,-79.976555,42.0
3539,16604,43.226318,-79.976608,42.9
3540,16605,43.226212,-79.976662,45.3
3541,16606,43.226105,-79.97673,47.2
3542,16607,43.22599,-79.976799,50.2
3543,16608,43.22588,-79.976868,48.4
3544,16609,43.225769,-79.976921,47.0
3545,16610,43.225662,-79.976974,45.5
3546,16611,43.225559,-79.977043,45.9
3547,16612,43.225456,-79.977089,43.4
3548,16613,43.225361,-79.97715,42.0
3549,16614,43.225258,-79.977211,44.9
3550,16615,43.225159,-79.977272,43.4
3551,16616,43.225067,-79.977318,39.2
3552,16617,43.224968,-79.977379,43.4
3553,16618,43.22488,-79.977432,38.5
3554,16619,43.224792,-79.977478,37.7
3555,16620,43.224701,-79.977539,40.5
3556,16621,43.224606,-79.9776,42.0
3557,16622,43.224506,-79.977661,43.8
3558,16623,43.224407,-79.97773,44.4
3559,16624,43.224319,-79.977798,40.4
3560,16625,43.224232,-79.977859,39.1
3561,16626,43.224152,-79.977928,37.8
3562,16627,43.224068,-79.977997,39.2
3563,16628,43.223999,-79.978073,35.4
3564,16629,43.223927,-79.978149,36.4
3565,16630,43.223858,-79.978233,36.9
3566,16631,43.223785,-79.978325,39.7
3567,16632,43.223721,-79.978432,40.4
3568,16633,43.223644,-79.978531,42.2
3569,16634,43.223572,-79.97863,40.8
3570,16635,43.223507,-79.978722,37.4
3571,16636,43.223446,-79.978813,36.1
3572,16637,43.223377,-79.97892,41.7
3573,16638,43.22332,-79.979012,35.2
3574,16639,43.223248,-79.979111,40.8
3575,16640,43.223183,-79.979218,40.6
3576,16641,43.223118,-79.979324,40.4
3577,16642,43.223038,-79.979439,46.4
3578,16643,43.222958,-79.979561,47.9
3579,16644,43.22287,-79.979691,51.8
3580,16645,43.222778,-79.97982,52.7
3581,16646,43.222687,-79.979958,54.3
3582,16647,43.222599,-79.980087,51.5
3583,16648,43.222519,-79.980209,47.9
3584,16649,43.222435,-79.980339,50.7
3585,16650,43.222351,-79.980446,45.9
3586,16651,43.222267,-79.980568,49.0
3587,16652,43.222183,-79.980682,47.3
3588,16653,43.222099,-79.980797,47.5
3589,16654,43.222023,-79.980911,45.1
3590,16655,43.221951,-79.981018,42.5
3591,16656,43.221882,-79.981133,43.5
3592,16657,43.221809,-79.981247,44.3
3593,16658,43.221733,-79.981361,45.1
3594,16659,43.221668,-79.981438,34.4
3595,16660,43.221592,-79.981453,30.7
3596,16661,43.221561,-79.981445,12.6
3597,16662,43.221535,-79.98143,11.3
3598,16663,43.221523,-79.981407,8.3
3599,16664,43.221527,-79.981415,2.8
3600,16665,43.221527,-79.981415,0.0
3601,16666,43.221523,-79.98143,4.7
3602,16667,43.221527,-79.981445,4.7
3603,16668,43.221531,-79.981461,4.9
3604,16669,43.221531,-79.981468,2.0
3605,16670,43.221535,-79.981468,1.6
3606,16671,43.221546,-79.981461,4.9
3607,16672,43.221558,-79.981453,5.3
3608,16673,43.221561,-79.981445,2.6
3609,16674,43.221561,-79.981445,0.0
3610,16675,43.221558,-79.981445,1.2
3611,16676,43.221561,-79.981445,1.2
3612,16677,43.221554,-79.981445,2.8
3613,16678,43.221561,-79.981438,3.5
3614,16679,43.221573,-79.981438,4.8
3615,16680,43.221596,-79.98143,9.5
3616,16681,43.221619,-79.981407,11.4
3617,16682,43.221657,-79.981361,20.3
3618,16683,43.221703,-79.981285,28.8
3619,16684,43.221767,-79.981201,35.5
3620,16685,43.22184,-79.981094,42.8
3621,16686,43.221916,-79.980972,46.8
3622,16687,43.222,-79.980843,50.5
3623,16688,43.222088,-79.980713,51.8
3624,16689,43.222187,-79.980568,58.0
3625,16690,43.222286,-79.980408,61.2
3626,16691,43.222401,-79.980247,65.8
3627,16692,43.222507,-79.980087,63.1
3628,16693,43.22261,-79.979927,62.3
3629,16694,43.222721,-79.979767,64.4
3630,16695,43.222824,-79.979614,60.8
3631,16696,43.222916,-79.979485,52.7
3632,16697,43.222988,-79.97937,44.2
3633,16698,43.223026,-79.979279,30.6
3634,16699,43.223034,-79.97921,20.4
3635,16700,43.223015,-79.979156,17.5
3636,16701,43.223011,-79.979111,13.2
3637,16702,43.223022,-79.979065,14.1
3638,16703,43.223042,-79.979034,12.1
3639,16704,43.223053,-79.978981,16.1
3640,16705,43.223068,-79.978966,7.4
3641,16706,43.22308,-79.978951,6.5
3642,16707,43.223083,-79.978935,4.8
3643,16708,43.223087,-79.978928,2.6
3644,16709,43.223091,-79.97892,2.8
3645,16710,43.223091,-79.97892,0.0
3646,16711,43.223099,-79.97892,3.2
3647,16712,43.223106,-79.978905,5.2
3648,16713,43.223122,-79.978889,7.9
3649,16714,43.223133,-79.978874,6.2
3650,16715,43.22316,-79.978851,12.7
3651,16716,43.223183,-79.978859,9.5
3652,16717,43.223202,-79.978874,8.8
3653,16718,43.223209,-79.978882,3.6
3654,16719,43.223209,-79.978889,2.0
3655,16720,43.223209,-79.978889,0.0
3656,16721,43.223209,-79.978882,2.0
3657,16722,43.223209,-79.978882,0.0
3658,16723,43.223209,-79.978882,0.0
3659,16724,43.223209,-79.978882,0.0
3660,16725,43.223209,-79.978882,0.0
3661,16726,43.223209,-79.978882,0.0
3662,16727,43.223209,-79.978882,0.0
3663,16728,43.223209,-79.978882,0.0
3664,16729,43.223209,-79.978882,0.0
3665,16730,43.223209,-79.978889,2.0
3666,16731,43.223206,-79.978889,1.2
3667,16732,43.223206,-79.978882,2.0
3668,16733,43.223202,-79.978889,2.6
3669,16734,43.223194,-79.978882,3.8
3670,16735,43.223186,-79.978882,3.2
3671,16736,43.223186,-79.978882,0.0
3672,16737,43.223186,-79.978882,0.0
3673,16738,43.223186,-79.978882,0.0
3674,16739,43.223186,-79.978882,0.0
3675,16740,43.223186,-79.978882,0.0
3676,16741,43.223186,-79.978882,0.0
3677,16742,43.223186,-79.978882,0.0
3678,16743,43.223186,-79.978882,0.0
3679,16744,43.223186,-79.978882,0.0
3680,16745,43.223186,-79.978882,0.0
3681,16746,43.223186,-79.978882,0.0
3682,16747,43.223186,-79.978882,0.0
3683,16748,43.223186,-79.978882,0.0
3684,16749,43.223186,-79.978882,0.0
3685,16750,43.223186,-79.978882,0.0
3686,16753,43.223202,-79.978897,2.6
3687,16754,43.223202,-79.978889,2.3
3688,16755,43.223202,-79.978889,0.0
3689,16756,43.223202,-79.978889,0.0
3690,16759,43.413807,-80.34832,43966.9
3691,16760,43.413807,-80.348412,26.8
3692,16761,43.413803,-80.348495,24.2
3693,16762,43.413799,-80.348579,24.5
3694,16763,43.413799,-80.348656,22.4
3695,16764,43.413799,-80.34874,24.4
3696,16765,43.413799,-80.348816,22.1
3697,16766,43.413799,-80.348892,22.1
3698,16767,43.413795,-80.348976,24.5
3699,16768,43.413792,-80.349052,22.1
3700,16769,43.413788,-80.349152,29.1
3701,16770,43.413784,-80.349243,26.5
3702,16771,43.41378,-80.349335,26.8
3703,16772,43.413776,-80.349434,28.8
3704,16773,43.413773,-80.349533,28.8
3705,16774,43.413769,-80.34964,31.2
3706,16775,43.413765,-80.349739,28.8
3707,16776,43.413761,-80.349838,28.8
3708,16777,43.413761,-80.34993,26.8
3709,16778,43.413757,-80.350021,26.5
3710,16779,43.413754,-80.350121,29.1
3711,16780,43.413734,-80.350189,21.3
3712,16781,43.413731,-80.350266,22.4
3713,16782,43.413727,-80.350334,19.8
3714,16783,43.413727,-80.350395,17.7
3715,16784,43.413727,-80.350426,9.0
3716,16785,43.413723,-80.350456,8.9
3717,16786,43.413715,-80.350479,7.4
3718,16787,43.413715,-80.350487,2.3
3719,16788,43.413719,-80.350502,4.6
3720,16789,43.413719,-80.350533,9.0
3721,16790,43.413715,-80.350586,15.5
3722,16791,43.413719,-80.350632,13.5
3723,16792,43.413715,-80.350677,13.2
3724,16793,43.413712,-80.350739,18.1
3725,16794,43.413712,-80.350792,15.4
3726,16795,43.413708,-80.350845,15.5
3727,16796,43.413704,-80.350906,17.8
3728,16797,43.413696,-80.350975,20.3
3729,16798,43.413689,-80.351051,22.3
3730,16799,43.413689,-80.351128,22.4
3731,16800,43.413685,-80.351212,24.5
3732,16801,43.413681,-80.351295,24.2
3733,16802,43.413681,-80.351379,24.4
3734,16803,43.413681,-80.351456,22.4
3735,16804,43.413677,-80.351547,26.5
3736,16805,43.413673,-80.351631,24.5
3737,16806,43.413666,-80.351715,24.6
3738,16807,43.413658,-80.351784,20.3
3739,16808,43.413651,-80.351852,20.0
3740,16809,43.413651,-80.351936,24.4
3741,16810,43.413647,-80.352005,20.1
3742,16811,43.413647,-80.352081,22.1
3743,16812,43.413643,-80.35215,20.1
3744,16813,43.413639,-80.352234,24.5
3745,16814,43.413635,-80.35231,22.2
3746,16815,43.413628,-80.352402,26.9
3747,16816,43.413624,-80.352486,24.5
3748,16817,43.413612,-80.352585,29.2
3749,16818,43.413609,-80.352692,31.1
3750,16819,43.413605,-80.352798,30.9
3751,16820,43.413597,-80.352898,29.3
3752,16821,43.413593,-80.353004,30.9
3753,16822,43.413586,-80.353111,31.2
3754,16823,43.41357,-80.35321,29.5
3755,16824,43.413567,-80.353302,26.8
3756,16825,43.413559,-80.353401,29.0
3757,16826,43.413551,-80.3535,29.0
3758,16827,43.413544,-80.3536,29.2
3759,16828,43.413532,-80.353691,26.9
3760,16829,43.413525,-80.353775,24.6
3761,16830,43.413517,-80.353882,31.3
3762,16831,43.413506,-80.353966,24.8
3763,16832,43.41349,-80.354073,31.8
3764,16833,43.413483,-80.354156,24.3
3765,16834,43.413475,-80.354256,29.3
3766,16835,43.413464,-80.354355,29.1
3767,16836,43.413448,-80.354446,27.2
3768,16837,43.413437,-80.354538,27.1
3769,16838,43.413425,-80.35463,27.2
3770,16839,43.413406,-80.354736,31.7
3771,16840,43.413391,-80.354843,31.7
3772,16841,43.41338,-80.354935,27.1
3773,16842,43.413364,-80.355042,31.8
3774,16843,43.413349,-80.355133,27.1
3775,16844,43.413326,-80.355232,30.2
3776,16845,43.413311,-80.355324,27.4
3777,16846,43.413296,-80.355408,25.2
3778,16847,43.41328,-80.355492,25.3
3779,16848,43.413261,-80.355568,23.4
3780,16849,43.413239,-80.355659,27.9
3781,16850,43.413216,-80.355751,28.3
3782,16851,43.413197,-80.355843,27.8
3783,16852,43.41317,-80.355927,26.7
3784,16853,43.413143,-80.356041,34.9
3785,16854,43.413116,-80.356148,32.9
3786,16855,43.413078,-80.356255,34.6
3787,16856,43.413048,-80.356377,37.5
3788,16857,43.41301,-80.356499,38.6
3789,16858,43.412968,-80.356628,41.1
3790,16859,43.41293,-80.356758,40.7
3791,16860,43.412888,-80.356888,41.4
3792,16861,43.412842,-80.357033,46.0
3793,16862,43.412792,-80.357178,46.7
3794,16863,43.412731,-80.35733,50.5
3795,16864,43.412682,-80.357483,48.6
3796,16865,43.412617,-80.357635,51.3
3797,16866,43.412556,-80.35778,48.7
3798,16867,43.412487,-80.357941,54.4
3799,16868,43.412418,-80.358101,54.1
3800,16869,43.41235,-80.358253,51.9
3801,16870,43.412273,-80.358414,56.1
3802,16871,43.412197,-80.358582,57.6
3803,16872,43.412117,-80.358734,54.6
3804,16873,43.412029,-80.358894,58.4
3805,16874,43.411945,-80.359055,57.6
3806,16875,43.411854,-80.359215,59.1
3807,16876,43.41177,-80.359367,55.5
3808,16877,43.411678,-80.35952,57.8
3809,16878,43.411598,-80.359673,54.8
3810,16879,43.411518,-80.35981,51.1
3811,16880,43.411446,-80.359947,49.2
3812,16881,43.411369,-80.360077,48.8
3813,16882,43.411289,-80.360207,49.5
3814,16883,43.411217,-80.360336,47.3
3815,16884,43.411137,-80.360474,51.3
3816,16885,43.41106,-80.360611,50.4
3817,16886,43.410984,-80.360733,46.7
3818,16887,43.4109,-80.360878,53.9
3819,16888,43.410816,-80.361008,50.6
3820,16889,43.410736,-80.361153,52.9
3821,16890,43.410652,-80.36129,52.1
3822,16891,43.410572,-80.361435,52.9
3823,16892,43.410488,-80.361557,48.9
3824,16893,43.410408,-80.361694,51.1
3825,16894,43.410328,-80.361847,54.8
3826,16895,43.410244,-80.361992,53.9
3827,16896,43.41016,-80.362137,53.9
3828,16897,43.410072,-80.362289,56.5
3829,16898,43.409985,-80.362434,54.7
3830,16899,43.409904,-80.362572,51.6
3831,16900,43.409824,-80.362701,49.3
3832,16901,43.40974,-80.362839,52.4
3833,16902,43.409653,-80.362968,51.2
3834,16903,43.409565,-80.363121,56.7
3835,16904,43.40947,-80.363266,56.8
3836,16905,43.409367,-80.363426,62.2
3837,16906,43.409267,-80.363594,63.2
3838,16907,43.409161,-80.363762,64.7
3839,16908,43.409042,-80.363945,71.4
3840,16909,43.408928,-80.364136,71.9
3841,16910,43.408813,-80.364326,71.9
3842,16911,43.408695,-80.364525,74.7
3843,16912,43.408577,-80.364731,76.3
3844,16913,43.408451,-80.364929,76.5
3845,16914,43.408333,-80.365128,74.7
3846,16915,43.408211,-80.365326,75.5
3847,16916,43.408096,-80.365517,72.1
3848,16917,43.407982,-80.365723,75.3
3849,16918,43.407864,-80.365921,74.5
3850,16919,43.407745,-80.366127,76.5
3851,16920,43.407623,-80.366333,77.3
3852,16921,43.407497,-80.366562,83.5
3853,16922,43.407372,-80.366783,81.5
3854,16923,43.407249,-80.36702,84.7
3855,16924,43.407127,-80.367264,86.1
3856,16925,43.407005,-80.367523,89.8
3857,16926,43.406879,-80.367775,89.0
3858,16927,43.406761,-80.368042,90.9
3859,16928,43.406639,-80.368309,91.7
3860,16929,43.406521,-80.368576,90.9
3861,16930,43.406406,-80.368851,92.3
3862,16931,43.4063,-80.369118,88.5
3863,16932,43.406197,-80.3694,91.8
3864,16933,43.40609,-80.369667,88.7
3865,16934,43.405987,-80.369926,85.9
3866,16935,43.405888,-80.370186,85.4
3867,16936,43.405796,-80.370438,82.0
3868,16937,43.405697,-80.370689,83.1
3869,16938,43.405602,-80.370949,84.6
3870,16939,43.405502,-80.371201,83.5
3871,16940,43.405407,-80.371452,82.3
3872,16941,43.405319,-80.371727,87.4
3873,16942,43.405224,-80.372002,88.6
3874,16943,43.405125,-80.372276,89.0
3875,16944,43.405037,-80.372551,87.4
3876,16945,43.404945,-80.372826,88.0
3877,16946,43.404846,-80.3731,89.0
3878,16947,43.404758,-80.373375,87.4
3879,16948,43.404663,-80.373672,94.4
3880,16949,43.404568,-80.373962,92.5
3881,16950,43.40448,-80.374245,89.5
3882,16951,43.404392,-80.374535,91.4
3883,16952,43.404308,-80.374825,90.8
3884,16953,43.404228,-80.375122,92.1
3885,16954,43.40416,-80.375397,84.5
3886,16955,43.404091,-80.375687,88.7
3887,16956,43.404041,-80.375969,84.4
3888,16957,43.403999,-80.376259,86.0
3889,16958,43.403961,-80.376549,85.7
3890,16959,43.403938,-80.376831,82.5
3891,16960,43.403931,-80.377121,84.4
3892,16961,43.403942,-80.377403,82.1
3893,16962,43.403961,-80.377678,80.3
3894,16963,43.403976,-80.377945,77.9
3895,16964,43.404007,-80.378204,76.3
3896,16965,43.404049,-80.378471,79.5
3897,16966,43.404114,-80.378731,80.0
3898,16967,43.404179,-80.378975,75.6
3899,16968,43.404255,-80.379219,77.2
3900,16969,43.40435,-80.379463,80.5
3901,16970,43.404449,-80.3797,79.5
3902,16971,43.404568,-80.379936,83.5
3903,16972,43.404694,-80.380173,85.4
3904,16973,43.404827,-80.380424,90.4
3905,16974,43.404968,-80.380676,92.5
3906,16975,43.405121,-80.380928,95.5
3907,16976,43.405277,-80.381187,97.8
3908,16977,43.405434,-80.381439,96.5
3909,16978,43.405598,-80.381699,100.1
3910,16979,43.405766,-80.381966,102.7
3911,16980,43.405937,-80.38224,105.0
3912,16981,43.406116,-80.382515,107.4
3913,16982,43.406288,-80.38279,105.5
3914,16983,43.406467,-80.383072,108.9
3915,16984,43.406643,-80.383354,108.1
3916,16985,43.406822,-80.383629,107.4
3917,16986,43.407001,-80.383911,108.9
3918,16987,43.407169,-80.384178,102.7
3919,16988,43.407345,-80.38446,108.1
3920,16989,43.407516,-80.384735,105.3
3921,16990,43.407684,-80.385017,106.1
3922,16991,43.407852,-80.3853,106.3
3923,16992,43.408016,-80.38559,106.9
3924,16993,43.408176,-80.385887,107.5
3925,16994,43.408329,-80.386185,106.1
3926,16995,43.408482,-80.38649,107.8
3927,16996,43.408615,-80.386803,105.4
3928,16997,43.40876,-80.387131,111.7
3929,16998,43.408897,-80.387451,108.0
3930,16999,43.409027,-80.387779,108.7
3931,17000,43.409161,-80.388107,109.4
3932,17001,43.409286,-80.388443,109.8
3933,17002,43.409412,-80.388763,105.8
3934,17003,43.409538,-80.389091,107.9
3935,17004,43.409668,-80.38942,108.9
3936,17005,43.409798,-80.389755,110.4
3937,17006,43.40992,-80.390083,107.2
3938,17007,43.410049,-80.390411,108.5
3939,17008,43.410179,-80.390739,108.7
3940,17009,43.410313,-80.391075,111.5
3941,17010,43.410439,-80.391411,110.0
3942,17011,43.410568,-80.391747,110.5
3943,17012,43.410706,-80.392082,112.0
3944,17013,43.410835,-80.392418,110.5
3945,17014,43.410965,-80.392761,112.5
3946,17015,43.411091,-80.393097,110.0
3947,17016,43.411232,-80.39344,114.6
3948,17017,43.411369,-80.393784,114.1
3949,17018,43.411503,-80.394127,113.3
3950,17019,43.411636,-80.394478,115.1
3951,17020,43.41177,-80.394814,111.5
3952,17021,43.411903,-80.395157,113.1
